asset_id,asset_type,site_name,state,county,latitude,longitude,geometry_precision,primary_material,critical_materials,dominant_raws_profile,asset_status,rank_score,presence_count,production_present_flag,resources_present_flag,total_reported_direct_emissions_mtco2e,iron_and_steel_production_emissions_mtco2e,reporting_year,source_dataset,source_detail,mineral_system,deposit_type,focus_area,production_text,resources_text,source_summary,source_link,ghgrp_facility_id,ghgrp_frs_id,ghgrp_address,ghgrp_primary_naics_code,ghgrp_subparts,ghgrp_sector
ore-472,ore_site,Unnamed PGE site 472,AK,,59.8891,-155.2807,point,PGE,"PGE, rhenium",Ore Site,CM resources,3,1,1,1,,,2024,USGS Critical mineral deposits of the United States v2.0,ScienceBase data release 10.5066/P9K1HBNT,Porphyry Cu-Mo-Au,Porphyry/skarn copper,Western Alaska Range PCD,None.,"Measured + Indicated resource (2020; cutoff CuEq 0.3%): 6,456,000,000 tonnes @0.4% Cu, 0.34 g/tonne Au, 240 ppm Mo, 1.7 g/tonne Ag, and 0.41 ppm Re. Inferred resource (2020; cutoff CuEq 0.3%): 4,454,000,000 tonnes @0.25% Cu, 0.25 g/tonne Au, 226 ppm Mo, 1.2 g/tonne Ag, and 0.36 ppm Re. Resource (2011): 1,590,000 troy oz Pd (projected over possible life of mine).",ARDF-ID: IL007; Burger and Long (2018); Kalanchey and others (2022),https://doi.org/10.5066/F7KP81F2.,,,,,,
ore-489,ore_site,Unnamed PGE site 489,AK,,58.9226,-161.7311,point,PGE,PGE,Ore Site,CM-past producer+resources,5,1,1,1,,,2024,USGS Critical mineral deposits of the United States v2.0,ScienceBase data release 10.5066/P9K1HBNT,Placer,PGE,Placer PGE and Au,"Production (1920s): 50,000 yards of play produced ~ 1,000 oz of platinum group minerals.","There are about 50,000 cubic yards of tailings with an estimated average grade of about 0.0026 oz/cubic yard PGM at Platinum Creek, above the mouth of Squirrel Creek.",ARDF-ID HG014; Fechner (1988),https://mrdata.usgs.gov/ardf/show-ardf.php?ardf_num=HG014,,,,,,
ore-539,ore_site,Unnamed PGE site 539,AK,,58.9392,-161.7022,point,PGE,PGE,Ore Site,CM-past producer,5,1,1,1,,,2024,USGS Critical mineral deposits of the United States v2.0,ScienceBase data release 10.5066/P9K1HBNT,Placer,PGE,Placer PGE and Au,"Dredge mining started in 1937. A significant part of the estimated 650,000 oz PGM and 15,600 oz Au produced from the Salmon River area placers was recovered from the Salmon River bench placer.","Measured and Indicated reserve estimates (from private company files) total over 63 million cubic yards with grades ranging from 0.0017 to 0.0084 oz/cubic yard PGM (Fechner, 1988).",ARDF-ID: HG032; Fechner (1988),,,,,,,
ore-437,ore_site,Unnamed REE site 437,AK,,66.1191,-150.06083,point,REE,"REE, tin",Ore Site,CM resources,3,1,1,1,,,2024,USGS Critical mineral deposits of the United States v2.0,ScienceBase data release 10.5066/P9K1HBNT,Placer,Cassiterite,Kokrines-Hodzana Placers,None.,"Inferred reserve (1991): 21,100,000 cubic yards bulk material @0.313 lbs/cubic yard SnO2, 0.046 lbs/cubic yard REE. Data calculated from resource estimates and Sn:Ree ratios reported by Barker (1991).",ARDF-ID: BT021; Barker (1991); Bellora and others (2019),https://doi.org/10.5066/F7FN15D1,,,,,,
ore-508,ore_site,Unnamed REE site 508,AK,,65.9863,-150.57123,point,REE,"REE, tin",Ore Site,CM resources,3,1,1,1,,,2024,USGS Critical mineral deposits of the United States v2.0,ScienceBase data release 10.5066/P9K1HBNT,Placer,Cassiterite,Kokrines-Hodzana Placers,None.,"Inferred calculated resources for Upper, Middle, and Lower Ray River (1991): 109,100,000 lbs SnO2 and 49,400,000 lbs REE. See Barker (1991) for raw data used for resource estimates.",ARDF-ID: TN141; Bellora and others (2019); Barker (1991),https://doi.org/10.5066/F7FN15D1,,,,,,
ore-249,ore_site,Unnamed antimony site 249,AK,,62.4472,-157.9224,point,antimony,"antimony, arsenic, tungsten, zinc",Ore Site,CM-past producer+resources,5,1,1,1,,,2024,USGS Critical mineral deposits of the United States v2.0,ScienceBase data release 10.5066/P9K1HBNT,Porphyry Cu-Mo-Au,Polymetallic sulfide S-R-V-IS,Kuskokwim-White Mountains Sn-W,"Production (1925-1937): 528 tons ore @0.884% Pb, 4.96 troy oz/ton Ag, 5.13 troy oz/ton Au, and 0.0618% Zn.","Resource (1992): 134,390 tonnes ore @1.2% Sb, 1.9% As, 9.9 g/t Au, 2.0% W, and 21.8 g/t Ag.",ARDF-ID: ID115; Karl and others (2020),https://doi.org/10.5066/P97NJLI4,,,,,,
ore-438,ore_site,Unnamed antimony site 438,AK,,67.4745,-150.2324,point,antimony,antimony,Ore Site,Past producer+CM resources,2,1,1,1,,,2024,USGS Critical mineral deposits of the United States v2.0,ScienceBase data release 10.5066/P9K1HBNT,Orogenic,Antimony,Eastern Brooks Range-Old Crow Gold,"Placer gold produced since 1904. Incomplete production figures year-by-year from 1904 to 2000 total 147,045 oz Au.","Probable lode reserves (2011): 42,412 tons @0.048 oz/ton Au and 28% Sb (11,880 tons Sb and 17,300 oz Au). Indicated lode resources (vein-fault ore zone): 11,204 short tons @19.71% Sb and 0.238 oz/ton Au (2,209.6 tons Sb and 2,667.5 oz Au). Inferred resources (Pringle and Workman's Bench): 32,459 short tons @14.50% Sb and 0.362 oz/ton Au (4,708.5 tons Sb and 11,752.5 oz Au).",ARDF-ID: WI101; Bundtzen (2011),,,,,,,
ore-12,ore_site,Unnamed barite site 12,AK,,68.155,-163.033,point,barite,"barite, zinc",Ore Site,CM resources,3,1,1,1,,,2024,USGS Critical mineral deposits of the United States v2.0,ScienceBase data release 10.5066/P9K1HBNT,Basin brine path,Zinc-lead (MVT and sedex),Western and central Brooks Range (Brooks Range zinc belt),None.,"Inferred resource estimate from Teck-Comino is 19.4 Mt containing 14.4% Zn, 4.2% Pb, and 73 g/t Ag. A related exploration target, Aktigiruq, is estimated to contain 80 to 150 Mt having 16 to 18% Zn+Pb. Estimated resource as much as 1 billion tonnes barite as well as the Zn-Pb-Ag massive sulfide zone.",ARDF-ID: DL016; Krolak and others (2017),,,,,,,
ore-227,ore_site,Unnamed barite site 227,AK,,61.8252,-154.4726,point,barite,barite,Ore Site,CM resources,3,1,1,1,,,2024,USGS Critical mineral deposits of the United States v2.0,ScienceBase data release 10.5066/P9K1HBNT,Basin brine path,Barite (replacement and bedded),Farewell Terrane,None.,Reserve estimated at 2.3 million tonnes @57% Ba.,ARDF-ID: LH002; Bundtzen and Gilbert (1991),,,,,,,
ore-344,ore_site,Unnamed barite site 344,AK,,68.6066,-157.4783,point,barite,barite,Ore Site,CM resources,3,1,1,1,,,2024,USGS Critical mineral deposits of the United States v2.0,ScienceBase data release 10.5066/P9K1HBNT,Basin brine path,Barite (replacement and bedded),Brooks Range-Northern Foreland Sed Cu,None.,"Kelley and others (1993) estimated that the Lakeview occurrence has an Inferred reserve of 3,778,000 metric tons barite with a specific gravity of 4.13.",ARDF-ID: HW023; Kelley and others (1993),,,,,,,
ore-358,ore_site,Unnamed barite site 358,AK,,68.6159,-157.4548,point,barite,barite,Ore Site,CM resources,3,1,1,1,,,2024,USGS Critical mineral deposits of the United States v2.0,ScienceBase data release 10.5066/P9K1HBNT,Basin brine path,Barite (replacement and bedded),Brooks Range-Northern Foreland Sed Cu,None.,"Inferred resource of 29,500,000 tonnes Ba for Longview. See also Lakeview (more than a km away but may be related).",ARDF-ID: HW034,,,,,,,
ore-462,ore_site,Unnamed barite site 462,AK,,59.3966,-136.3919,point,barite,"barite, zinc",Ore Site,CM resources,3,1,1,1,,,2024,USGS Critical mineral deposits of the United States v2.0,ScienceBase data release 10.5066/P9K1HBNT,Volcanogenic seafloor,Zinc-copper sulfide,Southeast Alaska VMS,None.,"Total Measured, Indicated, and Inferred resources (2019): 14,271,000 metric tons @5.04% Zn, 0.885% Cu, 56.551 g/t Ag, and 0.362 g/t Au. Total Indicated (2018):4,677,000 metric tons @23.9% BaSO4 and total Inferred resources 9,594,000 metric tons @27.7% BaSO4 for a total of 3,770,000 metric tons of barite.","ARDF-ID SK066; Goodwin and others (2019, 2022a)",,,,,,,
ore-80,ore_site,Unnamed beryllium site 80,AK,,54.90939,-132.12719,point,beryllium,"beryllium, hafnium, REE, titanium, vanadium, zirconium",Ore Site,CM-past producer+resources,5,1,1,1,,,2024,USGS Critical mineral deposits of the United States v2.0,ScienceBase data release 10.5066/P9K1HBNT,Magmatic REE,Peralkaline syenite/granite/rhyolite/alaskite/pegmatites,Southeastern Alaska REE,"Production (Ross Adams U mine is closed; 1957-1971): 85,600 tons ore @0.76% U3O8. Planned (2023 in pre-production): annual production at the Bokan-Dotson Ridge mine during the first five years of operation is estimated to be 2,250 tonnes of rare earth oxides, including 515 tonnes of yttrium oxide, 95 tonnes of dysprosium oxide, and 14 tonnes of terbium oxide. Location is for Dotson Zone.","Total resources (2019): 5,837,000 metric tons @0.602% lanthanides, 0.005% Be, 0.004% Hf, 0.383 % Ti, 0.010% V, and 0.188% zircon. See ARDF records and Karl and others (2021b) for details on individual deposits, including Dotson Zone, Cheri, Upper Cheri, Geiger, Geoduck, I & L Zone, Ross-Adams, Sunday Lake Zone.",Karl and others (2021b); ARDF-ID: DE015 to DE030.,https://doi.org/10.5066/P9I4NFSN,,,,,,
ore-149,ore_site,Unnamed chromium site 149,AK,,59.206,-151.8189,point,chromium,chromium,Ore Site,CM-past producer+resources,5,1,1,1,,,2024,USGS Critical mineral deposits of the United States v2.0,ScienceBase data release 10.5066/P9K1HBNT,Mafic magmatic,Chromite,Chugach Mountains-Kodiak Island PGE,"Production (1917-1918): 2,000 metric tons of chromite ore.","Conflicting estimates of remaining reserves. Foley and others (1992, p. 38) estimates a total resource of 82,000 metric tons of ore that grades 17.8% chromic oxide, whereas MacKevett and others (1978, p. 17) estimate a resource of 260,000 tons at 17.8% chromic oxide.",ARDF-ID: SV005; Foley and Barker (1985); Foley and others (1992); MacKevett and others (1978),,,,,,,
ore-267,ore_site,Unnamed chromium site 267,AK,,57.3603,-154.6003,point,chromium,chromium,Ore Site,CM resources,3,1,1,1,,,2024,USGS Critical mineral deposits of the United States v2.0,ScienceBase data release 10.5066/P9K1HBNT,Mafic magmatic,Chromite,Chugach Mountains-Kodiak Island PGE,None.,"Identified resource (1985): 201,000 tons Cr2O3 for multiple deposits in the Halibut Bay complex. USBM calculated identified resources (non-compliant) for 8 deposits. Location is for ARDF-ID KR024, Halibut Bay 49. All occurrences are in the Kodiak National Wildlife Refuge and also contain Cu, Ni, Co, with trace Au, Ag, and PGE.",ARDF-ID: KR016 to KR029; Foley and Barker (1985),,,,,,,
ore-29,ore_site,Unnamed chromium site 29,AK,,68.2467,-161.9034,point,chromium,"chromium, iridium, palladium, platinum",Ore Site,CM resources,3,1,1,1,,,2024,USGS Critical mineral deposits of the United States v2.0,ScienceBase data release 10.5066/P9K1HBNT,Mafic magmatic,Chromite,Northern Brooks Range (Angayucham Terrane) PGE,None.,"Estimated Cr2O3 content measured in 26 deposits ranges from 465,000 to 1,734,000 short tons. The area contains at least 50 other minor or unmeasured chromite lode occurrences, and also has potential for large, low-grade chromite and PGE placer deposits. Platinum and Pd were detected in chromite-bearing dunite (0.014 troy oz/st Pt) and in chromite concentrates (0.016 troy oz/st Pd). Iridium was detected in a pan concentrate sample (0.0036 troy oz/st).",ARDF-ID: MU009; Foley and others (1992),,,,,,,
ore-315,ore_site,Unnamed chromium site 315,AK,,67.944,-163.6117,point,chromium,chromium,Ore Site,CM resources,3,1,1,1,,,2024,USGS Critical mineral deposits of the United States v2.0,ScienceBase data release 10.5066/P9K1HBNT,Mafic magmatic,Chromite,Northern Brooks Range (Angayucham Terrane) PGE,None.,"Total estimated reserve potential (1985): 194,000 to 383,000 tons chromic oxide.",ARDF-ID: NT001; Foley and others (1985),,,,,,,
ore-322,ore_site,Unnamed chromium site 322,AK,,64.2216,-156.6661,point,chromium,chromium,Ore Site,CM resources,3,1,1,1,,,2024,USGS Critical mineral deposits of the United States v2.0,ScienceBase data release 10.5066/P9K1HBNT,Mafic magmatic,Chromite,Kokrine Hills-Yukon Flats (Tozitna and Angayucham Terranes) PGE,None.,"Total 1984 estimated reserve potential for 4 deposits in the Kaiyuh Hills is between 17,000 and 37,000 tons of contained Cr2O3.","ARDF-ID: NL003, NL004, NL005, and NL006; Foley and others (1984)",,,,,,,
ore-406,ore_site,Unnamed chromium site 406,AK,,68.2436,-161.0687,point,chromium,chromium,Ore Site,CM resources,3,1,1,1,,,2024,USGS Critical mineral deposits of the United States v2.0,ScienceBase data release 10.5066/P9K1HBNT,Mafic magmatic,Chromite,Northern Brooks Range (Angayucham Terrane) PGE,None.,"Estimated resources (1992): 78,000 to 261,000 st Cr2O3.",ARDF-ID: MU002 and MU003; Foley and others (1992),,,,,,,
ore-48,ore_site,Unnamed chromium site 48,AK,,61.572,-145.1432,point,chromium,chromium,Ore Site,CM resources,3,1,1,1,,,2024,USGS Critical mineral deposits of the United States v2.0,ScienceBase data release 10.5066/P9K1HBNT,Mafic magmatic,Chromite,Chugach Mountains-Kodiak Island PGE,None.,"Identified reserve (1985): 343,000 tons Cr2O3.",ARDF-ID: VA013; Foley and Barker (1985); Foley and others (1986),,,,,,,
ore-515,ore_site,Unnamed chromium site 515,AK,,59.378,-151.476,point,chromium,chromium,Ore Site,CM-past producer+resources,5,1,1,1,,,2024,USGS Critical mineral deposits of the United States v2.0,ScienceBase data release 10.5066/P9K1HBNT,Mafic magmatic,Chromite,Chugach Mountains-Kodiak Island PGE,"Production Red Mountain area (1943-1958): about 26,000 tonnes of ore containing from 38 to 43% Cr2O3 (Foley, 1992). From 1943 to 1958, the Chrome Queen mine produced 6,650 tonnes and the Star No. 4 mine produced 19,350 tonnes (Foley and Barker, 1985).","Reserve (1985): 1,584,000 tons Cr2O3; data is for a group of 33 chromite deposits in the Red Mountain area. About 88,000 tonnes chromic oxide are contained in 20 relative high-grade deposits with more than 20% chromite. The bulk of the reserves, 1.35 million tonnes, is in three low-grade deposits that contain 5 to 6% Cr2O3. These are the Turner Stringer Zone (1.13 million tonnes Cr2O3), the Star Stringer Zone (189,000 tonnes Cr2O3), and the Horseshoe Stringer Zone (26,000 tonnes Cr2O3) (Foley, 1992).",ARDF-ID: SV015; Foley and Barker (1985),,,,,,,
ore-559,ore_site,Unnamed chromium site 559,AK,,61.5813,-144.9908,point,chromium,chromium,Ore Site,CM resources,3,1,1,1,,,2024,USGS Critical mineral deposits of the United States v2.0,ScienceBase data release 10.5066/P9K1HBNT,Mafic magmatic,Chromite,Chugach Mountains-Kodiak Island PGE,None.,"Reserve (1985): 26,000 tons Cr2O3 for deposit 17 at Sheep Hill.",ARDF-ID: VA015; Foley and Barker (1985),,,,,,,
ore-436,ore_site,Unnamed cobalt site 436,AK,,63.33,-145.59333,point,cobalt,"cobalt, nickel, PGE",Ore Site,CM resources,3,1,1,1,,,2024,USGS Critical mineral deposits of the United States v2.0,ScienceBase data release 10.5066/P9K1HBNT,Mafic magmatic,Nickel-copper-PGE sulfide,Talkeetna Mountains-Eastern Alaska Range PGE,None.,"Exploration (2022) target estimated (non-compliant) contains between 140 million tonnes and 211 million tonnes, with grades ranging from 0.28% NiEq to 0.42% NiEq. Potential grades: 0.16-0.25% Ni, 0.06-0.08% Cu, 0.014-0.020% Co, 0.035-0.053 g/t Pt, 0.077-0.115 g/t Pd, and 0.010-0.015 g/t Au.","ARDF-ID: MC136; Millrock Resources, Inc. (2022)",,,,,,,
ore-79,ore_site,Unnamed cobalt site 79,AK,,57.976,-136.4225,point,cobalt,"cobalt, nickel",Ore Site,CM resources,3,1,1,1,,,2024,USGS Critical mineral deposits of the United States v2.0,ScienceBase data release 10.5066/P9K1HBNT,Mafic magmatic,Nickel-copper-PGE sulfide,Southeast Alaska Fairweather trend PGE,None.,"Resources (1982): The Basin and Takanis deposits have Proven resources accessible by open-pit mining of 15.1 Mst @0.37% Ni, 0.22% Cu, and 0.02% Co, at a 2.5:1 stripping ratio. The Flapjack deposit has 4 Mst of Inferred resources @0.21% Ni and 0.12% Cu. Small amounts of Au, Pt, and Pd are recoverable from these deposits (also known as Yakobi Island).",ARDF-ID: SI001; Bittenbender and others (1999); Still (1988),,,,,,,
ore-87,ore_site,Unnamed cobalt site 87,AK,,67.0624,-156.948,point,cobalt,cobalt,Ore Site,CM resources,3,1,1,1,,,2024,USGS Critical mineral deposits of the United States v2.0,ScienceBase data release 10.5066/P9K1HBNT,Basin brine path,Copper (sed-hosted and replacement),Brooks Range-Central Belt Sed Cu,None.,Inferred resource (2023): 202.7 Mt @1.46% Cu. Note: Cobalt resource not included pending additional metallurgical testing. Inferred resource (2018): 124.6 Mt @0.017% Co and 40.5 Mt ore @1.02% Cu; cutoff grade 0.5% Cu.,Kim and Drake (2023); Burger and others (2018),https://doi.org/10.5066/P9V74HIU,,,,,,
ore-88,ore_site,Unnamed cobalt site 88,AK,,67.06527,-156.91952,point,cobalt,cobalt,Ore Site,CM resources,3,1,1,1,,,2024,USGS Critical mineral deposits of the United States v2.0,ScienceBase data release 10.5066/P9K1HBNT,Basin brine path,Copper (sed-hosted and replacement),Brooks Range-Central Belt Sed Cu,None.,"Inferred resource (2018): 57,800,000 tonnes ore @0.025% Co and 2.89% Cu; cutoff grade 1.5% Cu. The most recent NI 43-101 report for South Reef reports 33 Mt ore, with an average grade of 3.51% Cu for a total of 2,554 Mlbs Cu. Cobalt has potential for reasonable prospects of eventual economic extraction, but further metallurgical testwork is deemed necessary to support a resource estimate, and better processing definitions (Kim and Drake, 2023).",ARDF-ID: AR071; Burger and others (2018) Kim and Drake (2023),https://doi.org/10.5066/P9V74HIU,,,,,,
ore-95,ore_site,Unnamed cobalt site 95,AK,,58.5529,-136.9294,point,cobalt,"cobalt, nickel, PGE",Ore Site,CM resources,3,1,1,1,,,2024,USGS Critical mineral deposits of the United States v2.0,ScienceBase data release 10.5066/P9K1HBNT,Mafic magmatic,Nickel-copper-PGE sulfide,Southeast Alaska Fairweather trend PGE,None.,"Proven reserve (1995): 91,000,000 tonnes ore @0.03% Co, 0.3% Cu, and 0.5% Ni. PGE average about 0.18 ppm and exceed 1 ppm in massive sulfide units and in flotation concentrates. About 250,000 oz PGE exist in the drilled Ni-Cu resource area (Czamanske and others, 1981).",ARDF-ID MF003; Burger and others (2018); Czamanske and others (1981),https://doi.org/10.5066/P9V74HIU,,,,,,
ore-361,ore_site,Unnamed fluorspar site 361,AK,,65.476,-167.153,point,fluorspar,"fluorspar, tin",Ore Site,CM-past producer+resources,5,1,1,1,,,2024,USGS Critical mineral deposits of the United States v2.0,ScienceBase data release 10.5066/P9K1HBNT,Porphyry Sn (granite-related),Polymetallic sulfide S-R-V-IS,Lost River-Kougarok Sn-W,Production: 350 tons Sn.,"Measured reserve (2002): 24,600,000 tons ore @16.3% fluorite, 0.03% W, and 0.15% Sn.",ARDF-ID: TE048: Karl and others (2018),https://doi.org/10.5066/P97JYNJL,,,,,,
ore-511,ore_site,Unnamed germanium site 511,AK,,68.0704,-162.8379,point,germanium,"germanium, zinc",Ore Site,CM-recent producer+resources,6,1,1,1,,,2024,USGS Critical mineral deposits of the United States v2.0,ScienceBase data release 10.5066/P9K1HBNT,Basin brine path,Zinc-lead (MVT and sedex),Western and central Brooks Range (Brooks Range zinc belt),"Production (1990-2022): 15,822,519 metric tons Zn, 2,894,001 metric tons Pb, and 12,562,361 oz Ag. The Trail smelter in Canada which processes Red Dog and other Zn ores, produced about 40 metric tons Ge in 2007; however, the amount contributed from Red Dog ore is unknown.","Total reserves and resources (2022): 72,000,000 metric tons @12.664% Zn, 4.153% Pb, and 75.912 g/t Ag.",ARDF-ID: DL001; Guberman (2010); Teck (2022),,,,,,,
ore-254,ore_site,Unnamed graphite site 254,AK,,65.0393,-165.538,point,graphite,graphite,Ore Site,CM-past producer+resources,5,1,1,1,,,2024,USGS Critical mineral deposits of the United States v2.0,ScienceBase data release 10.5066/P9K1HBNT,Metamorphic,Graphite (coal or carbonaceous sed),Seward Peninsula Graphite,Production (1912-1916): 135 tons graphite.,"Measured+Indicated resources (2022): 32.54 Mt @5.25% Cg (graphitic carbon) for 1,707,340 t contained graphite. Inferred resources (2022): 254.67 Mt @5.11 % graphite for 13,004,017 t contained graphite. Cut-off grade 2% Cg for resources. Total Proven and Probable reserves (2022): 22.49 Mt @5.6% Cg (1,258,000 t contained graphite reserves).",ARDF-ID: TE102; Goodwin and others (2022b); Karl and others (2022a),https://doi.org/10.5066/P99RK9SU,,,,,,
ore-405,ore_site,Unnamed nickel site 405,AK,,57.7855,-136.3082,point,nickel,nickel,Ore Site,CM resources,3,1,1,1,,,2024,USGS Critical mineral deposits of the United States v2.0,ScienceBase data release 10.5066/P9K1HBNT,Mafic magmatic,Nickel-copper-PGE sulfide,Southeast Alaska Fairweather trend PGE,None.,"The largest body of disseminated sulfides at the Fleming Island deposit is estimated to contain 8,000 tons of material averaging 1.57% Ni and 0.88% Cu, and probably a little Co. (Cobb, 1978). Another report cites a high-grade zone at Mirror Harbor containing 7,300 tons averaging 1.60% Ni and 0.90% Cu. Samples collected by USBM contained up to 0.002 opt Au, 0.003 opt Pt, 0.003 opt Pd, and 0.093 opt Ag.",ARDF-ID: SI040; Cobb (1978); Still (1988),,,,,,,
ore-469,ore_site,Unnamed niobium site 469,AK,,56.562,-133.115,point,niobium,"niobium, REE",Ore Site,CM resources,3,1,1,1,,,2024,USGS Critical mineral deposits of the United States v2.0,ScienceBase data release 10.5066/P9K1HBNT,Magmatic REE,Peralkaline syenite/granite/rhyolite/alaskite/pegmatites,Southeastern Alaska REE,None.,"Resource estimates (1989): Calculated as Indicated resources by USBM measurements for 3 veins, as follows: Vein near Bay Point, 340,000 lbs Nb (Cb in report) within 200,000 st of rock; Vein south of Bay Point, 2.2 Mlbs REE within 560,000 st of rock; and Paystreak vein, approximately 11,700 lbs Th and 9,100 lbs REE within 3,500 st of rock.",ARDF-ID: PE055; Bellora and others (2019); Warner (1989),,,,,,,
ore-642,ore_site,Unnamed niobium site 642,AK,,65.0927,-150.9369,point,niobium,"niobium, zirconium",Ore Site,CM resources,3,1,1,1,,,2024,USGS Critical mineral deposits of the United States v2.0,ScienceBase data release 10.5066/P9K1HBNT,Magmatic REE,Carbonatite,Kuskokwim-White Mountains REE,None.,"Inferred resource (1986): 443,000,000 lbs ore @0.07% Nb; (1986) 245,000 short tons ore @5% P2O5, 0.07% Zr. Indicated resource (1986): 42,900 lbs ore @0.7% Nb. Note these values are calculated from an Indicated resource of 30,000 lbs Nb and Inferred resources of 310,000 lbs Nb, 12,250 st P2O5 and 340,000 lbs Zr from 245,000 short tons of regolith (Warner and others, 1986).",ARDF-ID: TN083; Bellora and others (2019); Warner and others (1986),https://doi.org/10.5066/F7FN15D1,,,,,,
ore-499,ore_site,Unnamed rhenium site 499,AK,,55.403,-130.483,point,rhenium,rhenium,Ore Site,CM resources,3,1,1,1,,,2024,USGS Critical mineral deposits of the United States v2.0,ScienceBase data release 10.5066/P9K1HBNT,Porphyry Cu-Mo-Au,Porphyry/skarn copper,Glacier Bay,None.,"Resource (2017): 1,600,000,000 metric tons ore @0.003% Cu, 0.0762% Mo, and 0.189 g/metric ton Re.",ARDF-ID: KC108; Burger and Long (2018),https://doi.org/10.5066/F7KP81F2,,,,,,
ore-337,ore_site,Unnamed tantalum site 337,AK,,65.7103,-165.2289,point,tantalum,"tantalum, tin",Ore Site,CM resources,3,1,1,1,,,2024,USGS Critical mineral deposits of the United States v2.0,ScienceBase data release 10.5066/P9K1HBNT,Porphyry Sn (granite-related),Greisen,Lost River-Kougarok Sn-W,None.,"Reserve (1980): 5,700,000 short tons @0.39% Sn. Total resources (2001): 2,700,000 metric tons @0.020% Ta and 0.500 % Sn. Estimated resources (trenching and drilling) of about 14,100 tons of Sn contained in 3 million tons of rock, including 240,000 tons grading 1.4% Sn and 110,000 tons grading 2.3% Sn. (source: Alaska Mineral Locations Database Report, March 7, 2001). Potential large resource of low-grade (0.1-0.3% Sn) Sn mineralization amenable to open-pit mining.",ARDF-ID: TE072; Karl and others (2018); Navigator Exploration Corporation (2001),https://doi.org/10.5066/P97JYNJL,,,,,,
ore-106,ore_site,Unnamed tin site 106,AK,,65.643,-167.511,point,tin,tin,Ore Site,CM-past producer,1,1,1,1,,,2024,USGS Critical mineral deposits of the United States v2.0,ScienceBase data release 10.5066/P9K1HBNT,Placer,Cassiterite,Lost River-Kougarok Sn-W,"Production (1902-1953): 1,000 metric tons Sn.","Resource of 59,000 cubic meters ore @1.7 kg/cubic meter Sn (Bliss and Menzie, 1995).",ARDF-ID TE020; Karl and others (2018),https://doi.org/10.5066/P97JYNJL,,,,,,
ore-121,ore_site,Unnamed tin site 121,AK,,65.094,-150.8182,point,tin,tin,Ore Site,CM-past producer,1,1,1,0,,,2024,USGS Critical mineral deposits of the United States v2.0,ScienceBase data release 10.5066/P9K1HBNT,Placer,Cassiterite,Placer Au and Sn,"Production (1909-1956): 409 oz Ag, 3,650 oz Au, and 5,155 lbs Sn concentrate (cassiterite). Production (1989): 2,190 oz Au and 14,000 lbs byproduct Sn. Production (1990): 1,074 oz Au, 208 oz Ag, and 2.600 lbs Sn from 26,000 cubic yds of processed material.",Unknown.,ARDF-ID TN097; Karl and others (2018); Swainbank and others (1991),https://doi.org/10.5066/P97JYNJL,,,,,,
ore-130,ore_site,Unnamed tin site 130,AK,,65.571,-167.931,point,tin,tin,Ore Site,CM-past producer+resources,5,1,1,1,,,2024,USGS Critical mineral deposits of the United States v2.0,ScienceBase data release 10.5066/P9K1HBNT,Placer,Cassiterite,Lost River-Kougarok Sn-W,"Cape Creek placer mine production (1935-1990): 1,540 tons Sn. Most of the recorded 1,650 short tons of tin production from the Cape Mountain area (Hudson and Reed, 1997, p. 452) has come from Cape Creek; over 60% of the total production (1,036 tons) took place between 1979 and 1989 (Bundzten and others, 1990, p. 33). Unknown but extensive mining took place in the 1970's and 1980's.","Inferred mineral reserve (1985): 850,000 cubic yards Sn concentrate (2.6 lbs/cubic yard).",ARDF-ID TE006; Karl and others (2018),https://doi.org/10.5066/P97JYNJL,,,,,,
ore-131,ore_site,Unnamed tin site 131,AK,,65.587,-167.959,point,tin,tin,Ore Site,CM-past producer+resources,5,1,1,1,,,2024,USGS Critical mineral deposits of the United States v2.0,ScienceBase data release 10.5066/P9K1HBNT,Porphyry Sn (granite-related),Polymetallic sulfide S-R-V-IS,Lost River-Kougarok Sn-W,Production (1906): 6 short tons Sn.,"Inferred reserve (1946): 1,350 metric tons ore @7.28% Sn. Indicated reserve (1946): 650 metric tons ore @7.28% Sn.",ARDF-ID: TE009; Baggs and others (1988); Heide and others (1946); Karl and others (2018),https://doi.org/10.5066/P97JYNJL,,,,,,
ore-14,ore_site,Unnamed tin site 14,AK,,65.50353,-167.63472,point,tin,tin,Ore Site,CM-past producer,1,1,1,0,,,2024,USGS Critical mineral deposits of the United States v2.0,ScienceBase data release 10.5066/P9K1HBNT,Placer,Cassiterite,Lost River-Kougarok Sn-W,"Production (1914-1915): Dredge processed 156,000 cubic yards of gravel and recovered 1,217 oz Au and 1,600 lbs concentrate containing 31% Sn.",Unknown.,ARDF-ID: TE032; Mulligan (1959),,,,,,,
ore-158,ore_site,Unnamed tin site 158,AK,,62.9909,-149.8633,point,tin,tin,Ore Site,CM resources,3,1,1,1,,,2024,USGS Critical mineral deposits of the United States v2.0,ScienceBase data release 10.5066/P9K1HBNT,Porphyry Sn (granite-related),Greisen,Northern Alaska Range Sn-W,None.,"Geologic resource (1982): Non-compliant conceptual estimate of 4,770,000 tonnes @0.27% Sn. Note ongoing exploration characterizing lithium mineralization as well as tin, silver, and zinc.",ARDF-ID TK005; Karl and others (2018); Thurow (1982); Ellis (2015); Lasly (2022),https://doi.org/10.5066/P97JYNJL,,,,,,
ore-168,ore_site,Unnamed tin site 168,AK,,64.6619,-155.433,point,tin,tin,Ore Site,CM-past producer,1,1,1,0,,,2024,USGS Critical mineral deposits of the United States v2.0,ScienceBase data release 10.5066/P9K1HBNT,Placer,Cassiterite,Placer Au and Sn,"Production (1962): 2,100 lbs Sn concentrate stockpiled.",Unknown.,ARDF-ID: RB011; Chapman and others (1963); Karl and others (2018),https://doi.org/10.5066/P97JYNJL,,,,,,
ore-180,ore_site,Unnamed tin site 180,AK,,65.0995,-150.8424,point,tin,tin,Ore Site,CM-past producer,1,1,1,0,,,2024,USGS Critical mineral deposits of the United States v2.0,ScienceBase data release 10.5066/P9K1HBNT,Placer,Cassiterite,Placer Au,"Production (1906-1956): 466 oz Au and 3,000 lbs (1.4 metric tons) Sn concentrate.",Unknown.,ARDF-ID: TN096; Karl and others (2018); Thomas (1957),https://doi.org/10.5066/P97JYNJL,,,,,,
ore-184,ore_site,Unnamed tin site 184,AK,,65.0614,-150.9887,point,tin,tin,Ore Site,CM-past producer+resources,5,1,1,1,,,2024,USGS Critical mineral deposits of the United States v2.0,ScienceBase data release 10.5066/P9K1HBNT,Placer,Cassiterite,Placer Au,"Production (1906-1956): 6,864 oz Au, 653 oz Ag, and 64,200 lbs of cassiterite concentrate (60% Sn).","Indicated reserve (1985): 169,400 lbs Sn (includes amount of more than one commodity; includes Woodchopper and Deep Creek).",ARDF-ID: TN082; Karl and others (2018); Thomas (195); Warner (1985),,,,,,,
ore-219,ore_site,Unnamed tin site 219,AK,,64.3771,-155.5582,point,tin,tin,Ore Site,CM-past producer,1,1,1,0,,,2024,USGS Critical mineral deposits of the United States v2.0,ScienceBase data release 10.5066/P9K1HBNT,Placer,Cassiterite,Placer Au,"Production (1922): Approximately 300 lbs Sn represents incomplete recovery of cassiterite concentrate from approximately 6,000 ft2 of bedrock.",Unknown.,ARDF-ID: RB017; Karl and others (2018); Chapman and others (1963); Warner (1985),https://doi.org/10.5066/P97JYNJL,,,,,,
ore-242,ore_site,Unnamed tin site 242,AK,,64.6954,-155.4492,point,tin,tin,Ore Site,CM-past producer,1,1,1,0,,,2024,USGS Critical mineral deposits of the United States v2.0,ScienceBase data release 10.5066/P9K1HBNT,Placer,Cassiterite,Kokrines-Hodzana Placers,Production: approximately 150 lbs of cassiterite concentrate.,Unknown.,ARDF-ID: RB010; Karl and others (2018); Chapman and others (1963),https://doi.org/10.5066/P97JYNJL,,,,,,
ore-250,ore_site,Unnamed tin site 250,AK,,65.589,-167.913,point,tin,tin,Ore Site,CM-past producer,1,1,1,0,,,2024,USGS Critical mineral deposits of the United States v2.0,ScienceBase data release 10.5066/P9K1HBNT,Placer,Cassiterite,Lost River-Kougarok Sn-W,Production (1924-1940): between 132 and 656 short tons Sn.,Unknown.,ARDF-ID: TE004; Mulligan (1966); Karl and others (2018),https://doi.org/10.5066/P97JYNJL,,,,,,
ore-262,ore_site,Unnamed tin site 262,AK,,64.3058,-155.5203,point,tin,tin,Ore Site,CM-past producer,1,1,1,0,,,2024,USGS Critical mineral deposits of the United States v2.0,ScienceBase data release 10.5066/P9K1HBNT,Placer,Cassiterite,Placer Au,Production (1940-1942): approximately 300 lbs cassiterite recovered over an estimated 61 acre paystreak.,Unknown.,ARDF-ID: RB021; Karl and others (2018),https://doi.org/10.5066/P97JYNJL,,,,,,
ore-298,ore_site,Unnamed tin site 298,AK,,65.0785,-150.9188,point,tin,tin,Ore Site,CM-past producer+resources,5,1,1,1,,,2024,USGS Critical mineral deposits of the United States v2.0,ScienceBase data release 10.5066/P9K1HBNT,Placer,Cassiterite,Placer Au and Sn,"Production (1906-1956): 61 oz Au, 300 lbs Sn concentrate.","Indicated reserves in tailings inclusive of Miller Gulch, Idaho Gulch, and Tofty Gulch (1985): 157,000 lbs ore.",ARDF-ID: TN086; see also TN085 (Miller Gulch) and TN088 (Tofty Gulch); Karl and others (2018),https://doi.org/10.5066/P97JYNJL,,,,,,
ore-351,ore_site,Unnamed tin site 351,AK,,65.635,-146.7,point,tin,tin,Ore Site,CM resources,3,1,1,1,,,2024,USGS Critical mineral deposits of the United States v2.0,ScienceBase data release 10.5066/P9K1HBNT,Porphyry Sn (granite-related),Greisen,Yukon-Tanana Sn-W,None.,"Resource (1988): 5,000,000 short tons ore @0.05% (calculated by summing Sn greisen measurements over an area of more than 8 mi2).",ARDF-ID: CI079; Karl and others (2020); Warner and others (1988),https://doi.org/10.5066/P97JYNJL,,,,,,
ore-360,ore_site,Unnamed tin site 360,AK,,65.472,-167.161,point,tin,tin,Ore Site,CM-past producer+resources,5,1,1,1,,,2024,USGS Critical mineral deposits of the United States v2.0,ScienceBase data release 10.5066/P9K1HBNT,Placer,Cassiterite,Lost River-Kougarok Sn-W,"Production (1949-1951): 52,000 cubic yards Sn.","Resource (1995): 40,000 cubic meters ore @2.1 kg/cubic meter Sn.",ARDF-ID: TE046; Karl and others (2018),https://doi.org/10.5066/P97JYNJL,,,,,,
ore-383,ore_site,Unnamed tin site 383,AK,,65.2265,-153.3487,point,tin,tin,Ore Site,CM-past producer+resources,5,1,1,1,,,2024,USGS Critical mineral deposits of the United States v2.0,ScienceBase data release 10.5066/P9K1HBNT,Placer,Cassiterite,Placer Au,"Production (1918): 2,000 lbs Sn.","Resource (1995): 14,000 cubic meters concentrate @0.35 kg/cubic meter Sn and 1.6 g/cubic meter Au.",Karl and others (2018),https://doi.org/10.5066/P97JYNJL,,,,,,
ore-400,ore_site,Unnamed tin site 400,AK,,64.3189,-155.5348,point,tin,tin,Ore Site,CM-past producer,1,1,1,0,,,2024,USGS Critical mineral deposits of the United States v2.0,ScienceBase data release 10.5066/P9K1HBNT,Placer,Cassiterite,Placer Au,"Production (1917-1918): 537 lbs Sn; (1940-1942): 7,320 lbs Sn concentrate. Cassiterite concentrate recovery in 1971 was 1,037 lbs, 537 lbs Sn. In 1940-1942, 7,320 lbs concentrate is thought to represent about 5,100 lbs Sn (Chapman and others, 1963). During 1989 and 1990, $150,000 of Sn in cassiterite was recovered, roughly equivalent to about 25 tonnes. Tungsten has been reported as being produced (Brooks, 1918).",Unknown.,ARDF-ID: RB019; Brooks (1918); Chapman and others (1963); Karl and others (2018),https://doi.org/10.5066/P97JYNJL,,,,,,
ore-402,ore_site,Unnamed tin site 402,AK,,65.0693,-150.9314,point,tin,tin,Ore Site,CM-past producer+resources,5,1,1,1,,,2024,USGS Critical mineral deposits of the United States v2.0,ScienceBase data release 10.5066/P9K1HBNT,Placer,Cassiterite,Placer Au and Sn,"Production (1906-1956): 2,668 oz Ag, 101,875 lbs Sn concentrate, 28,501 oz Au.",See Idaho Gulch.,ARDF-ID: TN085; see also TN086 (Idaho Gulch) and TN088 (Tofty Gulch); Karl and others (2018),https://doi.org/10.5066/P97JYNJL,,,,,,
ore-468,ore_site,Unnamed tin site 468,AK,,65.0432,-150.9341,point,tin,tin,Ore Site,CM-past producer,1,1,1,0,,,2024,USGS Critical mineral deposits of the United States v2.0,ScienceBase data release 10.5066/P9K1HBNT,Placer,Cassiterite,Placer Au and Sn,"Production (1906-1956): 2,599 oz Au, 385 oz Ag, and 20,282 lbs 60% Sn concentrate (5.5 metric tons Sn).",Unknown.,ARDF-ID: TN084; Karl and others (2018),https://doi.org/10.5066/P97JYNJL,,,,,,
ore-494,ore_site,Unnamed tin site 494,AK,,65.654,-167.554,point,tin,tin,Ore Site,CM-past producer,1,1,1,0,,,2024,USGS Critical mineral deposits of the United States v2.0,ScienceBase data release 10.5066/P9K1HBNT,Porphyry Sn (granite-related),Polymetallic sulfide S-R-V-IS,Lost River-Kougarok Sn-W,"Production (1902-1953): 2,000 lbs Sn for the Daisy shaft mine at Potato Mountain. Total recorded production (through 1953) for associated placer deposits draining Potato Mountain was 1,102.34 short tons Sn (see Buck Creek).",Unknown.,ARDF-ID: TE024; Karl and others (2018); Warner (1985),https://doi.org/10.5066/P97JYNJL,,,,,,
ore-54,ore_site,Unnamed tin site 54,AK,,64.4574,-155.3554,point,tin,tin,Ore Site,CM-past producer,1,1,1,0,,,2024,USGS Critical mineral deposits of the United States v2.0,ScienceBase data release 10.5066/P9K1HBNT,Placer,Cassiterite,Placer Au and Sn,"Production (1917-1936): 5,000 lbs Sn concentrate.",Unknown.,ARDF-ID: RB035; Karl and others (2018),https://doi.org/10.5066/P97JYNJL,,,,,,
ore-56,ore_site,Unnamed tin site 56,AK,,62.4233,-157.0246,point,tin,"tin, zinc",Ore Site,CM resources,3,1,1,1,,,2024,USGS Critical mineral deposits of the United States v2.0,ScienceBase data release 10.5066/P9K1HBNT,Porphyry Sn (granite-related),Polymetallic sulfide S-R-V-IS,Kuskokwim-White Mountains Sn-W,None.,"Inferred reserve (1997): 498,000 tonnes ore @0.26% Zn, 0.137% Sn, 47.8 g/tonne Ag, and 0.16% Cu.",ARDF-ID: ID130; Karl and others (2018),https://doi.org/10.5066/P97JYNJL,,,,,,
ore-575,ore_site,Unnamed tin site 575,AK,,60.0475,-157.0775,point,tin,"tin, tungsten",Ore Site,CM resources,3,1,1,1,,,2024,USGS Critical mineral deposits of the United States v2.0,ScienceBase data release 10.5066/P9K1HBNT,Porphyry Sn (granite-related),Porphyry/skarn,Kuskokwim Mountains PCD,None.,"Non-compliant Inferred resource (1991): 28,600,000 short tons @0.37% Sn, 0.04% W, and 17 ppm Ag.",ARDF-ID: TA010; Karl and others (2020); Burleigh (1991); Ellis (2006),https://doi.org/10.5066/P97NJLI4,,,,,,
ore-596,ore_site,Unnamed tin site 596,AK,,65.0933,-150.881,point,tin,tin,Ore Site,CM-past producer+resources,5,1,1,1,,,2024,USGS Critical mineral deposits of the United States v2.0,ScienceBase data release 10.5066/P9K1HBNT,Placer,Cassiterite,Placer Au and Sn,"Production (1906-1956): 215,445 lbs cassiterite concentrate averaging 60% Sn, 5,463 oz Ag, and 58,136 oz Au. Significant mining since then, but more up-to-date production estimates are not available.","Indicated resource (1961): 126,956 lbs cassiterite and 475,085 grains Au (or 30,945 grams or 995 oz). Warner (1985) reported the data as 117,800 lbs Sn, indicated to remain in tailings from Sullivan Bench and Ferguson Draw.",ARDF-ID: TN093; Karl and others (2018); Wayland (1961); Warner (1985),https://doi.org/10.5066/P97JYNJL,,,,,,
ore-617,ore_site,Unnamed tin site 617,AK,,65.0845,-150.9008,point,tin,tin,Ore Site,CM-past producer+resources,5,1,1,1,,,2024,USGS Critical mineral deposits of the United States v2.0,ScienceBase data release 10.5066/P9K1HBNT,Placer,Cassiterite,Placer Au,"Production (1906-1956): 19,600 lbs Sn, 8,855 oz Au, 1,376 oz Ag.",See Idaho Gulch.,ARDF-ID: TN0858; see also TN086 (Idaho Gulch) and TN085 (Miller Gulch); Karl and others (2018),https://doi.org/10.5066/P97JYNJL,,,,,,
ore-622,ore_site,Unnamed tin site 622,AK,,65.3792,-152.7892,point,tin,tin,Ore Site,CM-past producer,1,1,1,0,,,2024,USGS Critical mineral deposits of the United States v2.0,ScienceBase data release 10.5066/P9K1HBNT,Placer,Cassiterite,Kokrines-Hodzana Placers,"Production (1938-1943): 500 lbs Sn; (1983): 12,500 lbs Sn.",Unknown.,ARDF-ID: TN022; Karl and others (2020); Warner (1985); Chapman and others (1963),https://doi.org/10.5066/P97NJLI4,,,,,,
ore-674,ore_site,Unnamed tin site 674,AK,,63.4813,-155.7127,point,tin,tin,Ore Site,CM resources,3,1,1,1,,,2024,USGS Critical mineral deposits of the United States v2.0,ScienceBase data release 10.5066/P9K1HBNT,Porphyry Sn (granite-related),Polymetallic sulfide S-R-V-IS,Kuskokwim-White Mountains Sn-W,None.,"Resource (1992): 2,135,208 short tons ore. Resource represents 2 prospects, Gemini and Won-South. Gemini resource is 1,046,300 tonnes ore @0.216% Sn, whereas Won-South contains 890,757 tonnes ore @1.03 % Sn.",ARDF-ID: MD023 and MD024; Karl and others (2018); Burleigh (1992); Bundtzen and Miller (1997),https://doi.org/10.5066/P97JYNJL,,,,,,
ore-676,ore_site,Unnamed tin site 676,AK,,65.0516,-151.0122,point,tin,tin,Ore Site,CM-past producer+resources,5,1,1,1,,,2024,USGS Critical mineral deposits of the United States v2.0,ScienceBase data release 10.5066/P9K1HBNT,Placer,Cassiterite,Placer Au,"Production (1906-1956): 3,402 oz Ag, 40,300 lbs Sn concentrate, and 28,501 oz Au.","Indicated reserve (1985): 169,400 lbs Sn ore in tailings of Woodchopper and Deep Creeks. Niobium potential also present, 12 channel samples of tailings averaged 0.72 Ibs/yd3 Sn and 0.010 Ib/yd3 Nb2O5.",ARDF-ID: TN081; Karl and others (2018),https://doi.org/10.5066/P97JYNJL,,,,,,
ore-81,ore_site,Unnamed tin site 81,AK,,65.3276,-151.3389,point,tin,tin,Ore Site,CM resources,3,1,1,1,,,2024,USGS Critical mineral deposits of the United States v2.0,ScienceBase data release 10.5066/P9K1HBNT,Placer,Cassiterite,Placer Au and Sn,None.,"Indicated resource (1945): 45,000 cubic meters ore @28.7 g/cubic meter Sn and 0.36 g/cubic meter Au.",Karl and others (2018),https://doi.org/10.5066/P97JYNJL,,,,,,
ore-334,ore_site,Unnamed titanium site 334,AK,,59.4197,-135.8843,point,titanium,"titanium, vanadium",Ore Site,CM resources,3,1,1,1,,,2024,USGS Critical mineral deposits of the United States v2.0,ScienceBase data release 10.5066/P9K1HBNT,Mafic magmatic,Nickel-copper-PGE sulfide,Southeast Alaska PGE,None.,"Resource (1975): 13,000,000,000 tons of magnetite ore in pyroxenite @15-20% Fe, 2% TiO2 and 0.2% V2O5.",ARDF-ID: SK033; Fischer (1975),,,,,,,
ore-240,ore_site,Unnamed tungsten site 240,AK,,64.981,-147.367,point,tungsten,tungsten,Ore Site,CM-past producer+resources,5,1,1,0,,,2024,USGS Critical mineral deposits of the United States v2.0,ScienceBase data release 10.5066/P9K1HBNT,Porphyry Cu-Mo-Au,S-R-V tungsten,Yukon-Tanana Sn-W,"Production Stepovich mine (1914-1915 and 1942-1944): 40 metric tons WO3 (calculated). Yellow Pup mine produced several tons of scheelite concentrates and stockpiles in 1942, and beween 1970s-1981.",Unknown.,ARDF-ID FB113 and FB118; Robinson (1981); Bundtzen and others (1982); Karl and others (2020),,,,,,,
ore-365,ore_site,Unnamed tungsten site 365,AK,,64.2392,-143.8939,point,tungsten,tungsten,Ore Site,CM resources,3,1,1,1,,,2024,USGS Critical mineral deposits of the United States v2.0,ScienceBase data release 10.5066/P9K1HBNT,Porphyry Cu-Mo-Au,S-R-V tungsten,Yukon-Tanana Sn-W,None.,"Resource (1979): 20,000 tons @1.5% WO3.",ARDF-ID: EA091; Karl and others (2020),https://doi.org/10.5066/P97NJLI4,,,,,,
ore-379,ore_site,Unnamed tungsten site 379,AK,,59.01282,-137.08652,point,tungsten,tungsten,Ore Site,CM resources,3,1,1,1,,,2024,USGS Critical mineral deposits of the United States v2.0,ScienceBase data release 10.5066/P9K1HBNT,Porphyry Cu-Mo-Au,Porphyry/skarn copper,Glacier Bay,None.,"Inferred resource (1991): 160,000,000 tons ore @0.13 troy oz/ton Ag, 0.2% Cu, 0.008 troy oz/ton Au, and 0.01% W. Note that deposit is within Glacier Bay National Park and Preserve where exploration and development are restricted.",ARDF-ID: SK020; Karl and others (2020),https://doi.org/10.5066/P97NJLI4,,,,,,
ore-82,ore_site,Unnamed tungsten site 82,AK,,64.63642,-165.20087,point,tungsten,tungsten,Ore Site,CM resources,3,1,1,1,,,2024,USGS Critical mineral deposits of the United States v2.0,ScienceBase data release 10.5066/P9K1HBNT,Placer,Wolframite/scheelite,Placer Au,None.,"Hudson and DeYoung (1978, p. 45) reported an estimated resource of 1.1 to 1.5 million cubic meters of placer ground containing 1 to 2 g Au and 190 g W per cubic meter.",ARDF-ID NM280; Hudson and DeYoung (1978); Karl and others (2020),https://doi.org/10.5066/P97NJLI4,,,,,,
ore-187,ore_site,Unnamed zinc site 187,AK,,63.24773,-144.09221,point,zinc,zinc,Ore Site,CM resources,3,1,1,1,,,2024,USGS Critical mineral deposits of the United States v2.0,ScienceBase data release 10.5066/P9K1HBNT,Volcanogenic seafloor,Zinc-copper sulfide,Eastern Alaska Range,None.,"Total Inferred resources (2006): 15,400,000 metric tons ore @1.7 g/metric ton Au, 62 g/metric ton Ag, 3.8% Zn, and 0.6% Cu. Resource applies to 7 drilled mineralized sulfide zones (LP, MID, DW, LPH, DDN, DDS, PP2). See ARDF records for Inferred resources for individual zones.","Dashevsky and Schaefer (2011); ARDF-ID: MH319, MH325, MH334, MH338, MH340, MH341, MH345, and MH346",,,,,,,
ore-20,ore_site,Unnamed zinc site 20,AK,,67.17389,-156.3875,point,zinc,zinc,Ore Site,CM resources,3,1,1,1,,,2024,USGS Critical mineral deposits of the United States v2.0,ScienceBase data release 10.5066/P9K1HBNT,Volcanogenic seafloor,Zinc-copper sulfide,Southern Brooks Range-Ambler,None.,"Probable reserves (2023): 46,700,000 tonnes @2.11% Cu, 2.90% Zn, 0.56% Pb, 38.130 g/t Ag, and 0.42 g/t Au.",ARDF-ID: AR025; Murray and others (2023),,,,,,,
ore-261,ore_site,Unnamed zinc site 261,AK,,58.079,-134.6312,point,zinc,zinc,Ore Site,CM-recent producer+resources,6,1,1,1,,,2024,USGS Critical mineral deposits of the United States v2.0,ScienceBase data release 10.5066/P9K1HBNT,Volcanogenic seafloor,Zinc-copper sulfide,Southeast Alaska VMS,"Annual production for 2022: 9.741,935 oz Ag, 48,216 oz Au, 19,480 st Pb, and 52,312 st Zn.","Total reserves and resources (2022): 19,485,421 metric tons @2.7% Pb, 7.1% Zn, 3.086 g/t Au, and 408 g/t Ag.",ARDF-ID: JU253; Hecla Mining Company (2023d),,,,,,,
ore-319,ore_site,Unnamed zinc site 319,AK,,60.1167,-152.9778,point,zinc,zinc,Ore Site,CM resources,3,1,1,1,,,2024,USGS Critical mineral deposits of the United States v2.0,ScienceBase data release 10.5066/P9K1HBNT,Volcanogenic seafloor,Zinc-copper sulfide,Johnson River,None.,"Total Measured, Indicated, and Inferred resources (2022): 4,195,000 metric tons @5.04% Zn, 0.57% Cu, 4.66 g/t Au, and 6.5 g/t Ag.",ARDF-ID: KN002; Swainbank and others (1997); Brown and others (2022),,,,,,,
ore-350,ore_site,Unnamed zinc site 350,AK,,68.1664,-163.202,point,zinc,zinc,Ore Site,CM resources,3,1,1,1,,,2024,USGS Critical mineral deposits of the United States v2.0,ScienceBase data release 10.5066/P9K1HBNT,Basin brine path,Zinc-lead (MVT and sedex),Western and central Brooks Range (Brooks Range zinc belt),None.,"Indicated resource (2022): 17.6 million tonnes @8.07% Zn, 2.68% Pb, and 50.1 g/t Ag + an additional Inferred resource of 2.8 million tonnes @8.64% Zn, 2.73% Pb, and 38.9 g/t Ag.",ARDF-ID: DL005; Hulse and others (2022),,,,,,,
ore-433,ore_site,Unnamed zinc site 433,AK,,55.0576,132.1461,point,zinc,zinc,Ore Site,Past producer+CM resources,2,1,1,1,,,2024,USGS Critical mineral deposits of the United States v2.0,ScienceBase data release 10.5066/P9K1HBNT,Volcanogenic seafloor,Copper-zinc sulfide,Southeast Alaska VMS,"The total production of the Niblack Mine from 1902 to 1909 (based on incomplete records) was 1,400,000 lbs Cu, 1,100 oz Au, and 15,000 oz Ag.","Total Indicated resources (2022): 5,851,000 tonnes ore @0.94% Cu, 1.73% Zn, 1.83 g/t Au, and 29 g/t Ag; Total Inferred resources of 214,000 tonnes @0.93% Cu, 1.38% Zn, 4.52 g/t Au, and 18 g/t Ag. Resources at the old Niblack Mine are considered zero, but are considerable at what is being called the 'Niblack' or 'Niblack project', near the nearby, old Lookout prospect (ARDF-ID: CR221).",ARDF-ID: CR216 and CR221; Arseneau (2023),,,,,,,
ore-513,ore_site,Unnamed zinc site 513,AK,,63.9158,-147.3808,point,zinc,zinc,Ore Site,CM resources,3,1,1,1,,,2024,USGS Critical mineral deposits of the United States v2.0,ScienceBase data release 10.5066/P9K1HBNT,Volcanogenic seafloor,Zinc-copper sulfide,Eastern Alaska Range,None.,"Total Inferred JORC resources (2022) for Dry Creek, Dry Creek Cu, and West Tundra Flats: 21.3 Mt @3.887% Zn, 1.548% Pb, 0.119% Cu, 0.681 g/t Au, and 88.859 g/t Ag.",ARDF-ID: HE122; White Rock Minerals Ltd (2022),,,,,,,
ore-518,ore_site,Unnamed zinc site 518,AK,,63.3844,-154.3676,point,zinc,zinc,Ore Site,CM resources,3,1,1,1,,,2024,USGS Critical mineral deposits of the United States v2.0,ScienceBase data release 10.5066/P9K1HBNT,Basin brine path,Zinc-lead (MVT and sedex),Farewell Terrane,None.,"Inferred reserve of 1,800,000 tonnes @6.5% Zn. Up to 2,000 ppm Cd reported (Clautice and others, 1993).",ARDF-ID: MD055; Clautice and others (1993).,,,,,,,
ore-578,ore_site,Unnamed zinc site 578,AK,,67.2972,-157.1738,point,zinc,zinc,Ore Site,CM resources,3,1,1,1,,,2024,USGS Critical mineral deposits of the United States v2.0,ScienceBase data release 10.5066/P9K1HBNT,Basin brine path,Zinc-lead (MVT and sedex),Southern Brooks Range-Ambler,None.,"An unclassified historical resource estimate for the Smucker deposit totals 7.2 million mt grading at 0.5% Cu, 4.9% Zn, 1.7% Pb, 156 g/t Ag and 1.1g/t Au, based on 1970s drilling by Anaconda.",ARDF-ID: AR033; Davis and others (2017),,,,,,,
ore-597,ore_site,Unnamed zinc site 597,AK,,67.0704,-155.0431,point,zinc,zinc,Ore Site,CM resources,3,1,1,1,,,2024,USGS Critical mineral deposits of the United States v2.0,ScienceBase data release 10.5066/P9K1HBNT,Volcanogenic seafloor,Zinc-copper sulfide,Southern Brooks Range-Ambler,None.,"Indicated resource (2022): 1,713,000 tonnes @1.11% Pb, 4.32% Zn, 60.0 g/t Ag, and 0.21 g/t Au. Inferred resource: 9,018,000 tonnes @1.21% Cu, 1.46% Pb, 4.18% Zn, 81.7 g/t Ag, and 0.25 g/t Au.",ARDF-ID: SP039; Gustin (2022),,,,,,,
ore-32,ore_site,Unnamed aluminum site 32,AL,,31.76079,-85.31055,point,aluminum,aluminum,Ore Site,CM-past producer+resources,5,1,1,1,,,2024,USGS Critical mineral deposits of the United States v2.0,ScienceBase data release 10.5066/P9K1HBNT,Chemical weathering,Bauxite,Alabama bauxite,"District bauxite production (1927-1960): 900,000 long tons from more than 130 open pits. Eufaula mine ore grade 51.77% Al2O3.","1940's era district reserves estimated at 950,000 long tons. High silica and small size deposits. USBM drilled in 1940s.",MRDS (2005); Patterson (1967); Warren and Clark (1965),https://mrdata.usgs.gov/mrds/show-mrds.php?dep_id=10257789,,,,,,
ore-162,ore_site,Unnamed graphite site 162,AL,,32.91204,-86.40067,point,graphite,graphite,Ore Site,CM-past producer+resources,5,1,1,1,,,2024,USGS Critical mineral deposits of the United States v2.0,ScienceBase data release 10.5066/P9K1HBNT,Metamorphic,Graphite (coal or carbonaceous sed),Alabama Graphite-Vanadium Belt,Production (1902-1908): production at the Fixco mine.,"Total Measured, Indicated, and Inferred resource (2022): 111,588,723 metric tons @3.05% graphite.",Karl and others (2022a),https://doi.org/10.5066/P99RK9SU,,,,,,
ore-36,ore_site,Unnamed graphite site 36,AL,,33.07743,-86.1567,point,graphite,graphite,Ore Site,CM-past producer+resources,5,1,1,1,,,2024,USGS Critical mineral deposits of the United States v2.0,ScienceBase data release 10.5066/P9K1HBNT,Metamorphic,Graphite (coal or carbonaceous sed),Alabama Graphite-Vanadium Belt,Ceylon mine operated on the site 1916-1929; 1943.,"Total Inferred resources (2023) 22,000,000 metric tons @2.4% graphite at a 1.1% cutoff grade.",South Star Battery Metals Corp. (2023),,,,,,,
ore-387,ore_site,Unnamed tantalum site 387,AL,,32.88555,-86.24857,point,tantalum,"tantalum, tin",Ore Site,CM resources,3,1,1,1,,,2024,USGS Critical mineral deposits of the United States v2.0,ScienceBase data release 10.5066/P9K1HBNT,Porphyry Sn (granite-related),Pegmatite LCT,Alabama pegmatite zone,None.,"Combined reserves of all classes are approximately 91,000 kg SnO2 and 90,000 kg Ta2O5; Sn and Ta occur through out the pegmatite dike, averaging 0.08% SnO2 and 0.07% Ta2O5.",Karl and others (2018); Foord and Cook (1989),https://doi.org/10.5066/P97JYNJL,,,,,,
ore-163,ore_site,Unnamed tin site 163,AL,,32.907,-86.1922,point,tin,tin,Ore Site,CM-past producer,1,1,1,0,,,2024,USGS Critical mineral deposits of the United States v2.0,ScienceBase data release 10.5066/P9K1HBNT,Placer,Cassiterite,Piedmont fluvial placers,Production (1942): 88 tons Sn concentrate @0.56%.,Unknown.,Karl and others (2018),https://doi.org/10.5066/P97JYNJL,,,,,,
ore-6,ore_site,Unnamed aluminum site 6,AR,,34.55842,-92.49186,point,aluminum,"aluminum, niobium",Ore Site,CM-past producer+resources,5,1,1,1,,,2024,USGS Critical mineral deposits of the United States v2.0,ScienceBase data release 10.5066/P9K1HBNT,Chemical weathering,Bauxite,Arkansas Bauxite Region,"Production from multiple mines in the region (1898 to 1981): Average annual production of 1,700,000 long tons of bauxite.","Reserves (1954): 44,000,000 short tons ore @0.07% Nb (reported as columbite). Small amounts continue to be mined since 1982 for alumina-based products. Gallium is a potential alumina byproduct; niobium concentrates in processed residues.",Arkansas Geological Survey (2007); Gordon and others (1958); Nieberlein and others (1954); Van Gosen and Choate (2021),https://mrdata.usgs.gov/mrds/show-mrds.php?dep_id=10284005,,,,,,
ore-141,ore_site,Unnamed barite site 141,AR,,34.44012,-92.99208,point,barite,barite,Ore Site,CM-past producer+resources,5,1,1,1,,,2024,USGS Critical mineral deposits of the United States v2.0,ScienceBase data release 10.5066/P9K1HBNT,Basin brine path,Barite (replacement and bedded),Ouachita barite deposits,Production: 8 million tons; leading United States barite producer from 1944 to 1966.,District reserve estimated to be in the millions of tons.,MRDS (2005); Dicken and others (2022),https://mrdata.usgs.gov/mrds/show-mrds.php?dep_id=10187625,,,,,,
ore-217,ore_site,Unnamed barite site 217,AR,,34.37792,-93.8127,point,barite,barite,Ore Site,CM resources,3,1,0,1,,,2024,USGS Critical mineral deposits of the United States v2.0,ScienceBase data release 10.5066/P9K1HBNT,Basin brine path,Barite (replacement and bedded),Ouachita barite deposits,Unknown.,District reserve estimated to be in the millions of tons.,MRDS (2005); Dicken and others (2022),https://mrdata.usgs.gov/mrds/show-mrds.php?dep_id=10211276,,,,,,
ore-345,ore_site,Unnamed lithium site 345,AR,,33.1686,-92.77906,point,lithium,lithium,Ore Site,CM resources,3,1,1,1,,,2024,USGS Critical mineral deposits of the United States v2.0,ScienceBase data release 10.5066/P9K1HBNT,Basin brine path,Basin brine,Smackover Formation lithium,None.,"Total resources 3,149,000 metric tons LCE. Average Li concentration used in the resource calculation is 168 mg/L.",Li (2023),,,,,,,
ore-602,ore_site,Unnamed lithium site 602,AR,,33.30016,-93.52507,point,lithium,lithium,Ore Site,CM resources,3,1,1,1,,,2024,USGS Critical mineral deposits of the United States v2.0,ScienceBase data release 10.5066/P9K1HBNT,Basin brine path,Basin brine,Smackover Formation lithium,None.,"Total Inferred resources for the Upper and Middle Smackover Formation in both South and North Resource areas (2021): 225,000 metric tons Li metal or 1,195,000 metric tons LCE based on a cutoff of 50 mg/Li and average lithium concentrations of 399 mg/L and 160 mg/L for the South and North resource areas, respectively. Location is for the North Resource Area.",Karl and others (2019); Breuer and others (2021),https://doi.org/10.5066/P9ZKRWQF,,,,,,
ore-135,ore_site,Unnamed manganese site 135,AR,,35.81077,-91.62609,point,manganese,manganese,Ore Site,CM-past producer,1,1,1,0,,,2024,USGS Critical mineral deposits of the United States v2.0,ScienceBase data release 10.5066/P9K1HBNT,Marine chemocline,Iron-manganese,Batesville cobalt-manganese district,"Cason mine (1904 to 1918): 61,000 tons ore @~20% Mn. Total production for the district approximately 432,000 tons Mn ore and ferruginous Mn ore to the end of 1953.",Unknown.,MRDS (2005); Miser (1941),https://mrdata.usgs.gov/mrds/show-mrds.php?dep_id=10235175,,,,,,
ore-147,ore_site,Unnamed titanium site 147,AR,,34.46679,-92.85017,point,titanium,"titanium, vanadium",Ore Site,CM-past producer+resources,5,1,1,1,,,2024,USGS Critical mineral deposits of the United States v2.0,ScienceBase data release 10.5066/P9K1HBNT,Magmatic REE,Carbonatite,Magnet Cove District-Potash Sulphur Springs,"Production: ~120,000 tons of TiO2 concentrates of 91.7% purity.",Reserve: ~2 Mt with an average grade of 1% V2O5.,MRDS (2005); Dicken and others (2022),https://mrdata.usgs.gov/mrds/show-mrds.php?dep_id=10025008,,,,,,
ore-372,ore_site,Unnamed titanium site 372,AR,,34.4372,-92.8564,point,titanium,titanium,Ore Site,CM-past producer+resources,5,1,1,1,,,2024,USGS Critical mineral deposits of the United States v2.0,ScienceBase data release 10.5066/P9K1HBNT,Magmatic REE,Carbonatite,Magnet Cove District-Potash Sulphur Springs,"Production (1932-1944): 5,000 tons rutile concentrate.","Reserves (1976): estimated that rutile-bearing material is ~7,750,000 tons containing 100,000 tons of rutile @95% TiO2.",MRDS (2005); Herz (1976),https://mrdata.usgs.gov/mrds/show-mrds.php?dep_id=10259905,,,,,,
ore-671,ore_site,Unnamed vanadium site 671,AR,,34.47402,-92.9612,point,vanadium,vanadium,Ore Site,CM-past producer,1,1,1,0,,,2024,USGS Critical mineral deposits of the United States v2.0,ScienceBase data release 10.5066/P9K1HBNT,Magmatic REE,Carbonatite,Magnet Cove District-Potash Sulphur Springs,Production: 4.8 million short dry tons of approximately 1.2% V2O5-bearing ore.,Unknown.,MRDS (2005); Howard and Owens (1996),https://mrdata.usgs.gov/mrds/show-mrds.php?dep_id=10186911,,,,,,
ore-410,ore_site,Unnamed zinc site 410,AR,,36.13319,-92.55457,point,zinc,zinc,Ore Site,CM-past producer+resources,5,1,1,1,,,2024,USGS Critical mineral deposits of the United States v2.0,ScienceBase data release 10.5066/P9K1HBNT,Basin brine path,Zinc-lead (MVT and sedex),Northern Arkansas MVT Mineral District,"Production (1916-1918): 1,971 tons of Zn concentrate from smithsonite.","Reserve (1943): 120,000 tons ore @4.7% Zn, or 75,000 tons @7.5% Zn.",MRDS (2005); Dicken and others (2022),https://mrdata.usgs.gov/mrds/show-mrds.php?dep_id=10235149,,,,,,
ore-339,ore_site,Unnamed REE site 339,AZ,,34.14476,-113.79209,point,REE,"REE, scandium",Ore Site,CM resources,3,1,1,1,,,2024,USGS Critical mineral deposits of the United States v2.0,ScienceBase data release 10.5066/P9K1HBNT,Magmatic REE,Peralkaline syenite/granite/rhyolite/alaskite/pegmatites,La Paz,None.,"Inferred resource (2011): 112,000,000 tonnes @0.037% REE. Indicated resource (2011): 16,200,000 tonnes @0.037% REE. Total indicated and inferred resources (2021): 170,595,400 tonnes @391 ppm REE and 17 ppm Sc.",American Rare Earths (2021); Bellora and others (2019),https://doi.org/10.5066/F7FN15D1,,,,,,
ore-516,ore_site,Unnamed aluminum site 516,AZ,,31.50375,-110.71928,point,aluminum,aluminum,Ore Site,CM resources,3,1,0,1,,,2024,USGS Critical mineral deposits of the United States v2.0,ScienceBase data release 10.5066/P9K1HBNT,Porphyry Cu-Mo-Au,Lithocap alunite,"Red Mountain, Arizona",Unknown.,"Resource (1975): 25,000,000 metric tons @0.71% Cu; estimated 200 to 400 billion lbs Al. Prospective resource of more than 300 Mst (273 Mt grading 30 percent alunite (91 Mst [83 Mst] of alunite.",MRDS (2005); Dicken and others (2022); Vikre and others (2023),https://mrdata.usgs.gov/mrds/show-mrds.php?dep_id=10048337,,,,,,
ore-401,ore_site,Unnamed beryllium site 401,AZ,,33.99839,-112.51407,point,beryllium,"beryllium, lithium, niobium, tantalum",Ore Site,CM-past producer,1,1,1,0,,,2024,USGS Critical mineral deposits of the United States v2.0,ScienceBase data release 10.5066/P9K1HBNT,Porphyry Sn (granite-related),Pegmatite LCT,White Picacho,Production (1947-1952): 62 tons of amblygonite @7.5-4% Li2O and 13 tons of beryl @11-12% BeO.,Unknown.,MRDS (2005); Dicken and others (2022),https://mrdata.usgs.gov/mrds/show-mrds.php?dep_id=10027532,,,,,,
ore-389,ore_site,Unnamed fluorspar site 389,AZ,,33.90174,-110.9682,point,fluorspar,fluorspar,Ore Site,CM-past producer+resources,5,1,1,1,,,2024,USGS Critical mineral deposits of the United States v2.0,ScienceBase data release 10.5066/P9K1HBNT,Climax-type,Fluorspar,Tonto Fluorspar,"Production: 22,679 tonnes ore (for testing only).","Resource: historical Indicated resource of 450,000 tons @65% CaF2.",MRDS (2005); Dicken and others (2022),https://mrdata.usgs.gov/mrds/show-mrds.php?dep_id=10056467,,,,,,
ore-118,ore_site,Unnamed lithium site 118,AZ,,34.56774,-113.33757,point,lithium,lithium,Ore Site,CM resources,3,1,1,1,,,2024,USGS Critical mineral deposits of the United States v2.0,ScienceBase data release 10.5066/P9K1HBNT,Lacustrine evaporite,Lithium clay,West central Arizona lithium,None.,"Total Inferred resources (2019): 42,600,000 metric tons @0.176% Li2O and 3.970% K2O.",Zenith Minerals (2019),,,,,,,
ore-363,ore_site,Unnamed lithium site 363,AZ,,33.95784,-112.57102,point,lithium,lithium,Ore Site,CM-past producer+resources,5,1,1,1,,,2024,USGS Critical mineral deposits of the United States v2.0,ScienceBase data release 10.5066/P9K1HBNT,Porphyry Sn (granite-related),Pegmatite LCT,White Picacho,Production (1947-1952): 55 tons of spodumene @20% Li.,"Reserve (1952): 9,000 metric tons ore @20% Li.",MRDS (2005); Dicken and others (2022),https://mrdata.usgs.gov/mrds/show-mrds.php?dep_id=10027531,,,,,,
ore-52,ore_site,Unnamed lithium site 52,AZ,,34.70922,-113.56947,point,lithium,lithium,Ore Site,CM resources,3,1,1,1,,,2024,USGS Critical mineral deposits of the United States v2.0,ScienceBase data release 10.5066/P9K1HBNT,Lacustrine evaporite,Lithium clay,West central Arizona lithium,None.,"Total Indicated and Inferred JORC-compliant resource (2019): 32,500,000 metric tons @0.399% Li2O (130,000 metric tons lithium oxide) or 1,850 ppm Li for 320,800 metric tons of Li2CO3.",Arizona Lithium (2022),,,,,,,
ore-23,ore_site,Unnamed manganese site 23,AZ,,34.345,-113.624,point,manganese,manganese,Ore Site,CM-past producer+resources,5,1,1,1,,,2024,USGS Critical mineral deposits of the United States v2.0,ScienceBase data release 10.5066/P9K1HBNT,Volcanogenic seafloor,"Manganese oxide (layers, crusts, nodules)",Artillery Mountains manganese,"Production (1952-1955): 79,300 long tons ore @18.5% Mn. Minor production and exploration 1909-1940 (war efforts). 1940s-1950s Mn produced from strategic metals stockpile.","Total compliant Measured, Indicated, and Inferred resources (2012): 280,509,435 metric tons @2.77% Mn.",MRDS (2005); Huang and others (2012); Tribe (2011),https://mrdata.usgs.gov/mrds/show-mrds.php?dep_id=10162258,,,,,,
ore-278,ore_site,Unnamed manganese site 278,AZ,,31.46494,-110.72442,point,manganese,"manganese, zinc",Ore Site,CM resources,3,1,1,1,,,2024,USGS Critical mineral deposits of the United States v2.0,ScienceBase data release 10.5066/P9K1HBNT,Porphyry Cu-Mo-Au,Polymetallic sulfide S-R-V-IS,Southwest Laramide Porphyry Belt,None.,"Central deposit: Measured + Indicated resources (2017): 63,500,000 tonnes @2.2% Zn, 2.3 oz/ton Ag, and 9.6% Mn. Taylor deposit: Measured + Indicated resources (2017): 101,000,000 tonnes @4.8% Pb, 4.1% Zn, and 2.1 oz/tonne Ag. Clark deposit (2022): Total resources 55 Mt @2.31% Zn, 9.09% Mn, and 78 g/t Ag.",Methven and others (2018); South32 Limited (2023),,,,,,,
ore-390,ore_site,Unnamed manganese site 390,AZ,,34.3356,-113.61911,point,manganese,manganese,Ore Site,CM-past producer+resources,5,1,1,1,,,2024,USGS Critical mineral deposits of the United States v2.0,ScienceBase data release 10.5066/P9K1HBNT,Volcanogenic seafloor,"Manganese oxide (layers, crusts, nodules)",Artillery Mountains manganese,"Production (<1946): 5,000 tons sorted high grade ore; (1953-1955): 9,350 long tons, averaging 33.8% Mn.","Estimated Indicated resource of 62,201,000 t at an average grade of 2.3% Mn, and an Inferred resource of 20,033,000 t at an average grade of 2.5% Mn.",MRDS (2005); Farnham and others (1961),https://mrdata.usgs.gov/mrds/show-mrds.php?dep_id=10027643,,,,,,
ore-501,ore_site,Unnamed manganese site 501,AZ,,33.28923,-111.09209,point,manganese,manganese,Ore Site,CM-past producer,1,1,1,0,,,2024,USGS Critical mineral deposits of the United States v2.0,ScienceBase data release 10.5066/P9K1HBNT,Porphyry Cu-Mo-Au,Polymetallic sulfide S-R-V-IS,Resolution,"Production (1907-1942): Cu, Au, and Ag, as well as over 30,000 tons of ~ 29% Mn (Monarch vein).",Unknown.,MRDS (2005); Dicken and others (2022),https://mrdata.usgs.gov/mrds/show-mrds.php?dep_id=10088907,,,,,,
ore-284,ore_site,Unnamed potash site 284,AZ,,34.8508,-109.87618,point,potash,potash,Ore Site,CM resources,3,1,1,1,,,2024,USGS Critical mineral deposits of the United States v2.0,ScienceBase data release 10.5066/P9K1HBNT,Marine evaporite,Potash,Holbrook Basin potash,None.,"Inferred resource (2013): 65,600,000 metric tons potash (K2O). Measured + Indicated resources 29,480,000 metric tons potash (K2O).",Rauche and van der Klauw (2013),,,,,,,
ore-285,ore_site,Unnamed potash site 285,AZ,,34.86056,-109.93833,point,potash,potash,Ore Site,CM resources,3,1,1,1,,,2024,USGS Critical mineral deposits of the United States v2.0,ScienceBase data release 10.5066/P9K1HBNT,Marine evaporite,Potash,Holbrook Basin potash,None.,"Inferred resource (2013): 290,520,000 metric tons potash (K2O). Measured + Indicated resources 12,040,000 metric tons potash (K2O).",Rauche and van der Klauw (2013),,,,,,,
ore-286,ore_site,Unnamed potash site 286,AZ,,34.90437,-109.90774,point,potash,potash,Ore Site,CM resources,3,1,1,1,,,2024,USGS Critical mineral deposits of the United States v2.0,ScienceBase data release 10.5066/P9K1HBNT,Marine evaporite,Potash,Holbrook Basin potash,None.,"Inferred resource (2013): 65,600,000 metric tons potash (K2O). Measured + Indicated resources 29.480.000 metric tons potash (K2O).",Rauche and van der Klauw (2013),,,,,,,
ore-137,ore_site,Unnamed rhenium site 137,AZ,,33.4105,-110.964,point,rhenium,rhenium,Ore Site,Past producer+CM resources,2,1,1,1,,,2024,USGS Critical mineral deposits of the United States v2.0,ScienceBase data release 10.5066/P9K1HBNT,Porphyry Cu-Mo-Au,Porphyry/skarn copper,Southwest Laramide Porphyry Belt,"Production (1943-1946): 5,842 oz Au and 295,965 oz Ag; (1943-1959): 537,825,591 lbs Cu. Production (1974-2016): 25,470 oz Au, 45,007,156,260 lbs Cu, 16,263,616 lbs Mo, and 1,436,180 oz Ag.","Resource (2017): 1,438,000,000 metric tons ore @0.33% Cu, 0.01% Mo, 0.34 g/metric ton Au, and 0.16 g/metric ton Re.",Burger and Long (2018),https://doi.org/10.5066/F7KP81F2,,,,,,
ore-31,ore_site,Unnamed rhenium site 31,AZ,,34.58453,-113.20879,point,rhenium,rhenium,Ore Site,Past producer+CM resources,2,1,1,1,,,2024,USGS Critical mineral deposits of the United States v2.0,ScienceBase data release 10.5066/P9K1HBNT,Porphyry Cu-Mo-Au,Porphyry/skarn copper,Southwest Laramide Porphyry Belt,"Production (1929-2015): 2,037,100 troy oz Ag, 276,000,000 lbs Mo, 11,470,000,000 lbs Cu, and 231 troy oz Au.","Proven + Probable Reserve (2016): 1,105,000,000 metric tons mill ore @0.02% Mo, 1.45 g/metric ton Ag, and 0.34% Cu. Resource (2017): 1,600,000,000 metric tons ore @0.08 g/metric ton Re.",Burger and Long (2018),https://doi.org/10.5066/F7KP81F2,,,,,,
ore-398,ore_site,Unnamed rhenium site 398,AZ,,33.40562,-110.89125,point,rhenium,rhenium,Ore Site,Recent producer+CM resources,4,1,1,1,,,2024,USGS Critical mineral deposits of the United States v2.0,ScienceBase data release 10.5066/P9K1HBNT,Porphyry Cu-Mo-Au,Porphyry/skarn copper,Southwest Laramide Porphyry Belt,"Production (1909-2016): 11,012,206,000 lbs Cu, 15,486,000 lbs Mo, 22,000 troy oz Au, and 2,193,000 troy oz Ag.","Resource (2017): 15,910,000,000 metric tons ore @0.04% Mo, 0.009 g/metric ton Au, and 0.10 g/metric ton Re.",Burger and Long (2018),https://doi.org/10.5066/F7KP81F2,,,,,,
ore-403,ore_site,Unnamed rhenium site 403,AZ,,35.36078,-114.14697,point,rhenium,rhenium,Ore Site,Past producer+CM resources,2,1,1,1,,,2024,USGS Critical mineral deposits of the United States v2.0,ScienceBase data release 10.5066/P9K1HBNT,Porphyry Cu-Mo-Au,Porphyry/skarn copper,Southwest Laramide Porphyry Belt,"Production (1965-2013): 87,728,692 lbs Mo, 7,300,000 troy oz Ag, and 978,084,679 lbs Cu. Mine closed in 2014.","Resource (2017): 876,000,000 metric tons ore @0.011% Mo, 0.489% Cu, and 0.05 g/metric ton Re.",Burger and Long (2018),https://doi.org/10.5066/F7KP81F2,,,,,,
ore-413,ore_site,Unnamed rhenium site 413,AZ,,33.0965,-109.3603,point,rhenium,"rhenium, zinc",Ore Site,CM-recent producer+resources,6,1,1,1,,,2024,USGS Critical mineral deposits of the United States v2.0,ScienceBase data release 10.5066/P9K1HBNT,Porphyry Cu-Mo-Au,Porphyry/skarn copper,Southwest Laramide Porphyry Belt,"Production (1973-2015): 208,000 lbs Zn, 37,471,383,000 lbs Cu, 2,569,000 troy oz Ag, 224,000 lbs Pb, 65,887,000 lbs Mo, and 504,000 troy oz Au.","Proven + Probable mineral reserve (2016): 684,000,000 metric tons mill ore @0.02% Mo and 0.42% Cu. Resource (2017): 6,470,000,000 metric tons ore @0.072 g/metric ton Re.",Burger and Long (2018),https://doi.org/10.5066/F7KP81F2,,,,,,
ore-440,ore_site,Unnamed rhenium site 440,AZ,,32.43107,-111.53664,point,rhenium,"rhenium, zinc",Ore Site,CM-past producer+resources,5,1,1,1,,,2024,USGS Critical mineral deposits of the United States v2.0,ScienceBase data release 10.5066/P9K1HBNT,Porphyry Cu-Mo-Au,Porphyry/skarn copper,Southwest Laramide Porphyry Belt,"Production (1885-2015): 2,328,374,000 lbs Cu, 3,440,000 lbs Pb, 40,780,000 lbs Zn, 5,987,000 troy oz Ag, 2,200 troy oz Au, and 6,570,000 lbs Mo.","Resource (2017): 285,000,000 metric tons ore @0.013% Mo, 0.66% Cu, 0.26 g/metric ton Au, and 0.115 g/metric tons Re.",Burger and Long (2018),https://doi.org/10.5066/F7KP81F2,,,,,,
ore-485,ore_site,Unnamed rhenium site 485,AZ,,31.98506,-111.07127,point,rhenium,rhenium,Ore Site,Past producer+CM resources,2,1,1,1,,,2024,USGS Critical mineral deposits of the United States v2.0,ScienceBase data release 10.5066/P9K1HBNT,Porphyry Cu-Mo-Au,Porphyry/skarn copper,Southwest Laramide Porphyry Belt,"Production (1957-1985): 914,338,000 troy oz Ag, 2,129,147,542 lbs Cu, and 19,215,429 lbs Mo.","Resource (2017): 900,000,000 metric tons ore @0.52% Cu, 0.015% Mo, and 0.15 g/metric ton Re.",Burger and Long (2018),https://doi.org/10.5066/F7KP81F2,,,,,,
ore-507,ore_site,Unnamed rhenium site 507,AZ,,33.18315,-110.99236,point,rhenium,"rhenium, zinc",Ore Site,CM-past producer+resources,5,1,1,1,,,2024,USGS Critical mineral deposits of the United States v2.0,ScienceBase data release 10.5066/P9K1HBNT,Porphyry Cu-Mo-Au,Porphyry/skarn copper,Southwest Laramide Porphyry Belt,"Production (1905-2015): 8,018,000 lbs Mo, 12,122,000 lbs Pb, 284,000 lbs Zn, 15,103,719,000 lbs Cu, 57,900 troy oz Au, and 24,017,276 troy oz Ag.","Resource (2017): 1,583,000,000 metric tons ore @0.001% Mo, and 0.014 g/metric ton Re.",Burger and Long (2018),https://doi.org/10.5066/F7KP81F2,,,,,,
ore-542,ore_site,Unnamed rhenium site 542,AZ,,32.6837,-110.69348,point,rhenium,rhenium,Ore Site,Past producer+CM resources,2,1,1,1,,,2024,USGS Critical mineral deposits of the United States v2.0,ScienceBase data release 10.5066/P9K1HBNT,Porphyry Cu-Mo-Au,Porphyry/skarn copper,Southwest Laramide Porphyry Belt,"Production (1955-2002): 15,924,900 troy oz Ag, 784,000 troy oz Au, 9,243,310,000 lbs Cu, and 140,047,000 lbs Mo.","Resource (2017): 1,390,000,000 metric tons ore @0.011% Mo, 0.6% Cu, 0.017 g/t Au, and 0.165 g/t Re.",Burger and Long (2018),https://doi.org/10.5066/F7KP81F2,,,,,,
ore-566,ore_site,Unnamed rhenium site 566,AZ,,31.87164,-111.13861,point,rhenium,rhenium,Ore Site,Recent producer+CM resources,4,1,1,1,,,2024,USGS Critical mineral deposits of the United States v2.0,ScienceBase data release 10.5066/P9K1HBNT,Porphyry Cu-Mo-Au,Porphyry/skarn copper,Southwest Laramide Porphyry Belt,"Active mine in 2023. Production for 2022: 83,461 metric tons Cu; 7,711 metric tons Mo. Production (1959-2015): 9,396,226,000 lbs Cu, 15,000,000 troy oz Ag, and 829,770,000 lbs Mo.","Total reserves and resources (2022): 6,617,000 metric tons @0.195% Cu, 0.018% Mo, and 0.83 g/t Ag (Re not reported). Proven + Probable mineral reserve (2016): 2,434,000,000 metric tons mill ore @0.23% Cu, 0.02% Mo, and 1.36 g/tonne Ag. Resource (Sierrita-Esperanza; 2017): 2,262,000,000 metric tons ore @0.116 g/metric ton Re and 0.003 g/metric ton Au.","Burger and Long (2018); Freeport-McMoRan, Inc. (2022)",https://doi.org/10.5066/F7KP81F2,,,,,,
ore-568,ore_site,Unnamed rhenium site 568,AZ,,32.415,-111.521,point,rhenium,rhenium,Ore Site,CM resources,3,1,0,1,,,2024,USGS Critical mineral deposits of the United States v2.0,ScienceBase data release 10.5066/P9K1HBNT,Porphyry Cu-Mo-Au,Porphyry/skarn copper,Southwest Laramide Porphyry Belt,Unknown.,"Resource (2017): 268,000,000 metric tons ore @0.66% Cu, 0.026 g/metric tons Au, 0.013% Mo, and 0.115 g/metric ton Re.",Burger and Long (2018),https://doi.org/10.5066/F7KP81F2,,,,,,
ore-638,ore_site,Unnamed rhenium site 638,AZ,,31.8924,-111.0358,point,rhenium,rhenium,Ore Site,Past producer+CM resources,2,1,1,1,,,2024,USGS Critical mineral deposits of the United States v2.0,ScienceBase data release 10.5066/P9K1HBNT,Porphyry Cu-Mo-Au,Porphyry/skarn copper,Southwest Laramide Porphyry Belt,"Production (1969-1994): 4,053,090,165 lbs Cu and 166,154,927 lbs Mo.","Resource (2017): 940,000,000 metric tons ore @0.023% Mo, 0.502% Cu, and 0.23 g/metric ton Re.",Burger and Long (2018),https://doi.org/10.5066/F7KP81F2,,,,,,
ore-498,ore_site,Unnamed tungsten site 498,AZ,,32.55844,-110.73624,point,tungsten,tungsten,Ore Site,CM-past producer,1,1,1,1,,,2024,USGS Critical mineral deposits of the United States v2.0,ScienceBase data release 10.5066/P9K1HBNT,Porphyry Cu-Mo-Au,S-R-V tungsten,Basin and Range Laramide and Jurassic W veins and skarns,"Production (1943-1944): 11,815 stu WO3.","Small resources at a variety of grades were left when mines closed. Some mines have obvious potential for additional undiscovered resources, but with no examples known with potential.",MRDS (2005); Dale (1959),https://mrdata.usgs.gov/mrds/show-mrds.php?dep_id=10039523,,,,,,
ore-62,ore_site,Unnamed tungsten site 62,AZ,,34.68754,-113.03548,point,tungsten,tungsten,Ore Site,CM-past producer,1,1,1,0,,,2024,USGS Critical mineral deposits of the United States v2.0,ScienceBase data release 10.5066/P9K1HBNT,Porphyry Cu-Mo-Au,S-R-V tungsten,Basin and Range Proterozoic W veins and replacements,"Production (1951-1956): 62,100 lbs concentrate (70% WO3); 6,312 stu of WO3.",Unknown.,MRDS (2005); Dale (1961),https://mrdata.usgs.gov/mrds/show-mrds.php?dep_id=10027556,,,,,,
ore-632,ore_site,Unnamed tungsten site 632,AZ,,32.07401,-110.14372,point,tungsten,tungsten,Ore Site,CM-past producer,1,1,1,1,,,2024,USGS Critical mineral deposits of the United States v2.0,ScienceBase data release 10.5066/P9K1HBNT,Porphyry Cu-Mo-Au,S-R-V tungsten,Basin and Range Laramide and Jurassic W veins and skarns,"Production (1913-1954, intermittent): 4,000 lbs of scheelite-rich concentrates (somewhat less than 200 stu WO3, depending on concentrate grade).","Small resources at a variety of grades were left when mines closed. Some mines have obvious potential for additional undiscovered resources, but with no examples known with potential.",MRDS (2005); Dale and others (1960),https://mrdata.usgs.gov/mrds/show-mrds.php?dep_id=10039394,,,,,,
ore-635,ore_site,Unnamed tungsten site 635,AZ,,31.42684,-110.28876,point,tungsten,tungsten,Ore Site,CM-past producer,1,1,1,1,,,2024,USGS Critical mineral deposits of the United States v2.0,ScienceBase data release 10.5066/P9K1HBNT,Porphyry Cu-Mo-Au,S-R-V tungsten,Basin and Range Laramide and Jurassic W veins and skarns,"Production (1916-18, 1934-42, and 1955-56): 11,345 stu WO3.","Small resources at a variety of grades were left when mines closed. Some mines have obvious potential for additional undiscovered resources, but with no examples known with potential.",MRDS (2005); Dale and others (1960),https://mrdata.usgs.gov/mrds/show-mrds.php?dep_id=10233922,,,,,,
ore-86,ore_site,Unnamed tungsten site 86,AZ,,34.93803,-113.91639,point,tungsten,tungsten,Ore Site,CM-past producer+resources,5,1,1,1,,,2024,USGS Critical mineral deposits of the United States v2.0,ScienceBase data release 10.5066/P9K1HBNT,Porphyry Cu-Mo-Au,S-R-V tungsten,Basin and Range Proterozoic W veins and replacements,"Production (1915-1957): 118,100 stu WO3; (1955-1959): 40 tons Cu concentrate.","Inferred resource (1943): 44,000 tons ore @1% WO3. Measured reserves (1943): 2,400 short tons @1.8% WO3.",Karl and others (2020),https://doi.org/10.5066/P97NJLI4,,,,,,
ore-16,ore_site,Unnamed zinc site 16,AZ,,34.86673,-113.86749,point,zinc,zinc,Ore Site,CM-past producer+resources,5,1,1,1,,,2024,USGS Critical mineral deposits of the United States v2.0,ScienceBase data release 10.5066/P9K1HBNT,Volcanogenic seafloor,Copper-zinc sulfide,Southern Basin and Range VMS,"Production (1916-1970): Antler was mined intermittently and production was totaled approximately 70,000 tonnes of ore at a grade around 2.9% Cu, 6.9% Zn, 1.1% Pb, 31 g/t Ag and 0.3 g/t Au.","Total JORC compliant Measured, Indicated, and Inferred resources (2022): 11,435,323 metric tons @2.1% Cu, 4.97 %, Zn, 0.890% Pb, 0.36 g/t Au, and 32.9 g/t Ag (4.1% CuEq).",MRDS (2005); New World Resources (2022),https://mrdata.usgs.gov/mrds/show-mrds.php?dep_id=10186198,,,,,,
ore-246,ore_site,Unnamed zinc site 246,AZ,,35.324247,-114.12875,point,zinc,zinc,Ore Site,CM-past producer+resources,5,1,1,1,,,2024,USGS Critical mineral deposits of the United States v2.0,ScienceBase data release 10.5066/P9K1HBNT,Porphyry Cu-Mo-Au,Polymetallic sulfide S-R-V-IS,Southwest Laramide Porphyry Belt,"Production (1901-1948): 56,226,020 lbs Zn, 2,031,719 lbs Pb, 20,752 oz Au, and 510,180 oz Ag. Location from mine shaft on Cerbat 1:24,000 scale quadrangle.","Total Inferred resources (1990): 930,000 metric tons @5.9% Zn, 1.44 g/t Au, and 50.06 g/t Ag.",MRDS (2005); Dings (1951); Irving (2003),https://mrdata.usgs.gov/mrds/show-mrds.php?dep_id=10046348,,,,,,
ore-325,ore_site,Unnamed zinc site 325,AZ,,34.06036,-112.16043,point,zinc,zinc,Ore Site,CM resources,3,1,0,1,,,2024,USGS Critical mineral deposits of the United States v2.0,ScienceBase data release 10.5066/P9K1HBNT,Volcanogenic seafloor,Zinc-copper sulfide,Southern Basin and Range VMS,Unknown.,"Resource estimated at 163,000 metric tons Zn.",MRDS (2005); Dicken and others (2022),https://mrdata.usgs.gov/mrds/show-mrds.php?dep_id=10186398,,,,,,
ore-641,ore_site,Unnamed zinc site 641,AZ,,34.75198,-112.1238,point,zinc,zinc,Ore Site,CM-past producer+resources,5,1,1,1,,,2024,USGS Critical mineral deposits of the United States v2.0,ScienceBase data release 10.5066/P9K1HBNT,Volcanogenic seafloor,Copper-zinc sulfide,Southern Basin and Range VMS,"Production (1883-1975): 1,330,000 metric tons Cu, 24,000 metric tons Zn, 1,300,000 troy oz Au, 48,300,000 troy oz Ag.","Resource remaining after production is part of a larger resource of 153,000,000 short tons with grades estimated at 0.01 to 0.015 opt Au, 0.5 to 1.0 opt Ag, 0.5 to 1.0% Cu, 2 to 4% Zn, and trace Pb.",MRDS (2005); Dicken and others (2022),https://mrdata.usgs.gov/mrds/show-mrds.php?dep_id=10109023,,,,,,
ore-422,ore_site,Unnamed REE site 422,CA,,35.48087,-115.53399,point,REE,REE,Ore Site,CM-recent producer+resources,6,1,1,1,,,2024,USGS Critical mineral deposits of the United States v2.0,ScienceBase data release 10.5066/P9K1HBNT,Magmatic REE,Carbonatite,Mountain Pass,"Production (1952-2014). 614,000 short tons REO. Reopened in 2022, producing 42,499 metric tons of lanthanides (677,000 short tons REO).","Total reserves and resources (2022): 35,951,731 metric tons @5.94% lanthanides (2,134,152 metric tons lanthanides).",Bellora and others (2019); MP Materials (2022),https://doi.org/10.5066/F7FN15D1,,,,,,
ore-426,ore_site,Unnamed REE site 426,CA,,34.01533,-115.93986,point,REE,REE,Ore Site,CM resources,3,1,1,1,,,2024,USGS Critical mineral deposits of the United States v2.0,ScienceBase data release 10.5066/P9K1HBNT,Metamorphic,"Gneiss REE (monazite, xenotime)",Music Valley,None.,"Resource (1993): 50,000 metric tons ore @8.6% TREO.",Bellora and others (2019),https://doi.org/10.5066/F7FN15D1,,,,,,
ore-203,ore_site,Unnamed barite site 203,CA,,37.67132,-119.80292,point,barite,barite,Ore Site,CM-past producer,1,1,1,0,,,2024,USGS Critical mineral deposits of the United States v2.0,ScienceBase data release 10.5066/P9K1HBNT,Basin brine path,Barite (replacement and bedded),Sierra Nevada Foothills barite,"Production (1910-1948): 400,000 tons barite.",Unknown.,MRDS (2005); Dicken and others (2022),https://mrdata.usgs.gov/mrds/show-mrds.php?dep_id=10109245,,,,,,
ore-38,ore_site,Unnamed barite site 38,CA,,41.13568,-122.24971,point,barite,barite,Ore Site,CM-past producer,1,1,1,0,,,2024,USGS Critical mineral deposits of the United States v2.0,ScienceBase data release 10.5066/P9K1HBNT,Basin brine path,Barite (replacement and bedded),Klamath Mountains barite,"Production (1962-1964): ~30,000 tons barite.",Unknown.,MRDS (2005); Dicken and others (2022),https://mrdata.usgs.gov/mrds/show-mrds.php?dep_id=10077526,,,,,,
ore-548,ore_site,Unnamed barite site 548,CA,,40.14157,-121.10745,point,barite,barite,Ore Site,CM-past producer,1,1,1,0,,,2024,USGS Critical mineral deposits of the United States v2.0,ScienceBase data release 10.5066/P9K1HBNT,Basin brine path,Barite (replacement and bedded),Sierra Nevada Foothills barite,"Production (1946-1953): 20,000 tons barite.",Unknown.,MRDS (2005); Dicken and others (2022),https://mrdata.usgs.gov/mrds/show-mrds.php?dep_id=10140265,,,,,,
ore-9,ore_site,Unnamed barite site 9,CA,,40.93928,-123.39474,point,barite,barite,Ore Site,CM-past producer,1,1,1,0,,,2024,USGS Critical mineral deposits of the United States v2.0,ScienceBase data release 10.5066/P9K1HBNT,Basin brine path,Barite (replacement and bedded),Klamath Mountains barite,"Production (1962): 100 to 10,000 tons barite.",Unknown.,MRDS (2005); Dicken and others (2022),https://mrdata.usgs.gov/mrds/show-mrds.php?dep_id=10077850,,,,,,
ore-101,ore_site,Unnamed chromium site 101,CA,,41.90812,-124.04146,point,chromium,chromium,Ore Site,CM resources,3,1,1,1,,,2024,USGS Critical mineral deposits of the United States v2.0,ScienceBase data release 10.5066/P9K1HBNT,Mafic magmatic,Chromite,Klamath Mountains chromite,None; no recorded production for the Broken Ladder deposits.,"Identified resources (1990): 10,210,500 metric tons ore @3.24% Cr2O3.",MRDS (2005); McDonald and others (1990),https://mrdata.usgs.gov/mrds/show-mrds.php?dep_id=10259763,,,,,,
ore-209,ore_site,Unnamed chromium site 209,CA,,41.934,-123.16114,point,chromium,chromium,Ore Site,CM resources,3,1,1,1,,,2024,USGS Critical mineral deposits of the United States v2.0,ScienceBase data release 10.5066/P9K1HBNT,Mafic magmatic,Chromite,Klamath Mountains chromite,None.,"Resource (1986): 17,942,000 metric tons ore @3.4% Cr2O3.",MRDS (2005); Wetzel (1986),https://mrdata.usgs.gov/mrds/show-mrds.php?dep_id=10048474,,,,,,
ore-216,ore_site,Unnamed chromium site 216,CA,,41.79543,-123.10473,point,chromium,chromium,Ore Site,CM-past producer+resources,5,1,1,1,,,2024,USGS Critical mineral deposits of the United States v2.0,ScienceBase data release 10.5066/P9K1HBNT,Mafic magmatic,Chromite,Klamath Mountains chromite,"Production (1942-1943): 1,483 long tons chromite ore.","Resource (1986): 65,000 metric tons ore @35.6% Cr2O3.",MRDS (2005); Wetzel (1986); Wells and others (1946),https://mrdata.usgs.gov/mrds/show-mrds.php?dep_id=10117541,,,,,,
ore-231,ore_site,Unnamed chromium site 231,CA,,41.86979,-123.997,point,chromium,"chromium, cobalt, nickel",Ore Site,CM resources,3,1,1,1,,,2024,USGS Critical mineral deposits of the United States v2.0,ScienceBase data release 10.5066/P9K1HBNT,Chemical weathering,Nickel-cobalt laterite,California-Oregon laterites,None.,"Proven ore reserve (1985): 16,000,000 tons ore @2% Cr, 0.07% Co, and 0.75% Ni.",Burger and others (2018),https://doi.org/10.5066/P9V74HIU,,,,,,
ore-263,ore_site,Unnamed chromium site 263,CA,,39.73792,-122.60275,point,chromium,chromium,Ore Site,CM-past producer+resources,5,1,1,1,,,2024,USGS Critical mineral deposits of the United States v2.0,ScienceBase data release 10.5066/P9K1HBNT,Mafic magmatic,Chromite,California Coastal Ranges chromite,"Production (as of 1944): 140,000 tons ore from Grey Eagle and Black Diamond area.","Resource (1944): Total Measured+Indicated+Inferred ore 173,820 short tons ore @12.9% Cr2O3.",MRDS (2005); Rynearson and Wells (1944); Kingston and others (1970),https://mrdata.usgs.gov/mrds/show-mrds.php?dep_id=10098580,,,,,,
ore-341,ore_site,Unnamed chromium site 341,CA,,41.8218,-123.122,point,chromium,chromium,Ore Site,CM-past producer+resources,5,1,1,1,,,2024,USGS Critical mineral deposits of the United States v2.0,ScienceBase data release 10.5066/P9K1HBNT,Mafic magmatic,Chromite,Klamath Mountains chromite,"Production (1942-1943): 1,885 long tons chromite ore.","Resource (1986): 5,102,000 metric tons ore @3.39% Cr2O3.",MRDS (2005); Wetzel (1986); Wells and others (1946),https://mrdata.usgs.gov/mrds/show-mrds.php?dep_id=10238502,,,,,,
ore-37,ore_site,Unnamed chromium site 37,CA,,41.66092,-123.94475,point,chromium,chromium,Ore Site,CM resources,3,1,0,1,,,2024,USGS Critical mineral deposits of the United States v2.0,ScienceBase data release 10.5066/P9K1HBNT,Mafic magmatic,Chromite,Klamath Mountains chromite,Unknown.,"Reserve (1982): 24,611,000 metric tons ore @3.1% Cr2O3.",Wetzel (1986),,,,,,,
ore-391,ore_site,Unnamed chromium site 391,CA,,41.7206,-123.054,point,chromium,chromium,Ore Site,CM-past producer+resources,5,1,1,1,,,2024,USGS Critical mineral deposits of the United States v2.0,ScienceBase data release 10.5066/P9K1HBNT,Mafic magmatic,Chromite,Klamath Mountains chromite,Production (WWI): 509 long tons hand-sorted chromite ore; (1944): 44.85 long tons hand-sorted chromite ore (Lady Gray claim).,"Resource (1986): 417,000 metric tons of ore @8.9% Cr2O3.",Wetzel (1986); Wells and others (1949),,,,,,,
ore-480,ore_site,Unnamed chromium site 480,CA,,38.78209,-121.09273,point,chromium,chromium,Ore Site,CM-past producer+resources,5,1,1,1,,,2024,USGS Critical mineral deposits of the United States v2.0,ScienceBase data release 10.5066/P9K1HBNT,Mafic magmatic,Chromite,Sierra Nevada Foothills chromite,"Production (1916-1918): 7,134 tonnes ore @43% Cr2O3; (1936-1944): 17,512 tonnes ore @~43% Cr2O3; (1953-1956): 722 tonnes ore @~43% Cr2O3.","Total resource (Pilliken area; 1986): 344,000 metric tons Cr2O3 contained in 3,284,000 metric tons ore; additional 1,336,500 metric tons Cr2O3 contained in 41,767,000 metric tons low-grade material.",MRDS (2005); Wetzel (1986),https://mrdata.usgs.gov/mrds/show-mrds.php?dep_id=10236310,,,,,,
ore-487,ore_site,Unnamed chromium site 487,CA,,41.99085,-123.99385,point,chromium,"chromium, cobalt, nickel",Ore Site,CM resources,3,1,1,1,,,2024,USGS Critical mineral deposits of the United States v2.0,ScienceBase data release 10.5066/P9K1HBNT,Chemical weathering,Nickel-cobalt laterite,California-Oregon laterites,None.,"Inferred resource (1986): 5,500,000 tons @0.062% Co and 0.78% Ni. Probable reserve (1986): 19,232,000 tons ore @0.062% Co and 0.78% Ni. Data for 1982 reported total resources as 65,318,000 metric tons @0.2% Cr2O3 , 0.01% Co, and 0.85% Ni.",MRDS (2005); Burger and others (2018),https://mrdata.usgs.gov/mrds/show.php?labno=10211682 https://doi.org/10.5066/P9V74HIU,,,,,,
ore-215,ore_site,Unnamed graphite site 215,CA,,38.01769,-120.37989,point,graphite,graphite,Ore Site,CM-past producer,1,1,1,0,,,2024,USGS Critical mineral deposits of the United States v2.0,ScienceBase data release 10.5066/P9K1HBNT,Metamorphic,Graphite (coal or carbonaceous sed),Central and southern California graphite,Production: 500 tons graphite shipped prior to 1867.,Unknown.,MRDS (2005); Dicken and others (2022),https://mrdata.usgs.gov/mrds/show-mrds.php?dep_id=10111236,,,,,,
ore-223,ore_site,Unnamed lithium site 223,CA,,34.75329,-116.41756,point,lithium,lithium,Ore Site,CM resources,3,1,1,1,,,2024,USGS Critical mineral deposits of the United States v2.0,ScienceBase data release 10.5066/P9K1HBNT,Lacustrine evaporite,Residual brine,California lithium and potash,None.,"Indicated + Inferred mineral resource (2017): 93,000,000 tonnes ore @374 ppm Li; (2018): 120,440,222 tonnes ore @340 ppm Li.",Karl and others (2019),https://doi.org/10.5066/P9ZKRWQF,,,,,,
ore-540,ore_site,Unnamed lithium site 540,CA,,33.22882,-115.62648,point,lithium,lithium,Ore Site,CM resources,3,1,1,1,,,2024,USGS Critical mineral deposits of the United States v2.0,ScienceBase data release 10.5066/P9K1HBNT,Lacustrine evaporite,Residual brine,Salton Trough lithium and potash,None.,"Resource (2011): 316,000 tonnes Li.",Karl and others (2019),https://doi.org/10.5066/P9ZKRWQF,,,,,,
ore-553,ore_site,Unnamed lithium site 553,CA,,35.71765,-117.31597,point,lithium,"lithium, tungsten",Ore Site,CM resources,3,1,1,1,,,2024,USGS Critical mineral deposits of the United States v2.0,ScienceBase data release 10.5066/P9K1HBNT,Lacustrine evaporite,Residual brine,California lithium and potash,None.,"Probable reserve (1976): 475,000,000 metric tons ore @0.005% Li. Unclassified reserve (1959): 1,200,000,000 short tons ore @70 ppm WO3.",Karl and others (2019),https://doi.org/10.5066/P9ZKRWQF,,,,,,
ore-554,ore_site,Unnamed lithium site 554,CA,,35.725,-117.3302,point,lithium,lithium,Ore Site,CM-past producer,1,1,1,0,,,2024,USGS Critical mineral deposits of the United States v2.0,ScienceBase data release 10.5066/P9K1HBNT,Lacustrine evaporite,Lithium clay,California lithium and potash,"Production (1938-1978): 36,000 metric tons LiCO3.",Unknown.,Karl and others (2020),https://doi.org/10.5066/P97NJLI4,,,,,,
ore-592,ore_site,Unnamed lithium site 592,CA,,33.38145,-117.06256,point,lithium,lithium,Ore Site,CM-past producer,1,1,1,0,,,2024,USGS Critical mineral deposits of the United States v2.0,ScienceBase data release 10.5066/P9K1HBNT,Porphyry Sn (granite-related),Pegmatite LCT,Peninsular Ranges pegmatites,"Production (1900-1929): 23,480 short tons of lepidolite.",Unknown.,MRDS (2005); Dicken and others (2022),https://mrdata.usgs.gov/mrds/show-mrds.php?dep_id=10286994,,,,,,
ore-373,ore_site,Unnamed magnesium site 373,CA,,38.5135,-122.31273,point,magnesium,magnesium,Ore Site,CM-past producer,1,1,1,0,,,2024,USGS Critical mineral deposits of the United States v2.0,ScienceBase data release 10.5066/P9K1HBNT,Meteoric recharge,Cryptocrystalline magnesite,California Coast Ranges serpentinite magnesite belt,"Maltby No. 2 mine (Blanco and Snowflake) was among the first magnesite mines to be worked in California. Shipments began in 1891 and continued for 10 years for a total production between 10,000 and 12,000 tons of magnesite.",Unknown.,MRDS (2005); Hess (1908),https://mrdata.usgs.gov/mrds/show-mrds.php?dep_id=10031612,,,,,,
ore-427,ore_site,Unnamed magnesium site 427,CA,,34.77643,-114.77641,point,magnesium,magnesium,Ore Site,CM resources,3,1,0,1,,,2024,USGS Critical mineral deposits of the United States v2.0,ScienceBase data release 10.5066/P9K1HBNT,Marine evaporite,Sedimentary magnesite,Southern California magnesite,Unknown.,Resource: possible additional 5 to 10 million short tons of magnesite.,MRDS (2005); Dicken and others (2022),https://mrdata.usgs.gov/mrds/show-mrds.php?dep_id=10164450,,,,,,
ore-173,ore_site,Unnamed tin site 173,CA,,34.82604,-118.76448,point,tin,"tin, tungsten",Ore Site,CM resources,3,1,1,1,,,2024,USGS Critical mineral deposits of the United States v2.0,ScienceBase data release 10.5066/P9K1HBNT,Porphyry Sn (granite-related),Porphyry/skarn,Gorman tin district,None.,"Reserve (1946): 6,200 tons ore @0.4% Sn.",Karl and others (2018),https://doi.org/10.5066/P97JYNJL,,,,,,
ore-393,ore_site,Unnamed tin site 393,CA,,34.83682,-118.74207,point,tin,tin,Ore Site,CM-past producer+resources,5,1,1,1,,,2024,USGS Critical mineral deposits of the United States v2.0,ScienceBase data release 10.5066/P9K1HBNT,Porphyry Sn (granite-related),Porphyry/skarn,Gorman tin district,Production (1943-1944): Meeke mine - 4.9 tons ore @39.4% Sn.,Reserve (East Gossan; 1946): 700 tons ore @2.0% Sn.,Karl and others (2018),https://doi.org/10.5066/P97JYNJL,,,,,,
ore-394,ore_site,Unnamed tin site 394,CA,,34.83676,-118.74284,point,tin,tin,Ore Site,CM-past producer+resources,5,1,1,1,,,2024,USGS Critical mineral deposits of the United States v2.0,ScienceBase data release 10.5066/P9K1HBNT,Porphyry Sn (granite-related),Porphyry/skarn,Gorman tin district,Production (1943-1944): Meeke mine - 4.9 tons ore @39.4% Sn.,"Reserve (West Gossan; 1946): 22,440 tons ore @0.2% Sn.",Karl and others (2018),https://doi.org/10.5066/P97JYNJL,,,,,,
ore-643,ore_site,Unnamed tin site 643,CA,,34.84004,-118.73001,point,tin,tin,Ore Site,CM resources,3,1,1,1,,,2024,USGS Critical mineral deposits of the United States v2.0,ScienceBase data release 10.5066/P9K1HBNT,Porphyry Sn (granite-related),Porphyry/skarn,Gorman tin district,None.,"Indicated + Inferred reserve (1946): 2,450 tons ore @1.0% Sn.",Karl and others (2018),https://doi.org/10.5066/P97JYNJL,,,,,,
ore-303,ore_site,Unnamed titanium site 303,CA,,34.41611,-118.352,point,titanium,titanium,Ore Site,CM resources,2,1,1,1,,,2024,USGS Critical mineral deposits of the United States v2.0,ScienceBase data release 10.5066/P9K1HBNT,Mafic magmatic,Iron-titanium oxide,San Gabriel Mountains anorthosite,"Production (1927-1928): 10,000 lbs titaniferous magnetite.","Regional resource: 4,800,000 tonnes @12% TiO2.",MRDS (2005); Dicken and others (2022); Carlson and Clark (1954),https://mrdata.usgs.gov/mrds/show-mrds.php?dep_id=10211929,,,,,,
ore-104,ore_site,Unnamed tungsten site 104,CA,,37.35237,-118.70741,point,tungsten,tungsten,Ore Site,CM-past producer,1,1,1,0,,,2024,USGS Critical mineral deposits of the United States v2.0,ScienceBase data release 10.5066/P9K1HBNT,Porphyry Cu-Mo-Au,S-R-V tungsten,Eastern California tungsten,"Production (1946-1955): 52,000 tons WO3.",Unknown.,Karl and others (2020),https://doi.org/10.5066/P97NJLI4,,,,,,
ore-13,ore_site,Unnamed tungsten site 13,CA,,34.25692,-117.6838,point,tungsten,tungsten,Ore Site,CM-past producer+resources,5,1,1,1,,,2024,USGS Critical mineral deposits of the United States v2.0,ScienceBase data release 10.5066/P9K1HBNT,Porphyry Cu-Mo-Au,S-R-V tungsten,Mount Baldy mining district,"Production (1950-1982): 1,100 kg @38.29% WO3.","Inferred resource (1982): 475,000,000 lbs W; Indicated resource (1982): 37,800,000 lbs W; Measured resource (1982): 13,300,000 lbs W.",Karl and others (2020),https://doi.org/10.5066/P97NJLI4,,,,,,
ore-161,ore_site,Unnamed tungsten site 161,CA,,36.63617,-119.11428,point,tungsten,tungsten,Ore Site,CM-past producer,1,1,1,0,,,2024,USGS Critical mineral deposits of the United States v2.0,ScienceBase data release 10.5066/P9K1HBNT,Porphyry Cu-Mo-Au,S-R-V tungsten,Eastern California tungsten,"Production (1942-1955): 33,000 stu WO3.",Unknown.,Karl and others (2020),https://doi.org/10.5066/P97NJLI4,,,,,,
ore-25,ore_site,Unnamed tungsten site 25,CA,,35.30332,-117.62783,point,tungsten,tungsten,Ore Site,CM-past producer+resources,5,1,1,1,,,2024,USGS Critical mineral deposits of the United States v2.0,ScienceBase data release 10.5066/P9K1HBNT,Placer,Wolframite/scheelite,Southern California tungsten placers,"Production (1906-1939): Approximately 821,000 short ton units WO3, equivalent to 13,683 tons of concentrates containing 60% WO3, produced from the district; of this total, 94% came from veins and 6% from placers.","The Atolia district placer deposits contain possibly 28,000,000 cubic yards estimated to average more than a quarter of a pound of scheelite per cubic yard, or a total of at least 280,000 units of WO3.",MRDS (2005); Dicken and others (2022); Lemmon and Dorr (1940),https://mrdata.usgs.gov/mrds/show-mrds.php?dep_id=10035311,,,,,,
ore-352,ore_site,Unnamed tungsten site 352,CA,,37.34678,-118.53088,point,tungsten,tungsten,Ore Site,CM-past producer,1,1,1,0,,,2024,USGS Critical mineral deposits of the United States v2.0,ScienceBase data release 10.5066/P9K1HBNT,Porphyry Cu-Mo-Au,S-R-V tungsten,Eastern California tungsten,Production (1918-1941): 644 tons WO3.,Unknown.,Karl and others (2020),https://doi.org/10.5066/P97NJLI4,,,,,,
ore-486,ore_site,Unnamed tungsten site 486,CA,,37.3928,-118.71838,point,tungsten,tungsten,Ore Site,CM-past producer+resources,5,1,1,1,,,2024,USGS Critical mineral deposits of the United States v2.0,ScienceBase data release 10.5066/P9K1HBNT,Porphyry Cu-Mo-Au,S-R-V tungsten,Eastern California tungsten,"Production (1937-1990): 19,000,000,000 lbs ore @0.19% Cu, 18,000,000,000 lbs @0.14% Mo, 3,600 troy oz Au, and 1,800,000 troy oz Ag; (1918-1990): 16,224,611 tons ore @0.6% WO3.","Resource (1998): 1,500,000 tons ore @0.5% WO3.",Karl and others (2020),https://doi.org/10.5066/P97NJLI4,,,,,,
ore-595,ore_site,Unnamed tungsten site 595,CA,,37.55164,-119.29455,point,tungsten,tungsten,Ore Site,CM-past producer+resources,5,1,1,1,,,2024,USGS Critical mineral deposits of the United States v2.0,ScienceBase data release 10.5066/P9K1HBNT,Porphyry Cu-Mo-Au,S-R-V tungsten,Eastern California tungsten,"Production (1943-1984): 5,439 metric tons WO3.","In situ resource (1985): 100,000 metric tons ore @1% WO3.",Karl and others (2020),https://doi.org/10.5066/P97NJLI4,,,,,,
ore-629,ore_site,Unnamed tungsten site 629,CA,,37.3376,-118.66599,point,tungsten,tungsten,Ore Site,CM-past producer,1,1,1,0,,,2024,USGS Critical mineral deposits of the United States v2.0,ScienceBase data release 10.5066/P9K1HBNT,Porphyry Cu-Mo-Au,S-R-V tungsten,Eastern California tungsten,"Production (1939-1945): 70,774 tons ore @1.97% WO3.",Unknown.,Karl and others (2020),https://doi.org/10.5066/P97NJLI4,,,,,,
ore-63,ore_site,Unnamed tungsten site 63,CA,,37.68457,-118.52815,point,tungsten,tungsten,Ore Site,CM-past producer,1,1,1,0,,,2024,USGS Critical mineral deposits of the United States v2.0,ScienceBase data release 10.5066/P9K1HBNT,Porphyry Cu-Mo-Au,S-R-V tungsten,Eastern California tungsten,"Production (1928-1978): 635,000 metric tons ore @0.5% WO3.",Unknown.,Karl and others (2020),https://doi.org/10.5066/P97NJLI4,,,,,,
ore-633,ore_site,Unnamed tungsten site 633,CA,,35.68924,-117.87722,point,tungsten,tungsten,Ore Site,CM-past producer,1,1,1,0,,,2024,USGS Critical mineral deposits of the United States v2.0,ScienceBase data release 10.5066/P9K1HBNT,Porphyry Cu-Mo-Au,S-R-V tungsten,Eastern California tungsten,"Production (1979-1979): 200,000 tons ore @0.75% WO3.",Unknown.,Karl and others (2020),https://doi.org/10.5066/P97NJLI4,,,,,,
ore-636,ore_site,Unnamed tungsten site 636,CA,,35.79317,-118.66248,point,tungsten,tungsten,Ore Site,CM-past producer,1,1,1,0,,,2024,USGS Critical mineral deposits of the United States v2.0,ScienceBase data release 10.5066/P9K1HBNT,Porphyry Cu-Mo-Au,S-R-V tungsten,Eastern California tungsten,"Production (1932-1944): 48,162 stu WO3.",Unknown.,Karl and others (2020),https://doi.org/10.5066/P97NJLI4,,,,,,
ore-140,ore_site,Unnamed zinc site 140,CA,,36.53968,-117.79174,point,zinc,zinc,Ore Site,CM-past producer,1,1,1,0,,,2024,USGS Critical mineral deposits of the United States v2.0,ScienceBase data release 10.5066/P9K1HBNT,Porphyry Cu-Mo-Au,Polymetallic sulfide S-R-V-IS,Eastern California tungsten,"Production: about 4.4 million oz Ag, 37,000 tons Pb, and 12,000 tons Zn, with byproduct production of 2,000 oz Au and 300 ton Cu.",Unknown.,MRDS (2005); Dicken and others (2022),https://mrdata.usgs.gov/mrds/show-mrds.php?dep_id=10076617,,,,,,
ore-181,ore_site,Unnamed zinc site 181,CA,,36.29025,-117.59979,point,zinc,zinc,Ore Site,CM-past producer+resources,5,1,1,1,,,2024,USGS Critical mineral deposits of the United States v2.0,ScienceBase data release 10.5066/P9K1HBNT,Porphyry Cu-Mo-Au,Polymetallic sulfide S-R-V-IS,Eastern California tungsten,"Production (through 1976): 1,716,696 short tons ore @9.3% Pb, 5.4% Zn, and 11.5 oz/ton Ag.","Darwin mine reserves (1957): 155,000 short tons @8.5% Zn, 6.1% Pb and 4.9 oz/ton Ag (may have been worked out by lessees in 1968-1970).",MRDS (2005); Long (1992),https://mrdata.usgs.gov/mrds/show-mrds.php?dep_id=10310607,,,,,,
ore-374,ore_site,Unnamed zinc site 374,CA,,40.76291,-122.45554,point,zinc,zinc,Ore Site,CM-past producer,1,1,1,0,,,2024,USGS Critical mineral deposits of the United States v2.0,ScienceBase data release 10.5066/P9K1HBNT,Volcanogenic seafloor,Copper-zinc sulfide,North central California massive sulfide,"Production (1905-1925): 3,311,145 tons Cu ore, averaging 3.99% Cu, 4.2% Zn, 2.24 oz/t Au and 0.038 oz/t Ag; 84,000 tons Zn ore, averaging 21.1% Zn, 2.4% Cu. 5.79 oz/t Ag, and 0.078 oz/t Au.",Unknown.,MRDS (2005); Dicken and others (2022),https://mrdata.usgs.gov/mrds/show-mrds.php?dep_id=10077557,,,,,,
ore-547,ore_site,Unnamed zinc site 547,CA,,36.41803,-117.72313,point,zinc,zinc,Ore Site,CM-past producer,1,1,1,0,,,2024,USGS Critical mineral deposits of the United States v2.0,ScienceBase data release 10.5066/P9K1HBNT,Porphyry Cu-Mo-Au,Polymetallic sulfide S-R-V-IS,Eastern California tungsten,"Production (through 1976?): 80,482 short tons @16.4% Pb, 6.2% Zn, and 11.6 oz/ton Ag.",Unknown.,MRDS (2005); Long (1992),https://mrdata.usgs.gov/mrds/show-mrds.php?dep_id=10076644,,,,,,
ore-562,ore_site,Unnamed zinc site 562,CA,,35.83888,-116.10225,point,zinc,zinc,Ore Site,CM-past producer+resources,5,1,1,1,,,2024,USGS Critical mineral deposits of the United States v2.0,ScienceBase data release 10.5066/P9K1HBNT,Porphyry Cu-Mo-Au,Polymetallic sulfide S-R-V-IS,Shoshone Mining District California,"Production (1907 through 1953): 439,126 short tons ore @12.8% Pb, 2.0% Zn, and 6.5 oz/short ton Ag.","Reserves (1992): 300,000 short tons ore @6.0% Pb, 6.8% Zn, and 2.5 oz/ton Ag.",MRDS (2005); Long (1992); Goodwin (1957),https://mrdata.usgs.gov/mrds/show-mrds.php?dep_id=10033994,,,,,,
ore-78,ore_site,Unnamed zinc site 78,CA,,37.56603,-120.25655,point,zinc,zinc,Ore Site,CM-past producer+resources,5,1,1,1,,,2024,USGS Critical mineral deposits of the United States v2.0,ScienceBase data release 10.5066/P9K1HBNT,Volcanogenic seafloor,Zinc-copper sulfide,Sierra Nevada Foothills massive sulfide,"Small-scale zinc mining during WWII. Production (1943-1945): 50,490.274 tonnes grading 2.126 g/t Au, 128.588 g/t Ag, 0.36% Cu, 0.48% Pb, 12.3% Zn).","Resource (2018): Inferred resource: 7.79 Mt @4.95% Zn, 0.46% Cu, 0.29% Pb, 1.33 opt Ag, 0.04 opt Au using a ZnEq cutoff of 4%.",MRDS (2005); Giroux and O'Connor (2018); Eric and Cox (1948),https://mrdata.usgs.gov/mrds/show-mrds.php?dep_id=10102860,,,,,,
ore-154,ore_site,Unnamed PGE site 154,CO,,39.36909,-106.1647,point,PGE,"PGE, rhenium, tin, tungsten",Ore Site,CM-past producer+resources,5,1,1,1,,,2024,USGS Critical mineral deposits of the United States v2.0,ScienceBase data release 10.5066/P9K1HBNT,Climax-type,Porphyry molybdenum,Climax-Sweet Home,"Production (1911-1995 [Sn, W]; 1911-2016 [Mo]): 3,400,000 lbs Sn, 44,395,000 lbs W, and 1,991,000,000 lbs Mo.","Proven and Probable mineral reserve (2016): 170,000,000 metric tons mill ore @0.15% Mo; Resource (2017): 800,000,000 metric tons ore @0.04 g/metric tons Re, and 0.44 ppb Pt. (1982): 340,000,000 metric tons ore @0.03% WO3.",Karl and others (2020),https://doi.org/10.5066/P97NJLI4,,,,,,
ore-124,ore_site,Unnamed aluminum site 124,CO,,37.71111,-108.09005,point,aluminum,aluminum,Ore Site,CM resources,3,1,1,1,,,2024,USGS Critical mineral deposits of the United States v2.0,ScienceBase data release 10.5066/P9K1HBNT,Climax-type,Lithocap alunite,Silver Creek-Calico Peak,None.,Resource: estimated at 100 million tons containing 19.9% alunite.,MRDS (2005); Dicken and others (2022),https://mrdata.usgs.gov/mrds/show-mrds.php?dep_id=10166903,,,,,,
ore-188,ore_site,Unnamed aluminum site 188,CO,,38.10472,-105.36139,point,aluminum,aluminum,Ore Site,Past producer+CM resources,2,1,1,1,,,2024,USGS Critical mineral deposits of the United States v2.0,ScienceBase data release 10.5066/P9K1HBNT,Climax-type,Lithocap alunite,Rosita Hills,Production (1886): 180 metric tons ore @1539 g/metric ton Ag and 27 g/metric ton Au.,"Resource (1943): estimated 720,000 tons alunite resource at 15% alunite.",MRDS (2005); Dicken and others (2022),https://mrdata.usgs.gov/mrds/show-mrds.php?dep_id=10009280,,,,,,
ore-514,ore_site,Unnamed aluminum site 514,CO,,37.97779,-107.33396,point,aluminum,aluminum,Ore Site,CM resources,3,1,1,1,,,2024,USGS Critical mineral deposits of the United States v2.0,ScienceBase data release 10.5066/P9K1HBNT,Climax-type,Lithocap alunite,Red Mountain,None.,"Resource: 225 Mt ore at 30% alunite (second largest alunite resource in the U.S., after Blawn Mountain).",MRDS (2005); Dicken and others (2022),https://mrdata.usgs.gov/mrds/show-mrds.php?dep_id=10096873,,,,,,
ore-102,ore_site,Unnamed beryllium site 102,CO,,38.5419,-106.62421,point,beryllium,"beryllium, lithium, niobium, REE, tantalum",Ore Site,CM-past producer,1,1,1,0,,,2024,USGS Critical mineral deposits of the United States v2.0,ScienceBase data release 10.5066/P9K1HBNT,Porphyry Sn (granite-related),Pegmatite LCT,Brown Derby,"District (Quartz Creek district) production of 51 tons beryl, 283 tons lepidolite, 140 tons scrap mica, 5,000 lbs tantalum and columbium minerals, and 15 lbs monazite.",Unknown.,MRDS (2005); Staatz and Trites (1955),https://mrdata.usgs.gov/mrds/show-mrds.php?dep_id=10239376,,,,,,
ore-171,ore_site,Unnamed beryllium site 171,CO,,39.7861,-105.25614,point,beryllium,beryllium,Ore Site,CM-past producer+resources,5,1,1,1,,,2024,USGS Critical mineral deposits of the United States v2.0,ScienceBase data release 10.5066/P9K1HBNT,Magmatic REE,Peralkaline syenite/granite/rhyolite/alaskite/pegmatites,Centennial Cone Prospect,"Produced potassium feldspar and ~1,000 lbs beryl and reworked dumps yielded 980 lbs beryl.","Probably 20 tons of beryl in 2,000 tons of beryl-bearing rock (Hanley and others, 1950).",MRDS (2005); Hanley and others (1950),https://mrdata.usgs.gov/mrds/show-mrds.php?dep_id=10013733,,,,,,
ore-296,ore_site,Unnamed beryllium site 296,CO,,40.4597,-105.35337,point,beryllium,beryllium,Ore Site,CM-past producer+resources,5,1,1,1,,,2024,USGS Critical mineral deposits of the United States v2.0,ScienceBase data release 10.5066/P9K1HBNT,Climax-type,Pegmatite NYF,Crystal Mountain pegmatites,Production: 34 tons of beryl.,"Resource: 1,100 to 2,100 tons beryl (0.02 to 0.08% BeO).",MRDS (2005); Dicken and others (2022),https://mrdata.usgs.gov/mrds/show-mrds.php?dep_id=10013857,,,,,,
ore-397,ore_site,Unnamed beryllium site 397,CO,,38.79306,-105.59586,point,beryllium,"beryllium, niobium, tantalum",Ore Site,CM-past producer+resources,5,1,1,1,,,2024,USGS Critical mineral deposits of the United States v2.0,ScienceBase data release 10.5066/P9K1HBNT,Porphyry Sn (granite-related),Pegmatite LCT,Meyers Ranch,"Production (1930s): 200 tons feldspar, 150 tons scrap mica, 25 tons beryl, and 1 ton columbite-tantalite.","Reserves are difficult to estimate as the percentages of muscovite, feldspar, beryl, and columbite varies and character at depth is unknown; an estimated 7,500 tons of rock contains about 1,900 tons muscovite, 38 to 150 tons of beryl, and 15 to 30 tons columbite.",MRDS (2005); Dicken and others (2022),https://mrdata.usgs.gov/mrds/show-mrds.php?dep_id=10013023,,,,,,
ore-399,ore_site,Unnamed beryllium site 399,CO,,38.4786,-105.3025,point,beryllium,"beryllium, niobium, tantalum",Ore Site,CM-past producer,1,1,1,0,,,2024,USGS Critical mineral deposits of the United States v2.0,ScienceBase data release 10.5066/P9K1HBNT,Climax-type,Pegmatite NYF,Eight Mile Park district,"Production: 152,180 metric tons feldspar, 31,230 metric tons scrap mica, 51 metric tons of beryl, and 615 lbs of columbite-tantalite.",Unknown.,MRDS (2005); Dicken and others (2022),https://mrdata.usgs.gov/mrds/show-mrds.php?dep_id=10013530,,,,,,
ore-673,ore_site,Unnamed beryllium site 673,CO,,40.59776,-105.36503,point,beryllium,beryllium,Ore Site,CM-past producer,1,1,1,0,,,2024,USGS Critical mineral deposits of the United States v2.0,ScienceBase data release 10.5066/P9K1HBNT,Climax-type,Pegmatite NYF,Crystal Mountain pegmatites,Production: ~15 tons of beryl.,Unknown.,MRDS (2005); Dicken and others (2022),https://mrdata.usgs.gov/mrds/show-mrds.php?dep_id=10013823,,,,,,
ore-85,ore_site,Unnamed beryllium site 85,CO,,39.07639,-105.44891,point,beryllium,beryllium,Ore Site,CM-past producer,1,1,1,0,,,2024,USGS Critical mineral deposits of the United States v2.0,ScienceBase data release 10.5066/P9K1HBNT,Climax-type,Greisen-S-R beryllium,"Boomer, Redskin Granite","Production (1956-1960): 2,114 tons beryllium ore, grading from 2 to 11.2 BeO. A total production of about 3,000 tons of beryllium ore through 1965 seems to be a conservative estimate.",Unknown.,MRDS (2005); Hawley (1969),https://mrdata.usgs.gov/mrds/show-mrds.php?dep_id=10013786,,,,,,
ore-115,ore_site,Unnamed fluorspar site 115,CO,,40.12248,-105.39865,point,fluorspar,fluorspar,Ore Site,CM-past producer,1,1,1,0,,,2024,USGS Critical mineral deposits of the United States v2.0,ScienceBase data release 10.5066/P9K1HBNT,Alkalic porphyry,Fluorspar,Jamestown district,"Production (1942-1972): ~700,000 tons of acid-grade fluorspar.",Unknown.,MRDS (2005); Shawe (1976),https://mrdata.usgs.gov/mrds/show-mrds.php?dep_id=10108228,,,,,,
ore-128,ore_site,Unnamed fluorspar site 128,CO,,40.95217,-106.26002,point,fluorspar,fluorspar,Ore Site,CM resources,3,1,0,1,,,2024,USGS Critical mineral deposits of the United States v2.0,ScienceBase data release 10.5066/P9K1HBNT,Climax-type,Fluorspar,Northgate district,Unknown.,"Resource: An approximate 5-ft width across the Fluorine-Camp Creek vein contained 70% to 80% CaF2, and a 16-foot width contained more than 30%.",MRDS (2005),https://mrdata.usgs.gov/mrds/show-mrds.php?dep_id=10142618,,,,,,
ore-22,ore_site,Unnamed fluorspar site 22,CO,,40.12972,-105.40082,point,fluorspar,fluorspar,Ore Site,CM-past producer,1,1,1,0,,,2024,USGS Critical mineral deposits of the United States v2.0,ScienceBase data release 10.5066/P9K1HBNT,Alkalic porphyry,Fluorspar,Jamestown district,"Production (1943): 2,319 metric tons fluorite. District production 1 to 1.5 million tons of fluorite.",Unknown.,MRDS (2005); Dicken and others (2022),https://mrdata.usgs.gov/mrds/show-mrds.php?dep_id=10018054,,,,,,
ore-654,ore_site,Unnamed fluorspar site 654,CO,,37.74612,-106.82644,point,fluorspar,fluorspar,Ore Site,CM-past producer+resources,5,1,1,1,,,2024,USGS Critical mineral deposits of the United States v2.0,ScienceBase data release 10.5066/P9K1HBNT,Magmatic REE,Peralkaline syenite/granite/rhyolite/alaskite/pegmatites,Wagon Wheel Gap,Production: intermittent from 1913 to 1950.,"Indicated reserves (1974); 48,700 tons ore @31% CaF2. Inferred reserves (1974): 162,700 tons ore @31% CaF2. Potential reserves (1974): 98,600 tons ore @31% CaF2.",MRDS (2005); Copeland and Vendl (2011),https://mrdata.usgs.gov/mrds/show-mrds.php?dep_id=10014057,,,,,,
ore-306,ore_site,Unnamed niobium site 306,CO,,38.2599,-107.071,point,niobium,"niobium, REE, titanium, vanadium",Ore Site,CM resources,3,1,1,1,,,2024,USGS Critical mineral deposits of the United States v2.0,ScienceBase data release 10.5066/P9K1HBNT,Magmatic REE,Carbonatite,Powderhorn District,None.,"Reserve: 1) carbonate stock (1979): 722,700,000 tons ore @0.001% U3O8; 0.057% Nb2O5, 0.004% ThO2, 0.397% TREO. Probable potential resource (1979) 2,672,000,000 tons ore @0.57% Nb2O5, 0.004 ThO2, 0.396 TREO, 0.01% U3O8; (1975): 100,000,000 tons ore @0.05% V. 2) pyroxenite Inferred resource (2007): 1,031,000,000 tonnes @10% TiO2; Indicated resource (2007): 428,000,000 tonnes ore @11% TiO2.",Bellora and others (2019),https://doi.org/10.5066/F7FN15D1,,,,,,
ore-275,ore_site,Unnamed rhenium site 275,CO,,39.75894,-105.83928,point,rhenium,rhenium,Ore Site,Past producer+CM resources,2,1,1,1,,,2024,USGS Critical mineral deposits of the United States v2.0,ScienceBase data release 10.5066/P9K1HBNT,Climax-type,Porphyry molybdenum,Henderson-Urad,"Production (1976-2016): 970,548,900 lbs Mo.","Resource (2016): 77,000,000 metric tons ore @0.17% Mo; Urad-Henderson; 437,000,000 metric tons @0.228% Mo and 0.76 g/metric ton Re.",Burger and Long (2018),https://doi.org/10.5066/F7KP81F2,,,,,,
ore-618,ore_site,Unnamed rhenium site 618,CO,,38.5653,-106.3679,point,rhenium,rhenium,Ore Site,Past producer+CM resources,2,1,1,1,,,2024,USGS Critical mineral deposits of the United States v2.0,ScienceBase data release 10.5066/P9K1HBNT,Climax-type,Porphyry molybdenum,Winfield Peak-Antero,"Tomichi district production (1901-1950): 1,746,077 lbs Pb, 482,380 lbs Cu,744,433 oz Ag, 347,909,859 lbs Cu, and 1,373 oz Au.","Inferred mineral resource (2017): 711,000,000 tonnes @0.035% Mo, 0.21% Cu, 2.0 g/t Ag, 0.017 g/t Au, and 0.22 g/t Re.",Burger and Long (2018),https://doi.org/10.5066/F7KP81F2,,,,,,
ore-644,ore_site,Unnamed rhenium site 644,CO,,39.75602,-105.8268,point,rhenium,rhenium,Ore Site,Past producer+CM resources,2,1,1,1,,,2024,USGS Critical mineral deposits of the United States v2.0,ScienceBase data release 10.5066/P9K1HBNT,Climax-type,Porphyry molybdenum,Henderson-Urad,"Production (1918-1974): 13,723,598 tons mill ore @0.35% Mo.","Resource (2016): Urad-Henderson; 437,000,000 metric tons @0.228% Mo and 0.76 g/t Re.",Burger and Long (2018),https://doi.org/10.5066/F7KP81F2,,,,,,
ore-139,ore_site,Unnamed tungsten site 139,CO,,37.88334,-107.65064,point,tungsten,tungsten,Ore Site,CM-past producer+resources,5,1,1,1,,,2024,USGS Critical mineral deposits of the United States v2.0,ScienceBase data release 10.5066/P9K1HBNT,Porphyry Cu-Mo-Au,S-R-V tungsten,San Juan tungsten veins,"Production in the Cement Creek district (1900-1953): 17,517 stu WO3.",Regional resource (1956): Inferred reserve 700 metric tons W.,MRDS (2005); Dicken and others (2022),https://mrdata.usgs.gov/mrds/show-mrds.php?dep_id=10008737,,,,,,
ore-157,ore_site,Unnamed tungsten site 157,CO,,39.97974,-105.49883,point,tungsten,tungsten,Ore Site,CM-past producer,1,1,1,0,,,2024,USGS Critical mineral deposits of the United States v2.0,ScienceBase data release 10.5066/P9K1HBNT,Porphyry Cu-Mo-Au,S-R-V tungsten,Boulder County tungsten district,"Production (1907-1955): 35,000 stu WO3.",Unknown.,Karl and others (2020),https://doi.org/10.5066/P97NJLI4,,,,,,
ore-159,ore_site,Unnamed tungsten site 159,CO,,39.98059,-105.48276,point,tungsten,tungsten,Ore Site,CM-past producer,1,1,1,0,,,2024,USGS Critical mineral deposits of the United States v2.0,ScienceBase data release 10.5066/P9K1HBNT,Porphyry Cu-Mo-Au,S-R-V tungsten,Boulder County tungsten district,"Production (1908-1935): 101,588 stu WO3.",Unknown.,Karl and others (2020),https://doi.org/10.5066/P97NJLI4,,,,,,
ore-160,ore_site,Unnamed tungsten site 160,CO,,39.97535,-105.52223,point,tungsten,tungsten,Ore Site,CM-past producer,1,1,1,0,,,2024,USGS Critical mineral deposits of the United States v2.0,ScienceBase data release 10.5066/P9K1HBNT,Porphyry Cu-Mo-Au,S-R-V tungsten,Boulder County tungsten district,"Production (Conger mine; 1904-1945): 450,000 stu WO3; (Beddig mine; 1905-1945): 60,000 stu WO3.",Unknown.,Karl and others (2020),https://doi.org/10.5066/P97NJLI4,,,,,,
ore-172,ore_site,Unnamed tungsten site 172,CO,,39.98459,-105.47745,point,tungsten,tungsten,Ore Site,CM-past producer,1,1,1,0,,,2024,USGS Critical mineral deposits of the United States v2.0,ScienceBase data release 10.5066/P9K1HBNT,Porphyry Cu-Mo-Au,S-R-V tungsten,Boulder County tungsten district,"Production (1907-1943): 40,000 stu WO3.",Unknown.,Karl and others (2020),https://doi.org/10.5066/P97NJLI4,,,,,,
ore-19,ore_site,Unnamed tungsten site 19,CO,,40.00689,-105.40219,point,tungsten,tungsten,Ore Site,CM-past producer,1,1,1,0,,,2024,USGS Critical mineral deposits of the United States v2.0,ScienceBase data release 10.5066/P9K1HBNT,Porphyry Cu-Mo-Au,S-R-V tungsten,Boulder County tungsten district,"Production (1917-1946): 138,000 stu WO3.",Unknown.,Karl and others (2020),https://doi.org/10.5066/P97NJLI4,,,,,,
ore-214,ore_site,Unnamed tungsten site 214,CO,,40.00192,-105.41354,point,tungsten,tungsten,Ore Site,CM-past producer,1,1,1,0,,,2024,USGS Critical mineral deposits of the United States v2.0,ScienceBase data release 10.5066/P9K1HBNT,Porphyry Cu-Mo-Au,S-R-V tungsten,Boulder County tungsten district,"Production (1916-1956): 30,000 stu WO3.",Unknown.,Karl and others (2020),https://doi.org/10.5066/P97NJLI4,,,,,,
ore-355,ore_site,Unnamed tungsten site 355,CO,,39.98219,-105.50356,point,tungsten,tungsten,Ore Site,CM-past producer,1,1,1,0,,,2024,USGS Critical mineral deposits of the United States v2.0,ScienceBase data release 10.5066/P9K1HBNT,Porphyry Cu-Mo-Au,S-R-V tungsten,Boulder County tungsten district,"Production (1907-1917): 40,000 stu WO3.",Unknown.,Karl and others (2020),https://doi.org/10.5066/P97NJLI4,,,,,,
ore-364,ore_site,Unnamed tungsten site 364,CO,,40.00431,-105.40756,point,tungsten,tungsten,Ore Site,CM-past producer,1,1,1,0,,,2024,USGS Critical mineral deposits of the United States v2.0,ScienceBase data release 10.5066/P9K1HBNT,Porphyry Cu-Mo-Au,S-R-V tungsten,Boulder County tungsten district,"Production (1913-1943): 72,000 stu WO3.",Unknown.,Karl and others (2018),https://doi.org/10.5066/P97NJLI4,,,,,,
ore-375,ore_site,Unnamed tungsten site 375,CO,,39.94416,-105.48587,point,tungsten,tungsten,Ore Site,CM-past producer,1,1,1,0,,,2024,USGS Critical mineral deposits of the United States v2.0,ScienceBase data release 10.5066/P9K1HBNT,Porphyry Cu-Mo-Au,S-R-V tungsten,Boulder County tungsten district,"Production over 45,000 stu WO3.",Unknown.,MRDS (2005); Dicken and others (2022),https://mrdata.usgs.gov/mrds/show-mrds.php?dep_id=10214277,,,,,,
ore-453,ore_site,Unnamed tungsten site 453,CO,,40.00662,-105.44908,point,tungsten,tungsten,Ore Site,CM-past producer,1,1,1,0,,,2024,USGS Critical mineral deposits of the United States v2.0,ScienceBase data release 10.5066/P9K1HBNT,Porphyry Cu-Mo-Au,S-R-V tungsten,Boulder County tungsten district,"Production (1903-1929): 40,000 stu WO3.",Unknown.,Karl and others (2020),https://doi.org/10.5066/P97NJLI4,,,,,,
ore-500,ore_site,Unnamed tungsten site 500,CO,,39.97421,-105.52815,point,tungsten,tungsten,Ore Site,CM-past producer,1,1,1,0,,,2024,USGS Critical mineral deposits of the United States v2.0,ScienceBase data release 10.5066/P9K1HBNT,Porphyry Cu-Mo-Au,S-R-V tungsten,Boulder County tungsten district,"Production (1915-1944): 30,000 stu WO3.",Unknown.,Karl and others (2020),https://doi.org/10.5066/P97NJLI4,,,,,,
ore-525,ore_site,Unnamed tungsten site 525,CO,,39.99698,-105.43733,point,tungsten,tungsten,Ore Site,CM-past producer,1,1,1,0,,,2024,USGS Critical mineral deposits of the United States v2.0,ScienceBase data release 10.5066/P9K1HBNT,Porphyry Cu-Mo-Au,S-R-V tungsten,Boulder County tungsten district,"Production (1907-1994): 37,000 stu WO3.",Unknown.,Karl and others (2020),https://doi.org/10.5066/P97NJLI4,,,,,,
ore-630,ore_site,Unnamed tungsten site 630,CO,,39.94334,-105.49777,point,tungsten,tungsten,Ore Site,CM-past producer,1,1,1,0,,,2024,USGS Critical mineral deposits of the United States v2.0,ScienceBase data release 10.5066/P9K1HBNT,Porphyry Cu-Mo-Au,S-R-V tungsten,Boulder County tungsten district,"Production (1902-1941): 60,000 stu WO3.",Unknown.,Karl and others (2020),https://doi.org/10.5066/P97NJLI4,,,,,,
ore-649,ore_site,Unnamed tungsten site 649,CO,,39.97744,-105.48461,point,tungsten,tungsten,Ore Site,CM-past producer,1,1,1,0,,,2024,USGS Critical mineral deposits of the United States v2.0,ScienceBase data release 10.5066/P9K1HBNT,Porphyry Cu-Mo-Au,S-R-V tungsten,Boulder County tungsten district,"Production (1915-1955): 2,100 short tons ore @14% WO3.",Unknown.,Karl and others (2020),https://doi.org/10.5066/P97NJLI4,,,,,,
ore-650,ore_site,Unnamed tungsten site 650,CO,,39.97127,-105.48327,point,tungsten,tungsten,Ore Site,CM-past producer,1,1,1,0,,,2024,USGS Critical mineral deposits of the United States v2.0,ScienceBase data release 10.5066/P9K1HBNT,Porphyry Cu-Mo-Au,S-R-V tungsten,Boulder County tungsten district,"Production (1915-1943): 60,000 stu WO3.",Unknown.,Karl and others (2020),https://doi.org/10.5066/P97NJLI4,,,,,,
ore-255,ore_site,Unnamed vanadium site 255,CO,,37.71279,-107.89786,point,vanadium,vanadium,Ore Site,CM-past producer,1,1,1,0,,,2024,USGS Critical mineral deposits of the United States v2.0,ScienceBase data release 10.5066/P9K1HBNT,Meteoric recharge,Sandstone uranium,Entrada,"Production (<1971): Graysill No. 1 mine mined 171 tons @0.049% U3O8 and 1.907% V2O5; Graysill No. 2 mined 31,778 tons @0.08% U3O8 and 2.41% V2O5.",Unknown.,MRDS (2005); Dicken and others (2022),https://mrdata.usgs.gov/mrds/show-mrds.php?dep_id=10014146,,,,,,
ore-522,ore_site,Unnamed vanadium site 522,CO,,39.66581,-107.68733,point,vanadium,vanadium,Ore Site,CM-past producer,1,1,1,0,,,2024,USGS Critical mineral deposits of the United States v2.0,ScienceBase data release 10.5066/P9K1HBNT,Meteoric recharge,Sandstone uranium,Entrada,"Production: ~ 57,000 lbs U3O8 and 4,627 tV.",Unknown.,MRDS (2005); Dicken and others (2022),https://mrdata.usgs.gov/mrds/show-mrds.php?dep_id=10090134,,,,,,
ore-564,ore_site,Unnamed vanadium site 564,CO,,40.11386,-107.66038,point,vanadium,vanadium,Ore Site,CM-past producer,1,1,1,0,,,2024,USGS Critical mineral deposits of the United States v2.0,ScienceBase data release 10.5066/P9K1HBNT,Meteoric recharge,Sandstone uranium,Meeker,"Production (as of 1971): 3,060 tons ore @0.22% U3O8 (13,340 lbs) and 0.87% V2O5 (53.291 lbs).",Unknown.,MRDS (2005),https://mrdata.usgs.gov/mrds/show-mrds.php?dep_id=10013417,,,,,,
ore-576,ore_site,Unnamed vanadium site 576,CO,,38.04972,-108.85778,point,vanadium,vanadium,Ore Site,CM-past producer+resources,5,1,1,1,,,2024,USGS Critical mineral deposits of the United States v2.0,ScienceBase data release 10.5066/P9K1HBNT,Meteoric recharge,Sandstone uranium,Colorado Plateau sandstone uranium,"Production (1957-1983): 2,236,723 lbs U3O8 and 13,941,457 lbs V2O5.","Inferred mineral resource (at a 0.15% eU3O8 cutoff) of 2,549 ktons @ an estimated 0.228% eU3O8 grade which contains an estimated 11.6 million pounds U3O8 and 69.6 million pounds V2O5 @ an estimated 1.37% V2O5 grade.",Beahm and others (2014),,,,,,,
ore-599,ore_site,Unnamed vanadium site 599,CO,,38.0719,-108.80487,point,vanadium,vanadium,Ore Site,CM-past producer+resources,5,1,1,1,,,2024,USGS Critical mineral deposits of the United States v2.0,ScienceBase data release 10.5066/P9K1HBNT,Meteoric recharge,Sandstone uranium,Colorado Plateau sandstone uranium,"Incomplete records for production from the 6 mines in the Complex; estimated (1960-1980): 1,366500 lbs U3O8 and 8,199,000 lbs V2O5; (2007-2009): 146,194 short tons @0.97% V2O5 and 0.17% U3O8.","Total resources (2015): 423,357 metric tons @1.87% V2O5 and 0.301% U3O8.",Adkins (2015),,,,,,,
ore-620,ore_site,Unnamed vanadium site 620,CO,,38.66428,-108.90446,point,vanadium,vanadium,Ore Site,CM-past producer+resources,5,1,1,1,,,2024,USGS Critical mineral deposits of the United States v2.0,ScienceBase data release 10.5066/P9K1HBNT,Meteoric recharge,Sandstone uranium,Colorado Plateau sandstone uranium,"Production (1971): 16,835 metric tons @0.28% U3O8 and 1.09% V2O5.","Total Measured, Indicated, and Inferred resources (2009): 25,038 metric tons @0.22% U3O8 and 0.8% V2O5.",Alief (2009),,,,,,,
ore-663,ore_site,Unnamed vanadium site 663,CO,,38.16962,-108.56347,point,vanadium,vanadium,Ore Site,CM-past producer+resources,5,1,1,1,,,2024,USGS Critical mineral deposits of the United States v2.0,ScienceBase data release 10.5066/P9K1HBNT,Meteoric recharge,Sandstone uranium,Colorado Plateau sandstone uranium,"Underground mine production (1977-2006): 656,820 lbs U3O8 and 3,797,990 lbs V2O5.","Total Indicated resources (2022): 1,367,000 short tons @0.197% eU3O8 and 0.984 % V2O5.",Beahm and others (2022),,,,,,,
ore-666,ore_site,Unnamed vanadium site 666,CO,,38.64258,-109.04839,point,vanadium,vanadium,Ore Site,CM-past producer+resources,5,1,1,1,,,2024,USGS Critical mineral deposits of the United States v2.0,ScienceBase data release 10.5066/P9K1HBNT,Meteoric recharge,Sandstone uranium,Colorado Plateau sandstone uranium,"Production through 1990 (on and within a mile of the Whirlwind property): >7,000,000 lbs U3O8 and 24,000,000 lbs V2O5.","Resources (2008): Whirlwind lease: Indicated resources are 147,300 short tons in place at average thickness of 2.6 ft containing 768,300 pounds U3O8 (0.26%) and 2,594,100 pounds V2O5 (0.88%). Inferred Resource of 1,200,000 lbs U3O8 and nearly 3.9 million lbs V2O5. Crosswind claim group: Indicated resources of 18,722 tons containing 92,086 lbs U3O8 at an average grade of 0.25% and 305,076 lbs V2O5 (0.81%). Inferred Resources 500,000 lbs U3O8 and 1.6 million lbs V2O5. Far West property: Each channel could contain 100,000 lbs U3O8(300,000 lbs total) Inferred resources; and 972,000 lbs V2O5. Utah State lease area: Inferred resource of 200,000 lbs U3O8 and 648,000 lbs V2O5.",Peters (2008a),,,,,,,
ore-669,ore_site,Unnamed vanadium site 669,CO,,38.05211,-108.75894,point,vanadium,vanadium,Ore Site,CM resources,3,1,1,1,,,2024,USGS Critical mineral deposits of the United States v2.0,ScienceBase data release 10.5066/P9K1HBNT,Meteoric recharge,Sandstone uranium,Colorado Plateau sandstone uranium,None.,"Measured resources: 72,120 short tons @0.19% U3O8 and 0.95% V2O5. Indicated resources: 58,020 short tons @0.18% U3O8 and 0.90% V2O5. Combined Measured and Indicated resource is 484,000 lbs (291.5 metric tons) U3O8 and 2,420,000 lbs (1097.7 metric tons) V2O5.",Peters (2008b),,,,,,,
ore-239,ore_site,Unnamed zinc site 239,CO,,39.53332,-106.377,point,zinc,zinc,Ore Site,CM-past producer+resources,5,1,1,1,,,2024,USGS Critical mineral deposits of the United States v2.0,ScienceBase data release 10.5066/P9K1HBNT,Porphyry Cu-Mo-Au,Polymetallic sulfide S-R-V-IS,Central Colorado Mineral Belt carbonate-replacement deposits,"Production: 67.6 million oz Ag (~ 1,890 tons), 400,000 oz Au (~ 11.2 tons), 96,000 tons Cu, 143,700 tons Pb, 847,000 tons Zn, and 200,000 tons of manganiferous iron ore.","Resource for Gilman district: 11.7 million tons ore @8.5% Zn, 1.2% Pb, 0.9% Cu, 230 g/t Ag, and 1.7 g/t Au. Leadville: 47.4 million tons ore @3.5% Zn, 2.9% Pb, 0.106% Cu, 190 g/t Ag, and 2.6 g/t Au.",MRDS (2005); Dicken and others (2022),https://mrdata.usgs.gov/mrds/show-mrds.php?dep_id=10017902,,,,,,
ore-24,ore_site,Unnamed zinc site 24,CO,,39.17832,-106.8234,point,zinc,zinc,Ore Site,CM-past producer+resources,5,1,1,1,,,2024,USGS Critical mineral deposits of the United States v2.0,ScienceBase data release 10.5066/P9K1HBNT,Porphyry Cu-Mo-Au,Polymetallic sulfide S-R-V-IS,Central Colorado Mineral Belt carbonate-replacement deposits,"Production: 101 million oz Ag (~2800 metric tons), 294,000 tons Zn, and 11,000 tons Pb.","Resource for Aspen district: 4 million metric tons @2% Zn, 8% Pb, 0.02% Cu, and 1000 g/t of Ag.",MRDS (2005); Dicken and others (2022),https://mrdata.usgs.gov/mrds/show-mrds.php?dep_id=10013236,,,,,,
ore-348,ore_site,Unnamed zinc site 348,CO,,39.23388,-106.76006,point,zinc,zinc,Ore Site,CM-past producer+resources,5,1,1,1,,,2024,USGS Critical mineral deposits of the United States v2.0,ScienceBase data release 10.5066/P9K1HBNT,Porphyry Cu-Mo-Au,Polymetallic sulfide S-R-V-IS,Central Colorado Mineral Belt carbonate-replacement deposits,"Production: 8,400 tons Ag, 101 tons Au, 1,200,000 tons Pb, 53,000 tons Cu, 1,235,000 tons Zn, and 0.9 to 2.6 million tons Fe-Mn ore.","Resource 47.4 million tons @3.5% Zn, 2.9% Pb, 0.106% Cu, 190 g/t Ag, and 2.6 g/t Au.",MRDS (2005); Dicken and others (2022),https://mrdata.usgs.gov/mrds/show-mrds.php?dep_id=10013378,,,,,,
ore-541,ore_site,Unnamed zinc site 541,CO,,37.85665,-106.93612,point,zinc,zinc,Ore Site,Past producer+CM resources,2,1,1,1,,,2024,USGS Critical mineral deposits of the United States v2.0,ScienceBase data release 10.5066/P9K1HBNT,Alkalic porphyry,Polymetallic sulfide S-R-V-IS,Central Colorado epithermal Au-Ag,Produced silver in the 1980s.,"Inferred resources (2023): 2,570,000 metric tons @1.1% Zn, 1,4% Pb, 11.3 opt Ag, and 0.01 opt Au for 39,850 tons Zn, 49,400 tons Pb, 38,203 oz Ag, and 34 oz Au.",Hecla Mining Company (2023b),,,,,,,
ore-560,ore_site,Unnamed zinc site 560,CO,,39.22809,-106.17561,point,zinc,zinc,Ore Site,CM-past producer+resources,5,1,1,1,,,2024,USGS Critical mineral deposits of the United States v2.0,ScienceBase data release 10.5066/P9K1HBNT,Porphyry Cu-Mo-Au,Polymetallic sulfide S-R-V-IS,Central Colorado Mineral Belt carbonate-replacement deposits,"Production: 1 million oz Ag, 51,500 g Au, 220,000 tons Pb, ~ 3,000 tons Cu, and 70,900 tons Zn.","Resource: 1.17 million tons @2.7% Zn, 6% Pb, and 610 g/ton Ag.",MRDS (2005); Dicken and others (2022),https://mrdata.usgs.gov/mrds/show-mrds.php?dep_id=10190904,,,,,,
ore-659,ore_site,Unnamed zinc site 659,CO,,39.4836,-106.01532,point,zinc,zinc,Ore Site,CM-past producer,1,1,1,0,,,2024,USGS Critical mineral deposits of the United States v2.0,ScienceBase data release 10.5066/P9K1HBNT,Porphyry Cu-Mo-Au,Polymetallic sulfide S-R-V-IS,Montezuma-Breckenridge polymetallic districts,"Production (1887-1928): 6,500 oz Au, 750,000 oz Ag, 40,700,000 lbs Pb, and 164,600,000 lbs Zn.",Unknown.,MRDS (2005),https://mrdata.usgs.gov/mrds/show-mrds.php?dep_id=10108375,,,,,,
ore-549,ore_site,Unnamed beryllium site 549,CT,,41.45079,-72.51312,point,beryllium,beryllium,Ore Site,CM-past producer,1,1,1,0,,,2024,USGS Critical mineral deposits of the United States v2.0,ScienceBase data release 10.5066/P9K1HBNT,Porphyry Sn (granite-related),Pegmatite LCT,Connecticut pegmatites,District production (1942-1945): estimated as 26 tons beryl.,Unknown.,MRDS (2005); Dicken and others (2022),https://mrdata.usgs.gov/mrds/show-mrds.php?dep_id=10240541,,,,,,
ore-256,ore_site,Unnamed REE site 256,FL,,29.9072,-81.73379,point,REE,"REE, titanium, zirconium",Ore Site,CM-past producer+resources,5,1,1,1,,,2024,USGS Critical mineral deposits of the United States v2.0,ScienceBase data release 10.5066/P9K1HBNT,Placer,Ilmenite/rutile/leucoxene,Lower Shoreline Placers,"Production (1972-2005): 229,000,000 short tons ore @3.5% heavy minerals.","Resources (1997): 274,000,000 tonnes ore @33.8% ilmenite-leucoxene, 0.7% monazite-xenotime, 8.8% rutile, and 15.1% zircon.",Bellora and others (2019),https://doi.org/10.5066/F7FN15D1,,,,,,
ore-316,ore_site,Unnamed REE site 316,FL,,30.30303,-81.56256,point,REE,"REE, titanium, zirconium",Ore Site,CM-past producer+resources,5,1,1,1,,,2024,USGS Critical mineral deposits of the United States v2.0,ScienceBase data release 10.5066/P9K1HBNT,Placer,Ilmenite/rutile/leucoxene,Lower Shoreline Placers,"Production (1943-1964): 241,723,000 metric tons ore @5.5% heavy minerals.","Resource (1997): 242,000,000 tonnes @39.1% ilmenite-leucoxene, 0.6% monazite-xenotime, 8.5% rutile, and 13% zircon.",Bellora and others (2019),https://doi.org/10.5066/F7FN15D1,,,,,,
ore-492,ore_site,Unnamed REE site 492,FL,,30.22395,-81.3727,point,REE,REE,Ore Site,CM-past producer,1,1,1,0,,,2024,USGS Critical mineral deposits of the United States v2.0,ScienceBase data release 10.5066/P9K1HBNT,Placer,Monazite/xenotime,Lower Shoreline Placers,Production (1925): 1 short ton monazite.,Unknown.,Bellora and others (2019),https://doi.org/10.5066/F7FN15D1,,,,,,
ore-624,ore_site,Unnamed REE site 624,FL,,30.16496,-82.04738,point,REE,"REE, titanium, zirconium",Ore Site,CM-recent producer+resources,6,1,1,1,,,2024,USGS Critical mineral deposits of the United States v2.0,ScienceBase data release 10.5066/P9K1HBNT,Placer,Ilmenite/rutile/leucoxene,Lower Shoreline Placers,"Production (1949-present): ilmenite, zircon, staurolite. Not all data available. Zircon production (1982-1986): 115,435 metric tons. Ilmenite production (1971-1986): Annual concentrate production ranged from about 65,000 to 90,000 metric tons containing 61-71% TiO2.","Reserve (1997): 1,328,000,000 metric tonnes ore @0.03% monazite, 36.8% ilmenite, 1.7% rutile, and 15% zircon.",MRDS (2005); Bellora and others (2019),https://mrdata.usgs.gov/mrds/show-mrds.php?dep_id=10288842; https://doi.org/10.5066/F7FN15D1,,,,,,
ore-684,ore_site,Unnamed REE site 684,FL,,30.66667,-81.56667,point,REE,"REE, titanium, zirconium",Ore Site,CM resources,3,1,1,1,,,2024,USGS Critical mineral deposits of the United States v2.0,ScienceBase data release 10.5066/P9K1HBNT,Placer,Ilmenite/rutile/leucoxene,Lower Shoreline Placers,None.,"Resource (1997): 142,000,000 tonnes ore @52.7% ilmenite-leucoxene, 0.2% monazite-xenotime, 7.4% rutile, and 16% zircon.",Elsner (1997),,,,,,,
ore-92,ore_site,Unnamed REE site 92,FL,,30.74103,-81.98456,point,REE,"REE, titanium, zirconium",Ore Site,CM-past producer+resources,5,1,1,1,,,2024,USGS Critical mineral deposits of the United States v2.0,ScienceBase data release 10.5066/P9K1HBNT,Placer,Ilmenite/rutile/leucoxene,Lower Shoreline Placers,"Production (1974-1979): 16,316,745 metric tonnes ore @3.75% heavy minerals.","Reserve (Cabin Bluff; 1991): 26,325,000 metric tonnes ore @3.4% heavy minerals.",Bellora and others (2019),https://doi.org/10.5066/F7FN15D1,,,,,,
ore-10,ore_site,Unnamed titanium site 10,FL,,30.61695,-81.44983,point,titanium,"titanium, zirconium",Ore Site,CM resources,3,1,1,1,,,2024,USGS Critical mineral deposits of the United States v2.0,ScienceBase data release 10.5066/P9K1HBNT,Placer,Ilmenite/rutile/leucoxene,Lower Shoreline Placers,None.,"Mineral resource (1993): 4,000,000 long tons @42% ilmenite-leucoxene, 5.8% rutile, and 13.2% zircon. However, the proposed mining project was postponed and the property was developed into the Amelia island Plantation resort.","MRDS (2005); Pirkle and others (1993, 2007)",https://mrdata.usgs.gov/mrds/show-mrds.php?dep_id=10093328,,,,,,
ore-105,ore_site,Unnamed REE site 105,GA,,31.31667,-81.46667,point,REE,REE,Ore Site,CM resources,3,1,0,1,,,2024,USGS Critical mineral deposits of the United States v2.0,ScienceBase data release 10.5066/P9K1HBNT,Placer,Monazite/xenotime,Lower Shoreline Placers,Unknown.,"Historical resource estimate: 65,850,000 metric tons @0.028% lanthanides (0.0285% monazite).","U.S. Bureau of Mines (1982, unpublished data); Jackson and Christiansen (1993)",,,,,,,
ore-176,ore_site,Unnamed REE site 176,GA,,30.84653,-81.42642,point,REE,REE,Ore Site,CM resources,3,1,1,1,,,2024,USGS Critical mineral deposits of the United States v2.0,ScienceBase data release 10.5066/P9K1HBNT,Placer,Monazite/xenotime,Lower Shoreline Placers,None.,Resource (1982) 241 Mt @0.0178% monazite or 0.011% REO.,Bellora and others (2019),https://doi.org/10.5066/F7FN15D1,,,,,,
ore-222,ore_site,Unnamed REE site 222,GA,,30.88175,-81.98046,point,REE,"REE, titanium, zirconium",Ore Site,CM resources,3,1,0,1,,,2024,USGS Critical mineral deposits of the United States v2.0,ScienceBase data release 10.5066/P9K1HBNT,Placer,Ilmenite/rutile/leucoxene; Monazite/xenotime; Zircon,Lower Shoreline Placers,Unknown.,"Reserve (1997): 38,000,000 metric tons @31% ilmenite-leucoxene, 1% monazite-xenotime, 7% rutile and 9% zircon.",Bellora and others (2019),https://doi.org/10.5066/F7FN15D1,,,,,,
ore-610,ore_site,Unnamed aluminum site 610,GA,,32.18268,-84.08131,point,aluminum,aluminum,Ore Site,CM-past producer+resources,5,1,1,1,,,2024,USGS Critical mineral deposits of the United States v2.0,ScienceBase data release 10.5066/P9K1HBNT,Chemical weathering,Bauxite,Georgia bauxite,"Production (1941-1949): virtually all major production from the district was from the Thigpen and nearby Hatton mines. In 1943, stripping was on-going at all Thigpen mines.","Resources (1971): 63,500 metric tons @38% Al2O3. District reserve estimates (1948) for bauxite, bauxitic clay, and kaolin: 5,900,000 long tons bauxite (all grades); 8,090,000 long tons bauxitic clay @45-51% Al2O3; 15,830,000 long tons bauxitic clay @40-45% Al2O3, and 245,500,000 long tons kaolin.",MRDS (2005); Zapp (1965),https://mrdata.usgs.gov/mrds/show-mrds.php?dep_id=10265754,,,,,,
ore-120,ore_site,Unnamed heavy minerals site 120,GA,,30.9252,-81.5972,point,heavy minerals,"heavy minerals, titanium",Ore Site,CM resources,3,1,1,1,,,2024,USGS Critical mineral deposits of the United States v2.0,ScienceBase data release 10.5066/P9K1HBNT,Placer,Ilmenite/rutile/leucoxene,Lower Shoreline Placers,None.,"Reserve (Cabin Bluff deposit; 1991): 1,170,000 long tons heavy minerals; 488,000 long tons TiO2; (Ceylon; 1991): 64,350 long tons heavy minerals, 23,571 long tons TiO2; (Ocean Pond; 1991): 62,250 long tons heavy minerals, 24,421 long tons TiO2; (Pine Barren; 1991): 56,670 long tons heavy minerals; 22,232 long tons TiO2; (Copeland; 1991): 106,000 long tons heavy minerals, 37,000 long tons TiO2.",Bellora and others (2019),https://doi.org/10.5066/F7FN15D1,,,,,,
ore-407,ore_site,Unnamed titanium site 407,GA,,31.0715,-81.96367,point,titanium,"titanium, zirconium",Ore Site,CM-recent producer+resources,6,1,1,1,,,2024,USGS Critical mineral deposits of the United States v2.0,ScienceBase data release 10.5066/P9K1HBNT,Placer,Ilmenite/rutile/leucoxene,Fall Zone Placers,"Production from Mission South (2014): 5,000 metric tons of zircon. The mineral assemblage is highly variable: ilmenite plus leucoxene percentages can range 25%-45%, rutile from 9%-20%, and zircon from 9%-24%.","Unavailable. Chemours operates a mineral sands mine in Jesup, GA in addition to the Mission mine.",Oladeni (2022); Van Gosen and Ellefsen (2018),,,,,,,
ore-324,ore_site,Unnamed aluminum site 324,HI,,22.07404,-159.50228,point,aluminum,"aluminum, titanium",Ore Site,CM resources,3,1,1,1,,,2024,USGS Critical mineral deposits of the United States v2.0,ScienceBase data release 10.5066/P9K1HBNT,Chemical weathering,Bauxite,Hawaii bauxite,None.,"Resource (1971): estimated to be 110 million tons ferruginous bauxite containing an average of 25.9% Al2O3, 4.7% SiO2, 39.4% Fe2O3 and 6.7% TiO2.",MRDS (2005); Dicken and others (2022),https://mrdata.usgs.gov/mrds/show-mrds.php?dep_id=10144218,,,,,,
ore-123,ore_site,Unnamed REE site 123,ID,,42.72755,-111.37263,point,REE,REE,Ore Site,Past producer+CM resources,2,1,1,1,,,2024,USGS Critical mineral deposits of the United States v2.0,ScienceBase data release 10.5066/P9K1HBNT,Marine chemocline,Phosphate,Phosphoria Formation,Production of phosphate.,"Resource (1984): 11,000,000 metric tons ore @0.155% monazite.",Bellora and others (2019),https://doi.org/10.5066/F7FN15D1,,,,,,
ore-189,ore_site,Unnamed REE site 189,ID,,45.32748,-113.94673,point,REE,REE,Ore Site,CM resources,3,1,1,1,,,2024,USGS Critical mineral deposits of the United States v2.0,ScienceBase data release 10.5066/P9K1HBNT,Magmatic REE,Carbonatite,Sheep Creek-Mineral Hill,None.,"Total Inferred resources (2008): 5,800,000 metric tons @1.22% lanthanides and 0.210% Th. Preliminary estimates of amounts of individual REE: about 22,600 t of Ce at a grade of about 0.34%, 17,125 t of Nd at about 0.25%, 8,220 t La at about 0.12%, 5,480 t of Sm at about 0.08%, 4,795 t of Y at about 0.07%, 3,425 t of P at about 0.05 , 3,425 t of Gd at about 0.05%, and 1,370 t of Dy and Eu at about 0.02%, each, and a total of 685 t of the other remaining heavy rare earths at about 0.005% or less each.",Reed (2008),,,,,,,
ore-232,ore_site,Unnamed REE site 232,ID,,43.0485,-112.1119,point,REE,REE,Ore Site,Past producer+CM resources,2,1,1,1,,,2024,USGS Critical mineral deposits of the United States v2.0,ScienceBase data release 10.5066/P9K1HBNT,Marine chemocline,Phosphate,Phosphoria Formation,Production of phosphate.,"Resource (1989): 18,000,000 metric tons @0.1% monazite.",Bellora and others (2019),https://doi.org/10.5066/F7FN15D1,,,,,,
ore-276,ore_site,Unnamed REE site 276,ID,,42.8762,-111.4732,point,REE,REE,Ore Site,Past producer+CM resources,2,1,1,1,,,2024,USGS Critical mineral deposits of the United States v2.0,ScienceBase data release 10.5066/P9K1HBNT,Marine chemocline,Phosphate,Phosphoria Formation,Production of phosphate.,"Resource (1989): 847,000 tons @0.189% monazite.",Bellora and others (2019),https://doi.org/10.5066/F7FN15D1,,,,,,
ore-295,ore_site,Unnamed REE site 295,ID,,42.70217,-111.25382,point,REE,REE,Ore Site,CM resources,3,1,1,1,,,2024,USGS Critical mineral deposits of the United States v2.0,ScienceBase data release 10.5066/P9K1HBNT,Marine chemocline,Phosphate,Phosphoria Formation,None.,"Resource (1989): 23,000,000 metric tons ore @0.16% monazite.",Bellora and others (2019),https://doi.org/10.5066/F7FN15D1,,,,,,
ore-356,ore_site,Unnamed REE site 356,ID,,44.47657,-115.9884,point,REE,REE,Ore Site,CM-past producer,1,1,1,0,,,2024,USGS Critical mineral deposits of the United States v2.0,ScienceBase data release 10.5066/P9K1HBNT,Placer,Monazite/xenotime,Idaho Critical Mineral Placers,"Production (1950-1955): 12,880,000 yd3 bulk material @0.002 tons/yd3 zircon, 0.000351 tons/yd3 garnet, 0.000551 tons/yd3 monazite, 0.0061 tons/yd3 ilmenite. Location from MRDS and Boilings Springs 1:62,500 quadrangle.",Unknown.,MRDS (2005); Bellora and others (2019),https://mrdata.usgs.gov/mrds/show-mrds.php?dep_id=10266505; https://doi.org/10.5066/F7FN15D1,,,,,,
ore-386,ore_site,Unnamed REE site 386,ID,,42.7634,-111.3089,point,REE,REE,Ore Site,Past producer+CM resources,2,1,1,1,,,2024,USGS Critical mineral deposits of the United States v2.0,ScienceBase data release 10.5066/P9K1HBNT,Marine chemocline,Phosphate,Phosphoria Formation,Production of phosphate.,"Resource (1989): 6,350,000 metric tons @0.1% REE and 25% P2O5.",Bellora and others (2019),https://doi.org/10.5066/F7FN15D1,,,,,,
ore-412,ore_site,Unnamed REE site 412,ID,,44.90378,-115.2674,point,REE,REE,Ore Site,CM resources,3,1,1,1,,,2024,USGS Critical mineral deposits of the United States v2.0,ScienceBase data release 10.5066/P9K1HBNT,Metamorphic,"Gneiss REE (monazite, xenotime)",Yellow Pine/Stibnite Mining District,None.,"Resource (1973): 95,000 tons ore, @7.2 lbs/ton REE (represents about 310 metric tons REE).",Bellora and others (2019),https://doi.org/10.5066/F7FN15D1,,,,,,
ore-421,ore_site,Unnamed REE site 421,ID,,42.6393,-111.2855,point,REE,REE,Ore Site,Past producer+CM resources,2,1,1,1,,,2024,USGS Critical mineral deposits of the United States v2.0,ScienceBase data release 10.5066/P9K1HBNT,Marine chemocline,Phosphate,Phosphoria Formation,Production of phosphate.,"Resource (1989): 5,400,000 metric tons @0.166% monazite.",Bellora and others (2019),https://doi.org/10.5066/F7FN15D1,,,,,,
ore-439,ore_site,Unnamed REE site 439,ID,,42.905,-111.5082,point,REE,"REE, vanadium",Ore Site,Past producer+CM resources,2,1,1,1,,,2024,USGS Critical mineral deposits of the United States v2.0,ScienceBase data release 10.5066/P9K1HBNT,Marine chemocline,Phosphate,Phosphoria Formation,Production of phosphate.,"Resources (1985): 3,200,000 metric tons ore @0.1% REO and 27% P2O5; (1976): 84,000 short tons F, 385 short tone U, and 2,800 short tons V.",Bellora and others (2019),https://doi.org/10.5066/F7FN15D1,,,,,,
ore-471,ore_site,Unnamed REE site 471,ID,,44.50877,-115.97737,point,REE,REE,Ore Site,CM resources,3,1,1,1,,,2024,USGS Critical mineral deposits of the United States v2.0,ScienceBase data release 10.5066/P9K1HBNT,Placer,Monazite/xenotime,Idaho Critical Mineral Placers,None.,Resource (1982): 172.5 million tonnes @0.0186% monazite or 0.011% REO.,"MRDS (2005); Jackson and Christiansen (1993); U.S. Bureau of Mines (1982, unpublished data)",https://mrdata.usgs.gov/mrds/show-mrds.php?dep_id=10266660,,,,,,
ore-577,ore_site,Unnamed REE site 577,ID,,42.6968,-111.1319,point,REE,REE,Ore Site,Past producer+CM resources,2,1,1,1,,,2024,USGS Critical mineral deposits of the United States v2.0,ScienceBase data release 10.5066/P9K1HBNT,Marine chemocline,Phosphate,Phosphoria Formation,Production of phosphate.,"Resource (1989): 35,000,000 metric tons ore @0.158% monazite.",Bellora and others (2019),https://doi.org/10.5066/F7FN15D1,,,,,,
ore-623,ore_site,Unnamed REE site 623,ID,,42.73333,-111.4166,point,REE,REE,Ore Site,CM resources,3,1,1,1,,,2024,USGS Critical mineral deposits of the United States v2.0,ScienceBase data release 10.5066/P9K1HBNT,Marine chemocline,Phosphate,Phosphoria Formation,None.,"Resource (1984): 27,000,000 metric tons ore @0.159% monazite.",Bellora and others (2019),https://doi.org/10.5066/F7FN15D1,,,,,,
ore-65,ore_site,Unnamed REE site 65,ID,,42.7907,-111.5244,point,REE,REE,Ore Site,Past producer+CM resources,2,1,1,1,,,2024,USGS Critical mineral deposits of the United States v2.0,ScienceBase data release 10.5066/P9K1HBNT,Marine chemocline,Phosphate,Phosphoria Formation,Production of phosphate.,"Resource (1984): 5,900,000 metric tons ore @0.16% monazite.",Bellora and others (2019),https://doi.org/10.5066/F7FN15D1,,,,,,
ore-277,ore_site,Unnamed antimony site 277,ID,,43.85958,-115.34454,point,antimony,antimony,Ore Site,CM-past producer,1,1,1,0,,,2024,USGS Critical mineral deposits of the United States v2.0,ScienceBase data release 10.5066/P9K1HBNT,Orogenic*,Antimony,Boise antimony,"Production (1947-1950?): 5,000 tons ore, containing about 640 tons Sb, of which 550 tons were recovered.",Unknown.,MRDS (2005); Popoff (1953),https://mrdata.usgs.gov/mrds/show-mrds.php?dep_id=10070739,,,,,,
ore-679,ore_site,Unnamed antimony site 679,ID,,44.9284,-115.3354,point,antimony,"antimony, tungsten",Ore Site,CM-past producer+resources,5,1,1,1,,,2024,USGS Critical mineral deposits of the United States v2.0,ScienceBase data release 10.5066/P9K1HBNT,Orogenic,Gold,Yellow Pine/Stibnite Mining District,"Production (1938-1992): 6,496,838 short tons ore @0.27 troy oz/ton Ag, 0.132% WO3, 0.62% Sb, 0.07384 troy oz/ton Au.","Inferred resource (2019): 9,031,000 metric tons ore @0.03% Sb, 1.31 g/metric ton Au, and 1.5 g/t Ag. Probable reserve (2019): 39,903,000 metric tons @0.098% Sb, 3.1 g/t Ag, and 1.97 g/t Au.",Karl and others (2020),https://doi.org/10.5066/P97NJLI4,,,,,,
ore-680,ore_site,Unnamed antimony site 680,ID,,44.8981,-115.3384,point,antimony,"antimony, tungsten",Ore Site,CM-past producer+resources,5,1,1,1,,,2024,USGS Critical mineral deposits of the United States v2.0,ScienceBase data release 10.5066/P9K1HBNT,Orogenic,Gold,Yellow Pine/Stibnite Mining District,"Production (1928-1939): 303,853 short tons ore @0.598523 troy oz/ton Ag, 0.0022% WO3, 1.237% Sb, and 0.17 troy oz/ton Au.","Inferred resource (2019): 7,451,000 metric tons ore @1.52 g/t Au, 0.11% Sb, and 4.51 g/t Ag. Probable reserve (2019): 13,998,000 metric tons ore @1.53 g/t Au, 2.95 g/t Ag, and 0.132% Sb.",Karl and others (2020),https://doi.org/10.5066/P97NJLI4,,,,,,
ore-681,ore_site,Unnamed antimony site 681,ID,,44.9318,-115.3188,point,antimony,antimony,Ore Site,CM-past producer+resources,5,1,1,1,,,2024,USGS Critical mineral deposits of the United States v2.0,ScienceBase data release 10.5066/P9K1HBNT,Orogenic,Gold,Yellow Pine/Stibnite Mining District,"Production (1978-1997): 8,156,942 short tons ore @0.0184 troy oz/ton Ag and 0.0557 g/ton Au.","Inferred resource (2020): 8,546,000 metric tons ore @0.68 g/metric ton Ag, 0.006% Sb, and 1.15 g/t Au. Probable reserve (2020): 32,341,000 metric tons ore @1.22 g/t Au and 1.36 g/metric ton Ag.",Karl and others (2020),https://doi.org/10.5066/P97NJLI4,,,,,,
ore-290,ore_site,Unnamed arsenic site 290,ID,,48.16657,-116.17545,point,arsenic,"arsenic, zinc",Ore Site,CM-past producer,1,1,1,0,,,2024,USGS Critical mineral deposits of the United States v2.0,ScienceBase data release 10.5066/P9K1HBNT,Coeur d'Alene-type,Polymetallic sulfide,Clark Fork,"Production (1925-1943, in terms of gross metal content): 109,592 short tons ore, 28.9 fine oz Au, 319,236 fine oz Ag, 3,562 lbs Cu, 10,077,846 lbs Pb, and 774,300 lbs Zn (Zn produced only in 1942 and 1943). Enough arsenopyrite in the ore to contribute 1 to 1.5% As to concentrates shipped to smelter.",Unknown.,MRDS (2005); Anderson (1947),https://mrdata.usgs.gov/mrds/show-mrds.php?dep_id=10088842,,,,,,
ore-598,ore_site,Unnamed barite site 598,ID,,43.54879,-114.48981,point,barite,barite,Ore Site,CM-past producer,1,1,1,0,,,2024,USGS Critical mineral deposits of the United States v2.0,ScienceBase data release 10.5066/P9K1HBNT,Basin brine path,Barite (replacement and bedded),Central Idaho barite,"Production (1949): 6,700 tons barite; the best ore grade was 84 to 88% barite (Sun Valley mine produced most of the barite mined in Idaho).",Unknown.,MRDS (2005); Dicken and others (2022),https://mrdata.usgs.gov/mrds/show-mrds.php?dep_id=10216701,,,,,,
ore-425,ore_site,Unnamed beryllium site 425,ID,,46.88956,-116.57933,point,beryllium,beryllium,Ore Site,CM-past producer,1,1,1,0,,,2024,USGS Critical mineral deposits of the United States v2.0,ScienceBase data release 10.5066/P9K1HBNT,Reduced intrusion-related,Pegmatite LCT,Latah County beryllium,"Production (1946-1954): 235,800 metric tons ore @0.18% Be.",Unknown.,MRDS (2005),https://mrdata.usgs.gov/mrds/show-mrds.php?dep_id=10290309,,,,,,
ore-297,ore_site,Unnamed cobalt site 297,ID,,45.13384,-114.35805,point,cobalt,cobalt,Ore Site,CM-past producer+resources,5,1,1,1,,,2024,USGS Critical mineral deposits of the United States v2.0,ScienceBase data release 10.5066/P9K1HBNT,IOA-IOCG,Iron oxide copper gold,Idaho Cobalt Belt,None (planned to start in 2023). Includes historical Blackbird and Ram deposits. See Blackbird production.,"Total reserves and resources (2020): 6,810,000 metric tons @0.41% Co, 0.64% Cu, and 0.4520 g/t Au.",Sletten and others (2020),,,,,,,
ore-305,ore_site,Unnamed cobalt site 305,ID,,44.9627,-114.1218,point,cobalt,cobalt,Ore Site,CM resources,3,1,1,1,,,2024,USGS Critical mineral deposits of the United States v2.0,ScienceBase data release 10.5066/P9K1HBNT,IOA-IOCG,Iron oxide copper gold,Idaho Cobalt Belt,None.,"Total Measured, Indicated, and Inferred resources (2023): 5,682,000 metric tons @0.160% Co (9,268 metric tons Co) and 0.86% Cu.",Burger and others (2018); Electra Battery Materials Corporation (2023),https://doi.org/10.5066/P9V74HIU,,,,,,
ore-506,ore_site,Unnamed cobalt site 506,ID,,45.14378,-114.35994,point,cobalt,cobalt,Ore Site,CM resources,3,1,1,1,,,2024,USGS Critical mineral deposits of the United States v2.0,ScienceBase data release 10.5066/P9K1HBNT,IOA-IOCG,Iron oxide copper gold,Idaho Cobalt Belt,None.,"Proven + Probable mineral reserve (2017): 3,662,000 tons ore @0.47% Co, 0.68% Cu, and 0.015 oz/ton Au; cutoff grade 0.25% Co. Inferred mineral resource (2017): 0.68% Cu, 0.51% Co, and 0.012 oz/ton Au; cutoff grade 0.2% Co. Measured + Indicated mineral resource (2017): 0.59% Co, 0.73% Cu, and 0.16 oz/ton Au; cutoff grade 0.2% Co.",Burger and others (2018),https://doi.org/10.5066/P9V74HIU,,,,,,
ore-538,ore_site,Unnamed cobalt site 538,ID,,45.29972,-114.55751,point,cobalt,cobalt,Ore Site,CM resources,3,1,1,1,,,2024,USGS Critical mineral deposits of the United States v2.0,ScienceBase data release 10.5066/P9K1HBNT,IOA-IOCG,Iron oxide copper gold,Idaho Cobalt Belt,None.,"Probable geologic resource (1979) 1,270,000 tons ore @0.2% Co, 1.3% Cu, 0.015 oz/ton Au, and 0.3 oz/ton Ag.",Burger and others (2018),https://doi.org/10.5066/P9V74HIU,,,,,,
ore-600,ore_site,Unnamed cobalt site 600,ID,,45.134,-114.36366,point,cobalt,cobalt,Ore Site,CM resources,3,1,1,1,,,2024,USGS Critical mineral deposits of the United States v2.0,ScienceBase data release 10.5066/P9K1HBNT,IOA-IOCG,Iron oxide copper gold,Idaho Cobalt Belt,None.,"Measured + Indicated resource (2006): 260,700 tons ore @0.604% Co, 0.327% Cu, and 0.013 oz/ton Au; cutoff grade 0.3% Co.",Burger and others (2018),https://doi.org/10.5066/P9V74HIU,,,,,,
ore-64,ore_site,Unnamed cobalt site 64,ID,,45.11736,-114.34256,point,cobalt,cobalt,Ore Site,CM-past producer+resources,5,1,1,1,,,2024,USGS Critical mineral deposits of the United States v2.0,ScienceBase data release 10.5066/P9K1HBNT,IOA-IOCG,Iron oxide copper gold,Idaho Cobalt Belt,"Production (1936-1968): 283,741 tons ore yielding 53,450,171 lbs Cu, 13,865,496 lbs Co, 24,136 oz Au, 53,544 oz Au.","Reserve (1977): 6,500,000 tons ore @0.55% Co and 1.31% Cu.",Burger and others (2018),https://doi.org/10.5066/P9V74HIU,,,,,,
ore-66,ore_site,Unnamed cobalt site 66,ID,,45.04685,-114.2038,point,cobalt,cobalt,Ore Site,Past producer+CM resources,2,1,1,1,,,2024,USGS Critical mineral deposits of the United States v2.0,ScienceBase data release 10.5066/P9K1HBNT,IOA-IOCG,Iron oxide copper gold,Idaho Cobalt Belt,"Production (1945-1965): 5,500 metric tons @2% Cu; Co not recovered.","Total Inferred resources (1994): 800,000 metric tons @1.823% Cu, 0.007% Co (52 metric tons Co), and 0.413 g/t Au. Includes 600,000 t of oxide resources @1.04% Cu, 0.004% Co, and 0.13 g.t Au and 200,000 t sulfide resources @4.17% Cu, 0.014% Co, and 1.26 g/t Au.",MRDS (2005); Koba Resources Ltd. (2023); New World Resources (2021),https://mrdata.usgs.gov/mrds/show-mrds.php?dep_id=10119962,,,,,,
ore-236,ore_site,Unnamed fluorspar site 236,ID,,44.24988,-114.85673,point,fluorspar,fluorspar,Ore Site,CM-past producer,1,1,1,0,,,2024,USGS Critical mineral deposits of the United States v2.0,ScienceBase data release 10.5066/P9K1HBNT,Alkalic porphyry,Fluorspar,Yankee Fork fluorspar,Production: a few truckloads of fluorite during WWII.,Unknown.,MRDS (2005); Dicken and others (2022),https://mrdata.usgs.gov/mrds/show-mrds.php?dep_id=10089180,,,,,,
ore-328,ore_site,Unnamed fluorspar site 328,ID,,44.44519,-114.32842,point,fluorspar,fluorspar,Ore Site,Past producer+CM resources,2,1,1,1,,,2024,USGS Critical mineral deposits of the United States v2.0,ScienceBase data release 10.5066/P9K1HBNT,Alkalic porphyry,Fluorspar,Challis fluorspar,"Historical production of Ag, Cu, and Pb.","Possible reserves (1971): 5,000,000 tons @40% fluorite. Probable reserves (1971): 3,500,000 tons @40% fluorite.",MRDS (2005); Pye (1971),https://mrdata.usgs.gov/mrds/show-mrds.php?dep_id=10071078,,,,,,
ore-338,ore_site,Unnamed fluorspar site 338,ID,,44.4862,-114.3347,point,fluorspar,fluorspar,Ore Site,CM resources,3,1,1,1,,,2024,USGS Critical mineral deposits of the United States v2.0,ScienceBase data release 10.5066/P9K1HBNT,Alkalic porphyry,Fluorspar,Challis fluorspar,None.,"Measured + Indicated reserve (1977): 450,000 tonnes @30% CaF2.",Kauffman (1977),,,,,,,
ore-396,ore_site,Unnamed fluorspar site 396,ID,,44.85318,-114.5005,point,fluorspar,fluorspar,Ore Site,CM-past producer+resources,5,1,1,1,,,2024,USGS Critical mineral deposits of the United States v2.0,ScienceBase data release 10.5066/P9K1HBNT,Alkalic porphyry,Fluorspar,Challis fluorspar,"Total production from area ~35,400 metric tons fluorite.","Proved + Probable reserves (Big Lead, Bear Trap, and South deposits; 1949): 2,978,789 tons ore @27.15% CaF2.",MRDS (2005); Burgin (1949),https://mrdata.usgs.gov/mrds/show-mrds.php?dep_id=10069418,,,,,,
ore-457,ore_site,Unnamed fluorspar site 457,ID,,44.4111,-114.3197,point,fluorspar,fluorspar,Ore Site,Past producer+CM resources,2,1,1,1,,,2024,USGS Critical mineral deposits of the United States v2.0,ScienceBase data release 10.5066/P9K1HBNT,Alkalic porphyry,Fluorspar,Challis fluorspar,"Pacific mine (intermittent between 1901-1964): 19,183 tons of ore and reprocessed 15 tons of old tailings, yielding 74 oz Au, 130,801 oz Ag, 31,995 lbs Cu. 1,666,188 lbs Pb, and 339,166 lbs Zn. No fluorite production reported.","In situ resource (1987): Inferred 600,000 metric tons ore; Demonstrated 3,450,000 metric tons ore; Indicated 550,000 metric tons ore, Measured 2,900,000 metric tons ore, Total resource 4,020,000 metric tons @36% fluorite.",MRDS (2005); Dicken and others (2022); Mitchell (1999),https://mrdata.usgs.gov/mrds/show-mrds.php?dep_id=10071113,,,,,,
ore-466,ore_site,Unnamed fluorspar site 466,ID,,42.19323,-111.4375,point,fluorspar,"fluorspar, REE, vanadium",Ore Site,CM resources,3,1,0,1,,,2024,USGS Critical mineral deposits of the United States v2.0,ScienceBase data release 10.5066/P9K1HBNT,Marine chemocline,Phosphate,Phosphoria Formation,Unknown.,"Resource (1977): 42,000,000 metric tons @31% P2O5, 0.0229% fluorite, 0.0016% V2O5, 0.0001% U3O8, 0.0009% REE, 0.0033 g/metric ton Ag, 0.0004% Zn, 0.0001% Se, 0.0085% Tl, and 0.0001% Cd.",MRDS (2005),https://mrdata.usgs.gov/mrds/show-mrds.php?dep_id=10143655,,,,,,
ore-51,ore_site,Unnamed fluorspar site 51,ID,,44.85488,-114.50403,point,fluorspar,fluorspar,Ore Site,CM-past producer,1,1,1,0,,,2024,USGS Critical mineral deposits of the United States v2.0,ScienceBase data release 10.5066/P9K1HBNT,Climax-type,Fluorspar,Meyers Cove fluorspar,"Production: 26,579 metric tons fluorite (75% of the fluorite production from the area).",Unknown.,MRDS (2005); Dicken and others (2022),https://mrdata.usgs.gov/mrds/show-mrds.php?dep_id=10216911,,,,,,
ore-42,ore_site,Unnamed niobium site 42,ID,,44.37071,-115.40178,point,niobium,"niobium, REE, tantalum",Ore Site,CM-past producer+resources,5,1,1,1,,,2024,USGS Critical mineral deposits of the United States v2.0,ScienceBase data release 10.5066/P9K1HBNT,Placer,Columbite/tantalite,Idaho Critical Mineral Placers,"In 1955 99% of domestic supply of columbite and tantalum was produced from Bear Valley placers. Past production of 10,000 metric tons REO.","Total resources (2002): 109,900,000 metric tons @0.0155% monazite or 0.010% REO.",MRDS (2005); Jackson and Christiansen (1993); Orris and Grauch (2002),https://mrdata.usgs.gov/mrds/show-mrds.php?dep_id=10105706,,,,,,
ore-177,ore_site,Unnamed rhenium site 177,ID,,44.03394,-115.78297,point,rhenium,"rhenium, tungsten",Ore Site,Past producer+CM resources,2,1,1,1,,,2024,USGS Critical mineral deposits of the United States v2.0,ScienceBase data release 10.5066/P9K1HBNT,Porphyry Cu-Mo-Au,Porphyry/skarn molybdenum,CuMo-Little Falls mineral districts,Recorded Au production of 2.8 million oz.,"Inferred resource (2020): 2,556,600,000 short tons ore @0.048% MoS2, 0.067% Cu, 0.017 ppm Re, 2.13 ppm Ag, and 0.282% S. Measured + Indicated resource (2020): 2,269,600,000 short tons ore @0.021 ppm Re, 0.057% MoS2, 0.084% Cu, 0.264% S, and 2.5 ppm Ag. Inferred resources (2015): 3,373,600,000 tons ore @32.1 ppm W. Measured + Indicated resource (2015): 2,524,500,000 tons @39 ppm W.",Karl and others (2020),https://doi.org/10.5066/P97NJLI4,,,,,,
ore-611,ore_site,Unnamed rhenium site 611,ID,,44.31924,-114.55675,point,rhenium,"rhenium, tungsten",Ore Site,CM-past producer+resources,5,1,1,1,,,2024,USGS Critical mineral deposits of the United States v2.0,ScienceBase data release 10.5066/P9K1HBNT,Porphyry Cu-Mo-Au,Porphyry/skarn molybdenum,White Cloud mineral district,"Production (1983-2014): 324,827,000 lbs Mo.","Inferred resource (2015): 700,000 tonnes ore @0.35% Mo. Unclassified resource (2017): 212,000,000 metric tons ore @0.42 g/metric ton Re. Unclassified resource (1991): 189,000 tons ore @0.93% WO3.",Karl and others (2020),https://doi.org/10.5066/P97NJLI4,,,,,,
ore-299,ore_site,Unnamed tungsten site 299,ID,,44.53288,-113.69269,point,tungsten,tungsten,Ore Site,CM-past producer+resources,5,1,1,1,,,2024,USGS Critical mineral deposits of the United States v2.0,ScienceBase data release 10.5066/P9K1HBNT,Porphyry Cu-Mo-Au,S-R-V tungsten,Ima mine (Blue Wing mining district),"Production (1934-1982): 746,383 tons ore @0.12% Cu, 0.0014% Zn, 1.737 troy oz/ton Ag, 0.000404 troy oz/ton Au, 0.196% Pb, and 0.266% WO3.","Resource (1999): 350,000 tons @0.19% Cu, 0.2% Zn, 1.9 troy oz/ton Ag, 0.22% Pb, and 0.5% WO3.",Karl and others (2020),https://doi.org/10.5066/P97NJLI4,,,,,,
ore-631,ore_site,Unnamed tungsten site 631,ID,,44.33391,-114.58608,point,tungsten,tungsten,Ore Site,CM-past producer+resources,5,1,1,1,,,2024,USGS Critical mineral deposits of the United States v2.0,ScienceBase data release 10.5066/P9K1HBNT,Porphyry Cu-Mo-Au,S-R-V tungsten,White Cloud mineral district,"Production (1983-2014): 324,827,000 lbs Mo and (1955-1956): 493 tons ore @0.77% WO3.","Resources (1991): 1,800 tons ore @0.74% WO3.",Karl and others (2020),https://doi.org/10.5066/P97NJLI4,,,,,,
ore-112,ore_site,Unnamed zinc site 112,ID,,47.53377,-116.13913,point,zinc,zinc,Ore Site,CM-recent producer+resources,6,1,1,1,,,2024,USGS Critical mineral deposits of the United States v2.0,ScienceBase data release 10.5066/P9K1HBNT,Coeur d'Alene-type,Polymetallic sulfide,Coeur d'Alene Mining District (Silver Valley antimony),"Production (1885-1981; 1988-1991): 42.77 Mt @8.43% Pb, 4.52% Zn, and 3.52 opt Ag. Mine to restart 2023. Projected production 2024-2028 includes 23,000 to 30,000 metric tons Zn/year as well as Pb and Ag.","Total reserves (2022): 3,360,000 tons @5.3% Zn, 2.4% Pb, and 1.02 oz/ton Ag.",MRDS (2005); Mining Technology (2022); Wilson and others (2022),https://mrdata.usgs.gov/mrds/show-mrds.php?dep_id=10105938,,,,,,
ore-211,ore_site,Unnamed zinc site 211,ID,,43.89197,-113.66932,point,zinc,zinc,Ore Site,CM-past producer+resources,5,1,1,1,,,2024,USGS Critical mineral deposits of the United States v2.0,ScienceBase data release 10.5066/P9K1HBNT,Porphyry Cu-Mo-Au,Porphyry/skarn copper,Mackay stock area,"Production (1880s to 1954): 900,000 tons ore, resulting in 31,000 tons Cu, 450 tons Zn, 41,200 oz Au, and 1,300,000 oz Ag.","Total resources (2020): 33,625,100 metric tons @0.387% Cu, 0.176 % Zn, 9,905 g/ metric ton Ag, 0.332 g/metric ton Au, and 0.012% Pb.",MRDS (2005),https://mrdata.usgs.gov/mrds/show-mrds.php?dep_id=10089294,,,,,,
ore-264,ore_site,Unnamed zinc site 264,ID,,44.31989,-114.56593,point,zinc,zinc,Ore Site,CM-past producer,1,1,1,0,,,2024,USGS Critical mineral deposits of the United States v2.0,ScienceBase data release 10.5066/P9K1HBNT,Porphyry Cu-Mo-Au,Polymetallic sulfide S-R-V-IS,White Cloud mineral district,"Production (1916-1981): 5,689 tons of ore; 42.43 oz Au, 13,148 oz Ag, 682 lbs Cu, 26,994 lbs Pb, and 4,511 lbs Zn.",Unknown.,MRDS (2005); Dicken and others (2022),https://mrdata.usgs.gov/mrds/show-mrds.php?dep_id=10216544,,,,,,
ore-289,ore_site,Unnamed zinc site 289,ID,,44.1711,-114.6333,point,zinc,zinc,Ore Site,CM-past producer+resources,5,1,1,1,,,2024,USGS Critical mineral deposits of the United States v2.0,ScienceBase data release 10.5066/P9K1HBNT,Basin brine path,Zinc-lead (MVT and sedex),Triumph sedex mineral system,"Production (1973-1977): 200,000 to 300,000 short tons ore @7% Zn, 0.5% Pb, and 0.9 oz/short ton Ag.","Resource (1978): 78,900 metric tons ore @11% Zn, 0.47% Pb, 11.9 g/metric ton Ag, and 0.08% Cd.",MRDS (2005); Dicken and others (2022),https://mrdata.usgs.gov/mrds/show-mrds.php?dep_id=10071008,,,,,,
ore-366,ore_site,Unnamed zinc site 366,ID,,47.47056,-115.7833,point,zinc,zinc,Ore Site,CM-recent producer+resources,6,1,1,1,,,2024,USGS Critical mineral deposits of the United States v2.0,ScienceBase data release 10.5066/P9K1HBNT,Coeur d'Alene-type,Polymetallic sulfide,Coeur d'Alene Mining District (Silver Valley antimony),"In production since 1942. In 2022, produced 11,282 metric tons Zn, 26,520 metric tons Pb, and 4,412,764 oz Ag.","Total reserves and resources (2022): 15,056,273 metric tons @2.8% Zn, 6.6 % Pb, and 339,429 g/t Ag.",SLR International Corporation (2022); Hecla Mining Company (2023a),,,,,,,
ore-580,ore_site,Unnamed zinc site 580,ID,,42.73704,-116.9189,point,zinc,zinc,Ore Site,CM-past producer+resources,5,1,1,1,,,2024,USGS Critical mineral deposits of the United States v2.0,ScienceBase data release 10.5066/P9K1HBNT,Porphyry Cu-Mo-Au,Polymetallic sulfide S-R-V-IS,South Mountain district,"Production (1941 - 1953): 53,653 metric tons of ore produced 15,600,000 lbs Zn, 2,600,000 lbs Pb, 13,932 lbs Cu, 566,343 oz Ag, and 3,118 oz Au.","Total Measured, Indicated, and Inferred resources (2021): 943,950 metric tons @8.03% Zn, 0.98% Pb, 0.77% Cu, 187 g/t Ag, and 1.56 g/t.","Choquette and others (2019, 2021)",,,,,,,
ore-590,ore_site,Unnamed zinc site 590,ID,,47.49379,-115.8182,point,zinc,zinc,Ore Site,CM-past producer+resources,5,1,1,1,,,2024,USGS Critical mineral deposits of the United States v2.0,ScienceBase data release 10.5066/P9K1HBNT,Coeur d'Alene-type,Polymetallic sulfide,Coeur d'Alene Mining District (Silver Valley antimony),Limited production 1980 - 1990 as Star Morning and Star Phoenix mines.,"Total Measured, Indicated, and Inferred resources (2022): 3,555,257 metric tons @6.4% Zn, 6.0% Pb, and 106.286 g/t Ag.",Hecla Mining Company (2023c),,,,,,,
ore-626,ore_site,Unnamed zinc site 626,ID,,43.645,-114.2603,point,zinc,zinc,Ore Site,CM-past producer+resources,5,1,1,1,,,2024,USGS Critical mineral deposits of the United States v2.0,ScienceBase data release 10.5066/P9K1HBNT,Basin brine path,Zinc-lead (MVT and sedex),Triumph sedex mineral system,"Production (1936-1948): 966,100 metric tons @268 g/metric ton Ag, 2 g/metric ton Au, 4% Pb, and 7% Zn. Total production (1884-1967): 176,295,742 lbs Zn.","Resource (1989): 41,000 metric tons ore @10% Zn, 6% Pb, and 206 g/metric ton Ag. Superfund site.",Mitchell (1997); MRDS (2005); Dicken and others (2022),https://mrdata.usgs.gov/mrds/show-mrds.php?dep_id=10103877,,,,,,
ore-97,ore_site,Unnamed zinc site 97,ID,,47.5274,-116.17597,point,zinc,zinc,Ore Site,CM-past producer+resources,5,1,1,1,,,2024,USGS Critical mineral deposits of the United States v2.0,ScienceBase data release 10.5066/P9K1HBNT,Coeur d'Alene-type,Polymetallic sulfide,Coeur d'Alene Mining District (Silver Valley antimony),"Production (1886-1940): Blackhawk, Wyoming, Ranger, Crown Point, Silver King and Curley mines) over 2 million oz Ag, 9.4 million lbs Zn, and 6 million lbs Pb.","Total Inferred historical resources (2021): 197,766 metric tons @10.34% Zn, 5.22% Pb, and 87.4 g/metric ton Ag.",Ray (2016),,,,,,,
ore-280,ore_site,Unnamed barite site 280,IL,,37.53364,-88.36825,point,barite,"barite, fluorspar, niobium, REE",Ore Site,CM resources,3,1,1,1,,,2024,USGS Critical mineral deposits of the United States v2.0,ScienceBase data release 10.5066/P9K1HBNT,Hybrid magmatic REE / basin brine path,Fluorspar,Hicks Dome Intrusion,None.,"Economically exploitable resource (1978): 14,700,000 metric tons ore @0.42% REO. Resource (1978): 11,324,000 tons ore @3.64% barite, 11.45% fluorite, 0.155% Nb, 0.209% Th, and 0.177% Y.",Bellora and others (2019); Denny and others (2020),https://doi.org/10.5066/F7FN15D1,,,,,,
ore-39,ore_site,Unnamed barite site 39,IL,,37.44867,-88.42974,point,barite,"barite, fluorspar",Ore Site,CM-past producer+resources,5,1,1,1,,,2024,USGS Critical mineral deposits of the United States v2.0,ScienceBase data release 10.5066/P9K1HBNT,Hybrid magmatic REE / basin brine path,Fluorspar,Illinois-Kentucky Fluorspar District,"Production (1966-1984): total tonnage difficult to determine, but estimated to be ~550,000 tons (along with West Vein).","Proved reserve (1981): 600,000 tons ore @40% barite and 20% fluorite.",MRDS (2005); Denny and others (2020),https://mrdata.usgs.gov/mrds/show-mrds.php?dep_id=10169446,,,,,,
ore-15,ore_site,Unnamed fluorspar site 15,IL,,37.5767,-88.1995,point,fluorspar,"fluorspar, zinc",Ore Site,CM-past producer,1,1,1,0,,,2024,USGS Critical mineral deposits of the United States v2.0,ScienceBase data release 10.5066/P9K1HBNT,Hybrid magmatic REE / basin brine path,Fluorspar,Illinois-Kentucky Fluorspar District,"Production (in 1990): 961,084 raw tons ore; ore from the mine averaged 30-35% CaF2 and 2-5% Zn.",Unknown.,MRDS (2005); Denny and others (2020),https://mrdata.usgs.gov/mrds/show-mrds.php?dep_id=10082956,,,,,,
ore-182,ore_site,Unnamed fluorspar site 182,IL,,37.5205,-88.1992,point,fluorspar,"fluorspar, zinc",Ore Site,CM-past producer,1,1,1,0,,,2024,USGS Critical mineral deposits of the United States v2.0,ScienceBase data release 10.5066/P9K1HBNT,Hybrid magmatic REE / basin brine path,Fluorspar,Illinois-Kentucky Fluorspar District,"Production (W.L. Davis mine; 1967): ~287,000 tons @40% CaF2, 12% Zn, and 3% Pb mined from the sub-Rosiclare Level, and 135,177 tons @50% CaF2 mined from the Bethel Level.",Unknown.,MRDS (2005); Denny and others (2020),https://mrdata.usgs.gov/mrds/show-mrds.php?dep_id=10106430,,,,,,
ore-318,ore_site,Unnamed fluorspar site 318,IL,,37.46477,-88.41194,point,fluorspar,fluorspar,Ore Site,CM-past producer,1,1,1,0,,,2024,USGS Critical mineral deposits of the United States v2.0,ScienceBase data release 10.5066/P9K1HBNT,Hybrid magmatic REE / basin brine path,Fluorspar,Illinois-Kentucky Fluorspar District,"Production (1946-1971): more than 150,000 tons fluorite concentrate from Jefferson Mines No. 1 and No. 2).",Unknown.,MRDS (2005); Denny and others (2020),https://mrdata.usgs.gov/mrds/show-mrds.php?dep_id=10144924,,,,,,
ore-528,ore_site,Unnamed fluorspar site 528,IL,,37.57367,-88.40974,point,fluorspar,"fluorspar, zinc",Ore Site,CM-past producer,1,1,1,0,,,2024,USGS Critical mineral deposits of the United States v2.0,ScienceBase data release 10.5066/P9K1HBNT,Hybrid magmatic REE / basin brine path,Fluorspar,Illinois-Kentucky Fluorspar District,"Production (1942-1949): 8,500 tons @60% CaF2 ore and 3,450 tons 35-50% CaF2 ore.",Unknown.,MRDS (2005); Denny and others (2020),https://mrdata.usgs.gov/mrds/show-mrds.php?dep_id=10266176,,,,,,
ore-529,ore_site,Unnamed fluorspar site 529,IL,,37.42535,-88.34837,point,fluorspar,fluorspar,Ore Site,CM-past producer,1,1,1,0,,,2024,USGS Critical mineral deposits of the United States v2.0,ScienceBase data release 10.5066/P9K1HBNT,Hybrid magmatic REE / basin brine path,Fluorspar,Illinois-Kentucky Fluorspar District,"Production (began 1842 - mine flooded 1954): (1909-1915): averaged 40,000 tons of finished fluorspar produced each year; maximum yearly production of 100,000 tons in 1917.",Unknown.,MRDS (2005); Denny and others (2020),https://mrdata.usgs.gov/mrds/show-mrds.php?dep_id=10106427,,,,,,
ore-228,ore_site,Unnamed zinc site 228,KS,,37.06677,-94.61693,point,zinc,zinc,Ore Site,CM-past producer,1,1,1,0,,,2024,USGS Critical mineral deposits of the United States v2.0,ScienceBase data release 10.5066/P9K1HBNT,Basin brine path,Zinc-lead (MVT and sedex),Tri-State district,"District production: 498 Mst of ore, with 2.8 Mst Pb and 11.7 Mst Zn. Past minor production of Cd, Ge, and Ga as byproducts of Zn and Pb extraction.",Unknown.,MRDS (2005); Dicken and others (2022),https://mrdata.usgs.gov/mrds/show-mrds.php?dep_id=10242390,,,,,,
ore-197,ore_site,Unnamed fluorspar site 197,KY,,37.27147,-88.24063,point,fluorspar,fluorspar,Ore Site,CM-past producer,1,1,1,0,,,2024,USGS Critical mineral deposits of the United States v2.0,ScienceBase data release 10.5066/P9K1HBNT,Hybrid magmatic REE / basin brine path,Fluorspar,Illinois-Kentucky Fluorspar District,"Production (1900; 1942-1945): 6,000 tons fluorspar ore.",Unknown.,MRDS (2005); Hardin (1955),https://mrdata.usgs.gov/mrds/show-mrds.php?dep_id=10267275,,,,,,
ore-333,ore_site,Unnamed fluorspar site 333,KY,,37.21947,-88.32924,point,fluorspar,fluorspar,Ore Site,CM-recent producer+resources,6,1,1,1,,,2024,USGS Critical mineral deposits of the United States v2.0,ScienceBase data release 10.5066/P9K1HBNT,Hybrid magmatic REE / basin brine path,Fluorspar,Illinois-Kentucky Fluorspar District,"Production: produced between 10,000 and 100,000 short tons fluorspar.","Reserves (2006): 1,600,000 tonnes ore @60% fluorite.",MRDS (2005); Trace and Amos (1984); Feytis (2009),https://mrdata.usgs.gov/mrds/show-mrds.php?dep_id=10267511,,,,,,
ore-114,ore_site,Unnamed zinc site 114,KY,,36.77508,-85.33494,point,zinc,zinc,Ore Site,CM resources,3,1,1,1,,,2024,USGS Critical mineral deposits of the United States v2.0,ScienceBase data release 10.5066/P9K1HBNT,Basin brine path,Zinc-lead (MVT and sedex),South Central Kentucky and North Central Tennessee mineral district,None.,Reserves (1979): 50 million short tons ore @3.0% Pb and 3.5% Zn.,MRDS (2005); Long (1992),https://mrdata.usgs.gov/mrds/show-mrds.php?dep_id=10307222,,,,,,
ore-224,ore_site,Unnamed zinc site 224,KY,,36.70428,-85.94306,point,zinc,zinc,Ore Site,CM resources,3,1,1,1,,,2024,USGS Critical mineral deposits of the United States v2.0,ScienceBase data release 10.5066/P9K1HBNT,Basin brine path,Zinc-lead (MVT and sedex),South Central Kentucky and North Central Tennessee mineral district,None.,Reserve (1979): 50 million short tons @4.0% Zn.,MRDS (2005); Long (1992),https://mrdata.usgs.gov/mrds/show-mrds.php?dep_id=10218493,,,,,,
ore-517,ore_site,Unnamed chromium site 517,MD,,39.6119,-76.455,point,chromium,chromium,Ore Site,CM-past producer,1,1,1,0,,,2024,USGS Critical mineral deposits of the United States v2.0,ScienceBase data release 10.5066/P9K1HBNT,Mafic magmatic,Chromite,State Line district/BMC (Baltimore Mafic Complex),"Production (??-1900): 100,000 long tons ore @46.1% Cr2O3.",Unknown.,MRDS (2005); Pearre and Heyl (1960),https://mrdata.usgs.gov/mrds/show-mrds.php?dep_id=10267083,,,,,,
ore-190,ore_site,Unnamed titanium site 190,MD,,39.70002,-76.383,point,titanium,titanium,Ore Site,CM resources,3,1,1,1,,,2024,USGS Critical mineral deposits of the United States v2.0,ScienceBase data release 10.5066/P9K1HBNT,Mafic magmatic,Iron-titanium oxide,State Line district/BMC (Baltimore Mafic Complex),None.,"Resource (1984): 700,000 metric tons of TiO2 from rutile.",MRDS (2005); Force and Lynd (1984),https://mrdata.usgs.gov/mrds/show-mrds.php?dep_id=10068347,,,,,,
ore-34,ore_site,Unnamed arsenic site 34,ME,,46.73457,-68.74477,point,arsenic,"arsenic, zinc",Ore Site,CM resources,3,1,1,1,,,2024,USGS Critical mineral deposits of the United States v2.0,ScienceBase data release 10.5066/P9K1HBNT,Volcanogenic seafloor,Polymetallic sulfide,New England Peri-Gondwanan Arc Systems,None.,"Resource (in situ, total hypogene, 2004): 29,980,000 metric tons ore @1.03% Cu, 0.51 g/metric ton Au, 14.4 g/metric ton Ag, 1.12% Zn, and 0.42% As.",MRDS (2005); Dicken and others (2022),https://mrdata.usgs.gov/mrds/show-mrds.php?dep_id=10084601,,,,,,
ore-61,ore_site,Unnamed beryllium site 61,ME,,44.58556,-70.64633,point,beryllium,"beryllium, lithium, tin",Ore Site,CM-past producer+resources,5,1,1,1,,,2024,USGS Critical mineral deposits of the United States v2.0,ScienceBase data release 10.5066/P9K1HBNT,Porphyry Sn (granite-related),Pegmatite LCT,Oxford County pegmatite field,"Total production (up to 19422): approximately 1,950 tons scrap mica, 33 tons beryl, 460 tons potash feldspar, 120 tons soda feldspar, and 2 tons spodumene.",Reserve (1954): 18 metric tons ore @78.7% Sn.,MRDS (2005); Mallot and others (1949),https://mrdata.usgs.gov/mrds/show-mrds.php?dep_id=10169842,,,,,,
ore-323,ore_site,Unnamed cobalt site 323,ME,,45.44328,-69.19437,point,cobalt,"cobalt, nickel",Ore Site,CM resources,3,1,1,1,,,2024,USGS Critical mineral deposits of the United States v2.0,ScienceBase data release 10.5066/P9K1HBNT,Mafic magmatic,Nickel-copper-PGE sulfide,Ore Mountain (Katahdin Iron Works),None.,"Resource (1976): 39.2 Mt @ 27% S, 44% Fe, 0.1% Co, 0.1% Ni, and 0.1% Cu; (2022): 60 Mt @0.10% Co, 0.13% Ni, and 0.07% Cu.",MRDS (2005); Slack and others (2022),https://mrdata.usgs.gov/mrds/show-mrds.php?dep_id=10266977,,,,,,
ore-336,ore_site,Unnamed cobalt site 336,ME,,44.17167,-69.27481,point,cobalt,"cobalt, nickel",Ore Site,CM resources,3,1,1,1,,,2024,USGS Critical mineral deposits of the United States v2.0,ScienceBase data release 10.5066/P9K1HBNT,Mafic magmatic,Nickel-copper-PGE sulfide,Union-Warren nickel sulfide deposits,None.,"Total resources (1992): 3,100,000 metric tons @1.265% Ni (39,000t Ni), 0.585% Cu, and 0.015% Co (3,300t Co).",Beck (2010),,,,,,,
ore-639,ore_site,Unnamed cobalt site 639,ME,,44.19859,-69.24103,point,cobalt,"cobalt, nickel",Ore Site,CM resources,3,1,1,1,,,2024,USGS Critical mineral deposits of the United States v2.0,ScienceBase data release 10.5066/P9K1HBNT,Mafic magmatic,Nickel-copper-PGE sulfide,Union-Warren nickel sulfide deposits,None.,"Probable in situ resource (1984): 9,000,000 metric tons ore @0.04 Co, 0.45% Cu, and 0.91% Ni.",Burger and others (2018),https://doi.org/10.5066/P9V74HIU,,,,,,
ore-656,ore_site,Unnamed cobalt site 656,ME,,44.17517,-69.25614,point,cobalt,"cobalt, nickel",Ore Site,CM resources,3,1,1,1,,,2024,USGS Critical mineral deposits of the United States v2.0,ScienceBase data release 10.5066/P9K1HBNT,Mafic magmatic,Nickel-copper-PGE sulfide,Union-Warren nickel sulfide deposits,None.,"Drill-Indicated resource (1992): 2,982,800 metric tons ore @0.69% Cu, and 1.19% Ni. Probable drill-Indicated resource (1992): 2,982,800 metric tons ore @0.12% Co.",Burger and others (2018),https://doi.org/10.5066/P9V74HIU,,,,,,
ore-491,ore_site,Unnamed lithium site 491,ME,,44.53716,-70.73913,point,lithium,lithium,Ore Site,CM resources,3,1,1,1,,,2024,USGS Critical mineral deposits of the United States v2.0,ScienceBase data release 10.5066/P9K1HBNT,Porphyry Sn (granite-related),Pegmatite LCT,Oxford County pegmatite field,None.,Reserve: 10 million metric tons spodumene ore; an average content from two tests of bulk ore was 4.68% Li2O. Total beryl content may be 72 tons.,MRDS (2005); Dicken and others (2022); Cameron and others (1954),https://mrdata.usgs.gov/mrds/show-mrds.php?dep_id=10291425,,,,,,
ore-194,ore_site,Unnamed manganese site 194,ME,,46.68154,-68.19122,point,manganese,manganese,Ore Site,CM resources,3,1,1,1,,,2024,USGS Critical mineral deposits of the United States v2.0,ScienceBase data release 10.5066/P9K1HBNT,Marine chemocline,Iron-manganese,Aroostook County manganese,None.,"North Aroostook district resources 63,100,000 metric tons @9.54% Mn (6,110,000 metric tons of Mn). District Reserves of 1,300,000 tons Mn from Miller (1947) updated to 29,210,000 metric tons Mn in Cannon and others (2017), citing work by Kilgore and Thomas (1982) the North Aroostook district and Maple Mountain-Hovey Mountain areas. A combined resource (including reserves designated in early studies) for the Aroostook County deposits is calculated here to be ~327 Mt @9.0% Mn.",MRDS (2005); Cannon and others (2017); Slack and others (2022),https://mrdata.usgs.gov/mrds/show-mrds.php?dep_id=10084656,,,,,,
ore-233,ore_site,Unnamed manganese site 233,ME,,46.95979,-68.09503,point,manganese,manganese,Ore Site,CM resources,3,1,1,1,,,2024,USGS Critical mineral deposits of the United States v2.0,ScienceBase data release 10.5066/P9K1HBNT,Marine chemocline,Iron-manganese,Aroostook County manganese,None.,"North Aroostook district resources 63,100,000 metric tons @9.54% Mn (6,110,000 metric tons of Mn). District Reserves of 1,300,000 tons Mn from Miller (1947) updated to 29,210,000 metric tons Mn in Cannon and others (2017), citing work by Kilgore and Thomas (1982) North Aroostook district and Maple Mountain-Hovey Mountain areas. A combined resource (including reserves designated in early studies) for the Aroostook County deposits is calculated here to be ~327 Mt @9.0% Mn (Slack and others, 2022).",MRDS (2005); Cannon and others (2017); Slack and others (2022),https://mrdata.usgs.gov/mrds/show-mrds.php?dep_id=10084657,,,,,,
ore-378,ore_site,Unnamed manganese site 378,ME,,46.39322,-68.0316,point,manganese,manganese,Ore Site,CM resources,3,1,1,1,,,2024,USGS Critical mineral deposits of the United States v2.0,ScienceBase data release 10.5066/P9K1HBNT,Marine chemocline,Iron-manganese,Aroostook County manganese,None.,"Resources: 260,000,000 metric tons @8.87% Mn (23,100,000 metric tons Mn). District Reserves of 1,300,000 tons Mn from Miller (1947) updated to 29,210,000 metric tons Mn in Cannon and others (2017), citing work by Kilgore and Thomas (1982). A combined resource (including reserves designated in early studies) for the Aroostook County deposits is calculated here to be ~327 Mt @9.0% Mn (Slack and others, 2022).",MRDS (2005); Cannon and others (2017); Slack and others (2022),https://mrdata.usgs.gov/mrds/show-mrds.php?dep_id=10084515,,,,,,
ore-271,ore_site,Unnamed nickel site 271,ME,,44.20792,-69.23719,point,nickel,nickel,Ore Site,CM resources,3,1,1,1,,,2024,USGS Critical mineral deposits of the United States v2.0,ScienceBase data release 10.5066/P9K1HBNT,Mafic magmatic,Nickel-copper-PGE sulfide,Union-Warren nickel sulfide deposits,None.,Resource (in situ 1975): 6.7 million tons @0.99% Ni and 0.49% Cu.,MRDS (2005); Dicken and others (2022),https://mrdata.usgs.gov/mrds/show-mrds.php?dep_id=10084421,,,,,,
ore-432,ore_site,Unnamed tin site 432,ME,,44.54444,-70.72111,point,tin,tin,Ore Site,CM resources,3,1,0,1,,,2024,USGS Critical mineral deposits of the United States v2.0,ScienceBase data release 10.5066/P9K1HBNT,Porphyry Sn (granite-related),Pegmatite LCT,Oxford County pegmatite field,Unknown.,Reserve (1942): 7 metric tons ore @78.77% Sn.,MRDS (2005),https://mrdata.usgs.gov/mrds/show-mrds.php?dep_id=10194447,,,,,,
ore-125,ore_site,Unnamed zinc site 125,ME,,44.36662,-68.68269,point,zinc,zinc,Ore Site,CM-past producer,1,1,1,1,,,2024,USGS Critical mineral deposits of the United States v2.0,ScienceBase data release 10.5066/P9K1HBNT,Volcanogenic seafloor,Polymetallic sulfide,Callahan mine area,"Production (1972-1977): approximately 1,000,000 tons @7.35% Zn, 0.89% Cu, and 0.35% Pb.","As of 2022, a Superfund site. Resource (1964): In situ 1,090,000 metric tons @0.55% Cu, 16.75% Zn, and 13 g/t tons Ag. Proven reserve (1973): 670,000 Mt @5.68% Zn, 1.7% Cu (thought to be low by a factor of 4 or 5).",MRDS (2005); Dicken and others (2022); Lepage and others (1991),https://mrdata.usgs.gov/mrds/show-mrds.php?dep_id=10073177,,,,,,
ore-326,ore_site,Unnamed zinc site 326,ME,,44.39516,-68.61328,point,zinc,zinc,Ore Site,CM-past producer,1,1,1,1,,,2024,USGS Critical mineral deposits of the United States v2.0,ScienceBase data release 10.5066/P9K1HBNT,Volcanogenic seafloor,Polymetallic sulfide,Callahan mine area,"Production (1972-1977): approximately 1,000,000 tons ore @7.35% Zn, 0.89% Cu, and 0.35% Pb.","Estimated that 50,000 to 75,000 tons of ore remain as pillars; ore is unrecoverable. Site is reclaimed.",MRDS (2005); Lepage and others (1991),https://mrdata.usgs.gov/mrds/show-mrds.php?dep_id=10194442,,,,,,
ore-416,ore_site,Unnamed zinc site 416,ME,,46.134,-68.445,point,zinc,zinc,Ore Site,CM resources,3,1,1,1,,,2024,USGS Critical mineral deposits of the United States v2.0,ScienceBase data release 10.5066/P9K1HBNT,Volcanogenic seafloor,Polymetallic sulfide,Callahan mine area,None.,"Total Measured, Indicated, and Inferred resources (2021): 6,317,600 metric tons @9.12% Zn, 3.83% Pb, 1.16% Cu, 101.9 g/t Ag, and 0.74 g/t Au.",MRDS (2005); Bakker and others (2020),https://mrdata.usgs.gov/mrds/show-mrds.php?dep_id=10048799,,,,,,
ore-195,ore_site,Unnamed cobalt site 195,MI,,46.7464,-87.8848,point,cobalt,"cobalt, nickel, PGE",Ore Site,CM-recent producer+resources,6,1,1,1,,,2024,USGS Critical mineral deposits of the United States v2.0,ScienceBase data release 10.5066/P9K1HBNT,Mafic magmatic,Nickel-copper-PGE sulfide,Midcontinent Rift conduit-type magmatic sulfide Ni-Cu-PGE,"Production (2014-2022): 158,176 metric tons Cu and 161,153 metric tons Ni. Eagle East is currently being mined through the Eagle mine.","Total reserves and resources (2022): 3,881,000 metric tons @1.88% Ni, 1.44% Cu, 0.15 g/t Au, 0.38 g/t Pt, 0.26 g/t Pd, 0.051% Co, and 6.04 g/t Ag.",Burger and others (2018); Clarke and others (2022),https://doi.org/10.5066/P9V74HIU,,,,,,
ore-279,ore_site,Unnamed potash site 279,MI,,43.8339,-85.3543,point,potash,potash,Ore Site,CM-past producer+resources,5,1,1,1,,,2024,USGS Critical mineral deposits of the United States v2.0,ScienceBase data release 10.5066/P9K1HBNT,Marine evaporite,Potash,Michigan Basin potash,Production (1997-2013): minor potash production.,"Reserves (2013): 40,000,000 tonnes ore @26.7% KCl.",The Mosaic Co. (2005-2020),,,,,,,
ore-30,ore_site,Unnamed zinc site 30,MI,,45.45,-87.85,point,zinc,zinc,Ore Site,CM resources,3,1,1,1,,,2024,USGS Critical mineral deposits of the United States v2.0,ScienceBase data release 10.5066/P9K1HBNT,Volcanogenic seafloor,Zinc-copper sulfide,Pembine-Wausau and Minnesota Paleoproterozoic,None.,"Resource (2018): estimated 16.6 Mt of Measured and Indicated mineral resource of over 1.0 million oz Au, 13.2 million oz Ag, 1.1 billion lbs Zn, 116 million lbs Cu, and 94 million lbs Pb.",MRDS (2005); Dicken and others (2022),https://mrdata.usgs.gov/mrds/show-mrds.php?dep_id=10400509,,,,,,
ore-384,ore_site,Unnamed cobalt site 384,MN,,47.8048,-91.72869,point,cobalt,"cobalt, nickel, PGE",Ore Site,CM resources,3,1,1,1,,,2024,USGS Critical mineral deposits of the United States v2.0,ScienceBase data release 10.5066/P9K1HBNT,Mafic magmatic,Nickel-copper-PGE sulfide,Midcontinent Rift large mafic intrusions,None.,"Maturi resource (2014): Measured + Indicated mineral resource: 1,130,000,000 short tons ore @104.5 ppm Co, 0.59% Cu, 0.083 ppm Au, 0.19% Ni, 0.347 ppm Pd, 0.153 ppm Pt, and 2.14 ppm Ag. Inferred mineral resource: 530,600,000 short tons @0.07 ppm Au, 0.16% Ni, 97.6 ppm Co, 0.138 ppm Pt, 1.81 ppm Ag, 0.314 ppm Pd, and 0.49% Cu.",Barber and others (2014); Burger and others (2018),https://doi.org/10.5066/P9V74HIU,,,,,,
ore-385,ore_site,Unnamed cobalt site 385,MN,,47.7841,-91.78913,point,cobalt,"cobalt, nickel, PGE",Ore Site,CM resources,3,1,1,1,,,2024,USGS Critical mineral deposits of the United States v2.0,ScienceBase data release 10.5066/P9K1HBNT,Mafic magmatic,Nickel-copper-PGE sulfide,Midcontinent Rift large mafic intrusions,None.,"Maturi Southwest Indicated resource (2014): 102,600,000 short tons ore @108.1 ppm Co, 0.48% Cu, 0.048 ppm Au, 0.17% Ni, 0.185 ppm Pd, 0.08 ppm Pt, and 1.58 ppm Ag. Maturi Southwest Inferred resource (2014): 32,300,000 short tons ore @102.2 ppm Co, 0.43% Cu, 0.041 ppm Au, 0.15% Ni, 0.157 ppm Pd, 0.065 ppm Pt, and 1.43 ppm Ag.",Barber and others (2014); Burger and others (2018),https://doi.org/10.5066/P9V74HIU,,,,,,
ore-395,ore_site,Unnamed cobalt site 395,MN,,47.63166,-91.88323,point,cobalt,"cobalt, nickel, PGE",Ore Site,CM resources,3,1,1,1,,,2024,USGS Critical mineral deposits of the United States v2.0,ScienceBase data release 10.5066/P9K1HBNT,Mafic magmatic,Nickel-copper-PGE sulfide,Midcontinent Rift large mafic intrusions,None.,"Resources (2022): Measured and Indicated resource: 2,206,787 short ktons @0.428% Cu, 0.102% Ni, 76.5 ppm Co, 0.034 ppm Pt, 0.097 ppm Pd, 0.025 ppm Au, and 1.19 ppm Ag. Inferred resources: 1,422,703 short ktons @0.368% Cu, 0.094% Ni, 67.9 ppm Co, 0.043 ppm Pt, 0.143 ppm Pd, 0.026 ppm Au, and 0.98 ppm Ag.",MRDS (2005); Listerud and Meineke (1977); Welhener and Crowie (2022),https://mrdata.usgs.gov/mrds/show-mrds.php?dep_id=10039042,,,,,,
ore-442,ore_site,Unnamed cobalt site 442,MN,,47.61961,-91.97024,point,cobalt,"cobalt, nickel, PGE",Ore Site,CM resources,3,1,1,1,,,2024,USGS Critical mineral deposits of the United States v2.0,ScienceBase data release 10.5066/P9K1HBNT,Mafic magmatic,Nickel-copper-PGE sulfide,Midcontinent Rift large mafic intrusions,None.,"Measured + Indicated mineral resource (2018): 649,300,000 tons ore @71 ppm Co, 0.24% Cu, 33 ppb Au, 0.074% Ni, 221 ppb Pd, 65 ppb Pt, and 0.91 ppm Ag; cutoff grade 0.496 CuEq. Proven + Probable mineral reserve (2018): 254,669,000 tons ore @1.06 ppm Ag, 0.294% Cu, 0.084% Ni, 74.42 ppm Co, 80 ppb Pt, 39 ppb Au, and 268 ppb Pd.",Burger and others (2018),https://doi.org/10.5066/P9V74HIU,,,,,,
ore-588,ore_site,Unnamed cobalt site 588,MN,,47.83454,-91.67135,point,cobalt,"cobalt, nickel",Ore Site,CM resources,3,1,1,1,,,2024,USGS Critical mineral deposits of the United States v2.0,ScienceBase data release 10.5066/P9K1HBNT,Mafic magmatic,Nickel-copper-PGE sulfide,Midcontinent Rift large mafic intrusions,None.,"Inferred mineral resource (2014): 480,000,000 short tons @0.43% Cu and 0.16% Ni.",Burger and others (2018),https://doi.org/10.5066/P9V74HIU,,,,,,
ore-603,ore_site,Unnamed cobalt site 603,MN,,46.66843,-93.1185,point,cobalt,"cobalt, PGE",Ore Site,CM resources,3,1,1,1,,,2024,USGS Critical mineral deposits of the United States v2.0,ScienceBase data release 10.5066/P9K1HBNT,Mafic magmatic,Nickel-copper-PGE sulfide,Midcontinent Rift conduit-type magmatic sulfide Ni-Cu-PGE,None.,"Inferred mineral resource (2021): 3,953,000 tonnes ore @0.02% Co, 0.63% Cu, 0.82% Ni, 0.14 g/tonne Au, 0.12 g/tonne Pd, and 0.21 g/tonne Pt.",Correia and others (2021),,,,,,,
ore-604,ore_site,Unnamed cobalt site 604,MN,,46.6722,-93.12076,point,cobalt,"cobalt, nickel, PGE",Ore Site,CM resources,3,1,1,1,,,2024,USGS Critical mineral deposits of the United States v2.0,ScienceBase data release 10.5066/P9K1HBNT,Mafic magmatic,Nickel-copper-PGE sulfide,Midcontinent Rift conduit-type magmatic sulfide Ni-Cu-PGE,None.,"Inferred mineral resource (2021): 115,000 tonnes @0.51% Cu, 0.02% Co, 0.86% Ni, 0.25 g/tonne Au, 0.34 g/tonne Pd, and 0.55 g/tonne Pt. Indicated mineral resource (2021): 2,340,000 tonnes @1.32% Ni, 0.04% Co, 0.78% Cu, 0.17 g/tonne Pt, 0.12 g/tonne Au, and 0.14 g/tonne Pd.",Correia and others (2021),,,,,,,
ore-605,ore_site,Unnamed cobalt site 605,MN,,46.66994,-93.12091,point,cobalt,"cobalt, nickel, PGE",Ore Site,CM resources,3,1,1,1,,,2024,USGS Critical mineral deposits of the United States v2.0,ScienceBase data release 10.5066/P9K1HBNT,Mafic magmatic,Nickel-copper-PGE sulfide,Midcontinent Rift conduit-type magmatic sulfide Ni-Cu-PGE,None.,"Inferred mineral resources (2021): 443,000 tonnes @5.93% Ni, 2.52% Cu, 0.12% Co, 0.7 g/tonne Pt, 0.26 g/tonne Au, and 0.52 g/tonne Pd. Indicated mineral resources (2021): 124,000 tonnes @2.36% Cu, 5.72% Ni, 0.23 g/tonne Au, 0.46 g/tonne Pd, and 0.6 g/tonne Pt.",Correia and others (2021),,,,,,,
ore-606,ore_site,Unnamed cobalt site 606,MN,,46.6722,-93.12076,point,cobalt,"cobalt, nickel, PGE",Ore Site,CM resources,3,1,1,1,,,2024,USGS Critical mineral deposits of the United States v2.0,ScienceBase data release 10.5066/P9K1HBNT,Mafic magmatic,Nickel-copper-PGE sulfide,Midcontinent Rift conduit-type magmatic sulfide Ni-Cu-PGE,None.,"Inferred mineral resource (2021): 2,652,000 tonnes @0.47% Cu, 0.02% Co, 0.76% Ni, 0.12 g/tonne Au, 0.14 g/tonne Pd, and 0.25 g/tonne Pt. Indicated mineral resource (2021): 1,462,000 tonnes @1.83% Ni, 0.05% Co, 0.99% Cu, 0.42 g/tonne Pt, 0.2 g/tonne Au, 0.26 g/tonne Pd.",Correia and others (2021),,,,,,,
ore-207,ore_site,Unnamed manganese site 207,MN,,46.75271,-93.97567,point,manganese,manganese,Ore Site,CM resources,3,1,1,1,,,2024,USGS Critical mineral deposits of the United States v2.0,ScienceBase data release 10.5066/P9K1HBNT,Marine chemocline,Iron-manganese,Manganese (Mn) in iron-formations,None.,"Total resources (2020): 6,463,087 metric tons @19.6% Mn and 22.92% iron ore. Location from Dunn (2022).",MRDS (2005); Dunn (2022),https://mrdata.usgs.gov/mrds/show-mrds.php?dep_id=10072721,,,,,,
ore-55,ore_site,Unnamed nickel site 55,MN,,47.73294,-91.80817,point,nickel,"nickel, PGE",Ore Site,CM resources,3,1,1,1,,,2024,USGS Critical mineral deposits of the United States v2.0,ScienceBase data release 10.5066/P9K1HBNT,Mafic magmatic,Nickel-copper-PGE sulfide,Midcontinent Rift large mafic intrusions,None.,"Birch Lake resource (2014): Inferred mineral resource: 239,000,000 short tons ore @0.46% Cu, 0.087 ppm Au, 0.15% Ni, 0.37 ppm Pd, and 0.18 ppm Pt. Indicated mineral resource: 99,700,000 short tons @0.515 ppm Pd, 0.52% Cu, 0.115 ppm Au, 0.16% Ni, and 0.235 ppm Pt.",Barber and others (2014); Burger and others (2018),https://doi.org/10.5066/P9V74HIU,,,,,,
ore-555,ore_site,Unnamed nickel site 555,MN,,47.67528,-91.87185,point,nickel,nickel,Ore Site,CM resources,3,1,1,1,,,2024,USGS Critical mineral deposits of the United States v2.0,ScienceBase data release 10.5066/P9K1HBNT,Mafic magmatic,Nickel-copper-PGE sulfide,Midcontinent Rift large mafic intrusions,None.,"Resources (1979): over 250 million tons grading 0.41% Cu, 0.14% Ni, and 1.96% S were calculated using a 0.20% Cu cutoff. A higher-grade reserve of over 7 million tons at 0.88% Cu, 0.30% Ni, and 5.67% S was calculated at a 0.60% Cu cutoff. Additional possible reserves of 175 million tons were determined for adjacent land.",MRDS (2005); Kulas (1979); Listerud and Meineke (1977); Zanko and others (1994),https://mrdata.usgs.gov/mrds/show-mrds.php?dep_id=10082823,,,,,,
ore-357,ore_site,Unnamed titanium site 357,MN,,47.55639,-92.00768,point,titanium,"titanium, vanadium",Ore Site,CM resources,3,1,1,1,,,2024,USGS Critical mineral deposits of the United States v2.0,ScienceBase data release 10.5066/P9K1HBNT,Mafic magmatic,Iron-titanium oxide,Midcontinent Rift oxide-ultramafic intrusions (OUIs),None.,"Indicated resource (2012): 58,100,000 metric tons @ 16.6% TiO2 and 18.8% Fe2O3 (adjusted for Fe in ilmenite and silicates) as 31.5% FeTiO3; Inferred resource (2012): 63,300,000 metric tons @ 16.4% TiO2 and 19.4% Fe2O3 (adjusted for Fe in ilmenite and silicates) 31.2% FeTiO3.",MRDS (2005); Johnson and Farrow (2012),https://mrdata.usgs.gov/mrds/show-mrds.php?dep_id=10082830,,,,,,
ore-614,ore_site,Unnamed titanium site 614,MN,,47.20638,-92.09824,point,titanium,"titanium, vanadium",Ore Site,CM resources,3,1,1,1,,,2024,USGS Critical mineral deposits of the United States v2.0,ScienceBase data release 10.5066/P9K1HBNT,Mafic magmatic,Iron-titanium oxide,Midcontinent Rift oxide-ultramafic intrusions (OUIs),None.,"Inferred resource (2012): 45,100,000 metric tons ore @ 15.0% TiO2 and 14.74% Fe2O3 (as 28.5% ilmenite) with potential for V.",MRDS (2005); Farrow and Johnson (2012),https://mrdata.usgs.gov/mrds/show-mrds.php?dep_id=10111326,,,,,,
ore-628,ore_site,Unnamed titanium site 628,MN,,48.06139,-90.67319,point,titanium,titanium,Ore Site,CM resources,3,1,1,1,,,2024,USGS Critical mineral deposits of the United States v2.0,ScienceBase data release 10.5066/P9K1HBNT,Mafic magmatic,Iron-titanium oxide,Midcontinent Rift layered Ti-Fe in the Duluth Complex,None.,Resource (1959): Estimate of 91.6 million tons of low grade material in 14 bodies ranging in size from 1 million to 19 million tons. Some layers are 35% Fe and 18% TiO2.,MRDS (2005); Dicken and others (2022),https://mrdata.usgs.gov/mrds/show-mrds.php?dep_id=10082794,,,,,,
ore-658,ore_site,Unnamed titanium site 658,MN,,47.39889,-92.11324,point,titanium,"titanium, vanadium",Ore Site,CM resources,3,1,1,1,,,2024,USGS Critical mineral deposits of the United States v2.0,ScienceBase data release 10.5066/P9K1HBNT,Mafic magmatic,Iron-titanium oxide,Midcontinent Rift oxide-ultramafic intrusions (OUIs),None.,Resource (2013): 62 Mt @14% TiO2 with potential for V.,MRDS (2005); Woodruff and others (2013),https://mrdata.usgs.gov/mrds/show-mrds.php?dep_id=10082834,,,,,,
ore-470,ore_site,Unnamed REE site 470,MO,,38.12262,-91.05028,point,REE,REE,Ore Site,Past producer+CM resources,2,1,1,1,,,2024,USGS Critical mineral deposits of the United States v2.0,ScienceBase data release 10.5066/P9K1HBNT,IOA-IOCG,Iron oxide apatite,Southeast Missouri Iron Metallogenic Province,"Production (1964-2001): 52,270,458 tons ore @46.6% magnetite.","Resource (1990) 600,000 metric tons @12% REO; (2012): 206,765,000 short tons @59.81% Fe, cutoff grade 45% magnetic Fe.",Bellora and others (2019),https://doi.org/10.5066/F7FN15D1,,,,,,
ore-122,ore_site,Unnamed barite site 122,MO,,37.98946,-90.69731,point,barite,barite,Ore Site,CM-past producer+resources,5,1,1,1,,,2024,USGS Critical mineral deposits of the United States v2.0,ScienceBase data release 10.5066/P9K1HBNT,Basin brine path,Barite (replacement and bedded),Washington County Barite District,"Production (1982-1986): averaged 6,000 metric tons barite ore each year. District produced more than 13 million tons of barite from 1900 to the 1990s.",District reserve: estimated 15 million tons barite.,MRDS (2005); Dicken and others (2022),https://mrdata.usgs.gov/mrds/show-mrds.php?dep_id=10172048,,,,,,
ore-77,ore_site,Unnamed barite site 77,MO,,38.42225,-92.31127,point,barite,barite,Ore Site,CM-past producer,1,1,1,0,,,2024,USGS Critical mineral deposits of the United States v2.0,ScienceBase data release 10.5066/P9K1HBNT,Basin brine path,Barite (replacement and bedded),Central Missouri Barite-Lead District,"District produced more than 400,000 tons barite; barite contain up to 2% Sr.",Unknown.,MRDS (2005); Dicken and others (2022),https://mrdata.usgs.gov/mrds/show-mrds.php?dep_id=10184422,,,,,,
ore-281,ore_site,Unnamed cobalt site 281,MO,,37.60347,-90.14179,point,cobalt,"cobalt, nickel, zinc",Ore Site,CM resources,3,1,1,1,,,2024,USGS Critical mineral deposits of the United States v2.0,ScienceBase data release 10.5066/P9K1HBNT,Basin brine path,Zinc-lead (MVT and sedex),Mine La Motte-Fredericktown subdistrict,"None (site improved, but no ore shipped).","Drill-Indicated mineral inventory (1959): 9,349,000 tons ore @0.16% Co, 0.22% Cu, 2.35% Pb, 0.18% Ni, and 1.22% Zn. Total resources reported by Doe Run Resource Company (2009): 14,000,000 metric tons @0.17% Ni, 0.14% Co; 2004 resources included Pb and Cu for lower ore tonnage.",Burger and others (2018),https://doi.org/10.5066/P9V74HIU,,,,,,
ore-369,ore_site,Unnamed cobalt site 369,MO,,37.54614,-90.27615,point,cobalt,"cobalt, nickel",Ore Site,CM-past producer+resources,5,1,1,1,,,2024,USGS Critical mineral deposits of the United States v2.0,ScienceBase data release 10.5066/P9K1HBNT,Basin brine path,Zinc-lead (MVT and sedex),Mine La Motte-Fredericktown subdistrict,"Production (1944-1961): 4,156,701 metric tons ore yielding 265,613 metric tons Fe, 99,345 metric tons Pb, 28,681 metric tons Cu, 12,054 metric tons Ni, 9,560 metric tons Co.","Resource: (2002) 12,081,000 metric tons ore @0.35% Co. Probable reserve (1957) 3,000,000 short tons ore @0.2% Ni, 0.4% Cu, 0.16% Co, and 1.75% Pb. Proven reserve (1957): 1,500,000 short tons @0.24% Ni, 0.6% Cu, 2.3% Pb, and 0.18% Co.",Burger and others (2018); Dicken and others (2022),https://doi.org/10.5066/P9V74HIU,,,,,,
ore-90,ore_site,Unnamed cobalt site 90,MO,,37.66583,-91.17042,point,cobalt,cobalt,Ore Site,CM resources,3,1,1,1,,,2024,USGS Critical mineral deposits of the United States v2.0,ScienceBase data release 10.5066/P9K1HBNT,IOA-IOCG,Iron oxide copper gold,Southeast Missouri Iron Metallogenic Province,None.,"Resource (1974): 40,000,000 short tons @0.035% Co, 0.83% Cu, and 18.0% Fe.",Burger and others (2018),https://doi.org/10.5066/P9V74HIU,,,,,,
ore-107,ore_site,Unnamed gallium site 107,MO,,37.20647,-94.46963,point,gallium,"gallium, germanium, zinc",Ore Site,CM-past producer,1,1,1,0,,,2024,USGS Critical mineral deposits of the United States v2.0,ScienceBase data release 10.5066/P9K1HBNT,Basin brine path,Zinc-lead (MVT and sedex),Tri-State District,"District production: 498 Mst of ore, with 2.8 Mst Pb and 11.7 Mst Zn. Past minor production of Cd, Ge, and Ga as byproducts of Zn and Pb extraction.",Unknown.,MRDS (2005); Dicken and others (2022),https://mrdata.usgs.gov/mrds/show-mrds.php?dep_id=10244401,,,,,,
ore-109,ore_site,Unnamed zinc site 109,MO,,37.60586,-91.12263,point,zinc,zinc,Ore Site,CM-past producer+resources,5,1,1,1,,,2024,USGS Critical mineral deposits of the United States v2.0,ScienceBase data release 10.5066/P9K1HBNT,Basin brine path,Zinc-lead (MVT and sedex),Viburnum Trend,"Production (1969-1986): ~23.5 million metric tons ore @~8% Pb, 2.0% Zn, 0.21% Cu, and 1.0 oz/metric ton Ag.","Resource (2008): 12,700,000 metric tons @8.5% Pb and 2.2% Zn.",MRDS (2005),https://mrdata.usgs.gov/mrds/show-mrds.php?dep_id=10244067,,,,,,
ore-191,ore_site,Unnamed zinc site 191,MO,,37.74506,-90.49317,point,zinc,zinc,Ore Site,CM-past producer+resources,5,1,1,1,,,2024,USGS Critical mineral deposits of the United States v2.0,ScienceBase data release 10.5066/P9K1HBNT,Basin brine path,Zinc-lead (MVT and sedex),Old Lead Belt Subdistrict,"Estimated production (2019-2023): 4,462,500 metric tons processed ore for 27,200 tons Zn, 188,610 tons Pb, 4,470 tons Cu, and 327,096 oz Ag.","Doe Run Mines reserves (2004): 40,824,000 metric tons @5.51% Pb, 1.31% Zn, and 0.29% Cu. District reserve: estimated 233 million metric tons with 3.3% Pb, 0.04% Zn and 2 g/t Ag.",MRDS (2005); Doe Run Resources Corporation (2006),https://mrdata.usgs.gov/mrds/show-mrds.php?dep_id=10072181,,,,,,
ore-370,ore_site,Unnamed zinc site 370,MO,,37.63949,-91.12258,point,zinc,zinc,Ore Site,CM-past producer+resources,5,1,1,1,,,2024,USGS Critical mineral deposits of the United States v2.0,ScienceBase data release 10.5066/P9K1HBNT,Basin brine path,Zinc-lead (MVT and sedex),Viburnum Trend,"Production (1968-1993): ~23.6 million metric tons ore @~7.5% Pb, 2.0% Zn, and 0.15% Cu.","Resource (2008): 23,400,000 metric tons @7.3% Pb, 1.0% Zn, 0.26% Cu, and 10.6 g/metric ton Ag.",MRDS (2005); Bradley and Krolak (1989),https://mrdata.usgs.gov/mrds/show-mrds.php?dep_id=10073171,,,,,,
ore-83,ore_site,Unnamed zinc site 83,MO,,37.922,-90.54844,point,zinc,zinc,Ore Site,CM resources,3,1,0,1,,,2024,USGS Critical mineral deposits of the United States v2.0,ScienceBase data release 10.5066/P9K1HBNT,Basin brine path,Zinc-lead (MVT and sedex),Old Lead Belt Subdistrict,Unknown.,"District reserve: estimated 233 million metric tons with 3.3% Pb, 0.04% Zn and 2 g/t Ag.",MRDS (2005); Dicken and others (2022),https://mrdata.usgs.gov/mrds/show-mrds.php?dep_id=10072179,,,,,,
ore-199,ore_site,Unnamed PGE site 199,MT,,45.45723,-110.12152,point,PGE,PGE,Ore Site,CM-recent producer+resources,6,1,1,1,,,2024,USGS Critical mineral deposits of the United States v2.0,ScienceBase data release 10.5066/P9K1HBNT,Mafic magmatic,PGE (low sulfide),Stillwater Complex,"Production (2020): Stillwater and East Boulder mines produced a total of 603,066 2E PGE oz in 2020 (2E = PGE ratio of 78% Pd and 22% Pt).",Mineral resources (2019): 67.9 million tonnes ore @15.1 g/t 2E PGE. Mineral reserves (2019): 21.5 million tonnes @14.7 g/t PGE (2E = PGE ratio of 78% Pd and 22% Pt).,Childs and Armitage (2021),,,,,,,
ore-594,ore_site,Unnamed PGE site 594,MT,,45.38947,-109.87678,point,PGE,PGE,Ore Site,CM-recent producer+resources,6,1,1,1,,,2024,USGS Critical mineral deposits of the United States v2.0,ScienceBase data release 10.5066/P9K1HBNT,Mafic magmatic,PGE (low sulfide),Stillwater Complex,"Production (2020): Stillwater and East Boulder mines produced a total of 603,066 2E PGE oz in 2020 (2E = PGE ratio of 78% Pd and 22% Pt).","Mineral resources (2019): 85 million tonnes ore @17.6 g/tonne 2E PGE. Mineral reserves (2019): 26.8 million tonnes @19.4 g/tonne PGE (2E = PGE ratio of 78% Pd and 22% Pt). Proved + Probable ore reserve (2020): 31,000,000 tonnes ore @15.9 g/tonne PGE.",Burger and others (2018); Childs and Armitage (2021),https://doi.org/10.5066/P9V74HIU,,,,,,
ore-347,ore_site,Unnamed REE site 347,MT,,44.9382,-113.4664,point,REE,REE,Ore Site,CM resources,3,1,1,1,,,2024,USGS Critical mineral deposits of the United States v2.0,ScienceBase data release 10.5066/P9K1HBNT,Magmatic REE,Hybrid Th-REE-Fe veins and replacements,Lemhi Pass mineral district,None.,"Inferred resource (2015): 963,500 tonnes ore @1650 g/tonne TREO. Estimated resource (1991): 33,329 tons ore @0.32% REO. Possible resource (1991): 486,519 tons ore @0.28% REO. Probable resource (1991): 79,905 tons ore @0.48% REO. Proved resource (1991): 16,427 tons @0.93% REO. Note that the Lemhi Pass district that includes the Last Chance has non-compliant resource estimates (in metric tons): 77,345t Y, 25,780t La, 69,980t Ce, 11,050t Pr, 66.296t Nd, 40,515t Sm, 14,735t Eu, 40,515t Gd, 1.840t Tb, 14,735t Dy, 1,840t Ho, 1.840t Yb, and 929t or less each of Er, Tl, and Lu as well as 64,000 metric tons ThO2 resources.",Bellora and others (2019); Hedrick (2010); Long and others (2010); Staatz (1979),https://doi.org/10.5066/F7FN15D1,,,,,,
ore-119,ore_site,Unnamed antimony site 119,MT,,46.0148,-112.49258,point,antimony,"antimony, arsenic, rhenium, tellurium, zinc",Ore Site,CM-past producer+resources,5,1,1,1,,,2024,USGS Critical mineral deposits of the United States v2.0,ScienceBase data release 10.5066/P9K1HBNT,Porphyry Cu-Mo-Au,Porphyry/skarn copper,Boulder Batholith,"Butte production (1880-1964): 144,447 metric tons As; (1880-1972): 107,619 kg Te, 1,833,752 kg Bi, 143,725 kg Se, 1,953,272 kg Cd, 8,584,252 metric tons H2SO4; (1880-2004): 3,702,787,341 lbs Mn, 195,380,975 lbs Mo, 4,909,202,540 lbs Zn, 2,922,446 oz Au, 854,797,405 lbs Pb, 715,340,826 oz Ag, 23,554,930,540 lbs Cu. Butte Continental Pit production (1880-2006): 1,394,826,528 lbs Cu, 11,541,264 oz Ag, 155,796,277 lbs Mo.","Butte deposit: Proven + Probable reserve (2006): 504,992,000 short tons ore @0.48% Cu and 0.1 oz/short ton Ag; 537,844,000 short tons @0.033% Mo, 0.01 oz/short ton Ag, and 0.26% Cu; 2,153,000,000 short tons @0.028% Mo, 0.6% Cu, and 0.2 oz/ton Ag; 2,222,000,000 short tons ore @0.45% Cu, 0.045% Mo, and 0.12 oz/short ton Ag. Resource (2017): 5,220,000,000 metric tons ore @0.042 g/metric ton Au and 0.112 g/metric ton Re.",Karl and Mauk (2019); Czehura (2006); John and others (2017),https://doi.org/10.5066/P9XANDRN,,,,,,
ore-593,ore_site,Unnamed antimony site 593,MT,,47.57927,-115.60181,point,antimony,"antimony, tungsten",Ore Site,CM-past producer,1,1,1,0,,,2024,USGS Critical mineral deposits of the United States v2.0,ScienceBase data release 10.5066/P9K1HBNT,Coeur d'Alene-type,Antimony,Coeur d'Alene mining district (Silver Valley antimony),"Production (1970-1984): Approximately 170,000 metric tons of ore, recovering approximately 2,600 metric tons Sb.",Unknown.,MRDS (2005); Dicken and others (2022),https://mrdata.usgs.gov/mrds/show-mrds.php?dep_id=10246021,,,,,,
ore-260,ore_site,Unnamed barite site 260,MT,,46.88799,-113.35453,point,barite,barite,Ore Site,CM-past producer,1,1,1,0,,,2024,USGS Critical mineral deposits of the United States v2.0,ScienceBase data release 10.5066/P9K1HBNT,Basin brine path,Barite (replacement and bedded),Missoula barite (Elk Creek-Coloma district),"Production (1957): approximately 90,000 tons barite. Cumulative production continued until 1988, with production between 150,000 to 200,000 tons barite.",Unknown.,MRDS (2005); Dicken and others (2022),https://mrdata.usgs.gov/mrds/show-mrds.php?dep_id=10221988,,,,,,
ore-241,ore_site,Unnamed chromium site 241,MT,,45.47752,-110.20272,point,chromium,chromium,Ore Site,CM-past producer+resources,5,1,1,1,,,2024,USGS Critical mineral deposits of the United States v2.0,ScienceBase data release 10.5066/P9K1HBNT,Mafic magmatic,Chromite,Stillwater Complex,"Production (until 1943): 330,393 tonnes chromite ore from Benbow, Gish, and Mouat mines.","Resources (1986): 770,000 metric tons ore @15% Cr2O3.",Childs and Armitage (2021); Zientek (1993),,,,,,,
ore-282,ore_site,Unnamed chromium site 282,MT,,45.03382,-109.41017,point,chromium,chromium,Ore Site,CM-past producer+resources,5,1,1,1,,,2024,USGS Critical mineral deposits of the United States v2.0,ScienceBase data release 10.5066/P9K1HBNT,Mafic magmatic,Chromite,Red Lodge chromite,"Production (1940s): 24,000 tons chromite ore.","Remaining reserve (1943): 5,000 tons.",MRDS (2005); Dicken and others (2022),https://mrdata.usgs.gov/mrds/show-mrds.php?dep_id=10221207,,,,,,
ore-409,ore_site,Unnamed chromium site 409,MT,,45.67823,-112.32838,point,chromium,chromium,Ore Site,CM-past producer,1,1,1,0,,,2024,USGS Critical mineral deposits of the United States v2.0,ScienceBase data release 10.5066/P9K1HBNT,Mafic magmatic,Chromite,Tobacco Root chromite,Production (1940-1944): Cr - quantity unknown.,Unknown.,MRDS (2005),https://mrdata.usgs.gov/mrds/show-mrds.php?dep_id=10108480,,,,,,
ore-414,ore_site,Unnamed chromium site 414,MT,,45.37947,-109.89796,point,chromium,chromium,Ore Site,CM-past producer+resources,5,1,1,1,,,2024,USGS Critical mineral deposits of the United States v2.0,ScienceBase data release 10.5066/P9K1HBNT,Mafic magmatic,Chromite,Stillwater Complex,Production (1953-1961): 1.9 million tonnes @38.5% Cr2O3.,Resources: estimated that 13.6 million tonnes ore @20 to 22% Cr2O3 remains at the Mouat and Benbow mines.,Childs and Armitage (2021),,,,,,,
ore-415,ore_site,Unnamed chromium site 415,MT,,45.38728,-109.90668,point,chromium,chromium,Ore Site,CM resources,3,1,1,1,,,2024,USGS Critical mineral deposits of the United States v2.0,ScienceBase data release 10.5066/P9K1HBNT,Mafic magmatic,Chromite,Stillwater Complex,None.,"Resources (1984): 15,104,000 metric tons ore @22.6% Cr2O3.",Zientek and Parks (2014); Wetzel (1986),,,,,,,
ore-444,ore_site,Unnamed chromium site 444,MT,,45.38179,-109.8481,point,chromium,chromium,Ore Site,CM resources,3,1,1,1,,,2024,USGS Critical mineral deposits of the United States v2.0,ScienceBase data release 10.5066/P9K1HBNT,Mafic magmatic,Chromite,Stillwater Complex,None.,"Resource (1984): 8,530,000 metric tons ore @22.2% Cr2O3.",Wetzel (1986),,,,,,,
ore-45,ore_site,Unnamed chromium site 45,MT,,45.36436,-109.8069,point,chromium,chromium,Ore Site,CM-past producer+resources,5,1,1,1,,,2024,USGS Critical mineral deposits of the United States v2.0,ScienceBase data release 10.5066/P9K1HBNT,Mafic magmatic,Chromite,Stillwater Complex,"Production (until 1943): 330,393 tonnes chromite ore from Benbow, Gish, and Mouat mines.",Resources: estimated that 13.6 million tonnes ore @20 to 22% Cr2O3 remains at the Mouat and Benbow mines.,Childs and Armitage (2021),,,,,,,
ore-46,ore_site,Unnamed chromium site 46,MT,,45.36422,-109.8067,point,chromium,chromium,Ore Site,CM resources,3,1,1,1,,,2024,USGS Critical mineral deposits of the United States v2.0,ScienceBase data release 10.5066/P9K1HBNT,Mafic magmatic,Chromite,Stillwater Complex,None.,"Resource (1986): 17,953,000 metric tons ore @22.2% Cr2O3.",Wetzel (1986),,,,,,,
ore-662,ore_site,Unnamed chromium site 662,MT,,45.38197,-110.01107,point,chromium,chromium,Ore Site,CM resources,3,1,1,1,,,2024,USGS Critical mineral deposits of the United States v2.0,ScienceBase data release 10.5066/P9K1HBNT,Mafic magmatic,Chromite,Stillwater Complex,None.,"Resource (1993): 3,800,000 metric tons ore @2.06 g/metric tons PGE.",Zientek (1993),,,,,,,
ore-148,ore_site,Unnamed cobalt site 148,MT,,45.43788,-110.12507,point,cobalt,"cobalt, nickel, PGE",Ore Site,CM resources,3,1,1,1,,,2024,USGS Critical mineral deposits of the United States v2.0,ScienceBase data release 10.5066/P9K1HBNT,Mafic magmatic,Nickel-copper-PGE sulfide,Stillwater Complex,None.,"Inferred in-pit mineral resource estimates (2021): 64.5 million tonnes ore @0.17% Ni, 0.05% Cu, 0.01% Co, 0.19 g/tonne Pt, 0.29 g/tonne Pd, 0.07 g/tonne Au, and 0.02 g/tonne Rh; cutoff 0.2% NiEq.",Childs and Armitage (2021),,,,,,,
ore-311,ore_site,Unnamed cobalt site 311,MT,,45.40512,-110.06142,point,cobalt,"cobalt, nickel, PGE",Ore Site,CM resources,3,1,1,1,,,2024,USGS Critical mineral deposits of the United States v2.0,ScienceBase data release 10.5066/P9K1HBNT,Mafic magmatic,Nickel-copper-PGE sulfide,Stillwater Complex,None.,"Inferred in-pit mineral resource estimates (2021): 20.8 million tonnes ore @0.15% Ni, 0.07% Cu, 0.02% Co, 0.1 g/tonne Pt, 0.21 g/tonne Pd, and 0.03 g/tonne Au; 0.2% cutoff 0.2% NiEq.",Childs and Armitage (2021),,,,,,,
ore-312,ore_site,Unnamed cobalt site 312,MT,,45.39699,-110.03465,point,cobalt,"cobalt, nickel, PGE",Ore Site,CM resources,3,1,1,1,,,2024,USGS Critical mineral deposits of the United States v2.0,ScienceBase data release 10.5066/P9K1HBNT,Mafic magmatic,Nickel-copper-PGE sulfide,Stillwater Complex,None.,"Inferred in-pit mineral resource estimates (2021): 3.9 million tonnes ore @0.26% Ni, 0.11% Cu, 0.02% Co, 0.18 g/tonne Pt, 0.13 g/tonne Pd, and 0.08 g/tonne Au; cutoff 0.2% NiEq.",Childs and Armitage (2021),,,,,,,
ore-313,ore_site,Unnamed cobalt site 313,MT,,45.40798,-110.07355,point,cobalt,"cobalt, nickel, PGE",Ore Site,CM resources,3,1,1,1,,,2024,USGS Critical mineral deposits of the United States v2.0,ScienceBase data release 10.5066/P9K1HBNT,Mafic magmatic,Nickel-copper-PGE sulfide,Stillwater Complex,None.,"Inferred in-pit mineral resource estimates (2021): 26.9 million tonnes ore @0.23% Ni, 0.13% Cu, 0.02% Co, 0.11 g/tonne Pt, 0.24 g/tonne Pd, 0.05 g/tonne Au, and 0.007 g/tonne Rh; cutoff 0.2% NiEq.",Childs and Armitage (2021),,,,,,,
ore-314,ore_site,Unnamed cobalt site 314,MT,,45.4048,-110.04601,point,cobalt,"cobalt, nickel, PGE",Ore Site,CM resources,3,1,1,1,,,2024,USGS Critical mineral deposits of the United States v2.0,ScienceBase data release 10.5066/P9K1HBNT,Mafic magmatic,Nickel-copper-PGE sulfide,Stillwater Complex,None.,"Inferred in-pit mineral resource estimates (2021): 38.2 million tonnes ore @0.26% Ni, 0.19% Cu, 0.02% Co, 0.14 g/tonne Pt, 0.29 g/tonne Pd, 0.07 g/tonne Au, and 0.012 g/tonne Rh; cutoff 0.2% NiEq.",Childs and Armitage (2021),,,,,,,
ore-59,ore_site,Unnamed cobalt site 59,MT,,46.7752,-110.90742,point,cobalt,cobalt,Ore Site,CM resources,3,1,1,1,,,2024,USGS Critical mineral deposits of the United States v2.0,ScienceBase data release 10.5066/P9K1HBNT,Basin brine path,Copper (sed-hosted and replacement),Black Butte (Sheep Creek),None.,"Total reserves and resources (2013): 17,940,000 metric tons @3.326% Cu, 0.101 % Co, and 13,800 g/t Ag. Total reserves and resources (2020): 21,859,000 metric tons @2.695 % Cu.",Burger and others (2018); Winckers and others (2013); Malhotra and others (2020),https://doi.org/10.5066/P9V74HIU,,,,,,
ore-174,ore_site,Unnamed fluorspar site 174,MT,,46.00572,-113.8876,point,fluorspar,"fluorspar, scandium",Ore Site,CM-past producer,1,1,1,0,,,2024,USGS Critical mineral deposits of the United States v2.0,ScienceBase data release 10.5066/P9K1HBNT,Magmatic REE,Fluorspar,MT-ID Alkalic Belt,"Production (1952-1958): 240,185 short tons of fluorite; Sc was recovered from mill tailings.",Unknown.,MRDS (2005); Dicken and others (2022),https://mrdata.usgs.gov/mrds/show-mrds.php?dep_id=10069419,,,,,,
ore-534,ore_site,Unnamed graphite site 534,MT,,45.10259,-112.50528,point,graphite,graphite,Ore Site,CM-past producer,1,1,1,1,,,2024,USGS Critical mineral deposits of the United States v2.0,ScienceBase data release 10.5066/P9K1HBNT,Metamorphic,Graphite (amorphous and flake),Southwest Montana graphite,"Production (1902-1948): 2,200 tons of graphite.",Unknown. Active exploration in 2023.,MRDS (2005); Karl and others (2022a); Kerins and Close (2023),https://doi.org/10.5066/P99RK9SU,,,,,,
ore-208,ore_site,Unnamed manganese site 208,MT,,46.00601,-112.54172,point,manganese,manganese,Ore Site,CM-past producer+resources,5,1,1,1,,,2024,USGS Critical mineral deposits of the United States v2.0,ScienceBase data release 10.5066/P9K1HBNT,Porphyry Cu-Mo-Au,Polymetallic sulfide S-R-V-IS,Silver Bow manganese,"Production (1934-1957): produced 20,337 tons of Zn-Pb middings from the treatment of manganese ore; also a major source of Ag.","Demonstrated resource (1982): 1,232,000 metric tons @18% Mn (222,000 metric tons Mn). Reclaimed site. Formerly largest rhodochrosite producer in Montana.",MRDS (2005); Kilgore and Thomas (1982),https://mrdata.usgs.gov/mrds/show-mrds.php?dep_id=10019641,,,,,,
ore-445,ore_site,Unnamed nickel site 445,MT,,45.37906,-109.85261,point,nickel,nickel,Ore Site,CM resources,3,1,1,1,,,2024,USGS Critical mineral deposits of the United States v2.0,ScienceBase data release 10.5066/P9K1HBNT,Mafic magmatic,Nickel-copper-PGE sulfide,Stillwater Complex,None.,"Resource (1993): 60,000,000 short tons ore @0.52% Cu and 0.59% Ni.",Suda and others (2009),,,,,,,
ore-47,ore_site,Unnamed nickel site 47,MT,,45.36094,-109.81588,point,nickel,nickel,Ore Site,CM resources,3,1,1,1,,,2024,USGS Critical mineral deposits of the United States v2.0,ScienceBase data release 10.5066/P9K1HBNT,Mafic magmatic,Nickel-copper-PGE sulfide,Stillwater Complex,None.,"Resource (1993): 13,100,000 metric tons ore @0.44% Cu and 0.57% Ni.",Wetzel (1986); Suda and others (2009),,,,,,,
ore-443,ore_site,Unnamed niobium site 443,MT,,48.16992,-109.71303,point,niobium,niobium,Ore Site,CM resources,3,1,1,1,,,2024,USGS Critical mineral deposits of the United States v2.0,ScienceBase data release 10.5066/P9K1HBNT,Magmatic REE,Carbonatite,Bearpaw Mountains-Eagle Buttes,None.,"Resource estimated as approximately 200,000 tons of rock with about 1,000,000 lbs Nb and 500,000 lbs U.",MRDS (2005); Lindsey and others (1977),https://mrdata.usgs.gov/mrds/show-mrds.php?dep_id=10221174,,,,,,
ore-103,ore_site,Unnamed tungsten site 103,MT,,45.5209,-112.83832,point,tungsten,tungsten,Ore Site,CM-past producer+resources,5,1,1,1,,,2024,USGS Critical mineral deposits of the United States v2.0,ScienceBase data release 10.5066/P9K1HBNT,Porphyry Cu-Mo-Au,S-R-V tungsten,Rock Creek-Lost Creek mining districts,"Production (1928-1929): 87 tons ore @1.12% Cu, 0.011 troy oz/ton Au and 7.41 troy oz/ton Ag: (1953-1957): 625,107 tons @0.35% WO3.","Proven + Probable Reserve (1991): 3,300,000 tons @0.48% WO3.",Karl and others (2020),https://doi.org/10.5066/P97NJLI4,,,,,,
ore-127,ore_site,Unnamed tungsten site 127,MT,,45.84813,-113.1522,point,tungsten,tungsten,Ore Site,CM-past producer+resources,5,1,1,1,,,2024,USGS Critical mineral deposits of the United States v2.0,ScienceBase data release 10.5066/P9K1HBNT,Porphyry Cu-Mo-Au,S-R-V tungsten,Calvert Hill district,"Production (1956-1957 and 1960-1962): 112,800 tons ore @1.12% WO3.","Measured reserve (2016): 128,000 tons @1.1% WO3.",Karl and others (2020),https://doi.org/10.5066/P97NJLI4,,,,,,
ore-359,ore_site,Unnamed tungsten site 359,MT,,45.48712,-112.8045,point,tungsten,tungsten,Ore Site,CM-past producer,1,1,1,0,,,2024,USGS Critical mineral deposits of the United States v2.0,ScienceBase data release 10.5066/P9K1HBNT,Porphyry Cu-Mo-Au,S-R-V tungsten,Rock Creek-Lost Creek mining districts,"Production (1952-1956): 21,150 tons of ore with a grade of 0.18% WO3.",Unknown.,MRDS (2005); Dicken and others (2022),https://mrdata.usgs.gov/mrds/show-mrds.php?dep_id=10042778,,,,,,
ore-682,ore_site,Unnamed zinc site 682,MT,,46.47435,-110.68555,point,zinc,zinc,Ore Site,CM-past producer,1,1,1,0,,,2024,USGS Critical mineral deposits of the United States v2.0,ScienceBase data release 10.5066/P9K1HBNT,Alkalic porphyry,Polymetallic sulfide S-R-V-IS,Castle stock,"Production (1886-1893): unknown. (1926-1927): 3,800 tons of slag from smelter dump. (1946): 48 tons ore, with smelter returns of 1.0 oz Au, 193 oz Ag, 15,000 lbs Pb, and 1,500 lbs Zn. Cumulative production from the Castle Mountain district was about 38,000,000 lbs Pb, 2,150,000 troy oz Ag, and 147,000 lbs Zn.",Unknown.,MRDS (2005); Roby (1950); Winters (1968),https://mrdata.usgs.gov/mrds/show-mrds.php?dep_id=10070481,,,,,,
ore-74,ore_site,Unnamed zinc site 74,MT,,47.0838,-110.63251,point,zinc,zinc,Ore Site,CM-past producer,1,1,1,0,,,2024,USGS Critical mineral deposits of the United States v2.0,ScienceBase data release 10.5066/P9K1HBNT,Magmatic REE,Peralkaline syenite/granite/rhyolite/alaskite/pegmatites,Little Belt Mountains,"Production (1915-1948): 405,852 tons of ore, yielding 3,332 oz Au, 2,578,224 oz Ag, 775,112 lbs Cu, 42,750,417 lbs Pb, and 17,848,398 lbs Zn.",Unknown.,MRDS (2005); Dicken and others (2022),https://mrdata.usgs.gov/mrds/show-mrds.php?dep_id=10089197,,,,,,
ore-108,ore_site,Unnamed REE site 108,NC,,35.40365,-81.46702,point,REE,REE,Ore Site,CM resources,3,1,1,1,,,2024,USGS Critical mineral deposits of the United States v2.0,ScienceBase data release 10.5066/P9K1HBNT,Placer,Monazite/xenotime,Piedmont fluvial placers,None.,"Reserves (1953): 1,366 tons monazite.",Bellora and others (2019); Griffith and Overstreet (1953b),https://doi.org/10.5066/F7FN15D1,,,,,,
ore-220,ore_site,Unnamed REE site 220,NC,,35.44623,-81.63815,point,REE,REE,Ore Site,CM resources,3,1,1,1,,,2024,USGS Critical mineral deposits of the United States v2.0,ScienceBase data release 10.5066/P9K1HBNT,Placer,Monazite/xenotime,Piedmont fluvial placers,None.,"Reserves (1954): 4,115 tons monazite.",Bellora and others (2019): Hansen and Cuppels (1954),https://doi.org/10.5066/F7FN15D1,,,,,,
ore-335,ore_site,Unnamed REE site 335,NC,,35.48572,-81.57465,point,REE,REE,Ore Site,CM resources,3,1,1,1,,,2024,USGS Critical mineral deposits of the United States v2.0,ScienceBase data release 10.5066/P9K1HBNT,Placer,Ilmenite/rutile/leucoxene,Piedmont fluvial placers,None.,"Reserves (1953): 5,604 tons ilmenite, 997 tons monazite-xenotime, 886 tons rutile, and 82 tons zircon.",Bellora and others (2019); Griffith and Overstreet (1953a),https://doi.org/10.5066/F7FN15D1,,,,,,
ore-544,ore_site,Unnamed REE site 544,NC,,35.31606,-81.69706,point,REE,"REE, titanium, zirconium",Ore Site,CM resources,3,1,1,1,,,2024,USGS Critical mineral deposits of the United States v2.0,ScienceBase data release 10.5066/P9K1HBNT,Placer,Ilmenite/rutile/leucoxene,Piedmont fluvial placers,None.,"Reserves (1953): 5,604 tons ilmenite, 997 tons monazite-xenotime, 886 tons rutile, and 82 tons zircon.",Bellora and others (2019); Griffith and Overstreet (1953c),https://doi.org/10.5066/F7FN15D1,,,,,,
ore-569,ore_site,Unnamed REE site 569,NC,,35.69729,-81.76431,point,REE,"REE, titanium, zirconium",Ore Site,CM resources,3,1,1,1,,,2024,USGS Critical mineral deposits of the United States v2.0,ScienceBase data release 10.5066/P9K1HBNT,Placer,Ilmenite/rutile/leucoxene,Piedmont fluvial placers,None.,"Indicated + Inferred reserves (1954): 6,252 tons monazite. 38,480 tons ilmenite, and 6,840 tons zircon.",Bellora and others (2019); Hansen and White (1954),https://doi.org/10.5066/F7FN15D1,,,,,,
ore-581,ore_site,Unnamed REE site 581,NC,,35.6591,-81.85585,point,REE,"REE, titanium, zirconium",Ore Site,CM resources,3,1,1,1,,,2024,USGS Critical mineral deposits of the United States v2.0,ScienceBase data release 10.5066/P9K1HBNT,Placer,Ilmenite/rutile/leucoxene,Piedmont fluvial placers,None.,"Indicated + Inferred reserves (1954): 5,796 tons monazite, 18,290 tons ilmenite, and 6,340 tons zircon.",Bellora and others (2019); Hansen and White (1954),https://doi.org/10.5066/F7FN15D1,,,,,,
ore-183,ore_site,Unnamed chromium site 183,NC,,35.96679,-82.28295,point,chromium,chromium,Ore Site,CM-past producer,1,1,1,0,,,2024,USGS Critical mineral deposits of the United States v2.0,ScienceBase data release 10.5066/P9K1HBNT,Mafic magmatic,Chromite,Southeast Ultramafics Cr-Mg; Blue Ridge belt,Production: minor.,Unknown.,MRDS (2005),https://mrdata.usgs.gov/mrds/show-mrds.php?dep_id=10199889,,,,,,
ore-3,ore_site,Unnamed chromium site 3,NC,,35.3987,-83.15928,point,chromium,chromium,Ore Site,CM resources,3,1,1,1,,,2024,USGS Critical mineral deposits of the United States v2.0,ScienceBase data release 10.5066/P9K1HBNT,Mafic magmatic,Chromite,Southeast Ultramafics Cr-Mg; Blue Ridge belt,Production: minor.,"Chromite concentrate contains 36,470 ppb Pt, and 13,200 ppb Pd. Chromite chip sample has 29.46% Cr2O3, 19.89% Fe2O3, 11.4% SiO2, 24% Al2O3, and 15.74% MgO.",MRDS (2005),https://mrdata.usgs.gov/mrds/show-mrds.php?dep_id=10248633,,,,,,
ore-331,ore_site,Unnamed lithium site 331,NC,,35.22194,-81.35463,point,lithium,lithium,Ore Site,CM-past producer+resources,5,1,1,1,,,2024,USGS Critical mineral deposits of the United States v2.0,ScienceBase data release 10.5066/P9K1HBNT,Porphyry Sn (granite-related),Pegmatite LCT,Kings Mountain pegmatite district,"Production (1975-1986): 1,325,369 metric tons ore @1.51% Li2O and 20,700,000 short tons ore @0.06% Be.","Proven + Probable reserve (1986): 23,900,000 short tons ore @1.5% Li2O.",Karl and others (2019); Griffits (1954),https://doi.org/10.5066/P9ZKRWQF,,,,,,
ore-479,ore_site,Unnamed lithium site 479,NC,,35.39151,-81.28811,point,lithium,lithium,Ore Site,CM resources,3,1,1,1,,,2024,USGS Critical mineral deposits of the United States v2.0,ScienceBase data release 10.5066/P9K1HBNT,Porphyry Sn (granite-related),Pegmatite LCT,Kings Mountain pegmatite district,None.,"Total Indicated and Inferred resources (2021): 44,150,000 metric tons @1.08% Li2O at a 0.4% Li2O cutoff grade with byproduct quartz (12,990,000 metric tons), feldspar (20,000,000 metric tons), and mica (1,820,000 metric tons).",Karl and others (2019); Piedmont Lithium (2021),https://doi.org/10.5066/P9ZKRWQF,,,,,,
ore-49,ore_site,Unnamed lithium site 49,NC,,35.3363,-81.3139,point,lithium,lithium,Ore Site,CM-past producer+resources,5,1,1,1,,,2024,USGS Critical mineral deposits of the United States v2.0,ScienceBase data release 10.5066/P9K1HBNT,Porphyry Sn (granite-related),Pegmatite LCT,Kings Mountain pegmatite district,"Production (1974-1980): 15,972 metric tons Li.","Reserve (2009): 27,500,000 tonnes ore @1.5% Li2O.",Karl and others (2019),https://doi.org/10.5066/P9ZKRWQF,,,,,,
ore-26,ore_site,Unnamed titanium site 26,NC,,36.31406,-77.80294,point,titanium,"titanium, zirconium",Ore Site,CM resources,3,1,1,1,,,2024,USGS Critical mineral deposits of the United States v2.0,ScienceBase data release 10.5066/P9K1HBNT,Placer,Ilmenite/rutile/leucoxene,Fall Zone Placers,None.,"Measured resources (2016): In situ heavy minerals 1,020,000 tonnes @7.8% heavy minerals; heavy mineral assemblage grade 70.1% ilmenite and 7% zircon. Indicated resources (2016): In situ heavy minerals 1,826,000 tonnes @7.4% heavy minerals; heavy mineral assemblage grade 66.7% ilmenite and 8.3% zircon. Inferred resources (2016): In situ heavy minerals 233,000 tonnes @6.5% heavy minerals; heavy mineral assemblage grade 61.7% ilmenite and 6.6% zircon.",Iluka Resources Limited (2017a),,,,,,,
ore-561,ore_site,Unnamed titanium site 561,NC,,35.05011,-83.7499,point,titanium,titanium,Ore Site,CM resources,3,1,1,1,,,2024,USGS Critical mineral deposits of the United States v2.0,ScienceBase data release 10.5066/P9K1HBNT,Placer,Ilmenite/rutile/leucoxene,Blue Ridge placers,None.,"Inferred resource: 68,812 tons or 12 lbs TiO2/cubic yard; estimated 172,000 tons of concentrate with 4% recoverable TiO2.",MRDS (2005); Dicken and others (2022),https://mrdata.usgs.gov/mrds/show-mrds.php?dep_id=10069118,,,,,,
ore-678,ore_site,Unnamed titanium site 678,NC,,36.067,-81.55,point,titanium,titanium,Ore Site,CM-past producer,1,1,1,0,,,2024,USGS Critical mineral deposits of the United States v2.0,ScienceBase data release 10.5066/P9K1HBNT,Mafic magmatic,Iron-titanium oxide,Yadkin-Richland Mining District,"Production (1942-1952): > 200,000 short tons of ilmenite (51% TiO2).",Unknown.,MRDS (2005); Dicken and others (2022),https://mrdata.usgs.gov/mrds/show-mrds.php?dep_id=10069116,,,,,,
ore-634,ore_site,Unnamed tungsten site 634,NC,,36.51043,-78.47116,point,tungsten,tungsten,Ore Site,CM-past producer+resources,5,1,1,1,,,2024,USGS Critical mineral deposits of the United States v2.0,ScienceBase data release 10.5066/P9K1HBNT,Porphyry Cu-Mo-Au,S-R-V tungsten,Hamme Tungsten mining district,"Production (1942-1971): 1,000,000 short tons WO3.","Resource (tailings: 2015): 1,000,000 metric tons @0.25% WO3.",Karl and others (2020),https://doi.org/10.5066/P97NJLI4,,,,,,
ore-404,ore_site,Unnamed manganese site 404,ND,,48.84858,-100.10049,point,manganese,manganese,Ore Site,CM resources,3,1,1,1,,,2024,USGS Critical mineral deposits of the United States v2.0,ScienceBase data release 10.5066/P9K1HBNT,Chemical weathering,Supergene manganese,Turtle Mountains manganese,None.,"Resource: ~16,000 tonnes manganese ore (rancieite in calcareous tufa) with an average grade of ~10% Mn.",MRDS (2005); Dicken and others (2022),https://mrdata.usgs.gov/mrds/show-mrds.php?dep_id=10199865,,,,,,
ore-204,ore_site,Unnamed niobium site 204,NE,,40.26796,-96.18624,point,niobium,"niobium, REE, scandium, titanium",Ore Site,CM resources,3,1,1,1,,,2024,USGS Critical mineral deposits of the United States v2.0,ScienceBase data release 10.5066/P9K1HBNT,Magmatic REE,Carbonatite,Elk Creek carbonatite,None.,"Total reserves and resources (2022): 297,100,000 @0.47% Nb, 2.21% Ti, 0.006% Sc, and 0.350% lanthanides. Probable reserve (2019): 36,313,000 metric tons @0.81% Nb2O5, 65.7 ppm Sc, and 2.86% TiO2; cutoff 0.788% Nb2O5.",Karl and others (2021b); Batty and others (2022),https://doi.org/10.5066/P9I4NFSN,,,,,,
ore-552,ore_site,Unnamed REE site 552,NJ,,40.89131,-74.60091,point,REE,REE,Ore Site,Past producer+CM resources,2,1,1,1,,,2024,USGS Critical mineral deposits of the United States v2.0,ScienceBase data release 10.5066/P9K1HBNT,IOA-IOCG,Iron oxide apatite,Franklin-Sterling Hill mining district,"Production (1949): 206,444 tons Fe.","Resources (1959): 9,072 metric tons ore @3.3% REE.",MRDS (2005); Bellora and others (2019),https://doi.org/10.5066/F7FN15D1,,,,,,
ore-342,ore_site,Unnamed titanium site 342,NJ,,40.06668,-74.33291,point,titanium,titanium,Ore Site,CM-past producer,1,1,1,0,,,2024,USGS Critical mineral deposits of the United States v2.0,ScienceBase data release 10.5066/P9K1HBNT,Placer,Ilmenite/rutile/leucoxene,Lower Shoreline Placers,"Production (1962-1976): ~90,000 Mt/year total heavy minerals @~3.5% ilmenite.",Unknown.,MRDS (2005),https://mrdata.usgs.gov/mrds/show-mrds.php?dep_id=10024978,,,,,,
ore-460,ore_site,Unnamed REE site 460,NM,,33.23719,-105.42368,point,REE,"REE, zirconium",Ore Site,CM resources,3,1,1,1,,,2024,USGS Critical mineral deposits of the United States v2.0,ScienceBase data release 10.5066/P9K1HBNT,Magmatic REE,Peralkaline syenite/granite/rhyolite/alaskite/pegmatites,Pajarito Mountain,None.,"Resource (1990): 2,700,000 tons @0.18% Y2O3 and 1.2% Zr02.",Bellora and others (2019),https://doi.org/10.5066/F7FN15D1,,,,,,
ore-546,ore_site,Unnamed REE site 546,NM,,36.45225,-108.89066,point,REE,"REE, titanium, zirconium",Ore Site,CM resources,3,1,1,1,,,2024,USGS Critical mineral deposits of the United States v2.0,ScienceBase data release 10.5066/P9K1HBNT,Placer,Ilmenite/rutile/leucoxene,Arizona-New Mexico Cretaceous placers,None.,"Resource: 3.2 million tons @15.6% TiO2, 2.6% ZrO2, 0.12% ThO2 and minimum estimated 0.3% TREE.",MRDS (2005); McLemore (2010a),https://mrdata.usgs.gov/mrds/show-mrds.php?dep_id=10096167,,,,,,
ore-535,ore_site,Unnamed aluminum site 535,NM,,32.88622,-109.01981,point,aluminum,aluminum,Ore Site,CM resources,3,1,1,1,,,2024,USGS Critical mineral deposits of the United States v2.0,ScienceBase data release 10.5066/P9K1HBNT,Porphyry Cu-Mo-Au,Lithocap alunite,Saddleback Mountain-Goat Camp (and Steeple Rock district),None.,Resource: potential alunite resource of 60 million tons with 30% alunite.,MRDS (2005); Dicken and others (2022),https://mrdata.usgs.gov/mrds/show-mrds.php?dep_id=10062631,,,,,,
ore-461,ore_site,Unnamed barite site 461,NM,,32.74956,-107.12502,point,barite,barite,Ore Site,CM-past producer+resources,5,1,1,1,,,2024,USGS Critical mineral deposits of the United States v2.0,ScienceBase data release 10.5066/P9K1HBNT,Hybrid magmatic REE / basin brine path,Fluorspar,Palm Park (Rincon district),Production (1948-1950): 450 tons barite concentrate.,"Reserve (1979): 680,000 metric tons ore @27% barite.",MRDS (2005); Williams and others (1964),https://mrdata.usgs.gov/mrds/show-mrds.php?dep_id=10012966,,,,,,
ore-621,ore_site,Unnamed barite site 621,NM,,32.28902,-106.69613,point,barite,"barite, fluorspar",Ore Site,CM-past producer,1,1,1,0,,,2024,USGS Critical mineral deposits of the United States v2.0,ScienceBase data release 10.5066/P9K1HBNT,Hybrid magmatic REE / basin brine path,Fluorspar,Tortugas Mountains,"Production (1919-1927): 15,328 tons ore; since then (until 1945) between 3,000 and 5,000 tons have been shipped; run-of-mine ore was 77.41% CaF2 (Rothrock and others, 1946). District production: Estimated 100 short tons barite and 20,751 short tons fluorite.",Unknown.,MRDS (2005); Dicken and others (2022),https://mrdata.usgs.gov/mrds/show-mrds.php?dep_id=10012973,,,,,,
ore-67,ore_site,Unnamed barite site 67,NM,,33.8118,-106.37497,point,barite,"barite, fluorspar",Ore Site,CM-past producer,1,1,1,0,,,2024,USGS Critical mineral deposits of the United States v2.0,ScienceBase data release 10.5066/P9K1HBNT,Hybrid magmatic REE / basin brine path,Fluorspar,Hansonburg district,"Blanchard mine is a notable fluorite collecting locality but no significant recent production reported. Sporadic mining from 1916 to 1962 with a mill to process silver barite, fluorite, and galena. Maximum production about 6,000 short tons of barite in 1953. Eastern part of the Hansonburg district produced about 37,500 short tons of barite.",Unknown.,MRDS (2005); DeMark (2003); Dicken and others (2022),https://mrdata.usgs.gov/mrds/show-mrds.php?dep_id=10150896,,,,,,
ore-17,ore_site,Unnamed beryllium site 17,NM,,33.56212,-107.59562,point,beryllium,beryllium,Ore Site,CM resources,3,1,1,1,,,2024,USGS Critical mineral deposits of the United States v2.0,ScienceBase data release 10.5066/P9K1HBNT,Climax-type,Volcanogenic beryllium,Apache Warm Springs (Ojo Caliente No. 2 district),None.,"Estimated resource of 39,063 metric tonnes Be (not NI-43-101 compliant).",McLemore (2010b),,,,,,,
ore-269,ore_site,Unnamed beryllium site 269,NM,,36.19283,-105.79696,point,beryllium,beryllium,Ore Site,CM-past producer,1,1,1,0,,,2024,USGS Critical mineral deposits of the United States v2.0,ScienceBase data release 10.5066/P9K1HBNT,Magmatic REE,Peralkaline syenite/granite/rhyolite/alaskite/pegmatites,New Mexico Proterozoic alkaline rocks and pegmatites,"Production: 848 tons beryl, averaging 10% BeO, 12,000 tons lepidolite-spodumene by 1930, and an additional 806 tons of lepidolite ore and spodumene ore (1950-1959), averaging 4% Li2O, >20,000 lbs Ta concentrate.",Unknown.,MRDS (2005); Schilling (1960),https://mrdata.usgs.gov/mrds/show-mrds.php?dep_id=10009174,,,,,,
ore-309,ore_site,Unnamed beryllium site 309,NM,,33.46871,-107.63754,point,beryllium,"beryllium, fluorspar, tungsten",Ore Site,CM-past producer,5,1,1,1,,,2024,USGS Critical mineral deposits of the United States v2.0,ScienceBase data release 10.5066/P9K1HBNT,Climax-type,Greisen-S-R beryllium,Iron Mountain (Sierra Cuchillo),"Production: few ton of Cu-Pb ore, 71 tons fluorite ore, 400 tons W, and about 4 carloads gem-quality scheelite.","Iron Mountain deposits: 9,100 short tons of 0.5-2% WO3 and 87,500 tons of 0.4-3.5% Be estimated.",MRDS (2005); Dicken and others (2022),https://mrdata.usgs.gov/mrds/show-mrds.php?dep_id=10089321,,,,,,
ore-60,ore_site,Unnamed cobalt site 60,NM,,32.7252,-108.5008,point,cobalt,"cobalt, zinc",Ore Site,Past producer+CM resources,2,1,1,1,,,2024,USGS Critical mineral deposits of the United States v2.0,ScienceBase data release 10.5066/P9K1HBNT,Arsenide,Five element veins,Black Hawk mining district,"Production (1881-1918): No ore tonnage but 1919-1920 ore grades 1% Cu, 2% Zn, 18% Pb, and 75 g/t Ag. Alhambra and Black Hawk mines; Alhambra reopened 1957-1960 and shipped small amount of high-grade Ag ore. District production: 6 million lbs Co.","Probable ore reserve (1965): 4,000,000,000 lbs ore @0.15% Co. No resource defined for Zn or Ni but a 100 lb. sample contained 8.8% Zn, 8.9% Ni, and 0.9% Co.",Burger and others (2018); McLemore (2017); Weber (1965),https://doi.org/10.5066/P9V74HIU,,,,,,
ore-1,ore_site,Unnamed fluorspar site 1,NM,,34.97589,-107.98506,point,fluorspar,fluorspar,Ore Site,CM-past producer+resources,5,1,1,1,,,2024,USGS Critical mineral deposits of the United States v2.0,ScienceBase data release 10.5066/P9K1HBNT,Magmatic REE,Fluorspar,Zuni Mountains fluorspar,"District production (1918-1953): 182,244 tons fluorite.","Reserve (1944): 112,420 short tons ore @76.2% CaF2.",MRDS (2005); Weissenborn and Mallery (1944),https://mrdata.usgs.gov/mrds/show-mrds.php?dep_id=10069412,,,,,,
ore-11,ore_site,Unnamed fluorspar site 11,NM,,32.38956,-108.37979,point,fluorspar,fluorspar,Ore Site,CM-past producer,1,1,1,0,,,2024,USGS Critical mineral deposits of the United States v2.0,ScienceBase data release 10.5066/P9K1HBNT,Porphyry Cu-Mo-Au,S-R-V tungsten,Bound Ranch Mining District,"Estimated production 90.7 metric tons fluorspar. District production 3,230 short tons fluorspar.",Unknown.,MRDS (2005); McLemore and others (1996),https://mrdata.usgs.gov/mrds/show-mrds.php?dep_id=10009964,,,,,,
ore-117,ore_site,Unnamed fluorspar site 117,NM,,32.64956,-108.3792,point,fluorspar,fluorspar,Ore Site,CM-past producer,1,1,1,0,,,2024,USGS Critical mineral deposits of the United States v2.0,ScienceBase data release 10.5066/P9K1HBNT,Hybrid magmatic REE / basin brine path,Fluorspar,Burro Mountains,"Burro Chief produced 71,736 short tons of fluorspar.",Unknown.,MRDS (2005); McAnulty (1978),https://mrdata.usgs.gov/mrds/show-mrds.php?dep_id=10069416,,,,,,
ore-156,ore_site,Unnamed fluorspar site 156,NM,,33.03817,-108.50173,point,fluorspar,fluorspar,Ore Site,CM-past producer,1,1,1,1,,,2024,USGS Critical mineral deposits of the United States v2.0,ScienceBase data release 10.5066/P9K1HBNT,Magmatic REE,Fluorspar,Mogollon-Wilcox-Gila fluorite districts,"Production: ~ 23,000 tons of 52 to 70% CaF2. Gila district production ~47,586 short tons fluorspar.",Unknown. Mines abandoned.,MRDS (2005); Ratte and others (1979),https://mrdata.usgs.gov/mrds/show-mrds.php?dep_id=10105534,,,,,,
ore-229,ore_site,Unnamed fluorspar site 229,NM,,34.19399,-105.73385,point,fluorspar,"fluorspar, REE",Ore Site,CM-past producer+resources,5,1,1,1,,,2024,USGS Critical mineral deposits of the United States v2.0,ScienceBase data release 10.5066/P9K1HBNT,Magmatic REE,Peralkaline syenite/granite/rhyolite/alaskite/pegmatites,New Mexico Tertiary alkaline rocks and REE veins,Production (1955): 5897 metric tons fluorite-bastnasite.,"Resource: Gallinas-Red Cloud area: 537,000 short tons @2.95% total REE.",MRDS (2005); Dicken and others (2022),https://mrdata.usgs.gov/mrds/show-mrds.php?dep_id=10150005,,,,,,
ore-248,ore_site,Unnamed fluorspar site 248,NM,,33.18177,-108.66952,point,fluorspar,fluorspar,Ore Site,CM-past producer,1,1,1,0,,,2024,USGS Critical mineral deposits of the United States v2.0,ScienceBase data release 10.5066/P9K1HBNT,Magmatic REE,Fluorspar,Mogollon-Wilcox-Gila fluorite districts,"Production: 70 tons (WWI), 210 tons (1929), 53 tons (1938), 400 tons (1939-1941), 259 tons (1952-1953); ore @~62.5% CaF2.",Unknown.,MRDS (2005),https://mrdata.usgs.gov/mrds/show-mrds.php?dep_id=10013281,,,,,,
ore-259,ore_site,Unnamed fluorspar site 259,NM,,32.39346,-107.70727,point,fluorspar,fluorspar,Ore Site,CM-past producer,1,1,1,0,,,2024,USGS Critical mineral deposits of the United States v2.0,ScienceBase data release 10.5066/P9K1HBNT,Hybrid magmatic REE / basin brine path,Fluorspar,Cooks Range-Fluorite Ridge fluorite-manganese,"Estimated total production 41,900 short tons of fluorspar.",Unknown.,MRDS (2005); McAnulty (1978),https://mrdata.usgs.gov/mrds/show-mrds.php?dep_id=10069414,,,,,,
ore-294,ore_site,Unnamed fluorspar site 294,NM,,33.31704,-108.82231,point,fluorspar,fluorspar,Ore Site,CM-past producer+resources,5,1,1,1,,,2024,USGS Critical mineral deposits of the United States v2.0,ScienceBase data release 10.5066/P9K1HBNT,Magmatic REE,Fluorspar,Mogollon-Wilcox-Gila fluorite districts,"Production (<1955): 8,500 tons fluorite.","Resource (1978): 38,000 metric tons of 30% CaF2 Indicated + 45,000 tons Probable.",MRDS (2005); McAnulty (1978),https://mrdata.usgs.gov/mrds/show-mrds.php?dep_id=10013491,,,,,,
ore-509,ore_site,Unnamed fluorspar site 509,NM,,34.19679,-105.74025,point,fluorspar,"fluorspar, zinc",Ore Site,CM-past producer,1,1,1,0,,,2024,USGS Critical mineral deposits of the United States v2.0,ScienceBase data release 10.5066/P9K1HBNT,Magmatic REE,Peralkaline syenite/granite/rhyolite/alaskite/pegmatites,Texas-New Mexico alkaline belt,"Production: Red Cloud fluorite mine: 11,000 tons of 50% fluorite ore, and 142,000 lbs bastnaesite; Red Cloud copper mine: 2,384 short tons of Ag-Pb-Cu-Zn ore.",Unknown.,MRDS (2005),https://mrdata.usgs.gov/mrds/show-mrds.php?dep_id=10150086,,,,,,
ore-510,ore_site,Unnamed fluorspar site 510,NM,,34.19731,-105.74361,point,fluorspar,"fluorspar, REE, zinc",Ore Site,CM-past producer+resources,5,1,1,1,,,2024,USGS Critical mineral deposits of the United States v2.0,ScienceBase data release 10.5066/P9K1HBNT,Magmatic REE,Peralkaline syenite/granite/rhyolite/alaskite/pegmatites,New Mexico Tertiary alkaline rocks and REE veins,"Production: 1,000 short tons fluorspar and 2,384 short tons of Ag-Pb-Cu-Zn ore; (1950s): 142,000 lbs bastnasite.","Gallinas-Red Cloud area has resources of 537,000 short tons @2.95% ΣREE.",MRDS (2005); Schreiner (1993); McLemore (2018),https://mrdata.usgs.gov/mrds/show-mrds.php?dep_id=10013654,,,,,,
ore-536,ore_site,Unnamed fluorspar site 536,NM,,32.39624,-107.7128,point,fluorspar,fluorspar,Ore Site,CM-past producer,1,1,1,0,,,2024,USGS Critical mineral deposits of the United States v2.0,ScienceBase data release 10.5066/P9K1HBNT,Hybrid magmatic REE / basin brine path,Fluorspar,Cooks Range-Fluorite Ridge fluorite-manganese,"Estimated total production 34,283 short tons of fluorspar.",Unknown.,MRDS (2005); McAnulty (1978),https://mrdata.usgs.gov/mrds/show-mrds.php?dep_id=10222988,,,,,,
ore-563,ore_site,Unnamed fluorspar site 563,NM,,32.65512,-108.4525,point,fluorspar,fluorspar,Ore Site,CM-past producer,1,1,1,0,,,2024,USGS Critical mineral deposits of the United States v2.0,ScienceBase data release 10.5066/P9K1HBNT,Hybrid magmatic REE / basin brine path,Fluorspar,Burro Mountains,"Estimated district total production 71,736 short tons of fluorspar.",Unknown.,MRDS (2005); McAnulty (1978),https://mrdata.usgs.gov/mrds/show-mrds.php?dep_id=10069415,,,,,,
ore-579,ore_site,Unnamed fluorspar site 579,NM,,33.1094,-107.5038,point,fluorspar,fluorspar,Ore Site,CM resources,3,1,1,1,,,2024,USGS Critical mineral deposits of the United States v2.0,ScienceBase data release 10.5066/P9K1HBNT,Hybrid magmatic REE / basin brine path,Fluorspar,Salado Mountains district,None.,"Probable reserve (1973): 2,350,000 tons ore @19.35% CaF2.",McAnulty (1978),,,,,,,
ore-583,ore_site,Unnamed fluorspar site 583,NM,,32.6229,-108.47923,point,fluorspar,fluorspar,Ore Site,CM-past producer,1,1,1,0,,,2024,USGS Critical mineral deposits of the United States v2.0,ScienceBase data release 10.5066/P9K1HBNT,Hybrid magmatic REE / basin brine path,Fluorspar,Burro Mountains,"Spar Hill mine produced 1940-1945. Average grade 52.5% CaF2. Estimated district total production 172,539 short tons of fluorspar.",Unknown.,MRDS (2005); Richter and Lawrence (1983),https://mrdata.usgs.gov/mrds/show-mrds.php?dep_id=10013310,,,,,,
ore-668,ore_site,Unnamed fluorspar site 668,NM,,32.61262,-107.75393,point,fluorspar,fluorspar,Ore Site,CM-past producer+resources,5,1,1,1,,,2024,USGS Critical mineral deposits of the United States v2.0,ScienceBase data release 10.5066/P9K1HBNT,Hybrid magmatic REE / basin brine path,Fluorspar,Cooks Range-Fluorite Ridge fluorite-manganese,"Production (intermittent from 1918-1972): aggregate total of 62,300 tons metallurgical grade fluorspar.","Resource: approximately 80,000 tons of 60% CaF2 Proven and another 56,000 tons of 40% CaF2 Probable.",MRDS (2005); McAnulty (1978),https://mrdata.usgs.gov/mrds/show-mrds.php?dep_id=10069411,,,,,,
ore-478,ore_site,Unnamed lithium site 478,NM,,35.87033,-105.49084,point,lithium,"lithium, tantalum",Ore Site,CM-past producer,1,1,1,0,,,2024,USGS Critical mineral deposits of the United States v2.0,ScienceBase data release 10.5066/P9K1HBNT,Porphyry Sn (granite-related),Pegmatite LCT,Rociada,Production (1946-1947): 372 tons of lepidolite and 1.5 tons of microlite (calcium-tantalum oxide).,Unknown.,MRDS (2005); Dicken and others (2022),https://mrdata.usgs.gov/mrds/show-mrds.php?dep_id=10014821,,,,,,
ore-145,ore_site,Unnamed manganese site 145,NM,,32.78455,-108.30451,point,manganese,manganese,Ore Site,CM-past producer+resources,5,1,1,1,,,2024,USGS Critical mineral deposits of the United States v2.0,ScienceBase data release 10.5066/P9K1HBNT,Chemical weathering,Supergene manganese,Borderlands Carbonate Replacement Deposits,"Production (Chloride Flat district): 1,634,000 long tons Mn @11 to 16% Mn.",Reserve (Chloride Flat district): 10 million metric tons @10 to 16% Mn and 30 to 40% Fe.,MRDS (2005); Dicken and others (2022),https://mrdata.usgs.gov/mrds/show-mrds.php?dep_id=10009742,,,,,,
ore-146,ore_site,Unnamed manganese site 146,NM,,32.59972,-108.52889,point,manganese,"manganese, zinc",Ore Site,CM resources,3,1,1,1,,,2024,USGS Critical mineral deposits of the United States v2.0,ScienceBase data release 10.5066/P9K1HBNT,Chemical weathering,Supergene manganese,Silver City (Chloride Flat) manganese deposits,None.,"Total resources (2000): 9,616,320 metric tons @0.20% Cu, 0.280% Zn, and 0.49% Mn.",Newmex Minerals Inc. (2000),,,,,,,
ore-270,ore_site,Unnamed manganese site 270,NM,,31.45958,-110.71706,point,manganese,manganese,Ore Site,CM-past producer+resources,5,1,1,1,,,2024,USGS Critical mineral deposits of the United States v2.0,ScienceBase data release 10.5066/P9K1HBNT,Chemical weathering,Supergene manganese,Borderlands Carbonate Replacement Deposits,"Production (1895-1920; 1943-1948; 1964): 5 million lbs Pb and 250,000 oz Ag (all manganiferous); (WWI): 500 short tons ore and 500 short tons concentrate, both with >40% Mn.","Resource (1972): 2,947,000 metric tons ore @15% Mn, 0.75% Pb, 0.75% Zn, and 141 g/t Ag.",MRDS (2005); Chatman (1994),https://mrdata.usgs.gov/mrds/show-mrds.php?dep_id=10103551,,,,,,
ore-377,ore_site,Unnamed manganese site 377,NM,,32.20346,-107.59198,point,manganese,manganese,Ore Site,CM-past producer,1,1,1,0,,,2024,USGS Critical mineral deposits of the United States v2.0,ScienceBase data release 10.5066/P9K1HBNT,Chemical weathering,Supergene manganese,Little Florida Mountains district,"Production (1918-1939): 16,000 tons @45% Mn; fluorite production was 13,428 tons.",Unknown.,MRDS (2005); Dicken and others (2022),https://mrdata.usgs.gov/mrds/show-mrds.php?dep_id=10067834,,,,,,
ore-664,ore_site,Unnamed manganese site 664,NM,,32.03708,-107.62003,point,manganese,manganese,Ore Site,CM-past producer,1,1,1,0,,,2024,USGS Critical mineral deposits of the United States v2.0,ScienceBase data release 10.5066/P9K1HBNT,Magmatic REE,Peralkaline syenite/granite/rhyolite/alaskite/pegmatites,New Mexico Cambrian alkaline rocks and REE veins,Small scale production 1914 - 1955; average ore grade 21.5% Mn.,Unknown.,MRDS (2005),https://mrdata.usgs.gov/mrds/show-mrds.php?dep_id=10013940,,,,,,
ore-91,ore_site,Unnamed manganese site 91,NM,,32.75844,-108.29229,point,manganese,manganese,Ore Site,CM-past producer+resources,5,1,1,1,,,2024,USGS Critical mineral deposits of the United States v2.0,ScienceBase data release 10.5066/P9K1HBNT,Chemical weathering,Supergene manganese,Silver City (Chloride Flat) manganese deposits,"Production: Unknown. District produced 1,634,000 long tons Mn at 11 to 16% Mn.",District resource estimated at 10 million metric tons reserve (10 to 16% Mn; 30 to 40% Fe).,MRDS (2005); Dicken and others (2022),https://mrdata.usgs.gov/mrds/show-mrds.php?dep_id=10014773,,,,,,
ore-244,ore_site,Unnamed niobium site 244,NM,,36.44921,-106.04086,point,niobium,niobium,Ore Site,CM-past producer,1,1,1,0,,,2024,USGS Critical mineral deposits of the United States v2.0,ScienceBase data release 10.5066/P9K1HBNT,Magmatic REE,Peralkaline syenite/granite/rhyolite/alaskite/pegmatites,New Mexico Proterozoic alkaline rocks and pegmatites,"Production (1940s-50s): 112 lbs samarskite, few 100 lbs monazite, and 12,000 lbs Ta-Nb-REE ore.",Unknown.,MRDS (2005); Dicken and others (2022),https://mrdata.usgs.gov/mrds/show-mrds.php?dep_id=10014266,,,,,,
ore-202,ore_site,Unnamed platinum site 202,NM,,33.61808,-105.55572,point,platinum,platinum,Ore Site,CM resources,3,1,1,1,,,2024,USGS Critical mineral deposits of the United States v2.0,ScienceBase data release 10.5066/P9K1HBNT,Alkalic porphyry,Porphyry/skarn copper-gold,Texas-New Mexico alkaline belt,None.,"Total resources: 563,765,421 metric tons @0.156 g/t Au and 0.086 g/t Pt.",Smith (2022),,,,,,,
ore-133,ore_site,Unnamed potash site 133,NM,,32.41504,-103.93406,point,potash,potash,Ore Site,CM-recent producer+resources,6,1,1,1,,,2024,USGS Critical mineral deposits of the United States v2.0,ScienceBase data release 10.5066/P9K1HBNT,Marine evaporite,Potash,Permian Basin Salado Formation,Production (2022): 3.0 million metric tons @6.2% K2O.,Reserves (2022): 172.9 million metric tons @6.5% K2O. Inferred resources (2022): 39 million metric tons @6.0% K2O.,The Mosaic Co. (2022),,,,,,,
ore-134,ore_site,Unnamed potash site 134,NM,,32.49979,-103.78322,point,potash,potash,Ore Site,CM-recent producer+resources,6,1,1,1,,,2024,USGS Critical mineral deposits of the United States v2.0,ScienceBase data release 10.5066/P9K1HBNT,Marine evaporite,Potash,Permian Basin Rustler Formation,"Production (2022): 1,222,885 metric tons @7.80% K2O for 46,266 metric tons of K2O (228,000 tons of langbeinite).","Total reserves (2020): 41,177,116 metric tons @8.875% K2O.","Intrepid Potash, Inc. (2023); Agapito Associates, Inc. (2022)",,,,,,,
ore-274,ore_site,Unnamed potash site 274,NM,,32.56108,-103.97381,point,potash,potash,Ore Site,CM-recent producer+resources,6,1,1,1,,,2024,USGS Critical mineral deposits of the United States v2.0,ScienceBase data release 10.5066/P9K1HBNT,Marine evaporite,Potash,Permian Basin Salado Formation,"Production (2021): 117,000 metric tons of KCl (or 67,132 metric tons of K2O).","Total reserves and resources (2022): 775,633,881 metric tons @13.251% K2O.","Intrepid Potash, Inc. (2009-2020); Intrepid Potash, Inc. (2022)",,,,,,,
ore-447,ore_site,Unnamed potash site 447,NM,,32.2858,-103.6029,point,potash,potash,Ore Site,CM resources,3,1,1,1,,,2024,USGS Critical mineral deposits of the United States v2.0,ScienceBase data release 10.5066/P9K1HBNT,Marine evaporite,Potash,Permian Basin Rustler Formation,None.,"Proved + Probable reserve (2017): 41,300,000 tons @88.4% polyhalite (K2Ca2Mg(SO4)4*2H2O).",PolyNatura Corp. (2017),,,,,,,
ore-657,ore_site,Unnamed potash site 657,NM,,32.3715,-103.793,point,potash,potash,Ore Site,CM resources,3,1,1,1,,,2024,USGS Critical mineral deposits of the United States v2.0,ScienceBase data release 10.5066/P9K1HBNT,Marine evaporite,Potash,Permian Basin Salado Formation,None.,"Measured + Indicated reserves (1978): 77,600,000 tons langbeinite (K2SO4•2Mg(SO4)2) and 54,000,000 tons sylvite (KCl).",John and others (1978),,,,,,,
ore-144,ore_site,Unnamed rhenium site 144,NM,,32.794,-108.0771,point,rhenium,rhenium,Ore Site,Recent producer+CM resources,4,1,1,1,,,2024,USGS Critical mineral deposits of the United States v2.0,ScienceBase data release 10.5066/P9K1HBNT,Porphyry Cu-Mo-Au,Porphyry/skarn copper,Southwest Laramide Porphyry Belt,"Production (Chino mine; 1911-2015): 44,500,000 lbs Mo, 500,000 troy oz Au, 4,750,000 troy oz Ag, and 14,768,000,000 lbs Cu. Location for Chino mine; (about 800 m SW of Santa Rita mine).","Resource (Santa Rita deposit; 2017): 3,030,000,000 metric tons ore @0.008% Mo, 0.468% Cu, 0.056 g/ Au, and 0.107 g/t Re.",Burger and Long (2018),https://doi.org/10.5066/F7KP81F2,,,,,,
ore-502,ore_site,Unnamed rhenium site 502,NM,,36.71671,-105.51724,point,rhenium,rhenium,Ore Site,Past producer+CM resources,2,1,1,1,,,2024,USGS Critical mineral deposits of the United States v2.0,ScienceBase data release 10.5066/P9K1HBNT,Climax-type,Porphyry molybdenum,Questa-Log Cabin-Spring Gulch,"Production (1919-1992): 197,125,000 lbs Mo.","Resource (2017): 424,000,000 metric tons ore @0.15% Mo and 0.09 g/metric ton Re.",Burger and Long (2018),https://doi.org/10.5066/F7KP81F2,,,,,,
ore-354,ore_site,Unnamed tellurium site 354,NM,,33.2373,-108.7198,point,tellurium,tellurium,Ore Site,CM-past producer,1,1,1,0,,,2024,USGS Critical mineral deposits of the United States v2.0,ScienceBase data release 10.5066/P9K1HBNT,Climax-type,High sulfidation,Wilcox district,Wilcox district produced 5 tons of tellurium as well as fluorite.,Unknown.,MRDS (2005); Lueth and others (1996); McLemore (2013) Ratte and others (1979).,https://mrdata.usgs.gov/mrds/show-mrds.php?dep_id=10174446,,,,,,
ore-178,ore_site,Unnamed tungsten site 178,NM,,35.33834,-106.13595,point,tungsten,tungsten,Ore Site,Past producer+CM resources,2,1,1,1,,,2024,USGS Critical mineral deposits of the United States v2.0,ScienceBase data release 10.5066/P9K1HBNT,Porphyry Cu-Mo-Au,S-R-V tungsten,Texas-New Mexico alkaline belt,"Production (1979-1986): 6,000,000 tons ore @0.055 troy oz/ton Au.","Resource (1955): 2,901,616 short tons @0.711 troy oz/ton Au and 0.0683% WO3.",Karl and others (2020),https://doi.org/10.5066/P97NJLI4,,,,,,
ore-196,ore_site,Unnamed tungsten site 196,NM,,31.76625,-108.45728,point,tungsten,tungsten,Ore Site,CM-past producer,1,1,1,0,,,2024,USGS Critical mineral deposits of the United States v2.0,ScienceBase data release 10.5066/P9K1HBNT,Porphyry Cu-Mo-Au,S-R-V tungsten,Sylvanite and Eureka Mining Districts,"District production (Sylvanite district): 130,000 lbs Cu, 2,500 oz Au, 35,000 oz Ag, and 80,000 lbs Pb. In addition, 5,632 lbs of 0.044% WO3 produced in 1943.",Unknown.,MRDS (2005); Dicken and others (2022); Dale and McKinney (1959),https://mrdata.usgs.gov/mrds/show-mrds.php?dep_id=10009933,,,,,,
ore-449,ore_site,Unnamed tungsten site 449,NM,,33.75538,-105.75638,point,tungsten,tungsten,Ore Site,CM-past producer,1,1,1,0,,,2024,USGS Critical mineral deposits of the United States v2.0,ScienceBase data release 10.5066/P9K1HBNT,Porphyry Cu-Mo-Au,Polymetallic sulfide S-R-V-IS,White Oaks Mining District,"Production (1890-1951): 45,745 oz Au, as well as Ag and W. District production ~152,373 oz Au and 119,933 lbs of WO3 concentrate.",Unknown.,MRDS (2005); Dicken and others (2022),https://mrdata.usgs.gov/mrds/show-mrds.php?dep_id=10014069,,,,,,
ore-574,ore_site,Unnamed tungsten site 574,NM,,32.81345,-107.66893,point,tungsten,tungsten,Ore Site,CM-past producer,1,1,1,0,,,2024,USGS Critical mineral deposits of the United States v2.0,ScienceBase data release 10.5066/P9K1HBNT,Porphyry Cu-Mo-Au,S-R-V tungsten,Tierra Blanca Mining District,Production: about 5 tons of ore assaying 4% WO3 (1942); 50 tons of ore assaying 3% WO3 (1955).,Unknown.,MRDS (2005); Dicken and others (2022),https://mrdata.usgs.gov/mrds/show-mrds.php?dep_id=10011711,,,,,,
ore-652,ore_site,Unnamed tungsten site 652,NM,,32.18664,-108.10685,point,tungsten,tungsten,Ore Site,CM resources,3,1,1,1,,,2024,USGS Critical mineral deposits of the United States v2.0,ScienceBase data release 10.5066/P9K1HBNT,Climax-type,Porphyry molybdenum,Victorio Mining District,None.,"Inferred resource (2012): 77,200,000 tons ore @0.09% WO3 and 0.07% Mo. Indicated resource (2012) 39,500,000 tons ore @0.08% Mo and 0.09% WO3. Measured resource (2012): 37,700,000 tons ore @0.9% WO3 and 0.1% Mo.",Karl and others (2020),https://doi.org/10.5066/P97NJLI4,,,,,,
ore-655,ore_site,Unnamed tungsten site 655,NM,,32.10874,-108.98007,point,tungsten,tungsten,Ore Site,CM-past producer,1,1,1,0,,,2024,USGS Critical mineral deposits of the United States v2.0,ScienceBase data release 10.5066/P9K1HBNT,Climax-type,High sulfidation,"Peloncillo Mountains (San Simon, McGhee Peak, Steins Pass districts)",Production (1954-1955): few hundred metric tons of ore averaged 0.1 to 0.2% WO3.,Unknown.,MRDS (2005),https://mrdata.usgs.gov/mrds/show-mrds.php?dep_id=10009974,,,,,,
ore-8,ore_site,Unnamed tungsten site 8,NM,,32.36568,-108.37784,point,tungsten,tungsten,Ore Site,CM-past producer,1,1,1,0,,,2024,USGS Critical mineral deposits of the United States v2.0,ScienceBase data release 10.5066/P9K1HBNT,Porphyry Cu-Mo-Au,S-R-V tungsten,Bound Ranch Mining District,"District production of 4,150 lbs of 1% WO3.",Unknown.,MRDS (2005); McLemore and others (1996),https://mrdata.usgs.gov/mrds/show-mrds.php?dep_id=10010035,,,,,,
ore-473,ore_site,Unnamed zinc site 473,NM,,35.7592,-105.6683,point,zinc,zinc,Ore Site,CM-past producer,1,1,1,0,,,2024,USGS Critical mineral deposits of the United States v2.0,ScienceBase data release 10.5066/P9K1HBNT,Volcanogenic seafloor,Zinc-copper sulfide,Sangre de Cristo VMS,"Production: 2,302,753 short tons ore, including 178,858 oz Au, 5,477,760 oz Ag, 18,687,426 lbs Cu, 133,942,500 lbs Pb, and 421,543,000 lbs Zn.",Unknown.,MRDS (2005); Dicken and others (2022),https://mrdata.usgs.gov/mrds/show-mrds.php?dep_id=10272669,,,,,,
ore-608,ore_site,Unnamed zinc site 608,NM,,35.73156,-105.72904,point,zinc,zinc,Ore Site,CM-past producer+resources,5,1,1,1,,,2024,USGS Critical mineral deposits of the United States v2.0,ScienceBase data release 10.5066/P9K1HBNT,Volcanogenic seafloor,Zinc-copper sulfide,Sangre de Cristo VMS,"Production (1927-1939): 2,000,000 metric tons @13.1% Zn, 4.0% Pb, 0.78% Cu, 116 g/t Ag, and 3.63 g/t Au.","Resource estimate (1981): 5,784,307 metric tons @1.02% Cu, 1.46% Zn,0.24% Pb, 22 g/t Ag, and 1.96 g/t Au. Note this is an historical estimate, not JORC-compliant.",New World Cobalt Limited (2019),,,,,,,
ore-89,ore_site,Unnamed PGE site 89,NV,,35.81944,-115.57056,point,PGE,"PGE, zinc",Ore Site,CM-past producer,1,1,1,1,,,2024,USGS Critical mineral deposits of the United States v2.0,ScienceBase data release 10.5066/P9K1HBNT,Basin brine path,Zinc-lead (MVT and sedex),Goodsprings mining district,"Production (1886-1937): 396 troy oz Pt, 7,014 troy oz Ag, 594 troy oz Pd, 568,099 lbs Cu, 435 lbs Pb, and 1,771 troy oz Au. District production was ~109,000 tons (99,091 tonnes) Zn, 47,000 tons (42,727 tonnes) Pb, 2,500 tons (2,273 tonnes) Cu, 2.1 million oz (65,317 kg) Ag, 90,000 oz (2,799 kg) Au, and 1,300 oz (40 kg) Pt and Pd.",Unknown. Exploration in 2013 but no resource estimates.,MRDS (2005); Longwell and others (1965); van Angeren (2013),https://mrdata.usgs.gov/mrds/show-mrds.php?dep_id=10047002,,,,,,
ore-218,ore_site,Unnamed antimony site 218,NV,,40.0721,-117.86016,point,antimony,antimony,Ore Site,CM-past producer+resources,5,1,1,1,,,2024,USGS Critical mineral deposits of the United States v2.0,ScienceBase data release 10.5066/P9K1HBNT,Orogenic*,Antimony,NW Nevada Orogenic Antimony,Production (1940): 2 tons @50% Sb; (2013-2014): 750 tons stibnite ore.,"Inferred reserves (2012): 34,125 tons @2.92% Sb.",MRDS (2005); Muntean and others (2020); Johnston and others (2015); First Liberty Power Company (2013),https://mrdata.usgs.gov/mrds/show-mrds.php?dep_id=10150527,,,,,,
ore-601,ore_site,Unnamed antimony site 601,NV,,40.2124,-118.26067,point,antimony,antimony,Ore Site,CM-past producer,1,1,1,0,,,2024,USGS Critical mineral deposits of the United States v2.0,ScienceBase data release 10.5066/P9K1HBNT,Orogenic*,Antimony,NW Nevada Orogenic Antimony,"Production: about 3000 tons of 20% Sb ore produced before 1914. Between 1915 and 1918 it was the largest antimony producer in Nevada producing 500 tons or 25 to 44 % Sb. 1948-49 produced 300 tons @33% Sb. Total production 1,542 short tons (1,402 t) Sb.",Unknown.,MRDS (2005); Lawrence (1963); Vikre and others (2023),https://mrdata.usgs.gov/mrds/show-mrds.php?dep_id=10222521,,,,,,
ore-667,ore_site,Unnamed antimony site 667,NV,,38.53143,-117.04974,point,antimony,"antimony, arsenic",Ore Site,CM-past producer,1,1,1,0,,,2024,USGS Critical mineral deposits of the United States v2.0,ScienceBase data release 10.5066/P9K1HBNT,Porphyry Cu-Mo-Au,Polymetallic sulfide S-R-V-IS,Central Nevada tungsten skarns,"Production (intermittent, 1912- 1967): Total ore production approximately 142 short tons (129 t) Sb and 1,504 short tons (1,367 t) As.",Unknown.,MRDS (2005); Vikre and others (2023).,https://mrdata.usgs.gov/mrds/show-mrds.php?dep_id=10310353,,,,,,
ore-75,ore_site,Unnamed antimony site 75,NV,,40.51656,-118.13653,point,antimony,antimony,Ore Site,CM-past producer,1,1,1,0,,,2024,USGS Critical mineral deposits of the United States v2.0,ScienceBase data release 10.5066/P9K1HBNT,Orogenic*,Antimony,NW Nevada Orogenic Antimony,"Production (by 1942): about 1,000 short tons (1,090 t) Sb.",Unknown.,MRDS (2005),https://mrdata.usgs.gov/mrds/show-mrds.php?dep_id=10042521,,,,,,
ore-21,ore_site,Unnamed barite site 21,NV,,40.63694,-116.72778,point,barite,barite,Ore Site,CM-past producer,1,1,1,1,,,2024,USGS Critical mineral deposits of the United States v2.0,ScienceBase data release 10.5066/P9K1HBNT,Basin brine path,Barite (replacement and bedded),North-central Nevada barite,"Production: (2017): 62,263 tons barite. No production reported in 2021.","In 2022, the mine was under reclamation.",MRDS (2005); Dicken and others (2022),https://mrdata.usgs.gov/mrds/show-mrds.php?dep_id=10103991,,,,,,
ore-265,ore_site,Unnamed barite site 265,NV,,40.28056,-116.90111,point,barite,barite,Ore Site,CM-recent producer+resources,6,1,1,1,,,2024,USGS Critical mineral deposits of the United States v2.0,ScienceBase data release 10.5066/P9K1HBNT,Basin brine path,Barite (replacement and bedded),North-central Nevada barite,"Production (2017): 133,000 tons barite. No mining in 2021.","Unknown, but an intermittently active mine. Production alternates with the Mountain Springs mine; stockpile ore actively processed.",MRDS (2005); Dicken and others (2022),https://mrdata.usgs.gov/mrds/show-mrds.php?dep_id=10044879,,,,,,
ore-343,ore_site,Unnamed barite site 343,NV,,41.14028,-116.11833,point,barite,barite,Ore Site,CM-past producer+resources,5,1,1,1,,,2024,USGS Critical mineral deposits of the United States v2.0,ScienceBase data release 10.5066/P9K1HBNT,Basin brine path,Barite (replacement and bedded),North-central Nevada barite,"Produced 1959-1965; 1973-1981 produced <1,000,000 short tons.","Resources (1982): 8,000,000 tons, 4.1 sp. gr.",MRDS (2005); Nevada Bureau of Mines and Geology (2017),https://mrdata.usgs.gov/mrds/show-mrds.php?dep_id=10100742,,,,,,
ore-423,ore_site,Unnamed barite site 423,NV,,40.3068,-117.04154,point,barite,barite,Ore Site,CM-recent producer+resources,6,1,1,1,,,2024,USGS Critical mineral deposits of the United States v2.0,ScienceBase data release 10.5066/P9K1HBNT,Basin brine path,Barite (replacement and bedded),North-central Nevada barite,"Production (2021): 46,500 short tons of barite.","Unknown, but an intermittently active mine. Production alternates with the Greystone mine.",MRDS (2005); Visher and Patterson (2022),https://mrdata.usgs.gov/mrds/show-mrds.php?dep_id=10271105,,,,,,
ore-530,ore_site,Unnamed barite site 530,NV,,41.07462,-116.42954,point,barite,barite,Ore Site,CM-recent producer+resources,6,1,1,1,,,2024,USGS Critical mineral deposits of the United States v2.0,ScienceBase data release 10.5066/P9K1HBNT,Basin brine path,Barite (replacement and bedded),North-central Nevada barite,"Authorized by Bureau of Land Management to process up to 600,000 tons of barite ore annually. Between 1947 and 1981, >1.890,000 metric tons Ba were produced from the Rossi/Sage Hen deposit. In 2021, produced 414 tons of barite.","Inactive 2015-2121; mine expansion completed in 2022. Active mine, data proprietary.",MRDS (2005); Nevada Division of Environmental Protection (2021),https://mrdata.usgs.gov/mrds/show-mrds.php?dep_id=10221439,,,,,,
ore-94,ore_site,Unnamed barite site 94,NV,,40.39833,-116.71889,point,barite,barite,Ore Site,CM-past producer+resources,5,1,1,1,,,2024,USGS Critical mineral deposits of the United States v2.0,ScienceBase data release 10.5066/P9K1HBNT,Basin brine path,Barite (replacement and bedded),North-central Nevada barite,Production (1975-1982): unknown quantity.,"Resources: 1975: 78,760 tons (reserve, shipping grade 4.22 sp. gr.); 5,100 tons (low grade resource).",MRDS (2005); Nevada Bureau of Mines and Geology (2017),https://mrdata.usgs.gov/mrds/show-mrds.php?dep_id=10044876,,,,,,
ore-420,ore_site,Unnamed beryllium site 420,NV,,38.90106,-114.34001,point,beryllium,"beryllium, fluorspar, tungsten",Ore Site,CM-past producer+resources,5,1,1,1,,,2024,USGS Critical mineral deposits of the United States v2.0,ScienceBase data release 10.5066/P9K1HBNT,Climax-type,Polymetallic sulfide S-R-V-IS,Mount Wheeler mine area,"Production (1952-1954): 1,800 tons @1.3% WO3.","Resource (2002): >200,000 metric tons @0.2% WO3, 0.75% BeO, 20% CaF2.",MRDS (2005); Barton and Young (2002),https://mrdata.usgs.gov/mrds/show-mrds.php?dep_id=10037300,,,,,,
ore-452,ore_site,Unnamed beryllium site 452,NV,,40.40156,-118.2582,point,beryllium,"beryllium, tungsten",Ore Site,CM-past producer,1,1,1,0,,,2024,USGS Critical mineral deposits of the United States v2.0,ScienceBase data release 10.5066/P9K1HBNT,Climax-type,Greisen-S-R beryllium,Oreana mine area,Production (1935-1943): 150 units of WO3. Tungsten ore mill tailings contained 0.1% BeO.,Unknown.,MRDS (2005); Dicken and others (2022),https://mrdata.usgs.gov/mrds/show-mrds.php?dep_id=10047424,,,,,,
ore-519,ore_site,Unnamed beryllium site 519,NV,,39.4291,-116.06757,point,beryllium,"beryllium, fluorspar",Ore Site,CM resources,3,1,1,1,,,2024,USGS Critical mineral deposits of the United States v2.0,ScienceBase data release 10.5066/P9K1HBNT,Climax-type,Greisen-S-R beryllium,McCullough Butte,Production considered to be small.,"District resource: Beryllium: Resource of 175 million metric tons, contained 47,000 metric tons of BeO, grade of 0.27% BeO, and grade of 0.01% Be. Fluorite (2015): 6,700,000 tons, 10.8% CaF2 (Indicated mineral resource, 9% CaF2 cutoff); 88,500,000 tons, 0.7% CaF2 (Inferred mineral resource, 9% CaF2 cutoff).",MRDS (2005); Dicken and others (2022),https://mrdata.usgs.gov/mrds/show-mrds.php?dep_id=10044701,,,,,,
ore-327,ore_site,Unnamed cobalt site 327,NV,,36.61805,-114.16692,point,cobalt,"cobalt, nickel, PGE",Ore Site,CM-past producer+resources,5,1,1,1,,,2024,USGS Critical mineral deposits of the United States v2.0,ScienceBase data release 10.5066/P9K1HBNT,Mafic magmatic,Nickel-copper-PGE sulfide,Bunkerville district,"Production: (1908-1935): 127,976 lbs Cu, 1,700 lbs Ni, 177 oz Pd, 52 oz Au, 10 oz Pt, and 982 oz Ag.","Resources (1980): 226,600 tons ore @0.37% Co, 1.5% Cu, 0.01 troy oz/ton Au, 1.09% Ni, 0.68 troy oz/ton Pd, 0.06 troy oz/ton Pt, and 0.34 troy oz/ton Ag.",MRDS (2005); Tingley and LaPointe (1999),https://mrdata.usgs.gov/mrds/show-mrds.php?dep_id=10038079,,,,,,
ore-179,ore_site,Unnamed fluorspar site 179,NV,,36.88497,-116.69395,point,fluorspar,fluorspar,Ore Site,CM-past producer,1,1,1,1,,,2024,USGS Critical mineral deposits of the United States v2.0,ScienceBase data release 10.5066/P9K1HBNT,Alkalic porphyry,Fluorspar,Daisy Mine,"Production (1919-1961): 117.648 short tons of fluorite; (1997-2001) 104,251 oz Au.","Measured + Indicated resource aggregate (2006): 2,640,000 tons grading 0.032 oz/t Au.",MRDS (2005); Dicken and others (2022),https://mrdata.usgs.gov/mrds/show-mrds.php?dep_id=10046672,,,,,,
ore-221,ore_site,Unnamed fluorspar site 221,NV,,37.95303,-118.3348,point,fluorspar,fluorspar,Ore Site,CM-past producer+resources,5,1,1,1,,,2024,USGS Critical mineral deposits of the United States v2.0,ScienceBase data release 10.5066/P9K1HBNT,Climax-type,Fluorspar,Buena Vista district,Production (1929): 200 short tons.,"Resources (1945): 25,000 - 37,600 short tons @65% CaF2.",MRDS (2005); Nevada Bureau of Mines and Geology (2017),https://mrdata.usgs.gov/mrds/show-mrds.php?dep_id=10173817,,,,,,
ore-292,ore_site,Unnamed fluorspar site 292,NV,,38.12967,-115.6792,point,fluorspar,fluorspar,Ore Site,CM-past producer+resources,5,1,1,1,,,2024,USGS Critical mineral deposits of the United States v2.0,ScienceBase data release 10.5066/P9K1HBNT,Climax-type,Fluorspar,Quinn Canyon district,District production 50 short tons fluorspar up to 1951.,"Estimated reserves (1956): 410,000 short tons @ about 40% CaF2.",MRDS (2005); Nevada Bureau of Mines and Geology (2017),https://mrdata.usgs.gov/mrds/show-mrds.php?dep_id=10044445,,,,,,
ore-302,ore_site,Unnamed fluorspar site 302,NV,,39.80351,-116.9617,point,fluorspar,fluorspar,Ore Site,CM-past producer,1,1,1,0,,,2024,USGS Critical mineral deposits of the United States v2.0,ScienceBase data release 10.5066/P9K1HBNT,Climax-type,Fluorspar,Iowa Canyon district,Production: about 300 tons of fluorite ore averaging 60% CaF2.,Unknown.,MRDS (2005); Stager (1977),https://mrdata.usgs.gov/mrds/show-mrds.php?dep_id=10271203,,,,,,
ore-376,ore_site,Unnamed fluorspar site 376,NV,,38.15105,-115.6564,point,fluorspar,fluorspar,Ore Site,CM-past producer+resources,5,1,1,1,,,2024,USGS Critical mineral deposits of the United States v2.0,ScienceBase data release 10.5066/P9K1HBNT,Climax-type,Fluorspar,Quinn Canyon district,District production 50 short tons fluorspar up to 1951.,"Estimated reserves (1956): 3,125,000 short tons @30-35% CaF2.",MRDS (2005); Nevada Bureau of Mines and Geology (2017),https://mrdata.usgs.gov/mrds/show-mrds.php?dep_id=10295372,,,,,,
ore-428,ore_site,Unnamed fluorspar site 428,NV,,39.8315,-116.9922,point,fluorspar,fluorspar,Ore Site,CM-past producer,1,1,1,0,,,2024,USGS Critical mineral deposits of the United States v2.0,ScienceBase data release 10.5066/P9K1HBNT,Climax-type,Fluorspar,Iowa Canyon district,"Production (1974): 924,000 short tons @26% CaF2.",Unknown.,Nevada Bureau of Mines and Geology (2017),https://mrdata.usgs.gov/mrds/show-mrds.php?dep_id=10295674,,,,,,
ore-558,ore_site,Unnamed fluorspar site 558,NV,,38.00551,-115.69893,point,fluorspar,fluorspar,Ore Site,CM-past producer+resources,5,1,1,1,,,2024,USGS Critical mineral deposits of the United States v2.0,ScienceBase data release 10.5066/P9K1HBNT,Climax-type,Fluorspar,Quinn Canyon district,District production 50 short tons fluorspar up to 1951.,"Estimated reserves (1956): 12,000 short tons @51% CaF2.",MRDS (2005); Nevada Bureau of Mines and Geology (2017),https://mrdata.usgs.gov/mrds/show-mrds.php?dep_id=10044459,,,,,,
ore-57,ore_site,Unnamed fluorspar site 57,NV,,39.41993,-116.089,point,fluorspar,fluorspar,Ore Site,CM resources,3,1,1,1,,,2024,USGS Critical mineral deposits of the United States v2.0,ScienceBase data release 10.5066/P9K1HBNT,Climax-type,Fluorspar,McCullough Butte,None.,"Resources (1970s): “many 100,000s” short tons, 10% CaF2 (Fish Creek district) 1987: >120,000,000 tons @10% CaF2. 2014: 9,800,000 tons @10.3% CaF2 (Indicated mineral resource, 8% CaF2 cutoff); 32,500,000 tons, 10.4% CaF2 (Inferred mineral resource, 8% CaF2 cutoff) [JORC compliant]. 2015: MB: 6,700,000 tons @10.8% CaF2 (Indicated mineral resource, 9% CaF2 cutoff); 88,500,000 tons, 0.7% CaF2 (Inferred mineral resource, 9% CaF2 cutoff) [JORC compliant].",MRDS (2005); Nevada Bureau of Mines and Geology (2017); Foley and others (2017); Hayes and others (2017); Tertiary Minerals plc (2015),https://mrdata.usgs.gov/mrds/show-mrds.php?dep_id=10125493,,,,,,
ore-584,ore_site,Unnamed fluorspar site 584,NV,,38.13578,-115.67,point,fluorspar,fluorspar,Ore Site,CM-past producer+resources,5,1,1,1,,,2024,USGS Critical mineral deposits of the United States v2.0,ScienceBase data release 10.5066/P9K1HBNT,Climax-type,Fluorspar,Quinn Canyon district,District production 50 short tons fluorspar up to 1951.,"Estimated reserves (1956): 33,000 short tons @80% CaF2.",MRDS (2005); Nevada Bureau of Mines and Geology (2017),https://mrdata.usgs.gov/mrds/show-mrds.php?dep_id=10044455,,,,,,
ore-640,ore_site,Unnamed fluorspar site 640,NV,,38.87159,-117.59955,point,fluorspar,fluorspar,Ore Site,CM-past producer+resources,5,1,1,1,,,2024,USGS Critical mineral deposits of the United States v2.0,ScienceBase data release 10.5066/P9K1HBNT,Climax-type,Fluorspar,Union district (Nye Co.),Production (1953-1954): 360 short tons.,"Estimated open pit mineable resources (1974): 433,000 short tons @18.5% CaF2. Early 1970s: 20,000 short tons @16% CaF2 mined and stockpiled.",MRDS (2005); Nevada Bureau of Mines and Geology (2017),https://mrdata.usgs.gov/mrds/show-mrds.php?dep_id=10044432,,,,,,
ore-646,ore_site,Unnamed fluorspar site 646,NV,,40.53954,-118.21337,point,fluorspar,fluorspar,Ore Site,CM-past producer+resources,5,1,1,1,,,2024,USGS Critical mineral deposits of the United States v2.0,ScienceBase data release 10.5066/P9K1HBNT,Climax-type,Fluorspar,Imlay district,"Production (1953-1955): 1,932 short tons.","Resources (1985): 800,000 short tons @25% CaF2.",MRDS (2005); Nevada Bureau of Mines and Geology (2017),https://mrdata.usgs.gov/mrds/show-mrds.php?dep_id=10042511,,,,,,
ore-72,ore_site,Unnamed fluorspar site 72,NV,,39.83821,-117.00263,point,fluorspar,fluorspar,Ore Site,CM resources,3,1,1,1,,,2024,USGS Critical mineral deposits of the United States v2.0,ScienceBase data release 10.5066/P9K1HBNT,Climax-type,Fluorspar,Iowa Canyon district,None.,"Resources 1970s: 300,000 short tons, 30% CaF2. 1974: 437,500 short tons, 25.8% CaF2.",MRDS (2005); Nevada Bureau of Mines and Geology (2017),https://mrdata.usgs.gov/mrds/show-mrds.php?dep_id=10271322,,,,,,
ore-164,ore_site,Unnamed gallium site 164,NV,,41.911,-117.81459,point,gallium,gallium,Ore Site,Past producer+CM resources,2,1,1,1,,,2024,USGS Critical mineral deposits of the United States v2.0,ScienceBase data release 10.5066/P9K1HBNT,Meteoric convection,Low sulfidation epithermal mercury,McDermitt Caldera,"Historical (1930s-1970) mercury production from the underground Cordero mine and open pits produced more than 115,000 flasks of mercury. McDermitt open pit (1975-1989) estimated production of ore than 400,000 flasks of mercury (not enriched in Ga).","Total Measured and Indicated resources (2008): 14,971,100 metric tons @47.7 ppm Ga (713,930 kg Ga). Total Inferred resources: 6,591,600 metric tons @43.7 ppm Ga (334,590 kg Ga).",Carew (2008),https://mrdata.usgs.gov/mrds/show-mrds.php?dep_id=10040311,,,,,,
ore-150,ore_site,Unnamed lithium site 150,NV,,37.72281,-117.59413,point,lithium,lithium,Ore Site,CM resources,3,1,1,1,,,2024,USGS Critical mineral deposits of the United States v2.0,ScienceBase data release 10.5066/P9K1HBNT,Lacustrine evaporite,Residual brine,Clayton Valley-Rhyolite Ridge lithium,None.,"Resource (2017): 331,500,000 cubic meters brine @123 mg/L Li.",Karl and others (2019),https://doi.org/10.5066/P9ZKRWQF,,,,,,
ore-151,ore_site,Unnamed lithium site 151,NV,,37.73872,-117.53857,point,lithium,lithium,Ore Site,CM resources,3,1,1,1,,,2024,USGS Critical mineral deposits of the United States v2.0,ScienceBase data release 10.5066/P9K1HBNT,Lacustrine evaporite,Lithium clay,Clayton Valley-Rhyolite Ridge lithium,None.,"Inferred resource (2018): 1,120,310,000 tonnes ore @860 ppm Li; Indicated resource (2018) 831,042,000 tonnes ore @867 ppm Li.",Karl and others (2019),https://doi.org/10.5066/P9ZKRWQF,,,,,,
ore-152,ore_site,Unnamed lithium site 152,NV,,37.77538,-117.50511,point,lithium,lithium,Ore Site,CM resources,3,1,1,1,,,2024,USGS Critical mineral deposits of the United States v2.0,ScienceBase data release 10.5066/P9K1HBNT,Lacustrine evaporite,Lithium clay,Clayton Valley-Rhyolite Ridge lithium,None.,"Inferred resource (2019): 330,670,000 tonnes ore @858 ppm Li.",Karl and others (2019),https://doi.org/10.5066/P9ZKRWQF,,,,,,
ore-332,ore_site,Unnamed lithium site 332,NV,,41.71198,-118.07499,point,lithium,lithium,Ore Site,CM resources,3,1,1,1,,,2024,USGS Critical mineral deposits of the United States v2.0,ScienceBase data release 10.5066/P9K1HBNT,Lacustrine evaporite,Lithium clay,McDermitt Caldera,None.,"Total reserves and resources (2022): 1,754,400,000 metric tons @0.439% Li2O. Inferred resource (2018): 124,890,000 metric tons ore @1.1% Na, 3.04% K; Proven + Probable reserve-inclusive (2018): 179,422,000 metric tons ore @3,283 ppm Li.",Karl and others (2019); Roth and others (2022),https://doi.org/10.5066/P9ZKRWQF,,,,,,
ore-521,ore_site,Unnamed lithium site 521,NV,,37.81067,-117.85512,point,lithium,lithium,Ore Site,CM resources,3,1,1,1,,,2024,USGS Critical mineral deposits of the United States v2.0,ScienceBase data release 10.5066/P9K1HBNT,Lacustrine evaporite,Lithium clay,Clayton Valley-Rhyolite Ridge lithium,None.,"Total Rhyolite South Basin resources (2023): 360,200,000 metric tons @0.377% Li2O and 2.2% borates. Total reserves and resources for potash reported in 2018: 475,400,000 metric tons @0.870% K2O.",Karl and others (2019); Ioneer (2023); Sibanye Stillwater (2023),https://doi.org/10.5066/P9ZKRWQF,,,,,,
ore-573,ore_site,Unnamed lithium site 573,NV,,37.79778,-117.55347,point,lithium,lithium,Ore Site,CM-recent producer+resources,6,1,1,1,,,2024,USGS Critical mineral deposits of the United States v2.0,ScienceBase data release 10.5066/P9K1HBNT,Lacustrine evaporite,Residual brine,Clayton Valley-Rhyolite Ridge lithium,"Production (1967-2017): 47,471 metric tons Li. Annual production for the years 2020-2022: 2,000 metric tons of lithium metal. In 2021, shipped 12,963,995 lbs of lithium compounds.","Demonstrated in situ mineral reserve (1986): 240,000,000 metric tons brine @0.033% Li. Total reserves and resources (2022): 208,700 metric tons @0.023% Li2O.",Karl and others (2019); Albemarle Corporation (2022),https://doi.org/10.5066/P9ZKRWQF,,,,,,
ore-616,ore_site,Unnamed lithium site 616,NV,,38.15412,-117.27217,point,lithium,lithium,Ore Site,CM resources,3,1,1,1,,,2024,USGS Critical mineral deposits of the United States v2.0,ScienceBase data release 10.5066/P9K1HBNT,Lacustrine evaporite,Lithium clay,Clayton Valley-Rhyolite Ridge lithium,None.,"Total Measured, Indicated, and Inferred resources (2022): 2,538,000,000 metric tons @0.17% Li2O (4,350,000 metric tons Li2O).",Loveday and Kester (2023),,,,,,,
ore-84,ore_site,Unnamed lithium site 84,NV,,37.19978,-117.02249,point,lithium,lithium,Ore Site,CM resources,3,1,1,1,,,2024,USGS Critical mineral deposits of the United States v2.0,ScienceBase data release 10.5066/P9K1HBNT,Lacustrine evaporite,Lithium clay,Bonnie Claire lithium,None.,"Inferred resources (2021): Open-Pit (North) 288.7 Mt @947.9 ppm Li for 273.7 million kg Li or 1,256.9 million kg LCE. Open-Pit (South) 200.9 Mt @784 ppm Li for 157.5 million kg Li or 838.4 million kg LCE. Borehole 3,289 Mt @936.0 ppm Li for 3,078 million kg Li or 16,385 million kg LCE. Total LCE Inferred resources are 18,680.3 million kg at a cutoff grade of 500 ppm Li. Note that lithium is not in clays, but in carbonates and salts between clay and sand particles in the sediments.",Karl and others (2019); Samari and others (2021),https://doi.org/10.5066/P9ZKRWQF,,,,,,
ore-456,ore_site,Unnamed magnesium site 456,NV,,36.49999,-114.47862,point,magnesium,magnesium,Ore Site,CM-past producer+resources,5,1,1,1,,,2024,USGS Critical mineral deposits of the United States v2.0,ScienceBase data release 10.5066/P9K1HBNT,Lacustrine evaporite,Magnesite,Lake Mead/Muddy lithium,Small production 1920s.,"Resources (1936): 850,000 short tons 38% MgO; 3,700,000 short tons 34% MgO; and 5,100,000 short tons 30% MgO.",MRDS (2005); Nevada Bureau of Mines and Geology (2017),https://mrdata.usgs.gov/mrds/show-mrds.php?dep_id=10221960,,,,,,
ore-5,ore_site,Unnamed magnesium site 5,NV,,38.85242,-115.3148,point,magnesium,magnesium,Ore Site,CM-past producer,1,1,1,1,,,2024,USGS Critical mineral deposits of the United States v2.0,ScienceBase data release 10.5066/P9K1HBNT,Porphyry Cu-Mo-Au,Skarn magnesite,Currant Creek magnesite district,Production: (1940-1942): ~40 tons of crude magnesite and 500 tons of magnesite-bearing material.,"District reserves are small: estimated to total about 8,500 tons.",MRDS (2005); Vitaliano (1951),https://mrdata.usgs.gov/mrds/show-mrds.php?dep_id=10044186,,,,,,
ore-565,ore_site,Unnamed magnesium site 565,NV,,38.86659,-117.88427,point,magnesium,magnesium,Ore Site,CM-recent producer+resources,6,1,1,0,,,2024,USGS Critical mineral deposits of the United States v2.0,ScienceBase data release 10.5066/P9K1HBNT,Porphyry Cu-Mo-Au,Skarn magnesite,Gabbs magnesite,"Production: 80,000 tons of Mg metal was produced from 900,000 tons of magnesite ore. Premier Magnesia, LLC is currently (2023) operating an active mine (production data proprietary).",Unknown.,MRDS (2005); Dicken and others (2022),https://mrdata.usgs.gov/mrds/show-mrds.php?dep_id=10008840,,,,,,
ore-607,ore_site,Unnamed magnesium site 607,NV,,39.19962,-114.76725,point,magnesium,magnesium,Ore Site,CM resources,3,1,1,1,,,2024,USGS Critical mineral deposits of the United States v2.0,ScienceBase data release 10.5066/P9K1HBNT,Basin brine path,Reflux and hydrothermal dolomite,Nevada high-Mg dolomite,None.,"Inferred resource (2011): 412,000,000 tons @ an average grade 12.3% Mg for a contained metal content of 111 billion lbs Mg using a 12% cutoff grade.",Brown and others (2011); Buckingham and others (2014),,,,,,,
ore-672,ore_site,Unnamed magnesium site 672,NV,,38.92966,-115.14115,point,magnesium,magnesium,Ore Site,CM-past producer,1,1,1,1,,,2024,USGS Critical mineral deposits of the United States v2.0,ScienceBase data release 10.5066/P9K1HBNT,Porphyry Cu-Mo-Au,Skarn magnesite,Currant Creek magnesite district,"Production: (1940-1942): 1,200 tons of selectively mined magnesite.","District reserves are small: estimated to total about 8,500 tons.",MRDS (2005); Vitaliano (1951),https://mrdata.usgs.gov/mrds/show-mrds.php?dep_id=10037280,,,,,,
ore-245,ore_site,Unnamed manganese site 245,NV,,40.94325,-117.42904,point,manganese,"manganese, tungsten",Ore Site,CM-past producer,1,1,1,0,,,2024,USGS Critical mineral deposits of the United States v2.0,ScienceBase data release 10.5066/P9K1HBNT,Lacustrine evaporite,Residual brine,Golconda mining district,"Production (1893-1945): 610 metric tons W. Production of Fe, Mn, and SiO2 in 1893.",Unknown.,Karl and others (2020); Stager and Tingley (1988),https://doi.org/10.5066/P97NJLI4,,,,,,
ore-496,ore_site,Unnamed manganese site 496,NV,,37.90107,-114.4739,point,manganese,"manganese, zinc",Ore Site,CM-past producer+resources,5,1,1,1,,,2024,USGS Critical mineral deposits of the United States v2.0,ScienceBase data release 10.5066/P9K1HBNT,Climax-type,Polymetallic sulfide S-R-V-IS,Marysvale-Pioche belt,"Pioche district production (1905-1958): 810,366 oz Au, 17,956,492 oz Ag, 6,254,900 lbs Cu, 317,007,800 lbs Pb, 640,224,100 lbs Zn, and 711,400 tons Mn ore. Prince mine production (through 1976): 5,227,587 short tons ore @3.7% Pb, 8.6% Zn, and 4.5 oz/short ton Ag.","Pioche district reserve (1958): Casselton type ore: 2,642,830 metric tons ore @0.046 oz/t Au, 5.32 oz/ton Ag, 4.81% Pb, and 11.82% Zn; Pan American type ore: 149,629 metric tons ore @0.028 oz/t Au, 1.64 oz/t Ag, 1.39% Pb, 2.66% Zn, and 9.7% Mn. Prince mine reserve: 0.2-0.3 million short tons ore @2.2% Pb, 3.0% Zn, and 2.6 oz/t Ag; Virginia Louise mine reserve (1936): 494,000 short tons ore @2.5% Pb, 2.6% Zn, and 2.5 oz/ton Ag.",MRDS (2005); Long (1992),https://mrdata.usgs.gov/mrds/show-mrds.php?dep_id=10008111,,,,,,
ore-612,ore_site,Unnamed manganese site 612,NV,,36.09139,-114.91277,point,manganese,manganese,Ore Site,CM-past producer+resources,5,1,1,1,,,2024,USGS Critical mineral deposits of the United States v2.0,ScienceBase data release 10.5066/P9K1HBNT,Marine chemocline,Iron-manganese,Three Kids district,"Production (1917-1961): 2,225,000 tons of ore mined and treated, with 15-40% Mn. Total production from the district exceeded 1,000,000 tons of manganese ore.","Resource: 7,230,000 metric tons ore, grading 13.2% Mn for 954,000 metric tons of contained Mn.",MRDS (2005); Dicken and others (2022),https://mrdata.usgs.gov/mrds/show-mrds.php?dep_id=10037203,,,,,,
ore-524,ore_site,Unnamed rhenium site 524,NV,,39.26262,-114.99346,point,rhenium,rhenium,Ore Site,Recent producer+CM resources,4,1,1,1,,,2024,USGS Critical mineral deposits of the United States v2.0,ScienceBase data release 10.5066/P9K1HBNT,Porphyry Cu-Mo-Au,Porphyry/skarn copper,Ely (Robinson District),"Production (Robinson mine; 1908-2015): 3,336,254 troy oz Au, 10,451,175 troy oz Ag, 7,544,033,000 lbs Cu, and 10,182,000 lbs Mo.","Resource (Ely; 2017): 754,000,000 metric tons ore @0.613% Cu, 0.01% Mo, 0.27 g/t Au, and 0.27 g/t Re.",Burger and Long (2018),https://doi.org/10.5066/F7KP81F2,,,,,,
ore-371,ore_site,Unnamed tin site 371,NV,,40.68322,-118.53432,point,tin,tin,Ore Site,CM-past producer,1,1,1,1,,,2024,USGS Critical mineral deposits of the United States v2.0,ScienceBase data release 10.5066/P9K1HBNT,Porphyry Sn (granite-related),Porphyry/skarn,Trinity Range-Kamma Mountains,"Production (1906-1951): 1,100 short tons (1,000 t) Cu, 184,000 troy oz (5.7 t) Ag, 440 short tons (400 t) Pb, <5,253 troy oz (0.16 t) Au, minor Zn, and approximately 10 to 15 short tons (9.1–13.6 t) Sn.",Unknown. Current (2023) exploration target for copper.,MRDS (2005); Vikre and others (2023),https://mrdata.usgs.gov/mrds/show-mrds.php?dep_id=10042468,,,,,,
ore-206,ore_site,Unnamed tungsten site 206,NV,,37.64128,-115.63114,point,tungsten,tungsten,Ore Site,CM-past producer,1,1,1,0,,,2024,USGS Critical mineral deposits of the United States v2.0,ScienceBase data release 10.5066/P9K1HBNT,Porphyry Cu-Mo-Au,S-R-V tungsten,Southern Nevada Tungsten,"Production (1938-1982): 500,000 stu WO3.",Unknown.,Karl and others (2020),https://doi.org/10.5066/P97NJLI4,,,,,,
ore-253,ore_site,Unnamed tungsten site 253,NV,,41.13643,-117.27606,point,tungsten,tungsten,Ore Site,CM-past producer+resources,5,1,1,1,,,2024,USGS Critical mineral deposits of the United States v2.0,ScienceBase data release 10.5066/P9K1HBNT,Porphyry Cu-Mo-Au,S-R-V tungsten,Northern Nevada tungsten skarns,"Production (1942-1957): 149,100 stu WO3.","Resource (1943): 100,000 tons @0.4% WO3.",Karl and others (2020),https://doi.org/10.5066/P97NJLI4,,,,,,
ore-300,ore_site,Unnamed tungsten site 300,NV,,41.62551,-114.2448,point,tungsten,tungsten,Ore Site,CM-past producer+resources,5,1,1,1,,,2024,USGS Critical mineral deposits of the United States v2.0,ScienceBase data release 10.5066/P9K1HBNT,Porphyry Cu-Mo-Au,S-R-V tungsten,Indian Springs and Delano mining districts,"Production (1970-1975): 12,500 tons ore @0.25% WO3.","Indicated resource (2007): 10,800,000 short tons @0.17% WO3. Inferred resource (2007): 8,200,000 short tons @0.17% WO3.",Karl and others (2020); More and Stryhas (2007),https://doi.org/10.5066/P97NJLI4,,,,,,
ore-367,ore_site,Unnamed tungsten site 367,NV,,40.03379,-119.26441,point,tungsten,tungsten,Ore Site,CM-past producer,1,1,1,0,,,2024,USGS Critical mineral deposits of the United States v2.0,ScienceBase data release 10.5066/P9K1HBNT,Porphyry Cu-Mo-Au,S-R-V tungsten,Northern Nevada tungsten skarns,"Production (1917-1961): 32,300 stu WO3.",Unknown.,Karl and others (2020),https://doi.org/10.5066/P97NJLI4,,,,,,
ore-382,ore_site,Unnamed tungsten site 382,NV,,41.15612,-117.29726,point,tungsten,tungsten,Ore Site,CM-past producer,1,1,1,0,,,2024,USGS Critical mineral deposits of the United States v2.0,ScienceBase data release 10.5066/P9K1HBNT,Porphyry Cu-Mo-Au,S-R-V tungsten,Northern Nevada tungsten skarns,"Production (1955-1956): 100,000 stu WO3.",Unknown.,Karl and others (2020),https://doi.org/10.5066/P97NJLI4,,,,,,
ore-424,ore_site,Unnamed tungsten site 424,NV,,39.2453,-115.5515,point,tungsten,tungsten,Ore Site,CM-past producer+resources,5,1,1,1,,,2024,USGS Critical mineral deposits of the United States v2.0,ScienceBase data release 10.5066/P9K1HBNT,Porphyry Cu-Mo-Au,S-R-V tungsten,Central Nevada tungsten skarns,Production (1954): 434 tons ore @0.447% WO3.,"Ore reserve (2014): 4,200,000 tons ore @0.6% Cu and 0.37% Mo; 6,200,000 tons ore @0.37% WO3.",Karl and others (2020),https://doi.org/10.5066/P97NJLI4,,,,,,
ore-429,ore_site,Unnamed tungsten site 429,NV,,39.01455,-118.32345,point,tungsten,tungsten,Ore Site,CM-past producer,1,1,1,0,,,2024,USGS Critical mineral deposits of the United States v2.0,ScienceBase data release 10.5066/P9K1HBNT,Porphyry Cu-Mo-Au,S-R-V tungsten,Central Nevada tungsten skarns,"Production (1935-1982): 310,000 stu WO3.",Unknown.,Karl and others (2020),https://doi.org/10.5066/P97NJLI4,,,,,,
ore-435,ore_site,Unnamed tungsten site 435,NV,,40.00975,-119.22758,point,tungsten,tungsten,Ore Site,CM-past producer,1,1,1,0,,,2024,USGS Critical mineral deposits of the United States v2.0,ScienceBase data release 10.5066/P9K1HBNT,Porphyry Cu-Mo-Au,S-R-V tungsten,Northern Nevada tungsten skarns,"Production (1918-1971): 40,044 stu WO3.",Unknown.,Karl and others (2020),https://doi.org/10.5066/P97NJLI4,,,,,,
ore-458,ore_site,Unnamed tungsten site 458,NV,,41.14669,-117.26128,point,tungsten,tungsten,Ore Site,CM-past producer+resources,5,1,1,1,,,2024,USGS Critical mineral deposits of the United States v2.0,ScienceBase data release 10.5066/P9K1HBNT,Porphyry Cu-Mo-Au,S-R-V tungsten,Northern Nevada tungsten skarns,"Production (1951-1956): 150,000 stu WO3.","Resource (1943): 40,000 tons ore @0.5% WO3.",Karl and others (2020),https://doi.org/10.5066/P97NJLI4,,,,,,
ore-481,ore_site,Unnamed tungsten site 481,NV,,38.37915,-117.87082,point,tungsten,"tungsten, zinc",Ore Site,CM-past producer+resources,5,1,1,1,,,2024,USGS Critical mineral deposits of the United States v2.0,ScienceBase data release 10.5066/P9K1HBNT,Porphyry Cu-Mo-Au,S-R-V tungsten,Central Nevada tungsten skarns,Production (1941-1957): 500 stu WO3.,"Indicated + Inferred resource (2018): 10,700,000 tonnes ore @0.26% WO3, 0.38% Zn, 0.15% Cu, and 19.38 g/tonne Ag.",Karl and others (2020),https://doi.org/10.5066/P97NJLI4,,,,,,
ore-482,ore_site,Unnamed tungsten site 482,NV,,38.3933,-117.8872,point,tungsten,tungsten,Ore Site,CM-past producer+resources,5,1,1,1,,,2024,USGS Critical mineral deposits of the United States v2.0,ScienceBase data release 10.5066/P9K1HBNT,Porphyry Cu-Mo-Au,S-R-V tungsten,Central Nevada tungsten skarns,Production (1941-1953): 215 stu WO3.,"Inferred resource (2018): 1,830,000 tonnes ore @0.36% WO3.",Karl and others (2020),https://doi.org/10.5066/P97NJLI4,,,,,,
ore-483,ore_site,Unnamed tungsten site 483,NV,,38.3864,-117.8905,point,tungsten,tungsten,Ore Site,CM-past producer,1,1,1,0,,,2024,USGS Critical mineral deposits of the United States v2.0,ScienceBase data release 10.5066/P9K1HBNT,Porphyry Cu-Mo-Au,S-R-V tungsten,Central Nevada tungsten skarns,"Production (1925-1956): 23,000 stu WO3.",Unknown.,Karl and others (2020),https://doi.org/10.5066/P97NJLI4,,,,,,
ore-523,ore_site,Unnamed tungsten site 523,NV,,41.18909,-117.25071,point,tungsten,tungsten,Ore Site,CM-past producer+resources,5,1,1,1,,,2024,USGS Critical mineral deposits of the United States v2.0,ScienceBase data release 10.5066/P9K1HBNT,Porphyry Cu-Mo-Au,S-R-V tungsten,Northern Nevada tungsten skarns,"Production (Riley mine; 1943-1957): 337,000 short tons WO3; (Riley Extension mine; 1951-1957): 70,000 short tons WO3.","Resource (1943): 15,000 tons @0.6% WO3.",Karl and others (2020),https://doi.org/10.5066/P97NJLI4,,,,,,
ore-550,ore_site,Unnamed tungsten site 550,NV,,38.79425,-114.35381,point,tungsten,tungsten,Ore Site,CM-past producer+resources,5,1,1,1,,,2024,USGS Critical mineral deposits of the United States v2.0,ScienceBase data release 10.5066/P9K1HBNT,Porphyry Cu-Mo-Au,S-R-V tungsten,Shoshone Mining District,"Production (1916-1956): 107,860 stu WO3.","Inferred reserve (1943): 17,000 tons @0.7% WO3. Measured reserve (1943): 1,200 tons @0.75% WO3. Indicated reserve (1943): 6,200 tons ore @0.74% WO3.",Karl and others (2020),https://doi.org/10.5066/P97NJLI4,,,,,,
ore-570,ore_site,Unnamed tungsten site 570,NV,,38.31691,-118.19709,point,tungsten,tungsten,Ore Site,CM-past producer,1,1,1,0,,,2024,USGS Critical mineral deposits of the United States v2.0,ScienceBase data release 10.5066/P9K1HBNT,Porphyry Cu-Mo-Au,S-R-V tungsten,Central Nevada tungsten skarns,"Production (1916-1972): 65,000 stu WO3.",Unknown.,Karl and others (2020),https://doi.org/10.5066/P97NJLI4,,,,,,
ore-587,ore_site,Unnamed tungsten site 587,NV,,40.77807,-118.13429,point,tungsten,tungsten,Ore Site,CM-past producer+resources,5,1,1,1,,,2024,USGS Critical mineral deposits of the United States v2.0,ScienceBase data release 10.5066/P9K1HBNT,Porphyry Cu-Mo-Au,S-R-V tungsten,Northern Nevada tungsten skarns,"Production (1914-1982): 3,174,253 tons ore @0.571% WO3.","Inferred resource (2013): 1,616,000 tons ore @0.459% WO3. Indicated resource (2013): 355,000 tons @0.537% WO3.",Karl and others (2020),https://doi.org/10.5066/P97NJLI4,,,,,,
ore-591,ore_site,Unnamed tungsten site 591,NV,,40.0135,-119.11238,point,tungsten,tungsten,Ore Site,CM-past producer,1,1,1,0,,,2024,USGS Critical mineral deposits of the United States v2.0,ScienceBase data release 10.5066/P9K1HBNT,Porphyry Cu-Mo-Au,S-R-V tungsten,Star Tungsten Mine,"Production (1941, 1952-56, 1972); 11,659 units of WO3; 10,580 metric tons of ore at 1.0% WO3.",Unknown.,MRDS (2005); Dicken and others (2022),https://mrdata.usgs.gov/mrds/show-mrds.php?dep_id=10111431,,,,,,
ore-647,ore_site,Unnamed tungsten site 647,NV,,41.15104,-117.26177,point,tungsten,tungsten,Ore Site,CM-past producer,1,1,1,0,,,2024,USGS Critical mineral deposits of the United States v2.0,ScienceBase data release 10.5066/P9K1HBNT,Porphyry Cu-Mo-Au,S-R-V tungsten,Northern Nevada tungsten skarns,"Production (1942-1956): 37,680 stu WO3.",Unknown.,Karl and others (2020),https://doi.org/10.5066/P97NJLI4,,,,,,
ore-653,ore_site,Unnamed tungsten site 653,NV,,38.97532,-117.91545,point,tungsten,tungsten,Ore Site,CM-past producer,1,1,1,0,,,2024,USGS Critical mineral deposits of the United States v2.0,ScienceBase data release 10.5066/P9K1HBNT,Porphyry Cu-Mo-Au,S-R-V tungsten,Central Nevada tungsten skarns,"Production (1951-1963): 101,100 stu WO3.",Unknown.,Karl and others (2020),https://doi.org/10.5066/P97NJLI4,,,,,,
ore-132,ore_site,Unnamed vanadium site 132,NV,,40.61686,-116.11806,point,vanadium,vanadium,Ore Site,CM resources,3,1,1,1,,,2024,USGS Critical mineral deposits of the United States v2.0,ScienceBase data release 10.5066/P9K1HBNT,Marine chemocline,Black shale,Gibellini and Carlin Vanadium,None.,"Total Measured, Indicated, and Inferred resources (2019): 28,875,690 @0.594% V2O5 at a cutoff of 0.3% V2O5.",Stryhas and others (2019),,,,,,,
ore-238,ore_site,Unnamed vanadium site 238,NV,,39.20937,-116.09646,point,vanadium,vanadium,Ore Site,CM resources,3,1,1,1,,,2024,USGS Critical mineral deposits of the United States v2.0,ScienceBase data release 10.5066/P9K1HBNT,Marine chemocline,Black shale,Gibellini and Carlin Vanadium,None.,"Inferred resource (2018): 14,970,000 tons @0.175% V2O5. Measured + Indicated resources (2018): 22,950,000 tons @0.286 V2O5. Total resources: 41,231,546 metric tons @0.248% V2O5.",MRDS (2005); Hanson and others (2018),https://mrdata.usgs.gov/mrds/show-mrds.php?dep_id=10044700,,,,,,
ore-58,ore_site,Unnamed vanadium site 58,NV,,39.08437,-116.14784,point,vanadium,vanadium,Ore Site,CM resources,3,1,1,1,,,2024,USGS Critical mineral deposits of the United States v2.0,ScienceBase data release 10.5066/P9K1HBNT,Marine chemocline,Black shale,Gibellini and Carlin Vanadium,None.,"Indicated resources (2016): 11,879,590 tons @0.39% V2O5; Inferred resources (2016): 7,048,056 tons @0.42% V2O5.",MRDS (2005); Ullmer and Bentzen (2016),https://mrdata.usgs.gov/mrds/show-mrds.php?dep_id=10045877,,,,,,
ore-353,ore_site,Unnamed zinc site 353,NV,,39.61251,-116.26245,point,zinc,zinc,Ore Site,CM-past producer+resources,5,1,1,1,,,2024,USGS Critical mineral deposits of the United States v2.0,ScienceBase data release 10.5066/P9K1HBNT,Basin brine path,Zinc-lead (MVT and sedex),Lone Mountain district,"Mountain View (Lone Mountain) mine (1964): ~5 million lbs Zn, 650,000 lbs Pb, 4,000 lbs Ag, and 600 lbs Cu. The Mountain View mine is located on the patented mining claim that forms part of the Lone Mountain Project.","Total Inferred resources (2018): 3,257,000 metric tons @7.57% Zn and 0.70% Pb at cutoff grade of 2% Zn.",Ling and others (2019),,,,,,,
ore-417,ore_site,Unnamed zinc site 417,NV,,39.78742,-116.15897,point,zinc,zinc,Ore Site,CM-past producer+resources,5,1,1,1,,,2024,USGS Critical mineral deposits of the United States v2.0,ScienceBase data release 10.5066/P9K1HBNT,Climax-type,Porphyry molybdenum,Mount Hope,"Production (1870-1970): Small scale underground mining for zinc, copper, silver. Recent focus on Mo potential.","Resource (1946): ~176,000 metric tons ore @9.9% Zn. Resources (1970): 290,000 metric tons @6% Zn. Proven and Probable Reserve (2014): 985 Mt at 0.07% MoS2; Measured and Indicated resource: 65 Mt at 0.033% MoS2.",MRDS (2005); Matson (1946); Huss and others (2014),https://mrdata.usgs.gov/mrds/show-mrds.php?dep_id=10044732,,,,,,
ore-463,ore_site,Unnamed zinc site 463,NV,,37.89024,-114.61334,point,zinc,zinc,Ore Site,CM-past producer+resources,5,1,1,1,,,2024,USGS Critical mineral deposits of the United States v2.0,ScienceBase data release 10.5066/P9K1HBNT,Porphyry Cu-Mo-Au,Polymetallic sulfide S-R-V-IS,Marysvale-Pioche belt,"Total recorded production Comet district mines (1913-1952): 2.03 million lbs Pb, 2.4 million lbs Zn, 75,000 lbs Cu, 233,447 oz Ag, and 1,500 oz Au. Production Pan American mine (1951-1978) 2,081,786 metric tonnes ore @4 g/t Ag, 1.06 % Pb, 2.42 % Zn, and 9.4 % Mn, and a small amount Au.","Reserves (1967): Proven reserves: 1.3 million short tons @1.84oz/t Ag, 1.38% Pb, and 2.36% Zn; Probable reserves: 0.3 million short tons ore @2.15 oz/t Ag, 1.38% Pb, and 2.36% Zn; Possible reserves: 1.2 million short tons @1.9 oz/t Ag, 1.3% Pb, and 2.7% Zn.",MRDS (2005); Long (1992),https://mrdata.usgs.gov/mrds/show-mrds.php?dep_id=10310403,,,,,,
ore-625,ore_site,Unnamed zinc site 625,NV,,40.28628,-118.54709,point,zinc,zinc,Ore Site,CM-past producer+resources,5,1,1,1,,,2024,USGS Critical mineral deposits of the United States v2.0,ScienceBase data release 10.5066/P9K1HBNT,Porphyry Sn (granite-related),Polymetallic sulfide S-R-V-IS,Trinity Range-Kamma Mountains,"Production (1987): 453,000 metric tons ore @148.237 g/metric ton Ag.","Inferred resources (2013): 19.79 million metric tons @0.354% Zn, 0.217% Pb, and 1.070 opt Ag (at a 0.8 AgEq opt cutoff).",MRDS (2005); Renaissance Gold (2013),https://mrdata.usgs.gov/mrds/show-mrds.php?dep_id=10042483,,,,,,
ore-493,ore_site,Unnamed REE site 493,NY,,43.58504,-75.34116,point,REE,"REE, titanium, zirconium",Ore Site,CM resources,3,1,1,1,,,2024,USGS Critical mineral deposits of the United States v2.0,ScienceBase data release 10.5066/P9K1HBNT,IOA-IOCG,Iron oxide apatite,Port Leyden mine area,None.,"Resource (Port Leyden area; 1976): 2,400,000,000 tons of sand @1.3% ilmenite, 0.0036% rutile, and 0.1% zircon.",Force and others (1976),,,,,,,
ore-545,ore_site,Unnamed REE site 545,NY,,44.05081,-74.05511,point,REE,"REE, titanium, vanadium",Ore Site,CM-past producer+resources,5,1,1,1,,,2024,USGS Critical mineral deposits of the United States v2.0,ScienceBase data release 10.5066/P9K1HBNT,IOA-IOCG,Iron oxide apatite,Sanford Lake-Tahawas Mining District,Production of titanium and iron.,"Indicated reserve (1942): 4,200,000 short tons ore @0.24% V. Measured reserve (1942): 16,500,000 short tons @0.22% V. Resource (2002): 31,000,000 tons ilmenite. Mineville district dump tailings are estimated to contain 800,000 short tons of apatite in mine waste that could contain about 104,000 short tons of total REO.",MRDS (2005); Staatz and others (1980),https://mrdata.usgs.gov/mrds/show-mrds.php?dep_id=10082226,,,,,,
ore-143,ore_site,Unnamed graphite site 143,NY,,43.53773,-73.48084,point,graphite,graphite,Ore Site,CM resources,3,1,0,1,,,2024,USGS Critical mineral deposits of the United States v2.0,ScienceBase data release 10.5066/P9K1HBNT,Metamorphic,Graphite (coal or carbonaceous sed),Glens Falls Graphite Areas,Unknown.,Area contains 10 to 13 million tons of graphite schist.,MRDS (2005); Dicken and others (2022),https://mrdata.usgs.gov/mrds/show-mrds.php?dep_id=10081464,,,,,,
ore-572,ore_site,Unnamed graphite site 572,NY,,43.54125,-73.48899,point,graphite,graphite,Ore Site,CM resources,3,1,0,1,,,2024,USGS Critical mineral deposits of the United States v2.0,ScienceBase data release 10.5066/P9K1HBNT,Metamorphic,Graphite (coal or carbonaceous sed),Glens Falls Graphite Areas,Unknown.,Area contains 10 to 13 million tons of graphite schist.,MRDS (2005); Dicken and others (2022),https://mrdata.usgs.gov/mrds/show-mrds.php?dep_id=10247786,,,,,,
ore-308,ore_site,Unnamed titanium site 308,NY,,44.0833,-74.04955,point,titanium,titanium,Ore Site,CM resources,3,1,1,1,,,2024,USGS Critical mineral deposits of the United States v2.0,ScienceBase data release 10.5066/P9K1HBNT,Mafic magmatic,Iron-titanium oxide,Sanford Lake-Tahawas Mining District,None.,Resource: estimated reserve are 12 million short tons of titaniferous material with 2.3 million short tons TiO2.,MRDS (2005),https://mrdata.usgs.gov/mrds/show-mrds.php?dep_id=10067872,,,,,,
ore-368,ore_site,Unnamed titanium site 368,NY,,44.05108,-74.05035,point,titanium,titanium,Ore Site,CM-past producer,1,1,1,0,,,2024,USGS Critical mineral deposits of the United States v2.0,ScienceBase data release 10.5066/P9K1HBNT,Mafic magmatic,Iron-titanium oxide,Sanford Lake-Tahawas Mining District,"Production (1971-1979): 11,319,000 metric tons titaniferous magnetite ore; recoveries were 41.1% for magnetite concentrate and 51.8% for ilmenite concentrate.",Unknown.,MRDS (2005),https://mrdata.usgs.gov/mrds/show-mrds.php?dep_id=10150830,,,,,,
ore-200,ore_site,Unnamed zinc site 200,NY,,44.33092,-75.26706,point,zinc,zinc,Ore Site,CM-past producer+resources,5,1,1,1,,,2024,USGS Critical mineral deposits of the United States v2.0,ScienceBase data release 10.5066/P9K1HBNT,Basin brine path,Zinc-lead (MVT and sedex),Rossie-Balmat-Edwards mining districts,"Production (1915-1980): 6,500,000 metric tons ore @11% Zn.",Resource (2003): estimated diluted recoverable reserve for Balmat-Edwards 4 million tons of ore at 12.9% Zn.,MRDS (2005); Dicken and others (2022),https://mrdata.usgs.gov/mrds/show-mrds.php?dep_id=10074401,,,,,,
ore-212,ore_site,Unnamed zinc site 212,NY,,44.26424,-75.4108,point,zinc,zinc,Ore Site,CM-recent producer+resources,6,1,1,1,,,2024,USGS Critical mineral deposits of the United States v2.0,ScienceBase data release 10.5066/P9K1HBNT,Basin brine path,Zinc-lead (MVT and sedex),Rossie-Balmat-Edwards mining districts,"Production for zinc: 23,814 metric tons in 2022; 21,546 t in 2021; 20,684 t in 2020; and 13,472 t in 2019, for a total of ~80,000 metric tons Zn.","Total resources (2020): 8,330,678 metric tons @10.434 % Zn.",Warren and others (2021),,,,,,,
ore-35,ore_site,Unnamed zinc site 35,NY,,44.25218,-75.39977,point,zinc,zinc,Ore Site,CM-past producer+resources,5,1,1,1,,,2024,USGS Critical mineral deposits of the United States v2.0,ScienceBase data release 10.5066/P9K1HBNT,Basin brine path,Zinc-lead (MVT and sedex),Rossie-Balmat-Edwards mining districts,"Production (#3 mine; 1952-2001): 5,700,000 metric tons @9% Zn; (#2 mine; 1930-2001): 17,800,000 metric tons @9% Zn; (#4 mine; 1965-2001): 9,400,000 metric tons @8% Zn.",Resource (2003): estimated diluted recoverable reserve for Balmat-Edwards is 4 million tons of ore @12.9% Zn.,MRDS (2005); Dicken and others (2022),https://mrdata.usgs.gov/mrds/show-mrds.php?dep_id=10082070,,,,,,
ore-477,ore_site,Unnamed gallium site 477,OK,,36.9834,-94.83357,point,gallium,"gallium, germanium, zinc",Ore Site,CM-past producer,1,1,1,0,,,2024,USGS Critical mineral deposits of the United States v2.0,ScienceBase data release 10.5066/P9K1HBNT,Basin brine path,Zinc-lead (MVT and sedex),Tri-State district,"Production (1948-1953): Zn; (1883-1953) Cu-Ag. District production: 498 Mst of ore, with 2.8 Mst Pb and 11.7 Mst Zn. Past minor production of Cd, Ge, and Ga as byproducts of Zn and Pb extraction.",Unknown.,MRDS (2005); Dicken and others (2022),https://mrdata.usgs.gov/mrds/show-mrds.php?dep_id=10026251,,,,,,
ore-142,ore_site,Unnamed chromium site 142,OR,,44.35096,-118.81467,point,chromium,chromium,Ore Site,CM-past producer+resources,5,1,1,1,,,2024,USGS Critical mineral deposits of the United States v2.0,ScienceBase data release 10.5066/P9K1HBNT,Mafic magmatic,Chromite,Blue Mountains province,"Production (1917-1918): 5,440 tons @30-33% Cr2O3.","Reserves (1956): 125,000 tons ore @23% Cr2O3. Resource estimate (1980): 113,000 metric tons @23% Cr2O3. Property dropped from evaluation in 1980.",MRDS (2005); Hundhausen and others (1956),https://mrdata.usgs.gov/mrds/show-mrds.php?dep_id=10298900,,,,,,
ore-201,ore_site,Unnamed chromium site 201,OR,,42.25776,-123.6628,point,chromium,"chromium, cobalt, nickel",Ore Site,CM resources,3,1,1,1,,,2024,USGS Critical mineral deposits of the United States v2.0,ScienceBase data release 10.5066/P9K1HBNT,Chemical weathering,Nickel-cobalt laterite,Oregon Cyprus-type massive sulfide,None.,"Estimated resources (1975): 9,044,000 tonnes ore grading 0.04% Co, 0.56% Ni, and 0.93% Cr2O3; (1982) Identified resources 13,023,000 metric tons grading 1.1% Cr2O3.",Burger and others (2018); Lemons and others (1982),https://doi.org/10.5066/P9V74HIU,,,,,,
ore-307,ore_site,Unnamed chromium site 307,OR,,44.3536,-118.9224,point,chromium,chromium,Ore Site,CM-past producer+resources,5,1,1,1,,,2024,USGS Critical mineral deposits of the United States v2.0,ScienceBase data release 10.5066/P9K1HBNT,Mafic magmatic,Chromite,Blue Mountains province,"Production (1916-1918): 5,850 tons @32% Cr2O3.","Resource (1956): 75,000 tons ore @22% Cr2O3.",MRDS (2005); Hundhausen and others (1956),https://mrdata.usgs.gov/mrds/show-mrds.php?dep_id=10249977,,,,,,
ore-454,ore_site,Unnamed chromium site 454,OR,,43.252,-124.371,point,chromium,"chromium, zirconium",Ore Site,CM resources,3,1,1,1,,,2024,USGS Critical mineral deposits of the United States v2.0,ScienceBase data release 10.5066/P9K1HBNT,Placer,Zircon,Coastal Oregon beach placers,None.,"Proved reserves (2010): 8,682,378 short tons (7,876,500 metric tons) @7.5% chromite, 0.4% zircon, 21.5% heavy mineral sands, and 1.6% garnet. Indicated resources: 3,674,780 short tons @9.1% chromite. Inferred resources: 9,200,000 short tons @7.8% chromite.",Industrial Minerals Corporation Limited (2010),,,,,,,
ore-455,ore_site,Unnamed chromium site 455,OR,,42.36092,-123.77176,point,chromium,chromium,Ore Site,CM-past producer,1,1,1,0,,,2024,USGS Critical mineral deposits of the United States v2.0,ScienceBase data release 10.5066/P9K1HBNT,Mafic magmatic,Chromite,Klamath Mountains chromite,"Production (intermittent 1937-1958); 31,918 long tons ore.",Unknown.,MRDS (2005),https://mrdata.usgs.gov/mrds/show-mrds.php?dep_id=10128659,,,,,,
ore-531,ore_site,Unnamed chromium site 531,OR,,42.0984,-123.7493,point,chromium,chromium,Ore Site,CM resources,3,1,1,1,,,2024,USGS Critical mineral deposits of the United States v2.0,ScienceBase data release 10.5066/P9K1HBNT,Mafic magmatic,Chromite,Klamath Mountains chromite,None.,"Resource (1982): 5,931,000 metric tons ore @1.5% Cr2O3.",Lemons and others (1982),,,,,,,
ore-677,ore_site,Unnamed chromium site 677,OR,,42.13899,-123.70309,point,chromium,chromium,Ore Site,CM resources,3,1,1,1,,,2024,USGS Critical mineral deposits of the United States v2.0,ScienceBase data release 10.5066/P9K1HBNT,Chemical weathering,Nickel-cobalt laterite,California-Oregon laterites,None.,"Resource (1982): 8,587,000 metric tons ore @1.3% Cr2O3.",Lemons and others (1982),,,,,,,
ore-434,ore_site,Unnamed cobalt site 434,OR,,42.96021,-123.43628,point,cobalt,"cobalt, nickel",Ore Site,CM-past producer+resources,5,1,1,1,,,2024,USGS Critical mineral deposits of the United States v2.0,ScienceBase data release 10.5066/P9K1HBNT,Chemical weathering,Nickel-cobalt laterite,California-Oregon laterites,"Production (1964-1984): 550,000,000 lbs Ni commodity, estimated contained 250,000 metric tons Ni.","Resource (1969): 16,000,000 tonne @0.05% Co; (2011): 37,500,000 tonnes @0.8% Ni.",Burger and others (2018),https://doi.org/10.5066/P9V74HIU,,,,,,
ore-637,ore_site,Unnamed cobalt site 637,OR,,41.99958,-123.75793,point,cobalt,"cobalt, zinc",Ore Site,CM resources,3,1,1,1,,,2024,USGS Critical mineral deposits of the United States v2.0,ScienceBase data release 10.5066/P9K1HBNT,Volcanogenic seafloor,Copper-zinc sulfide,Oregon Cyprus-type massive sulfide,None.,"Indicated mineral resource (2010): 2,422,000 short tons ore @0.046% Co, 1.18% Cu, 0.086 oz/ton Au, 0.3 oz/t Ag, and 2.48% Zn. Inferred mineral resource (2010): 2,064,000 short tons ore @2.6% Zn, 0.036% Co, 0.94% Cu, 0.084 oz/ton gold, and 0.59 oz/ton Ag.",Burger and others (2018),https://doi.org/10.5066/P9V74HIU,,,,,,
ore-388,ore_site,Unnamed lithium site 388,OR,,42.04162,-118.05924,point,lithium,lithium,Ore Site,CM resources,3,1,1,1,,,2024,USGS Critical mineral deposits of the United States v2.0,ScienceBase data release 10.5066/P9K1HBNT,Lacustrine evaporite,Lithium clay,McDermitt Caldera,None.,"Total Measured, Indicated, and Inferred resources (2023): 3,000,000,000 metric tons @0.288% Li2O (8,686 000 metric tons Li2O).",Jindalee Resources Limited (2023),,,,,,,
ore-512,ore_site,Unnamed nickel site 512,OR,,42.3492,-124.2943,point,nickel,nickel,Ore Site,CM resources,3,1,1,1,,,2024,USGS Critical mineral deposits of the United States v2.0,ScienceBase data release 10.5066/P9K1HBNT,Mafic magmatic,Nickel-copper-PGE sulfide,Klamath Mountains chromite,None.,"Indicated ore reserve (1958): 3,000,000 tons @0.91% Ni. Inferred ore reserve (1958): 10,000,000 tons @0.81% Ni. Measured ore reserve (1958): 3,000,000 tons ore @0.91% Ni.",Pacific Nickel Corp. (1958),,,,,,,
ore-675,ore_site,Unnamed chromium site 675,PA,,39.72942,-76.10574,point,chromium,chromium,Ore Site,CM-past producer,1,1,1,1,,,2024,USGS Critical mineral deposits of the United States v2.0,ScienceBase data release 10.5066/P9K1HBNT,Mafic magmatic,Chromite,State Line district/BMC (Baltimore Mafic Complex),"From 1828 until 1880 the Wood mine produced steadily except for the period from 1868 to 1873, when it was flooded. After the Civil War output was reduced from 400-500 tons a month to 500-600 tons a year.",The last mine superintendent reported in 1893 that the mine was not exhausted.,MRDS (2005); Pearre and Heyl (1960),https://mrdata.usgs.gov/mrds/show-mrds.php?dep_id=10201993,,,,,,
ore-165,ore_site,Unnamed cobalt site 165,PA,,40.26671,-76.41104,point,cobalt,cobalt,Ore Site,CM-past producer+resources,5,1,1,1,,,2024,USGS Critical mineral deposits of the United States v2.0,ScienceBase data release 10.5066/P9K1HBNT,IOA-IOCG,Polymetallic sulfide S-R-V,Cornwall mines,"Production (1732-1973): 100,000,000 tons ore @0.3% Cu, 0.025% Co, 1.3% S, and 40% Fe.","Resources (1973 estimate): In-situ reserves of 22,675,000 metric tons @0.06% Cu and 0.056% Co.",Burger and others (2018),https://doi.org/10.5066/F7KP81F2,,,,,,
ore-230,ore_site,Unnamed cobalt site 230,PA,,39.95641,-76.08297,point,cobalt,"cobalt, nickel",Ore Site,CM-past producer+resources,5,1,1,1,,,2024,USGS Critical mineral deposits of the United States v2.0,ScienceBase data release 10.5066/P9K1HBNT,Mafic magmatic,Nickel-copper-PGE sulfide,State Line district/BMC (Baltimore Mafic Complex),"Production (1853-1893): In 1876, the Gap mine produced 200,000 lbs Ni (one sixth of the world's production).","Mine reserve (1979): 800,000 short tons ore @0.7% Ni.",MRDS (2005); Long (1992),https://mrdata.usgs.gov/mrds/show-mrds.php?dep_id=10067832,,,,,,
ore-252,ore_site,Unnamed cobalt site 252,PA,,40.172,-75.882,point,cobalt,cobalt,Ore Site,CM-past producer+resources,5,1,1,1,,,2024,USGS Critical mineral deposits of the United States v2.0,ScienceBase data release 10.5066/P9K1HBNT,IOA-IOCG,Polymetallic sulfide S-R-V,Cornwall mines,"Production (1958-1977): ~45 million tons of ore with 43.7% Fe, 0.06% Cu, and 0.02% Co.","Resources (1973): 22,675,000 metric tons ore @0.056% Co and 0.06% Cu; (1975): In-situ reserves 50,000 metric tons ore @0.04% Co.",MRDS (2005); Dicken and others (2022),https://mrdata.usgs.gov/mrds/show-mrds.php?dep_id=10067406,,,,,,
ore-321,ore_site,Unnamed graphite site 321,PA,,40.07781,-75.63293,point,graphite,graphite,Ore Site,CM-past producer+resources,5,1,1,1,,,2024,USGS Critical mineral deposits of the United States v2.0,ScienceBase data release 10.5066/P9K1HBNT,Metamorphic,Graphite (coal or carbonaceous sed),Chester-Allentown graphite district,"District produced 6,350 metric tons graphite (1889–1954).","Reserve (1987—Benjamin Franklin and Just mines): 800,000 metric tons ore @2.3% graphitic carbon.",MRDS (2005); Fogg and Boyle (1987),https://mrdata.usgs.gov/mrds/show-mrds.php?dep_id=10135434,,,,,,
ore-266,ore_site,Unnamed chromium site 266,PR,,18.13627,-67.15982,point,chromium,"chromium, cobalt, nickel",Ore Site,CM resources,3,1,1,1,,,2024,USGS Critical mineral deposits of the United States v2.0,ScienceBase data release 10.5066/P9K1HBNT,Chemical weathering,Nickel-cobalt laterite,Puerto Rico Ni-Co laterite,None.,"Inferred drill-Indicated resource (1959): 46,800,000 short tons @0.51% Cr, 0.08% Co, 20.54% Fe, and 0.88% Ni.",Burger and others (2018),https://doi.org/10.5066/P9V74HIU,,,,,,
ore-497,ore_site,Unnamed chromium site 497,PR,,18.16356,-67.17836,point,chromium,"chromium, cobalt, nickel",Ore Site,CM resources,3,1,1,1,,,2024,USGS Critical mineral deposits of the United States v2.0,ScienceBase data release 10.5066/P9K1HBNT,Chemical weathering,Nickel-cobalt laterite,Puerto Rico Ni-Co laterite,None.,"Inferred drill-Indicated resource (1959): 2,100,000 short tons ore @0.63% Cr, 0.07% Co, 19.03% Fe, and 1.03% Ni.",Burger and others (2018),https://doi.org/10.5066/P9V74HIU,,,,,,
ore-526,ore_site,Unnamed chromium site 526,PR,,18.17094,-67.03755,point,chromium,"chromium, cobalt, nickel",Ore Site,CM resources,3,1,1,1,,,2024,USGS Critical mineral deposits of the United States v2.0,ScienceBase data release 10.5066/P9K1HBNT,Chemical weathering,Nickel-cobalt laterite,Puerto Rico Ni-Co laterite,None.,"Inferred drill-Indicated resource (1959): 4,800,000 short tons @0.58% Cr, 0.07% Co, 20.76% Fe, and 0.85% Ni; cutoff grade 0.6% Ni.",Burger and others (2018),https://doi.org/10.5066/P9V74HIU,,,,,,
ore-527,ore_site,Unnamed chromium site 527,PR,,18.16582,-67.02142,point,chromium,"chromium, cobalt, nickel",Ore Site,CM resources,3,1,1,1,,,2024,USGS Critical mineral deposits of the United States v2.0,ScienceBase data release 10.5066/P9K1HBNT,Chemical weathering,Nickel-cobalt laterite,Puerto Rico Ni-Co laterite,None.,"Inferred drill-Indicated resource (1959): 1,100,000 short tons @0.34% Cr, 0.03% Co, 12.47% Fe, and 0.85% Ni; cutoff grade 0.71% Ni.",Burger and others (2018),https://doi.org/10.5066/P9V74HIU,,,,,,
ore-346,ore_site,Unnamed cobalt site 346,PR,,18.18632,-67.10946,point,cobalt,"cobalt, nickel",Ore Site,CM resources,3,1,1,1,,,2024,USGS Critical mineral deposits of the United States v2.0,ScienceBase data release 10.5066/P9K1HBNT,Chemical weathering,Nickel-cobalt laterite,Puerto Rico Ni-Co laterite,None.,"Inferred drill-Indicated resource (1959): 25,000,000 short tons @0.75% Cr, 0.12% Co, 28.39% Fe, and 0.81% Ni; cutoff grade 0.6% Ni.",Burger and others (2018),https://doi.org/10.5066/P9V74HIU,,,,,,
ore-380,ore_site,Unnamed cobalt site 380,PR,,18.14953,-66.98086,point,cobalt,"cobalt, nickel",Ore Site,CM resources,3,1,1,1,,,2024,USGS Critical mineral deposits of the United States v2.0,ScienceBase data release 10.5066/P9K1HBNT,Chemical weathering,Nickel-cobalt laterite,Puerto Rico Ni-Co laterite,None.,"Inferred drill-Indicated resource (1959): 5,600,000 short tons ore @0.67% Cr, 0.11% Co, 29.45% Fe, and 1.08% Ni; cutoff grade 0.6% Ni.",Burger and others (2018),https://doi.org/10.5066/P9V74HIU,,,,,,
ore-381,ore_site,Unnamed cobalt site 381,PR,,18.15466,-66.99337,point,cobalt,"cobalt, nickel",Ore Site,CM resources,3,1,1,1,,,2024,USGS Critical mineral deposits of the United States v2.0,ScienceBase data release 10.5066/P9K1HBNT,Chemical weathering,Nickel-cobalt laterite,Puerto Rico Ni-Co laterite,None.,"Inferred drill-Indicated resource (1959): 5,000,000 short tons ore @0.59% Cr, 0.1% Co, 22.05% Fe, and 0.98% Ni; cutoff grade 0.6% Ni.",Burger and others (2018),https://doi.org/10.5066/P9V74HIU,,,,,,
ore-320,ore_site,Unnamed manganese site 320,PR,,18.0715,-66.46475,point,manganese,manganese,Ore Site,CM-past producer,1,1,1,0,,,2024,USGS Critical mineral deposits of the United States v2.0,ScienceBase data release 10.5066/P9K1HBNT,Volcanogenic seafloor,"Manganese oxide (layers, crusts, nodules)",Puerto Rico volcanogenic Mn,"Production: ~80,000 tons of ore at an average grade of 60% Mn.",Unknown.,MRDS (2005); Dicken and others (2022),https://mrdata.usgs.gov/mrds/show-mrds.php?dep_id=10085536,,,,,,
ore-100,ore_site,Unnamed REE site 100,SC,,35.11579,-81.57171,point,REE,"REE, titanium, zirconium",Ore Site,CM resources,3,1,1,1,,,2024,USGS Critical mineral deposits of the United States v2.0,ScienceBase data release 10.5066/P9K1HBNT,Placer,Ilmenite/rutile/leucoxene,Piedmont fluvial placers,None.,"Reserves (1955): 46,980 tons ilmenite, 15,080 tons zircon, 3,480 tons rutile, and 3,507 tons monazite.",Bellora and others (2019); Hansen and Theobald (1955),https://doi.org/10.5066/F7FN15D1,,,,,,
ore-283,ore_site,Unnamed REE site 283,SC,,32.18597,-80.70174,point,REE,"REE, titanium, zirconium",Ore Site,CM resources,3,1,1,1,,,2024,USGS Critical mineral deposits of the United States v2.0,ScienceBase data release 10.5066/P9K1HBNT,Placer,Ilmenite/rutile/leucoxene,Lower Shoreline Placers,None.,"Economically exploitable resource (1983): 759,300,000 metric tons ore @0.008% monazite, 0.069% zircon, 0.121% rutile, 0.266% ilmenite.",Bellora and others (2019),https://doi.org/10.5066/F7FN15D1,,,,,,
ore-288,ore_site,Unnamed REE site 288,SC,,33.40991,-81.77031,point,REE,"REE, titanium, zirconium",Ore Site,CM resources,3,1,1,1,,,2024,USGS Critical mineral deposits of the United States v2.0,ScienceBase data release 10.5066/P9K1HBNT,Placer,Ilmenite/rutile/leucoxene,Fall Zone Placers,None.,"Reserves (1954): 40,090 tons monazite, 159,903 tons ilmenite, 55,433 tons rutile, and 66,093 tons zircon.",Bellora and others (2019); Kline and others (1954),https://doi.org/10.5066/F7FN15D1,,,,,,
ore-291,ore_site,Unnamed REE site 291,SC,,33.49669,-81.88773,point,REE,"REE, titanium, zirconium",Ore Site,CM-past producer+resources,5,1,1,1,,,2024,USGS Critical mineral deposits of the United States v2.0,ScienceBase data release 10.5066/P9K1HBNT,Placer,Ilmenite/rutile/leucoxene,Fall Zone Placers,"Production (1955-1959): heavy mineral content 1-1.5% (proportions recovered from the jigs ~23% ilmenite, 19% zircon, 15% rutile, and 8% monazite and xenotime).","Total resources (2002): 19,000,000 metric tons @0.026% lanthanides.",Bellora and others (2019); Mertie (1975); Jackson and Christiansen (1993),https://doi.org/10.5066/F7FN15D1,,,,,,
ore-441,ore_site,Unnamed REE site 441,SC,,34.76096,-81.93247,point,REE,"REE, titanium, zirconium",Ore Site,CM resources,3,1,1,1,,,2024,USGS Critical mineral deposits of the United States v2.0,ScienceBase data release 10.5066/P9K1HBNT,Placer,Monazite/xenotime,Piedmont fluvial placers,None.,"Reserves (1955): 6,750 tons monazite, 51,200 tons ilmenite, 13,400 tons zircon, and 2,100 tons rutile.",Bellora and others (2019); Hansen and Cuppels (1955),https://doi.org/10.5066/F7FN15D1,,,,,,
ore-50,ore_site,Unnamed REE site 50,SC,,34.45246,-82.73656,point,REE,"REE, titanium, zirconium",Ore Site,CM resources,3,1,1,1,,,2024,USGS Critical mineral deposits of the United States v2.0,ScienceBase data release 10.5066/P9K1HBNT,Placer,Ilmenite/rutile/leucoxene,Piedmont fluvial placers,None.,"Reserves (1955): 9,461 tons monazite, 155,860 tons ilmenite, 6,613 tons rutile, and 26,453 tons zircon.",Bellora and others (2019); Hansen and Caldwell (1955),https://doi.org/10.5066/F7FN15D1,,,,,,
ore-504,ore_site,Unnamed REE site 504,SC,,34.52844,-82.16742,point,REE,"REE, titanium, zirconium",Ore Site,CM resources,3,1,1,1,,,2024,USGS Critical mineral deposits of the United States v2.0,ScienceBase data release 10.5066/P9K1HBNT,Placer,Monazite/xenotime,Piedmont fluvial placers,None.,"Reserves (1955): 10,939 tons monazite, 52,910 tons ilmenite, 5,005 tons rutile, and 6,435 tons zircon.",Bellora and others (2019); Hansen and Caldwell (1955),https://doi.org/10.5066/F7FN15D1,,,,,,
ore-609,ore_site,Unnamed REE site 609,SC,,35.08411,-81.72727,point,REE,"REE, titanium, zirconium",Ore Site,CM resources,3,1,1,1,,,2024,USGS Critical mineral deposits of the United States v2.0,ScienceBase data release 10.5066/P9K1HBNT,Placer,Ilmenite/rutile/leucoxene,Piedmont fluvial placers,None.,"Reserves (1955), 4,276 tons monazite, 63,000 tons ilmenite, 450 tons zircon, and 6,300 tons rutile.",Bellora and others (2019); Hansen and Theobald (1955),https://doi.org/10.5066/F7FN15D1,,,,,,
ore-330,ore_site,Unnamed barite site 330,SC,,35.07791,-81.43733,point,barite,barite,Ore Site,CM-past producer+resources,5,1,1,1,,,2024,USGS Critical mineral deposits of the United States v2.0,ScienceBase data release 10.5066/P9K1HBNT,Volcanogenic seafloor,Barite,Kings Creek Mining District,"Production (1910-1953): ~400,000 short tons barite; (1953-1966): 32,800 short tons barite.","Reserve: probably exceed 500,000 short tons barite.",MRDS (2005); Dicken and others (2022),https://mrdata.usgs.gov/mrds/show-mrds.php?dep_id=10078196,,,,,,
ore-96,ore_site,Unnamed fluorspar site 96,SC,,34.65012,-80.4165,point,fluorspar,fluorspar,Ore Site,Past producer+CM resources,2,1,1,1,,,2024,USGS Critical mineral deposits of the United States v2.0,ScienceBase data release 10.5066/P9K1HBNT,Porphyry Cu-Mo-Au,High sulfidation gold-silver,Haile-Ridgeway; Brewer mining district,"Mined for topaz 1941-1948. Production (1987-1995): 178,000 oz oxide Au from open pits.","Topaz reserves are about 100,000 tons of schist averaging about 15% topaz; hypothetical resource estimated at about 800,000 tons of rock.",MRDS (2005); Dicken and others (2022),https://mrdata.usgs.gov/mrds/show-mrds.php?dep_id=10069808,,,,,,
ore-110,ore_site,Unnamed REE site 110,SD,,44.39386,-104.09029,point,REE,REE,Ore Site,CM resources,3,1,1,1,,,2024,USGS Critical mineral deposits of the United States v2.0,ScienceBase data release 10.5066/P9K1HBNT,Magmatic REE,Carbonatite,Bear Lodge District and Broader Region,None.,"Combined Measured + Indicated resource of 18 million tons averaging 3.05% ΣREO and an Inferred mineral resource of 31.8 million tons averaging 2.58% ΣREO, using a cutoff grade of 1.5% (for Bear Lodge carbonatite).",MRDS (2005); Dahlberg and others (2014),https://mrdata.usgs.gov/mrds/show-mrds.php?dep_id=10181720,,,,,,
ore-205,ore_site,Unnamed beryllium site 205,SD,,43.7469,-103.51667,point,beryllium,beryllium,Ore Site,CM-past producer,1,1,1,0,,,2024,USGS Critical mineral deposits of the United States v2.0,ScienceBase data release 10.5066/P9K1HBNT,Porphyry Sn (granite-related),Pegmatite LCT,Southern Black Hills pegmatites,Production: several tons of Be and mica.,Unknown.,MRDS (2005),https://mrdata.usgs.gov/mrds/show-mrds.php?dep_id=10055780,,,,,,
ore-213,ore_site,Unnamed beryllium site 213,SD,,43.88079,-103.41889,point,beryllium,"beryllium, lithium, niobium, tantalum, tin",Ore Site,CM-past producer,1,1,1,0,,,2024,USGS Critical mineral deposits of the United States v2.0,ScienceBase data release 10.5066/P9K1HBNT,Porphyry Sn (granite-related),Pegmatite LCT,Southern Black Hills pegmatites,"Production (1898): 30 ton spodumene ore and 400 short tons ore @0.5% Sn, as well as Nb, Ta, and beryl.",Unknown.,MRDS (2005); Schwartz (1925); Norton and others (1964),https://mrdata.usgs.gov/mrds/show-mrds.php?dep_id=10055688,,,,,,
ore-301,ore_site,Unnamed beryllium site 301,SD,,43.91165,-103.45344,point,beryllium,"beryllium, lithium, niobium, tantalum, tin",Ore Site,CM-past producer,1,1,1,0,,,2024,USGS Critical mineral deposits of the United States v2.0,ScienceBase data release 10.5066/P9K1HBNT,Porphyry Sn (granite-related),Pegmatite LCT,Southern Black Hills pegmatites,"Production (1934-1945): 408.9 tons beryl, 77 tons spodumene, 1,759 tons mica, 8,091 tons lepidolite, 607 tons amblygonite, 11,500 lbs tantalite (46%), 1 ton cassiterite.",Unknown.,Karl and others (2018),https://doi.org/10.5066/P97JYNJL,,,,,,
ore-44,ore_site,Unnamed beryllium site 44,SD,,43.73329,-103.5005,point,beryllium,"beryllium, lithium",Ore Site,CM-past producer,1,1,1,0,,,2024,USGS Critical mineral deposits of the United States v2.0,ScienceBase data release 10.5066/P9K1HBNT,Porphyry Sn (granite-related),Pegmatite LCT,Southern Black Hills pegmatites,"Production (1962): between 10,000 and 100,000 lbs Be. Production (1952-1955): 342.5 short tons of beryl. Also, about 15 tons of spodumene concentrates.",Unknown.,MRDS (2005); Redden (1959),https://mrdata.usgs.gov/mrds/show-mrds.php?dep_id=10009679,,,,,,
ore-474,ore_site,Unnamed beryllium site 474,SD,,43.89035,-103.42003,point,beryllium,"beryllium, lithium, niobium, tantalum, tin",Ore Site,CM-past producer+resources,5,1,1,1,,,2024,USGS Critical mineral deposits of the United States v2.0,ScienceBase data release 10.5066/P9K1HBNT,Porphyry Sn (granite-related),Pegmatite LCT,Southern Black Hills pegmatites,"Production (1907-1950): 1,013 tons amblygonite-montebrasite, 1 ton cassiterite, 239.3 lbs mica, 511 tons beryl, and 930 lbs tantalite-columbite.","Reserves of mica, beryl, potash feldspar, and amblygonite-montebrasite are estimated at 1 to 6 times past production of the minerals.",Karl and others (2018); Sheridan and others (1957),https://doi.org/10.5066/P97JYNJL,,,,,,
ore-237,ore_site,Unnamed lithium site 237,SD,,44.37681,-104.04923,point,lithium,"lithium, niobium, tantalum tin",Ore Site,CM-past producer+resources,5,1,1,1,,,2024,USGS Critical mineral deposits of the United States v2.0,ScienceBase data release 10.5066/P9K1HBNT,Porphyry Sn (granite-related),Pegmatite LCT,Bear Lodge District and Broader Region,"Production (1936-1938): 21,884 lbs columbite, 767 tons lithium oxide, 3,800 lbs cassiterite, 400 lbs spodumene.","Indicated reserve (1953): 25,000 tons spodumene ore.",Karl and others (2018),https://doi.org/10.5066/P97JYNJL,,,,,,
ore-532,ore_site,Unnamed tantalum site 532,SD,,44.37893,-104.05145,point,tantalum,"tantalum, tin",Ore Site,CM-past producer+resources,5,1,1,1,,,2024,USGS Critical mineral deposits of the United States v2.0,ScienceBase data release 10.5066/P9K1HBNT,Porphyry Sn (granite-related),Pegmatite LCT,Bear Lodge District and Broader Region,"Production (1906-1909): 14,330 tons ore @10.995 lbs/ton Sn. District production (1903-1927): 104.57 short tons of concentrate yielding 105,039 lbs Sn (Hess and Bryan, 1938). Tantalum (columbite) was mined from 1936-1938, which is also when a few tons of amblygonite were mined and shipped.","Ore reserve (1939): 450,800 short tons @6.33 lbs/ton Sn.",Karl and others (2018); MRDS (2005); Smith and Page (1941),https://mrdata.usgs.gov/mrds/show-mrds.php?dep_id=10299304,,,,,,
ore-166,ore_site,Unnamed tin site 166,SD,,43.92575,-103.59636,point,tin,tin,Ore Site,CM-past producer+resources,5,1,1,1,,,2024,USGS Critical mineral deposits of the United States v2.0,ScienceBase data release 10.5066/P9K1HBNT,Porphyry Sn (granite-related),Pegmatite LCT,Southern Black Hills pegmatites,"Production (1917): 4,000 ton ore.","Reserve (1953): 1,000 tons @0.46% Sn.",Karl and others (2018),https://doi.org/10.5066/P97JYNJL,,,,,,
ore-2,ore_site,Unnamed tin site 2,SD,,43.92867,-103.52356,point,tin,tin,Ore Site,CM-past producer,1,1,1,0,,,2024,USGS Critical mineral deposits of the United States v2.0,ScienceBase data release 10.5066/P9K1HBNT,Porphyry Sn (granite-related),Pegmatite LCT,Southern Black Hills pegmatites,Production (1888): 800 lbs ore.,Unknown.,Karl and others (2018),https://doi.org/10.5066/P97JYNJL,,,,,,
ore-235,ore_site,Unnamed tin site 235,SD,,43.92033,-103.58883,point,tin,tin,Ore Site,CM-past producer,1,1,1,0,,,2024,USGS Critical mineral deposits of the United States v2.0,ScienceBase data release 10.5066/P9K1HBNT,Porphyry Sn (granite-related),Pegmatite LCT,Southern Black Hills pegmatites,Production (1906): 1.8 short tons @66.5% Sn.,Unknown.,Karl and others (2018),https://doi.org/10.5066/P97JYNJL,,,,,,
ore-613,ore_site,Unnamed tin site 613,SD,,43.9341,-103.58919,point,tin,tin,Ore Site,CM-past producer,1,1,1,0,,,2024,USGS Critical mineral deposits of the United States v2.0,ScienceBase data release 10.5066/P9K1HBNT,Porphyry Sn (granite-related),Pegmatite LCT,Southern Black Hills pegmatites,Production (1918): 0.2 short tons @60.0% Sn.,Unknown.,Karl and others (2018),https://doi.org/10.5066/P97JYNJL,,,,,,
ore-446,ore_site,Unnamed REE site 446,TN,,36.39208,-88.17028,point,REE,REE,Ore Site,CM resources,3,1,1,1,,,2024,USGS Critical mineral deposits of the United States v2.0,ScienceBase data release 10.5066/P9K1HBNT,Placer,Monazite/xenotime,McNairy Sand placers,None.,"Resource (1982): 174,600,000 metric tons @0.155% monazite.",Bellora and others (2019),https://doi.org/10.5066/F7FN15D1,,,,,,
ore-567,ore_site,Unnamed REE site 567,TN,,36.03333,-88.18333,point,REE,REE,Ore Site,Past producer+CM resources,2,1,1,1,,,2024,USGS Critical mineral deposits of the United States v2.0,ScienceBase data release 10.5066/P9K1HBNT,Placer,Monazite/xenotime,McNairy Sand placers,Production of silica sand.,"Resource (1989): 26,700,000 metric tons @0.013% monazite.",Bellora and others (2019),https://doi.org/10.5066/F7FN15D1,,,,,,
ore-615,ore_site,Unnamed REE site 615,TN,,36.07581,-88.16752,point,REE,"REE, titanium, zirconium",Ore Site,CM resources,3,1,1,1,,,2024,USGS Critical mineral deposits of the United States v2.0,ScienceBase data release 10.5066/P9K1HBNT,Placer,Ilmenite/rutile/leucoxene,McNairy Sand placers,None.,"Total Indicated and Inferred resources at a 0.4% total heavy minerals cutoff grade (2021): 431,000,000 metric tons @2.2% total heavy minerals, 11.5% zircon, 9.5% rutile, 40.3% ilmenite, 2.1% REE, and 14.8% staurolite.",Hyperion Metals Ltd. (2021); IperionX (2022),,,,,,,
ore-293,ore_site,Unnamed barite site 293,TN,,35.57288,-84.42131,point,barite,"barite, fluorspar",Ore Site,CM-past producer+resources,5,1,1,1,,,2024,USGS Critical mineral deposits of the United States v2.0,ScienceBase data release 10.5066/P9K1HBNT,Basin brine path,Barite (replacement and bedded),Sweetwater Barite District,"Production (<1918): 50,000 tons of barite ore.","District resource (1997): 300,000,000 tons ore @4.01% CaF2.",MRDS (2005); Dicken and others (2022),https://mrdata.usgs.gov/mrds/show-mrds.php?dep_id=10025831,,,,,,
ore-116,ore_site,Unnamed cobalt site 116,TN,,35.03511,-84.37932,point,cobalt,"cobalt, zinc",Ore Site,CM-past producer+resources,5,1,1,1,,,2024,USGS Critical mineral deposits of the United States v2.0,ScienceBase data release 10.5066/P9K1HBNT,Volcanogenic seafloor,Copper-zinc sulfide,Ducktown district,"Production: 511,122,200 lbs Cu; 2,080,060 tons Fe (since recovery began in 1925); 196,825,000 lbs Zn (since recovery began in 1927); and 3,485,350 tons S (since recovery began in 1907).","Ducktown district has an estimated resource of 40 million lbs Co. About 4 million tons of ore remains in the support pillars of the Burra Burra mine, the largest operation in the district.",MRDS (2005); Dicken and others (2022),https://mrdata.usgs.gov/mrds/show-mrds.php?dep_id=10251584,,,,,,
ore-251,ore_site,Unnamed germanium site 251,TN,,36.19699,-85.93436,point,germanium,"germanium, zinc",Ore Site,CM-past producer+resources,5,1,1,1,,,2024,USGS Critical mineral deposits of the United States v2.0,ScienceBase data release 10.5066/P9K1HBNT,Basin brine path,Zinc-lead (MVT and sedex),South Central Kentucky and North Central Tennessee mineral district,"Production (1975-1985): 288,777 Mt Zn recovered.",Resource (1996): 20.9 Mst ore with grades of 3.2% Zn and 0.0002% Ge. Elmwood mine (1981): 70 million short tons ore @16.5% Zn.,MRDS (2005); Long (1992),https://mrdata.usgs.gov/mrds/show-mrds.php?dep_id=10251007,,,,,,
ore-111,ore_site,Unnamed zinc site 111,TN,,36.4423,-83.7385,point,zinc,zinc,Ore Site,CM-past producer,1,1,1,0,,,2024,USGS Critical mineral deposits of the United States v2.0,ScienceBase data release 10.5066/P9K1HBNT,Basin brine path,Zinc-lead (MVT and sedex),Powell River Zinc District,Production (1935-1945): 800 tons Zn and Pb concentrate (with Kings Bend mine).,Unknown.,MRDS (2005); Dicken and others (2022),https://mrdata.usgs.gov/mrds/show-mrds.php?dep_id=10102263,,,,,,
ore-155,ore_site,Unnamed zinc site 155,TN,,36.37339,-83.40708,point,zinc,zinc,Ore Site,CM-past producer+resources,5,1,1,1,,,2024,USGS Critical mineral deposits of the United States v2.0,ScienceBase data release 10.5066/P9K1HBNT,Basin brine path,Zinc-lead (MVT and sedex),Copper Ridge Zinc District,"Production (1977-1981): 1,160,000 metric tons ore @~3.4% Zn.","In situ resource (1997) of 4,300,000 metric tons @3.2% Zn.",MRDS (2005); Dicken and others (2022),https://mrdata.usgs.gov/mrds/show-mrds.php?dep_id=10232548,,,,,,
ore-175,ore_site,Unnamed zinc site 175,TN,,36.25806,-85.93306,point,zinc,zinc,Ore Site,CM resources,3,1,0,1,,,2024,USGS Critical mineral deposits of the United States v2.0,ScienceBase data release 10.5066/P9K1HBNT,Basin brine path,Zinc-lead (MVT and sedex),South Central Kentucky and North Central Tennessee mineral district,Unknown.,"Reserve (1979): 13,800,000 metric tons ore @3.2% Zn.",MRDS (2005),https://mrdata.usgs.gov/mrds/show-mrds.php?dep_id=10300051,,,,,,
ore-329,ore_site,Unnamed zinc site 329,TN,,36.50038,-83.64849,point,zinc,zinc,Ore Site,CM-past producer,1,1,1,0,,,2024,USGS Critical mineral deposits of the United States v2.0,ScienceBase data release 10.5066/P9K1HBNT,Basin brine path,Zinc-lead (MVT and sedex),Powell River Zinc District,Production (1935-1945): 800 tons Zn and Pb concentrate (with Bunch Hollow mine).,Unknown.,MRDS (2005); Dicken and others (2022),https://mrdata.usgs.gov/mrds/show-mrds.php?dep_id=10275334,,,,,,
ore-430,ore_site,Unnamed zinc site 430,TN,,36.39787,-83.84046,point,zinc,zinc,Ore Site,CM-past producer,1,1,1,1,,,2024,USGS Critical mineral deposits of the United States v2.0,ScienceBase data release 10.5066/P9K1HBNT,Basin brine path,Zinc-lead (MVT and sedex),Powell River Zinc District,"Production (1883-1901): 100,000 tons of Zn ore; (1939-1943) 3,089 tons ore containing 72 tons Zn and 31 tons Pb was entirely from pillars.",None (because of removal of pillars).,MRDS (2005); Dicken and others (2022),https://mrdata.usgs.gov/mrds/show-mrds.php?dep_id=10025409,,,,,,
ore-683,ore_site,Unnamed zinc site 683,TN,,36.07649,-83.61299,point,zinc,zinc,Ore Site,CM-recent producer+resources,6,1,1,1,,,2024,USGS Critical mineral deposits of the United States v2.0,ScienceBase data release 10.5066/P9K1HBNT,Basin brine path,Zinc-lead (MVT and sedex),Mascot-Jefferson City Zinc District,"Production (1972-1986): ~ 3,800,000 metric tons Zn ore. Estimated production (2022): 80,319 t Zn.",Reserve (East Tennessee complex operated by Nyrstar; 2018): Proven and Probable reserve of 5.61 Mst with grade of 4.4% Zn; Measured and Indicated reserve of 7.49 Mt with grade of 4.4% Zn; Inferred reserve of 24.41 Mt with a grade of 3.7% Zn.,MRDS (2005); Dicken and others (2022),https://mrdata.usgs.gov/mrds/show-mrds.php?dep_id=10251351,,,,,,
ore-40,ore_site,Unnamed REE site 40,TX,,30.77799,-98.43111,point,REE,"REE, zirconium",Ore Site,CM-past producer,1,1,1,0,,,2024,USGS Critical mineral deposits of the United States v2.0,ScienceBase data release 10.5066/P9K1HBNT,Climax-type,Pegmatite NYF,Central Texas pegmatites,Production (early 1900s): 800 to 1200 lbs gadolinite and a few 100 lbs/yr REE.,Unknown.,MRDS (2005); Dicken and others (2022),https://mrdata.usgs.gov/mrds/show-mrds.php?dep_id=10099520,,,,,,
ore-533,ore_site,Unnamed aluminum site 533,TX,,31.27668,-105.4762,point,aluminum,"aluminum, beryllium, gallium, hafnium, lithium, magnesium, manganese, niobium, REE, scandium, tantalum, titanium, yttrium, zirconium",Ore Site,CM resources,3,1,1,1,,,2024,USGS Critical mineral deposits of the United States v2.0,ScienceBase data release 10.5066/P9K1HBNT,Magmatic REE,Peralkaline syenite/granite/rhyolite/alaskite/pegmatites,Texas-New Mexico alkaline belt,None.,"Inferred resource (2019): 735,000,000 metric tons @6.52% Al, 18.22 ppm Be, 16.96 ppm Ga, 77.33 ppm Hf, 445.2 ppm Li, 0.01% Mg, 118.86 ppm Mn, 46.52 ppm Nb, 0.71 ppm Sc, 134.94 ppm Sn, 195.84 ppm Y, 1049.38 ppm Zr + abundant REE. Measured + Indicated resource (2019): 364,000,000 metric tons ore @6.56% Al, 32.15 ppm Be, 65.8 ppm Ga, 79.36 ppm Hf, 458.33 ppm Li, 0.03% Mg, 471.28 ppm Mn, 164.6 ppm Nb, 0.68 ppm Sc, 137.51 ppm Sn, 214 ppm Y, 1,104.1 ppm Zr + abundant REE.",Karl and others (2021a),,,,,,,
ore-459,ore_site,Unnamed fluorspar site 459,TX,,29.46079,-103.45907,point,fluorspar,fluorspar,Ore Site,CM-past producer+resources,5,1,1,1,,,2024,USGS Critical mineral deposits of the United States v2.0,ScienceBase data release 10.5066/P9K1HBNT,Hybrid magmatic REE / basin brine path,Fluorspar,Big Bend alkaline rocks,"Production (1971-1986): < 30,000 tons fluorite.","Resources (1967): 9,000,000 t of ore @79.6% CaF2.",MRDS (2005); McAnulty (1967),https://mrdata.usgs.gov/mrds/show-mrds.php?dep_id=10023863,,,,,,
ore-585,ore_site,Unnamed fluorspar site 585,TX,,30.93824,-105.04802,point,fluorspar,fluorspar,Ore Site,CM-past producer+resources,5,1,1,1,,,2024,USGS Critical mineral deposits of the United States v2.0,ScienceBase data release 10.5066/P9K1HBNT,Climax-type,Fluorspar,Eagle Mountains fluorite,"Production (1942-1949): 11,400 tons fluorspar.","Inferred reserve (1943): estimated 50,000 to 65,000 tons 40% CaF2.",MRDS (2005); Gillerman (1953); Dicken and others (2022),https://mrdata.usgs.gov/mrds/show-mrds.php?dep_id=10100557,,,,,,
ore-582,ore_site,Unnamed graphite site 582,TX,,30.78491,-98.35783,point,graphite,graphite,Ore Site,CM-past producer+resources,5,1,1,1,,,2024,USGS Critical mineral deposits of the United States v2.0,ScienceBase data release 10.5066/P9K1HBNT,Metamorphic,Graphite (coal or carbonaceous sed),Central Texas graphite,"Production (1937-1979): 75,000 metric tons graphite.","Resource (1987): 800,000 metric tons ore @5.2% graphite.",Karl and others (2022a),https://doi.org/10.5066/P99RK9SU,,,,,,
ore-138,ore_site,Unnamed niobium site 138,TX,,31.44179,-104.88089,point,niobium,"niobium, tin, tungsten",Ore Site,CM resources,3,1,1,1,,,2024,USGS Critical mineral deposits of the United States v2.0,ScienceBase data release 10.5066/P9K1HBNT,Climax-type,Porphyry molybdenum,Cave Peak,None.,"Reserve (1981): 11,000,000 short tons @0.1% Nb2O5; 30,892,000 short tons ore @0.05% Cu, 0.13% Mo, 0.01% W; cutoff 0.06% Mo; (1970): 100,000,000 short tons @0.001% Sn.",Karl and others (2021b),https://doi.org/10.5066/P9I4NFSN,,,,,,
ore-226,ore_site,Unnamed tin site 226,TX,,31.93608,-106.48761,point,tin,tin,Ore Site,CM-past producer,1,1,1,1,,,2024,USGS Critical mineral deposits of the United States v2.0,ScienceBase data release 10.5066/P9K1HBNT,Porphyry Sn (granite-related),Polymetallic sulfide S-R-V-IS,Precambrian Franklin Mountain tin,Production (1899-1912): 8 tons Sn.,"Ore is of high quality, and the cassiterite is easily concentrated and smelted, but veins are thin and lenticular, and reserves may be small.",Karl and others (2018),https://doi.org/10.5066/P97JYNJL,,,,,,
ore-68,ore_site,Unnamed alumina site 68,UT,,38.28014,-113.52096,point,alumina,"alumina, potash",Ore Site,CM resources,3,1,1,1,,,2024,USGS Critical mineral deposits of the United States v2.0,ScienceBase data release 10.5066/P9K1HBNT,Climax-type,Lithocap alunite,Pine Grove-Blawn Mountain-Broken Ridge-Pink Knolls,None.,"Inferred resource (2013): 2,255,3754 tons ore @14.62% Al2O3, 3.18% K2O, 5.87% K2SO4, and 2.04% SO4. Measured + Indicated resource (2013): 164,843,115 tons ore @15.41% Al2O3, 3.35% K2O, 6.2% K2SO4, and 2.04% SO4.",Kerr and others (2017),,,,,,,
ore-69,ore_site,Unnamed alumina site 69,UT,,38.28623,-113.46381,point,alumina,"alumina, potash",Ore Site,CM resources,3,1,1,1,,,2024,USGS Critical mineral deposits of the United States v2.0,ScienceBase data release 10.5066/P9K1HBNT,Climax-type,Lithocap alunite,Pine Grove-Blawn Mountain-Broken Ridge-Pink Knolls,None.,"Inferred resource (2013): 134,770,366 tons ore @13.25% Al2O3, 2.9% K2O, 5.37% K2SO4, and 1.84% SO4. Measured + Indicated resource (2013): 398,338,829 tons ore @12.99% Al2O3, 2.97% K2O, 5.5% K2SO4, and 1.99% SO4.",Kerr and others (2017),,,,,,,
ore-70,ore_site,Unnamed alumina site 70,UT,,38.25421,-113.55883,point,alumina,"alumina, potash",Ore Site,CM resources,3,1,1,1,,,2024,USGS Critical mineral deposits of the United States v2.0,ScienceBase data release 10.5066/P9K1HBNT,Climax-type,Lithocap alunite,Pine Grove-Blawn Mountain-Broken Ridge-Pink Knolls,None.,"Indicated resource (1972): 18,900,000 tons ore @16.62% Al2O3, 4.72% K2O, and 8.73% K2SO4. Inferred resource (1972): 281,400,000 tons @16.2% Al2O3, 4.6% K2O, and 8.51% K2SO4.",Kerr and others (2017),,,,,,,
ore-71,ore_site,Unnamed alumina site 71,UT,,38.23924,-113.51403,point,alumina,"alumina, potash",Ore Site,CM resources,3,1,1,1,,,2024,USGS Critical mineral deposits of the United States v2.0,ScienceBase data release 10.5066/P9K1HBNT,Climax-type,Lithocap alunite,Pine Grove-Blawn Mountain-Broken Ridge-Pink Knolls,None.,"Indicated resource (1972): 51,700,000 tons ore @13.5% Al2O3, 3.84% K2O, and 7.09% K2SO4. Inferred resource (1972): 49,200,000 tons @14.1% Al2O3, 4.01% K2O, and 7.41% K2SO4.",Kerr and others (2017),,,,,,,
ore-192,ore_site,Unnamed aluminum site 192,UT,,38.37608,-112.09299,point,aluminum,"aluminum, manganese",Ore Site,CM-past producer+resources,5,1,1,1,,,2024,USGS Critical mineral deposits of the United States v2.0,ScienceBase data release 10.5066/P9K1HBNT,Climax-type,Lithocap alunite,Marysvale,Production: several hundred tons Mn ore. Production 1915-1920: about 250 short tons of alunite.,"Resource estimate (1946): 30,000,000 short tons of alunite.",MRDS (2005); Dicken and others (2022); Hild (1946),https://mrdata.usgs.gov/mrds/show-mrds.php?dep_id=10010342,,,,,,
ore-198,ore_site,Unnamed aluminum site 198,UT,,38.27552,-113.52498,point,aluminum,aluminum,Ore Site,CM-past producer+resources,5,1,1,1,,,2024,USGS Critical mineral deposits of the United States v2.0,ScienceBase data release 10.5066/P9K1HBNT,Climax-type,Lithocap alunite,Pine Grove-Blawn Mountain-Broken Ridge-Pink Knolls,"Production: estimated to have been ~500,000 tons/year.","Blawn Mountain is the largest alunite resource in the U.S. with a Measured + Indicated resource of 812 Mt ore, 153 Mt of alunite = 77 Mt Al2O3 and 32 Mt K2SO4.",MRDS (2005); Dicken and others (2022),https://mrdata.usgs.gov/mrds/show-mrds.php?dep_id=10010707,,,,,,
ore-193,ore_site,Unnamed antimony site 193,UT,,41.56493,-112.00859,point,antimony,antimony,Ore Site,CM-past producer,1,1,1,0,,,2024,USGS Critical mineral deposits of the United States v2.0,ScienceBase data release 10.5066/P9K1HBNT,Coeur d'Alene-type,Antimony; Polymetallic sulfide,Box Elder district,"Production (1943-1944): 6 tons of ore, averaging 50% Sb. Baker mine had a maximum production of 3,500 tons ore; assay from stockpile had 7.9% Pb, 0.1% Zn, and 0.5 oz/ton Ag.",Unknown.,MRDS (2005); Doelling (1980),https://mrdata.usgs.gov/mrds/show-mrds.php?dep_id=10088336,,,,,,
ore-210,ore_site,Unnamed antimony site 210,UT,,38.10558,-111.89466,point,antimony,antimony,Ore Site,CM-past producer+resources,5,1,1,1,,,2024,USGS Critical mineral deposits of the United States v2.0,ScienceBase data release 10.5066/P9K1HBNT,Carlin-type,Antimony,Antimony district,"Production: 105,000 tons Sb.",A subeconomic Inferred resource is based on the channel samples near the old mines of about 14 million tons at an average grade of 0.75% Sb.,MRDS (2005); Dicken and others (2022),https://mrdata.usgs.gov/mrds/show-mrds.php?dep_id=10154639,,,,,,
ore-349,ore_site,Unnamed antimony site 349,UT,,37.37304,-113.83137,point,antimony,antimony,Ore Site,CM-past producer,1,1,1,0,,,2024,USGS Critical mineral deposits of the United States v2.0,ScienceBase data release 10.5066/P9K1HBNT,Carlin-type,Antimony,Goldstrike district,Production: ~10 tons Sb ore shipped in early 1970s.,Unknown.,MRDS (2005),https://mrdata.usgs.gov/mrds/show-mrds.php?dep_id=10011003,,,,,,
ore-18,ore_site,Unnamed arsenic site 18,UT,,37.06972,-113.80389,point,arsenic,"arsenic, gallium, germanium, zinc",Ore Site,CM-past producer+resources,5,1,1,1,,,2024,USGS Critical mineral deposits of the United States v2.0,ScienceBase data release 10.5066/P9K1HBNT,Basin brine path,Copper (sed-hosted and replacement),Tutsagubet Mining District (Apex mine),"Production (1884-1962): 180,000 troy oz Ag, 7,102 metric tons Cu, and 400 metric tons Pb; (1986): 5,634 lbs Ge and 1,645 lbs Ga.","Resource (1983): 242,768 short tons ore @0.77% Pb, 38 ppm Ag, 1.58% Zn, 0.064% Ge, 1.62% Cu, 16.73% Fe, 0.032% Ga, and 0.5% As. Apex surface dump resource (1983): 50,000 short tons ore @0.019% Ga, 0.037% Ge, and 1.55% Cu.",Karl and others (2021a),https://doi.org/10.5066/P9S73UYY,,,,,,
ore-247,ore_site,Unnamed arsenic site 247,UT,,40.16104,-113.8064,point,arsenic,arsenic,Ore Site,CM-past producer,1,1,1,0,,,2024,USGS Critical mineral deposits of the United States v2.0,ScienceBase data release 10.5066/P9K1HBNT,Porphyry Cu-Mo-Au,Polymetallic sulfide S-R-V-IS,Gold Hill Mining District,"Production: 25,000 oz Au, 832,000 oz Ag, 1,700 short tons Cu, and ~100,000 t ore @15.2% As.",Unknown.,MRDS (2005); Dicken and others (2022),https://mrdata.usgs.gov/mrds/show-mrds.php?dep_id=10021179,,,,,,
ore-586,ore_site,Unnamed beryllium site 586,UT,,39.707,-113.217,point,beryllium,"beryllium, fluorspar",Ore Site,CM-recent producer+resources,6,1,1,1,,,2024,USGS Critical mineral deposits of the United States v2.0,ScienceBase data release 10.5066/P9K1HBNT,Climax-type,Volcanogenic beryllium,Spor Mountain,Production ongoing from 1969 to present. Production (2018-2022): combined total of 845 metric tons contained Be.,"Reserve (1970): 19.71 million short tons @0.8% BeO. Proven + Probable ore reserve (2019): 8,812,000 tons @0.248% Be. Bertrandite reserves (2011): 5.75 million dry tons @0.265% Be; bertrandite contains 15,200 metric tons Be.",Materion Corp. (2012-2021); Long (1992); Foley and others (2017),,,,,,,
ore-619,ore_site,Unnamed beryllium site 619,UT,,39.70664,-113.21802,point,beryllium,beryllium,Ore Site,CM-past producer+resources,5,1,1,1,,,2024,USGS Critical mineral deposits of the United States v2.0,ScienceBase data release 10.5066/P9K1HBNT,Climax-type,Volcanogenic beryllium,Spor Mountain,"Production (1988-1993): 1,329 metric tons Be. District Be production in 2019 totaled 320,706 lbs.","Resource (1994): 13,045 metric tons @0.739% BeO.",MRDS (2005),https://mrdata.usgs.gov/mrds/show-mrds.php?dep_id=10179751,,,,,,
ore-670,ore_site,Unnamed bismuth site 670,UT,,40.11243,-113.8364,point,bismuth,bismuth,Ore Site,CM-past producer,1,1,1,0,,,2024,USGS Critical mineral deposits of the United States v2.0,ScienceBase data release 10.5066/P9K1HBNT,Porphyry Cu-Mo-Au,Polymetallic sulfide S-R-V-IS,Gold Hill Mining District,"Production: 4.33 tons of concentrate with 12.42% Bi, along with Au.",Unknown.,MRDS (2005),https://mrdata.usgs.gov/mrds/show-mrds.php?dep_id=10098475,,,,,,
ore-362,ore_site,Unnamed fluorspar site 362,UT,,39.73327,-113.23415,point,fluorspar,fluorspar,Ore Site,CM-past producer+resources,5,1,1,1,,,2024,USGS Critical mineral deposits of the United States v2.0,ScienceBase data release 10.5066/P9K1HBNT,Climax-type,Fluorspar,Spor Mountain,"Cumulative production 1958-2014: ~170,000 short tons of fluorite. Purple Pit breccia pipes produced most of that 1948-2007. Small-scale mining 2008-2017 in preparation for larger scale production.","Non-compliant exploration target estimate (2021): 200,000 to 350,000 metric tons at 40 to 60% fluorite.",MRDS (2005); Puritch and others (2021),https://mrdata.usgs.gov/mrds/show-mrds.php?dep_id=10069422,,,,,,
ore-53,ore_site,Unnamed indium site 53,UT,,40.5232,-112.1478,point,indium,"indium, platinum, rhenium, tellurium",Ore Site,CM-recent producer+resources,6,1,1,1,,,2024,USGS Critical mineral deposits of the United States v2.0,ScienceBase data release 10.5066/P9K1HBNT,Porphyry Cu-Mo-Au,Porphyry/skarn copper,Oquirrh Mountains,"Production (1904-2016): 18,803,400 metric tons Cu, 28,926,900 oz Au, 649,400 metric tons Mo, and 244,943,000 oz Ag. Starting in 2022, production of 20 tons Te/year.","Resource (2017): 3,230,000,000 metric tons ore @0.221 g/metric ton Re and 10.1 ppb Pt; 859,000,000 metric tons @0.1 g/metric ton In; Proven + Probable (2016): 668,000,000 tonnes ore @0.33% Mo and 0.43% Cu; Measured + Indicated + Inferred (2016): 72,000,000 tonnes ore @0.17 g/tonne Au and 1.61 g/tonne Ag.",Burger and Long (2018),https://doi.org/10.5066/F7KP81F2,,,,,,
ore-661,ore_site,Unnamed indium site 661,UT,,39.85815,-113.46458,point,indium,"indium, zinc",Ore Site,CM resources,3,1,1,1,,,2024,USGS Critical mineral deposits of the United States v2.0,ScienceBase data release 10.5066/P9K1HBNT,Porphyry Cu-Mo-Au,Porphyry/skarn copper,Tintic-Deep Creek belt,None.,"Total resources (2023): 33,668,038 metric tons @3.83% Zn, 0.15% Cu, and 9.09 g/t Ag. Historical resource of more than 59 million tonnes, with a 16.5 million-tonne high-grade core at 6.3% zinc, 0.3 % copper and 33 g/t indium (1,534 metric tons on indium).",Karl and others (2022b); American West Metals Ltd. (2023),https://doi.org/10.5066/P97FRY3M,,,,,,
ore-257,ore_site,Unnamed lithium site 257,UT,,38.5419,-109.76469,point,lithium,"lithium, potash",Ore Site,CM resources,3,1,1,1,,,2024,USGS Critical mineral deposits of the United States v2.0,ScienceBase data release 10.5066/P9K1HBNT,Marine evaporite,Potash,Paradox Basin evaporites,None.,"Historical resource estimate of 15 million barrels of brine containing 96,000 tons Na, 158,000 tons K (302,400 tons of KCl), 5,750 tons Li (30,535 tons of Li2CO3), 157,000 tons Ca and 147,000 tons Mg (576,450 tons of MgCl2). No industry-compliant resources in 2021.",Peek and Durgin (2021),,,,,,,
ore-448,ore_site,Unnamed lithium site 448,UT,,41.40271,-112.79911,point,lithium,"lithium, magnesium, potash",Ore Site,CM-recent producer+resources,6,1,1,1,,,2024,USGS Critical mineral deposits of the United States v2.0,ScienceBase data release 10.5066/P9K1HBNT,Lacustrine evaporite,Residual brine,Bonneville basin playas and salt lakes,"In 2022, Ogden produced 686,213 tons MgCl2, 245,165 tons SOP, and 1,165,767 tons salt.","Total Indicated resources (2022): 435,571 metric tons Li; avg grade 39 mg/L. Total Measured and Indicated resources (2022): 360,191,436 tons MgCl2; 2,401,218 tons LCE; 89.965,949 tons SOP, and 2,141,525,310 tons salt.","Karl and others (2019); Compass Minerals (2022a,b)",https://doi.org/10.5066/P9ZKRWQF,,,,,,
ore-465,ore_site,Unnamed lithium site 465,UT,,38.5685,-109.73452,point,lithium,lithium,Ore Site,CM resources,3,1,1,1,,,2024,USGS Critical mineral deposits of the United States v2.0,ScienceBase data release 10.5066/P9K1HBNT,Basin brine path,Basin brine,Paradox Basin brine,None.,"Total Measured, Indicated, and Inferred resources (2022): 1,568,000,000 metric tons @0.025% Li2O (419,500 metric tons Li2O), or 1,027900 metric tons LCE and 5.27 million metric tons of bromine.",Anson Resources (2022),,,,,,,
ore-495,ore_site,Unnamed manganese site 495,UT,,39.56912,-113.03414,point,manganese,manganese,Ore Site,CM-past producer,1,1,1,1,,,2024,USGS Critical mineral deposits of the United States v2.0,ScienceBase data release 10.5066/P9K1HBNT,Porphyry Cu-Mo-Au,R-V manganese,Drum Mountains,"Production: nearly 50 million lbs Mn, mainly from the Staats and Pratt mines. In 1944, 505 long tons of ore had an average grade of 36.6% Mn.",Additional large discoveries within the immediate area of the Staats and Pratt mines is not considered likely.,MRDS (2005); Dicken and others (2022),https://mrdata.usgs.gov/mrds/show-mrds.php?dep_id=10020439,,,,,,
ore-589,ore_site,Unnamed manganese site 589,UT,,39.56745,-113.03192,point,manganese,manganese,Ore Site,CM-past producer,1,1,1,1,,,2024,USGS Critical mineral deposits of the United States v2.0,ScienceBase data release 10.5066/P9K1HBNT,Porphyry Cu-Mo-Au,R-V manganese,Drum Mountains,"Production: nearly 50 million lbs Mn, mainly from the Staats and Pratt mines. In 1944, 505 long tons of ore had an average grade of 36.6% Mn.",Additional large discoveries within the immediate area of the Staats and Pratt mines is not considered likely.,MRDS (2005); Dicken and others (2022),https://mrdata.usgs.gov/mrds/show-mrds.php?dep_id=10020440,,,,,,
ore-258,ore_site,Unnamed potash site 258,UT,,38.6889,-110.045,point,potash,potash,Ore Site,CM resources,3,1,1,1,,,2024,USGS Critical mineral deposits of the United States v2.0,ScienceBase data release 10.5066/P9K1HBNT,Marine evaporite,Potash,Paradox Basin evaporites,None.,"Potential resource (1976): 4,7400,000 metric tons ore @15% K2O.",Hite (1976),,,,,,,
ore-273,ore_site,Unnamed potash site 273,UT,,38.2792,-109.5628,point,potash,potash,Ore Site,CM resources,3,1,1,1,,,2024,USGS Critical mineral deposits of the United States v2.0,ScienceBase data release 10.5066/P9K1HBNT,Marine evaporite,Potash,Paradox Basin evaporites,None.,"Inferred resource (2013): 780,700,000 metric tons ore @12.9% K2O. Measured + Indicated (2013): 121,700,000 metric tons ore @11.8% K2O.",Potash Minerals Ltd. (2013),,,,,,,
ore-408,ore_site,Unnamed potash site 408,UT,,38.5047,-109.68,point,potash,potash,Ore Site,CM-past producer+resources,5,1,1,1,,,2024,USGS Critical mineral deposits of the United States v2.0,ScienceBase data release 10.5066/P9K1HBNT,Marine evaporite,Potash,Paradox Basin evaporites,"Production at Cane Creek underground mine in 1964; subsequent solution mining started in 1970. Before 1974, 1.7 million tons of potash produced. In 2021, Moab produced 118,000 tons of KCl. Annual production about 110,000 tons (varies with evaporation rates).",Total reserves and resources (2021): 321.7 million metric tons @25% K2O.,"Intrepid Potash, Inc. (2022)",,,,,,,
ore-411,ore_site,Unnamed potash site 411,UT,,37.7958,-109.1161,point,potash,potash,Ore Site,CM resources,3,1,1,1,,,2024,USGS Critical mineral deposits of the United States v2.0,ScienceBase data release 10.5066/P9K1HBNT,Marine evaporite,Potash,Paradox Basin evaporites,None.,"Inferred resource (2014): 188,300,000 metric tons ore @26.96% K2O. Potential resource (2014): 90,200,000 metric tons ore @11.11% K2O.",Stirrett and Shewfelt (2014),,,,,,,
ore-484,ore_site,Unnamed potash site 484,UT,,41.0228,-113.9111,point,potash,potash,Ore Site,CM resources,3,1,1,1,,,2024,USGS Critical mineral deposits of the United States v2.0,ScienceBase data release 10.5066/P9K1HBNT,Lacustrine evaporite,Residual brine; Salt,Paradox Basin evaporites,None.,"Resource (1967): 119,830,000 tons ore with 761,000 tons contained KCl and 1,4303,880 tons contained NaCl.",Durgin (2013),,,,,,,
ore-556,ore_site,Unnamed potash site 556,UT,,38.9392,-113.1411,point,potash,potash,Ore Site,CM resources,3,1,1,1,,,2024,USGS Critical mineral deposits of the United States v2.0,ScienceBase data release 10.5066/P9K1HBNT,Lacustrine evaporite,Residual brine,Paradox Basin evaporites,None.,"Inferred resource (2018): 1,745,000 metric tons MgSO4, 553,000 metric tons K2SO4, 16,988,000 metric tons NaCl, and 87,000 metric tons Na2SO4. Measured + Indicated resource (2018): 27,104,000 metric tons MgSO4, 9,538,000 metric tons K2SO4, 272,236,000 metric tons NaCl, and 1,349,000 metric tons Na2SO4.",Brebner and others (2018),,,,,,,
ore-660,ore_site,Unnamed potash site 660,UT,,40.6994,-113.8886,point,potash,potash,Ore Site,CM-past producer+resources,5,1,1,1,,,2024,USGS Critical mineral deposits of the United States v2.0,ScienceBase data release 10.5066/P9K1HBNT,Lacustrine evaporite,Residual brine; Salt,Bonneville basin playas and salt lakes,"Started in World War 1. Production (2019-2022): ranged from about 29,000 to 42,600 metric tons of K2O per year.",Resources for sylvinite brine (2022): Measured+Indicated 80.5 million tons @0.5% K2O; Inferred 109.1 million tons @0.5% K2O; all at a cutoff grade of 0.19% K2O. Probable reserves for sylvinite brine (2022): 88.2 million tons @0.5% K2O at a cutoff grade of 0.3% K2O.,"Intrepid Potash, Inc. (2022)",,,,,,,
ore-627,ore_site,Unnamed tungsten site 627,UT,,39.75074,-113.88614,point,tungsten,"tungsten, zinc",Ore Site,CM-past producer+resources,5,1,1,1,,,2024,USGS Critical mineral deposits of the United States v2.0,ScienceBase data release 10.5066/P9K1HBNT,Climax-type,Polymetallic sulfide S-R-V-IS,Trout Creek district,"Production (1942-1943): 2,800 lbs Pb, 29,000 lbs Zn, and 225 oz Ag produced; (1955): 125 tons of ore, from which 41 stu WO3 was recovered; (1977-1978) 340 stu WO3.",Resource (1976): 45 metric tons ore @10% Zn and 0.2% WO3.,MRDS (2005); Nutt and others (1990),https://mrdata.usgs.gov/mrds/show-mrds.php?dep_id=10299941,,,,,,
ore-340,ore_site,Unnamed vanadium site 340,UT,,38.31339,-109.26563,point,vanadium,vanadium,Ore Site,CM-past producer+resources,5,1,1,1,,,2024,USGS Critical mineral deposits of the United States v2.0,ScienceBase data release 10.5066/P9K1HBNT,Meteoric recharge,Sandstone uranium,Colorado Plateau sandstone uranium,"Pandora mine produced 1960s-1988. In 2019, Pandora and La Sal mines produced 5,545 tons @1.43% V2O5 and 0.21% U3O8. In 2018-2019, La Sal produced more than 5,000 tons of ore @1.51% V2O5 and 0.18% U3O8. Energy Queen shaft production 1979-1983: 12,799.7 tons @0.164% eU3O8 and 0.70% V2O5 (178,167 lbs V2O5). Other mines in the project area produced 580,000 tons of ore from 1977-1982 and 1985-1990.","Total Inferred resources for 4 deposits (Pandora, Neaver/La Sal, Redd Block, and Energy Queen) 823,000 tons @0.26% eU3O8 and 1.08% V2O5 (17,746,000 lbs V2O5).",Mathisen (2022),,,,,,,
ore-537,ore_site,Unnamed vanadium site 537,UT,,37.9654,-109.07658,point,vanadium,vanadium,Ore Site,CM-past producer+resources,5,1,1,1,,,2024,USGS Critical mineral deposits of the United States v2.0,ScienceBase data release 10.5066/P9K1HBNT,Meteoric recharge,Sandstone uranium,Colorado Plateau sandstone uranium,"Historical production at the Calliham mine (reclaimed) and Sage mine. Calliham mine (1990-1991) produced 13,300 tons ore averaging 0.21% U3O8 (~56,000 lbs U3O8) and 1.29% V2O5 (~343,000 lbs V2O5).","Resources (2015): 1,611,000 lbs U3O8 and 13,261,000 lbs V2O5 in 475,100 tons of Measured and Indicated mineral resources @0.17% U3O8 and 1.40% V2O5. In addition, Inferred resources of 36,700 lbs U3O8 and 283, 600 lbs V2O5 in 11,800 tons ore @0.16% U3O8 and 1.2% V2O5.",Peters (2015),,,,,,,
ore-543,ore_site,Unnamed vanadium site 543,UT,,38.97886,-110.37379,point,vanadium,vanadium,Ore Site,CM-past producer+resources,5,1,1,1,,,2024,USGS Critical mineral deposits of the United States v2.0,ScienceBase data release 10.5066/P9K1HBNT,Meteoric recharge,Sandstone uranium,Colorado Plateau sandstone uranium,"Production (1948-1956): 60,584 short tons @0.25% U3O8 and 0.44% V2O5. Location for San Rafael #2 Mine.","Resources (2014): Indicated resources of 758,050 short tons of ore @0.225% U3O8 and 0.30 % V2O5 and Inferred resources of 453,850 short tons @0.205% U3O8 and 0.28% V2O5.",MRDS (2005); Gatten (2014),https://mrdata.usgs.gov/mrds/show-mrds.php?dep_id=10071430,,,,,,
ore-651,ore_site,Unnamed vanadium site 651,UT,,40.58326,-109.60072,point,vanadium,vanadium,Ore Site,CM-recent producer+resources,6,1,1,1,,,2024,USGS Critical mineral deposits of the United States v2.0,ScienceBase data release 10.5066/P9K1HBNT,Marine chemocline,Phosphate,Phosphoria Formation,"Simplot's current mine plan for their Vernal operation reports that they intend to mine 250 Mt of phosphate rock through the life-of-mine. Byproduct fluorite, vanadium, uranium.",Simplot's current mine plan for their Vernal operation reports that they intend to mine 250 Mt of phosphate rock through the life-of-mine.,MRDS (2005),https://mrdata.usgs.gov/mrds/show-mrds.php?dep_id=10129946,,,,,,
ore-113,ore_site,Unnamed zinc site 113,UT,,39.95,-112.04999,point,zinc,zinc,Ore Site,CM-past producer+resources,5,1,1,1,,,2024,USGS Critical mineral deposits of the United States v2.0,ScienceBase data release 10.5066/P9K1HBNT,Porphyry Cu-Mo-Au,Polymetallic sulfide S-R-V-IS,Tintic-Deep Creek belt,"Production (1966-1978): 1,600,000 metric tons of ore produced 11 million oz Ag, 384 million lbs Pb, 349 million lbs Zn, 3 million lbs Cu, and 1.5 million lbs Mn.","Historical estimate of total Measured, Indicated, and Inferred resources (2011): 2,065,660 metric tons @12.34% Pb, 4.48% Zn, 278.743 g/t Ag, and 0.686 g/t Au.",Osisko Development Corporation (2022),,,,,,,
ore-126,ore_site,Unnamed zinc site 126,UT,,40.44772,-112.33108,point,zinc,zinc,Ore Site,CM-past producer+resources,5,1,1,1,,,2024,USGS Critical mineral deposits of the United States v2.0,ScienceBase data release 10.5066/P9K1HBNT,Porphyry Cu-Mo-Au,Polymetallic sulfide S-R-V-IS,Oquirrh Mountains,"Calumet was one of the largest producers in the Stockton mining district (1860s to 1958). The total production from Stockton was roughly 2.2 million tons of ore averaging 7.7% Pb, 2.7% Zn, 0.3% Cu, 157 ppm Ag, and 1.27 ppm Au.","Reserve (1974) 147,145 short tons ore @0.05 oz/ton Au, 7.14 oz/ton Ag, 10.35% Pb, and 3.10% Zn (+ tailings).",MRDS (2005); Long (1992),https://mrdata.usgs.gov/mrds/show-mrds.php?dep_id=10102070,,,,,,
ore-186,ore_site,Unnamed zinc site 186,UT,,38.38839,-112.27177,point,zinc,zinc,Ore Site,CM-past producer+resources,5,1,1,1,,,2024,USGS Critical mineral deposits of the United States v2.0,ScienceBase data release 10.5066/P9K1HBNT,Climax-type,Polymetallic sulfide S-R-V-IS,Marysvale,"Production: In 1945, the PTH tunnel produced 5,000 tons of ore averaging 2.84 % Pb, 0.76 % Cu, 6.26 % Zn, 15.17 oz/ton Ag, and 0.19 oz/ton Au. By 1964, the PTH tunnel had intersected the offset part of the Deer Trail orebody; from 1964-1981 this segment of the orebody produced about 100,000 tons of unoxidized sulfide ore averaging 5% Pb, 0.6 % Cu, 12% Zn, 15 oz/ton Ag, and 0.10 oz/ton Au.","Total resources (2002): 1,661,990 metric tons @5.5 g/t Au, 521 g/t Ag, 3.560% Pb, and 7.00% Zn.",Beaty and others (1986); Boden and others (2016); Martin (2013),,,,,,,
ore-451,ore_site,Unnamed zinc site 451,UT,,40.62414,-111.49798,point,zinc,zinc,Ore Site,CM-past producer+resources,5,1,1,1,,,2024,USGS Critical mineral deposits of the United States v2.0,ScienceBase data release 10.5066/P9K1HBNT,Porphyry Cu-Mo-Au,Polymetallic sulfide S-R-V-IS,Central Wasatch Mountains,"Production (1875-1970): 2,761,613 tons @0.2 oz/ton Au, 21.02 oz/ton Ag, 4.13% Pb, 5.46% Zn, and 0.098% Cu.","Reserve: 1,328,000 tons @4.5 oz/ton Ag, 5.9% Pb, and 9.2% Zn.",MRDS (2005); James (1973); Dicken and others (2022),https://mrdata.usgs.gov/mrds/show-mrds.php?dep_id=10300784,,,,,,
ore-467,ore_site,Unnamed zinc site 467,UT,,40.63744,-111.47661,point,zinc,zinc,Ore Site,CM-past producer,1,1,1,0,,,2024,USGS Critical mineral deposits of the United States v2.0,ScienceBase data release 10.5066/P9K1HBNT,Porphyry Cu-Mo-Au,Polymetallic sulfide S-R-V-IS,Central Wasatch Mountains,"Production from Park City district (1875-1978): 16,721,723 tons ore containing 1,453,867 oz Au, 253,344,128 oz Ag, 2,708,146,385 lbs Pb, 1,487,843,818 lbs Zn, and 128,967,698 lbs Cu.",Unknown.,MRDS (2005); Dicken and others (2022),https://mrdata.usgs.gov/mrds/show-mrds.php?dep_id=10011510,,,,,,
ore-645,ore_site,Unnamed zinc site 645,UT,,39.85688,-113.45639,point,zinc,zinc,Ore Site,CM-past producer,1,1,1,0,,,2024,USGS Critical mineral deposits of the United States v2.0,ScienceBase data release 10.5066/P9K1HBNT,Porphyry Cu-Mo-Au,Polymetallic sulfide S-R-V-IS,Fish Springs district,"Production (1950): 43 tons oxidized Zn-Pb ore containing 1 oz Au, 2,570 oz Ag, 26,000 lbs Pb, and 2,500 lbs Zn. District production (1890-1953): 2,436 lbs Cu, 508 troy oz, Au, 7,850,929 kg Pb, 2,658,220 troy oz Ag, and 1,271 kg Zn.",Unknown.,MRDS (2005); Dicken and others (2022),https://mrdata.usgs.gov/mrds/show-mrds.php?dep_id=10020409,,,,,,
ore-272,ore_site,Unnamed aluminum site 272,VA,,38.01278,-79.22528,point,aluminum,aluminum,Ore Site,CM-past producer,1,1,1,0,,,2024,USGS Critical mineral deposits of the United States v2.0,ScienceBase data release 10.5066/P9K1HBNT,Chemical weathering,Bauxite,Virginia bauxite,"Production (1940-1946): total production from Lightner, Harris and Allen mines was 30,000 long tons bauxite.",Unknown.,MRDS (2005); Warren and others (1965),https://mrdata.usgs.gov/mrds/show-mrds.php?dep_id=10080674,,,,,,
ore-99,ore_site,Unnamed arsenic site 99,VA,,37.05701,-80.25561,point,arsenic,arsenic,Ore Site,CM-past producer,1,1,1,0,,,2024,USGS Critical mineral deposits of the United States v2.0,ScienceBase data release 10.5066/P9K1HBNT,Orogenic,Gold,Virginia metamorphic sulfide,Production (1903-1919): estimated 75-100 tons of processed arsenic (99.75% As2O3).,Unknown.,MRDS (2005); Dicken and others (2022),https://mrdata.usgs.gov/mrds/show-mrds.php?dep_id=10080132,,,,,,
ore-464,ore_site,Unnamed tin site 464,VA,,37.84999,-79.16409,point,tin,tin,Ore Site,CM-past producer+resources,5,1,1,1,,,2024,USGS Critical mineral deposits of the United States v2.0,ScienceBase data release 10.5066/P9K1HBNT,Porphyry Sn (granite-related),Polymetallic sulfide S-R-V-IS,Irish Creek Tin District,"Production from the No. 1 workings (1890-1919): 2,043 metric tons @3% Sn. Production form the No.2 workings (1884-1919): 916 metric tons @11% Sn.","Reserve (1942):10,180 metric tons @1% Sn.",Karl and others (2018),https://doi.org/10.5066/P97JYNJL,,,,,,
ore-27,ore_site,Unnamed titanium site 27,VA,,36.906,-77.568,point,titanium,"titanium, zirconium",Ore Site,CM-recent producer+resources,6,1,1,1,,,2024,USGS Critical mineral deposits of the United States v2.0,ScienceBase data release 10.5066/P9K1HBNT,Placer,Ilmenite/rutile/leucoxene,Fall Zone Placers,"Production (2014): 3,070,000 metric tons of heavy mineral sands ore including 94,800 metric tons of ilmenite and 5,400 metric tons of zircon. Production (2017): 9,300 metric tons of zircon. Mining by Iluka Resources completed in 2017.","Total Measured, Indicated, and Inferred resources (2018): 91,000,000 metric tons @3.1% ilmenite, 0.48% zircon, and 4.8% heavy mineral sands.",Iluka Resources Limited (2018),,,,,,,
ore-450,ore_site,Unnamed titanium site 450,VA,,36.97562,-77.55213,point,titanium,"titanium, zirconium",Ore Site,CM-past producer+resources,5,1,1,1,,,2024,USGS Critical mineral deposits of the United States v2.0,ScienceBase data release 10.5066/P9K1HBNT,Placer,Ilmenite/rutile/leucoxene,Fall Zone Placers,Past heavy mineral production.,"Measured resources (2016): In situ heavy minerals 1,112,000 tonnes @2.9% heavy minerals; heavy mineral assemblage grade 59.6% ilmenite and 16.8% zircon. Indicated resources (2016): In situ heavy minerals 589,000 tonnes @3.2% heavy minerals; heavy mineral assemblage grade 59.3% ilmenite and 16.5% zircon. Inferred resources (2016): In situ heavy minerals 235,000 tonnes @1.9% heavy minerals; heavy mineral assemblage grade 60.4% ilmenite and 15.3% zircon.",MRDS (2005); Iluka Resources Limited (2017a),https://mrdata.usgs.gov/mrds/show-mrds.php?dep_id=10251790,,,,,,
ore-488,ore_site,Unnamed titanium site 488,VA,,37.70176,-79.02334,point,titanium,titanium,Ore Site,CM-past producer+resources,5,1,1,1,,,2024,USGS Critical mineral deposits of the United States v2.0,ScienceBase data release 10.5066/P9K1HBNT,Mafic magmatic,Iron-titanium oxide,Virginia nelsonites,Production of Ilmenite from saprolite from 1931 until 1971.,"Resource (1949): in situ 21,800,000 metric tons @18.5% TiO2.",MRDS (2005); Herz and Force (1987),https://mrdata.usgs.gov/mrds/show-mrds.php?dep_id=10179636,,,,,,
ore-98,ore_site,Unnamed titanium site 98,VA,,36.65412,-77.61758,point,titanium,"titanium, zirconium",Ore Site,CM-past producer+resources,5,1,1,1,,,2024,USGS Critical mineral deposits of the United States v2.0,ScienceBase data release 10.5066/P9K1HBNT,Placer,Ilmenite/rutile/leucoxene,Fall Zone Placers,Past heavy mineral production.,"Measured resources (2016): In situ heavy minerals 227,000 tonnes @3.3% heavy minerals; heavy mineral assemblage grade 67.9% ilmenite and 14.5% zircon.",Iluka Resources Limited (2017b),,,,,,,
ore-28,ore_site,Unnamed zinc site 28,VA,,36.84727,-80.92011,point,zinc,zinc,Ore Site,CM-past producer+resources,5,1,1,1,,,2024,USGS Critical mineral deposits of the United States v2.0,ScienceBase data release 10.5066/P9K1HBNT,Basin brine path,Zinc-lead (MVT and sedex),Timberville and Austinville-Ivanhoe MVT districts,"Production (1966-1977): ~6,155,700 metric tons ore @3% Zn and 1% Pb.","Resource (1977): 2,780,000 metric tons ore @3.5% Zn and 0.6% Pb. At the time of closure in 1981, New Jersey Zinc Corp estimated remaining mineable ore reserves of about 900,000 tons.",MRDS (2005); Dicken and others (2022),https://mrdata.usgs.gov/mrds/show-mrds.php?dep_id=10300769,,,,,,
ore-648,ore_site,Unnamed zinc site 648,VA,,38.17616,-77.7972,point,zinc,zinc,Ore Site,CM-past producer,1,1,1,1,,,2024,USGS Critical mineral deposits of the United States v2.0,ScienceBase data release 10.5066/P9K1HBNT,Volcanogenic seafloor,Polymetallic sulfide,"Chopawamsic Ordovician VMS—Mineral, Valzinco district","Production (1914-1918): estimated at 5,000 tons of ore @5% Pb and 12.5% Zn. Restarted in 1942. Total tonnage estimated to be less than 0.23 Mt having grades from 3.7% to 5.0% Pb and 7.8% to 12.5% Zn and trace amounts of Cu, Au, and Ag.",Mine has been reclaimed.,MRDS (2005); Grosh (1949); Pavlides and others (1982),https://mrdata.usgs.gov/mrds/show-mrds.php?dep_id=10067649,,,,,,
ore-93,ore_site,Unnamed zinc site 93,VA,,38.66087,-78.79473,point,zinc,zinc,Ore Site,CM-past producer,1,1,1,0,,,2024,USGS Critical mineral deposits of the United States v2.0,ScienceBase data release 10.5066/P9K1HBNT,Basin brine path,Zinc-lead (MVT and sedex),Timberville and Austinville-Ivanhoe MVT districts,Production (1957-1963): Zn - quantity unknown.,Unknown.,MRDS (2005),https://mrdata.usgs.gov/mrds/show-mrds.php?dep_id=10111261,,,,,,
ore-167,ore_site,Unnamed aluminum site 167,WA,,46.3515,-122.84201,point,aluminum,aluminum,Ore Site,CM resources,3,1,1,1,,,2024,USGS Critical mineral deposits of the United States v2.0,ScienceBase data release 10.5066/P9K1HBNT,Chemical weathering,Bauxite,Southwest Washington bauxite,None.,"Total resource (1955): 10,056,000 metric tons ore @29.7% Al2O3 and 6.3% Fe2O3.",MRDS (2005),https://mrdata.usgs.gov/mrds/show-mrds.php?dep_id=10180398,,,,,,
ore-520,ore_site,Unnamed arsenic site 520,WA,,47.85203,-121.58538,point,arsenic,arsenic,Ore Site,CM-past producer,1,1,1,0,,,2024,USGS Critical mineral deposits of the United States v2.0,ScienceBase data release 10.5066/P9K1HBNT,Porphyry Cu-Mo-Au,Porphyry/skarn copper,Sultan Basin,Production (1922-1923): 22 tons red As.,Unknown.,MRDS (2005); Dicken and others (2022),https://mrdata.usgs.gov/mrds/show-mrds.php?dep_id=10103536,,,,,,
ore-304,ore_site,Unnamed barite site 304,WA,,48.80625,-117.89502,point,barite,barite,Ore Site,CM resources,3,1,0,1,,,2024,USGS Critical mineral deposits of the United States v2.0,ScienceBase data release 10.5066/P9K1HBNT,Basin brine path,Barite (replacement and bedded),North Stevens County barite,Unknown.,Resource: Probably contains thousands of tons with one assay at 49.9% BaSO4.,MRDS (2005); Dicken and others (2022),https://mrdata.usgs.gov/mrds/show-mrds.php?dep_id=10131990,,,,,,
ore-317,ore_site,Unnamed barite site 317,WA,,48.70295,-117.89611,point,barite,barite,Ore Site,CM resources,3,1,1,1,,,2024,USGS Critical mineral deposits of the United States v2.0,ScienceBase data release 10.5066/P9K1HBNT,Basin brine path,Barite (replacement and bedded),North Stevens County barite,None.,"Resource: Estimated 800 tons of Measured and Indicated barite ore and 2,000 tons of Inferred ore.",MRDS (2005); Dicken and others (2022),https://mrdata.usgs.gov/mrds/show-mrds.php?dep_id=10204406,,,,,,
ore-557,ore_site,Unnamed barite site 557,WA,,48.10405,-117.9892,point,barite,barite,Ore Site,CM resources,3,1,1,1,,,2024,USGS Critical mineral deposits of the United States v2.0,ScienceBase data release 10.5066/P9K1HBNT,Basin brine path,Barite (replacement and bedded),South Stevens County barite,None.,"Resource (with Deer Park #1): 8,000 tons of Measured and Indicated ore and 10,000 tons of Inferred ore.",MRDS (2005); Dicken and others (2022),https://mrdata.usgs.gov/mrds/show-mrds.php?dep_id=10180808,,,,,,
ore-129,ore_site,Unnamed beryllium site 129,WA,,48.40235,-117.52109,point,beryllium,beryllium,Ore Site,CM-past producer,1,1,1,0,,,2024,USGS Critical mineral deposits of the United States v2.0,ScienceBase data release 10.5066/P9K1HBNT,Porphyry Sn (granite-related),Pegmatite LCT,Philips Lake,Production: 6 tons of ore average grade 4.2-6.21% BeO.,Unknown.,MRDS (2005); Dicken and others (2022),https://mrdata.usgs.gov/mrds/show-mrds.php?dep_id=10042366,,,,,,
ore-153,ore_site,Unnamed chromium site 153,WA,,47.44902,-121.05259,point,chromium,"chromium, nickel",Ore Site,CM resources,3,1,1,1,,,2024,USGS Critical mineral deposits of the United States v2.0,ScienceBase data release 10.5066/P9K1HBNT,Chemical weathering,Nickel-cobalt laterite,Ingalls ophiolite,None.,"Resource (1986): 7,520,000 metric tons ore @2.6% Cr2O3, 0.93% Ni, and 42% Fe.",MRDS (2005); Wetzel (1986),https://mrdata.usgs.gov/mrds/show-mrds.php?dep_id=10180389,,,,,,
ore-392,ore_site,Unnamed chromium site 392,WA,,48.6395,-121.9014,point,chromium,chromium,Ore Site,CM resources,3,1,1,1,,,2024,USGS Critical mineral deposits of the United States v2.0,ScienceBase data release 10.5066/P9K1HBNT,Mafic magmatic,Chromite,North-Central Washington ultramafics,None.,"Indicated + Possible reserve (1975): 1,500,000 long tons ore @8.1% Cr.",Lucas (1975),,,,,,,
ore-73,ore_site,Unnamed chromium site 73,WA,,47.39922,-120.66337,point,chromium,"chromium, nickel",Ore Site,CM resources,3,1,1,1,,,2024,USGS Critical mineral deposits of the United States v2.0,ScienceBase data release 10.5066/P9K1HBNT,Chemical weathering,Nickel-cobalt laterite,Ingalls ophiolite,None.,Resource: 8 Mt of ore with 0.39% Ni and 0.83% Cr.,MRDS (2005); Dicken and others (2022),https://mrdata.usgs.gov/mrds/show-mrds.php?dep_id=10203916,,,,,,
ore-476,ore_site,Unnamed germanium site 476,WA,,48.88333,-117.35645,point,germanium,"germanium, zinc",Ore Site,CM-recent producer+resources,6,1,1,1,,,2024,USGS Critical mineral deposits of the United States v2.0,ScienceBase data release 10.5066/P9K1HBNT,Basin brine path,Zinc-lead (MVT and sedex),Metaline zinc-lead district,"Production (2010): 14.8 million tonnes containing 2.3% Zn and 1.1% Pb. Ge produced as byproduct from Teck's smelter at Trail, Canada.","Resources (2010): 5,727,000 tonnes, grading 7.7% Zn and 1.4% Pb.",MRDS (2005); Dicken and others (2022),https://mrdata.usgs.gov/mrds/show-mrds.php?dep_id=10180448,,,,,,
ore-170,ore_site,Unnamed manganese site 170,WA,,48.0775,-123.94333,point,manganese,manganese,Ore Site,CM-past producer,1,1,1,1,,,2024,USGS Critical mineral deposits of the United States v2.0,ScienceBase data release 10.5066/P9K1HBNT,Volcanogenic seafloor,"Manganese oxide (layers, crusts, nodules)",Olympic Peninsula deposits,"Production: 50,000 tons of ore (largely hausmannite).","For 17 Olympic Peninsula deposits, the median tonnage is 340 tons, and the median Mn grade is 35%.",MRDS (2005); Dicken and others (2022),https://mrdata.usgs.gov/mrds/show-mrds.php?dep_id=10042389,,,,,,
ore-419,ore_site,Unnamed nickel site 419,WA,,48.3687,-122.29291,point,nickel,nickel,Ore Site,CM resources,3,1,1,1,,,2024,USGS Critical mineral deposits of the United States v2.0,ScienceBase data release 10.5066/P9K1HBNT,Mafic magmatic,Chromite,North-Central Washington ultramafics,No ore shipped; drilled 1930s and 1940s-era mining operation planned but not developed.,Resource: 45 Mt of ore at 0.27% Ni.,MRDS (2005); Dicken and others (2022),https://mrdata.usgs.gov/mrds/show-mrds.php?dep_id=10047917,,,,,,
ore-418,ore_site,Unnamed rhenium site 418,WA,,48.0475,-118.7054,point,rhenium,rhenium,Ore Site,CM resources,3,1,0,1,,,2024,USGS Critical mineral deposits of the United States v2.0,ScienceBase data release 10.5066/P9K1HBNT,Porphyry Cu-Mo-Au,Porphyry/skarn copper,Mount Tolman,Unknown.,"Resource (1990): Proven and Probable reserve of 2.4 billion tons of ore with an average grade of 0.093% MoS2 and 0.09% Cu; the cutoff grade used was 0.048% MoS2; (2017): 2,177,000,000 metric tons ore @0.09% Cu, 0.054% Mo, and 0.163 g/metric ton Re.",MRDS (2005); Burger and Long (2018),https://mrdata.usgs.gov/mrds/show-mrds.php?dep_id=10155557,,,,,,
ore-571,ore_site,Unnamed tin site 571,WA,,47.557,-117.32861,point,tin,tin,Ore Site,CM-past producer,1,1,1,0,,,2024,USGS Critical mineral deposits of the United States v2.0,ScienceBase data release 10.5066/P9K1HBNT,Porphyry Sn (granite-related),Polymetallic sulfide S-R-V-IS,Silver Hill tin,Production (1907-1912): 125 tons ore @6% Sn.,Unknown.,Karl and others (2018),https://doi.org/10.5066/P97JYNJL,,,,,,
ore-225,ore_site,Unnamed tungsten site 225,WA,,48.94817,-119.66562,point,tungsten,tungsten,Ore Site,CM-past producer,1,1,1,0,,,2024,USGS Critical mineral deposits of the United States v2.0,ScienceBase data release 10.5066/P9K1HBNT,Porphyry Cu-Mo-Au,S-R-V tungsten,Oroville-Nighthawk district (Four Metals),Production (1918-1921): 20 or more carloads of high-grade tungsten ore and concentrate; 600 tons milled in 1939.,Unknown.,MRDS (2005); Dicken and others (2022),https://mrdata.usgs.gov/mrds/show-mrds.php?dep_id=10055983,,,,,,
ore-234,ore_site,Unnamed tungsten site 234,WA,,48.00824,-118.10057,point,tungsten,tungsten,Ore Site,CM-past producer,1,1,1,0,,,2024,USGS Critical mineral deposits of the United States v2.0,ScienceBase data release 10.5066/P9K1HBNT,Porphyry Cu-Mo-Au,S-R-V tungsten,Cedar Canyon Mining District,"Production (1904-1941):88,354 tons ore @1.71% WO3, for a calculated production of 440 metric tons W.",Unknown.,Karl and others (2020),https://doi.org/10.5066/P97NJLI4,,,,,,
ore-243,ore_site,Unnamed tungsten site 243,WA,,48.1976,-120.98037,point,tungsten,tungsten,Ore Site,CM resources,3,1,1,1,,,2024,USGS Critical mineral deposits of the United States v2.0,ScienceBase data release 10.5066/P9K1HBNT,Porphyry Cu-Mo-Au,S-R-V tungsten,Red Mountain Washington,None.,"Resource: 50 to 100 million tons of ore with minimum grades of 0.027% W, 0.025% Mo, 0.45% Cu, 11.32 g/metric ton Ag, and 0.68 g/metric ton Au.",MRDS (2005); Dicken and others (2022),https://mrdata.usgs.gov/mrds/show-mrds.php?dep_id=10008495,,,,,,
ore-76,ore_site,Unnamed tungsten site 76,WA,,48.10068,-117.5097,point,tungsten,tungsten,Ore Site,CM-past producer,1,1,1,0,,,2024,USGS Critical mineral deposits of the United States v2.0,ScienceBase data release 10.5066/P9K1HBNT,Porphyry Cu-Mo-Au,S-R-V tungsten,Tungsten King area,Production (1952-1953): about 0.5 tons of concentrate @61% WO3 (report of poor recovery at mill; tailings are rich in WO3).,Unknown.,MRDS (2005); Dicken and others (2022),https://mrdata.usgs.gov/mrds/show-mrds.php?dep_id=10042369,,,,,,
ore-287,ore_site,Unnamed zinc site 287,WA,,48.197,-120.78,point,zinc,zinc,Ore Site,CM-past producer+resources,5,1,1,1,,,2024,USGS Critical mineral deposits of the United States v2.0,ScienceBase data release 10.5066/P9K1HBNT,Volcanogenic seafloor,Zinc-copper sulfide,Central Washington massive sulfide,"Production: 9.1 Mt averaging 1.06% Cu, 0.2% Zn, 6.8 g/t Ag, and 2 g/t Au.","Resource: 5.6 t Au, 9.7 t Ag, 29.946 t Cu, and 8,167 t Zn. In reclamation in 2018.",MRDS (2005); Dicken and others (2022),https://mrdata.usgs.gov/mrds/show-mrds.php?dep_id=10180545,,,,,,
ore-7,ore_site,Unnamed zinc site 7,WA,,48.32177,-120.15924,point,zinc,zinc,Ore Site,CM-past producer+resources,5,1,1,1,,,2024,USGS Critical mineral deposits of the United States v2.0,ScienceBase data release 10.5066/P9K1HBNT,Volcanogenic seafloor,Zinc-copper sulfide,Central Washington massive sulfide,"Production (1937-1953): > 25,000 tons of ore (commodity not reported).","Resources (1977): 4,082,000 metric tons @1.8% Zn, 0.5% Cu, 2.92 g/t Au, and 15.18 g/t Ag.",MRDS (2005); Dicken and others (2022); Huntting (1956),https://mrdata.usgs.gov/mrds/show-mrds.php?dep_id=10055964,,,,,,
ore-505,ore_site,Unnamed barite site 505,WI,,42.62807,-90.3765,point,barite,"barite, germanium, zinc",Ore Site,CM-past producer,1,1,1,0,,,2024,USGS Critical mineral deposits of the United States v2.0,ScienceBase data release 10.5066/P9K1HBNT,Basin brine path,Zinc-lead (MVT and sedex),Upper Mississippi Valley mineral district,"Total production quite large, but figures incomplete. District production (1800 to 1954): 832,365 short tons metallic Pb, 1,209,965 short tons Zn metal, and 2,441 short tons Cu ore. In addition, small tonnages of barite, Fe, and iron sulfide concentrates were also produced, and small quantities of Cd and Ge were also recovered as smelter byproducts.",Unknown.,MRDS (2005); Dicken and others (2022),https://mrdata.usgs.gov/mrds/show-mrds.php?dep_id=10111349,,,,,,
ore-551,ore_site,Unnamed barite site 551,WI,,42.54168,-90.24261,point,barite,"barite, germanium, zinc",Ore Site,CM-past producer,1,1,1,0,,,2024,USGS Critical mineral deposits of the United States v2.0,ScienceBase data release 10.5066/P9K1HBNT,Basin brine path,Zinc-lead (MVT and sedex),Upper Mississippi Valley mineral district,"District production (1800 to 1954): 832,365 short tons metallic Pb, 1,209,965 short tons Zn metal, and 2,441 short tons Cu ore. In addition, small tonnages of barite, Fe, and iron sulfide concentrates were also produced, and small quantities of Cd and Ge were also recovered as smelter byproducts.",Unknown.,MRDS (2005); Dicken and others (2022),https://mrdata.usgs.gov/mrds/show-mrds.php?dep_id=10080282,,,,,,
ore-169,ore_site,Unnamed zinc site 169,WI,,45.48083,-88.91972,point,zinc,zinc,Ore Site,CM resources,3,1,1,1,,,2024,USGS Critical mineral deposits of the United States v2.0,ScienceBase data release 10.5066/P9K1HBNT,Volcanogenic seafloor,Zinc-copper sulfide,Pembine-Wausau and Minnesota Paleoproterozoic,None.,"Resource: 61.1 Mt of ore grading 1.04% Cu, 5.56% Zn, 0.48% Pb, 1.2 g/t Au, and 43 g/t Ag.",MRDS (2005); Dicken and others (2022),https://mrdata.usgs.gov/mrds/show-mrds.php?dep_id=10097436,,,,,,
ore-475,ore_site,Unnamed zinc site 475,WI,,45.59694,-89.295,point,zinc,zinc,Ore Site,CM resources,3,1,1,1,,,2024,USGS Critical mineral deposits of the United States v2.0,ScienceBase data release 10.5066/P9K1HBNT,Volcanogenic seafloor,Zinc-copper sulfide,Pembine-Wausau and Minnesota Paleoproterozoic,None.,"Resource (1977): 2,000,000 metric tons ore @4.5% Zn and 1% Cu.",MRDS (2005); Dicken and others (2022),https://mrdata.usgs.gov/mrds/show-mrds.php?dep_id=10073160,,,,,,
ore-431,ore_site,Unnamed PGE site 431,WY,,41.22028,-106.28111,point,PGE,PGE,Ore Site,CM-past producer,1,1,1,0,,,2024,USGS Critical mineral deposits of the United States v2.0,ScienceBase data release 10.5066/P9K1HBNT,Porphyry Cu-Mo-Au,Polymetallic sulfide S-R-V-IS,Medicine Bow Mountains,"Production (1900-1918): 6,080 short tons ore containing 1,753,924 lbs Cu, 171.35 oz Au, 7,346 oz Ag, 170.16 oz Pt, 451.409 oz Pd.",Unknown.,MRDS (2005); Dicken and others (2022),https://mrdata.usgs.gov/mrds/show-mrds.php?dep_id=10103638,,,,,,
ore-268,ore_site,Unnamed REE site 268,WY,,41.86966,-105.29979,point,REE,REE,Ore Site,CM resources,3,1,1,1,,,2024,USGS Critical mineral deposits of the United States v2.0,ScienceBase data release 10.5066/P9K1HBNT,Magmatic REE,Peralkaline syenite/granite/rhyolite/alaskite/pegmatites,Central Laramie Range,None.,"Total measured, Indicated, and Inferred resources (2024): 2,341,587,986 metric tons @3,195 ppm TREO at a 1,000 ppm TREO cutoff grade; includes 645 ppm La2O3, 1368 ppm Ce2O3, 572 ppm Nd2O3, 154 ppm Pr6O11, 90 ppm Sm2O3, 181 ppm Y2O3, 12 ppm Eu2O3, 62 ppm Gd2O3, 8 ppm Tb4O7, 40 ppm Dy2O3, 7 ppm Ho2O3, 18 ppm Er2O3, 2 ppm Tm2O3, 15 ppm Yb2O3, and 2 ppm Lu2O3. Other: 64 ppm ThO2.",American Rare Earths (2024),,,,,,,
ore-33,ore_site,Unnamed REE site 33,WY,,44.7934,-107.8593,point,REE,"REE, titanium",Ore Site,CM resources,3,1,1,1,,,2024,USGS Critical mineral deposits of the United States v2.0,ScienceBase data release 10.5066/P9K1HBNT,Placer,Ilmenite/rutile/leucoxene,Bald Mountain paleoplacers,None.,"Potential resource (1953): 674,160 tons @3.261% ilmenite, 13.2 lbs/ton monazite; Unclassified resource (1962) 18,000,000 tonnes ore @1.25% monazite (0.077% REO).",Bellora and others (2019); Jackson and Christiansen (1993),https://doi.org/10.5066/F7FN15D1,,,,,,
ore-41,ore_site,Unnamed REE site 41,WY,,44.49888,-104.45627,point,REE,REE,Ore Site,CM resources,3,1,1,1,,,2024,USGS Critical mineral deposits of the United States v2.0,ScienceBase data release 10.5066/P9K1HBNT,Magmatic REE,Carbonatite,Bear Lodge District and Broader Region,None.,"Inferred resource (2014): 28,900,000 tonnes ore @2.58% TREO. Proven + Probable resource (2014): 14,200,000 tonnes ore @2.78% TREO.",Bellora and others (2019),https://doi.org/10.5066/F7FN15D1,,,,,,
ore-43,ore_site,Unnamed REE site 43,WY,,43.993,-106.878,point,REE,REE,Ore Site,CM-past producer,1,1,1,0,,,2024,USGS Critical mineral deposits of the United States v2.0,ScienceBase data release 10.5066/P9K1HBNT,Metamorphic,"Gneiss REE (monazite, xenotime)",Wyoming Metasedimentary and Metavolcanic Belts,Production (1955): 544 tonnes @1.5% REO.,Unknown.,Bellora and others (2019),https://doi.org/10.5066/F7FN15D1,,,,,,
ore-490,ore_site,Unnamed REE site 490,WY,,41.11507,-106.50464,point,REE,REE,Ore Site,CM-past producer,1,1,1,0,,,2024,USGS Critical mineral deposits of the United States v2.0,ScienceBase data release 10.5066/P9K1HBNT,Magmatic REE,Peralkaline syenite/granite/rhyolite/alaskite/pegmatites,Medicine Bow Mountains,"Production (1956-1958): 4,500 kg euxenite, 12 tonnes U. Euxenite could include columbite-tantalite.",Unknown.,Bellora and others (2019),https://doi.org/10.5066/F7FN15D1,,,,,,
ore-665,ore_site,Unnamed beryllium site 665,WY,,43.415,-107.993,point,beryllium,"beryllium, tantalum, tungsten",Ore Site,CM-past producer+resources,5,1,1,1,,,2024,USGS Critical mineral deposits of the United States v2.0,ScienceBase data release 10.5066/P9K1HBNT,Porphyry Sn (granite-related),Pegmatite LCT,Copper Mountain,Production (1937): 300 lbs tantalite (82% Ta2O5).,"Resource: estimated to contain about 11,500 tons of tantalite-bearing rock to a depth of 20 feet below the present surface.",MRDS (2005); Dicken and others (2022),https://mrdata.usgs.gov/mrds/show-mrds.php?dep_id=10009180,,,,,,
ore-136,ore_site,Unnamed chromium site 136,WY,,42.73605,-106.32394,point,chromium,chromium,Ore Site,CM resources,3,1,1,1,,,2024,USGS Critical mineral deposits of the United States v2.0,ScienceBase data release 10.5066/P9K1HBNT,Mafic magmatic,Chromite,Wyoming Metasedimentary and Metavolcanic Belts,None.,"Resource (1945): 522,000 metric tons ore @8.7% Cr2O3.",MRDS (2005); Dicken and others (2022),https://mrdata.usgs.gov/mrds/show-mrds.php?dep_id=10254356,,,,,,
ore-185,ore_site,Unnamed chromium site 185,WY,,42.67276,-106.04123,point,chromium,chromium,Ore Site,CM-past producer,1,1,1,0,,,2024,USGS Critical mineral deposits of the United States v2.0,ScienceBase data release 10.5066/P9K1HBNT,Mafic magmatic,Chromite,Wyoming Metasedimentary and Metavolcanic Belts,"Production: 2,294 tons of ore containing 35–45% Cr2O3.",Unknown.,MRDS (2005); Dicken and others (2022),https://mrdata.usgs.gov/mrds/show-mrds.php?dep_id=10132903,,,,,,
ore-503,ore_site,Unnamed graphite site 503,WY,,42.21026,-105.2323,point,graphite,graphite,Ore Site,CM resources,3,1,1,1,,,2024,USGS Critical mineral deposits of the United States v2.0,ScienceBase data release 10.5066/P9K1HBNT,Metamorphic,Graphite (coal or carbonaceous sed),Rocky Mountain graphite,Production minor.,"Resource: estimated reserve are 277,500 cubic ft graphite.",MRDS (2005); Dicken and others (2022),https://mrdata.usgs.gov/mrds/show-mrds.php?dep_id=10254511,,,,,,
ore-310,ore_site,Unnamed titanium site 310,WY,,41.59967,-105.3275,point,titanium,titanium,Ore Site,Past producer+CM resources,2,1,1,1,,,2024,USGS Critical mineral deposits of the United States v2.0,ScienceBase data release 10.5066/P9K1HBNT,Mafic magmatic,Iron-titanium oxide,Central Laramie Range,"Production (1961-1970): 116,245 short tons (for Fe).",Reserve (1957): 9.8 million short tons @33% Fe (20% recoverable) and ~12% TiO2.,MRDS (2005); Long (1992),https://mrdata.usgs.gov/mrds/show-mrds.php?dep_id=10229543,,,,,,
ore-4,ore_site,Unnamed vanadium site 4,WY,,42.6927,-111.1312,point,vanadium,vanadium,Ore Site,CM resources,3,1,1,1,,,2024,USGS Critical mineral deposits of the United States v2.0,ScienceBase data release 10.5066/P9K1HBNT,Marine chemocline,Phosphate,Phosphoria Formation,Phosphate production in the area to the west at the Smoky Canyon mine in Idaho since the 1960s.,"Indicated reserves for vanadiferous units near Afton, Wyoming (2003): 30,000,000 short tons ore @1.1% V2O5.",MRDS (2005); Love and others (2003),https://mrdata.usgs.gov/mrds/show-mrds.php?dep_id=10008507,,,,,,
steel-1004511,steel_facility,ABC COKE,AL,JEFFERSON COUNTY,33.580768999999997,-86.781281000000007,point,steel,,Steel Facility,reported_facility,,1,,,159778.75399999999,13171.412,2023,EPA GHGRP 2023 Data Summary Spreadsheets,Direct Point Emitters sheet,,,,,,,,1004511,110000366817,ONE RAILROAD AVENUE,324199,"C,Q",Metals
steel-1005491,steel_facility,"AM/NS Calvert, LLC",AL,MOBILE COUNTY,31.146111000000001,-87.992778000000001,point,steel,,Steel Facility,reported_facility,,1,,,564329.076,,2023,EPA GHGRP 2023 Data Summary Spreadsheets,Direct Point Emitters sheet,,,,,,,,1005491,110069711869,1 AM/NS Way,331110,C,Metals
steel-1005327,steel_facility,AMERICAN CAST IRON PIPE CO,AL,JEFFERSON COUNTY,33.546979999999998,-86.834649999999996,point,steel,,Steel Facility,reported_facility,,1,,,169389.734,,2023,EPA GHGRP 2023 Data Summary Spreadsheets,Direct Point Emitters sheet,,,,,,,,1005327,110000366611,1500 32nd Avenue North,331511,C,Metals
steel-1003716,steel_facility,"Ferroglobe USA Bridgeport, LLC, FKA-TENNESSEE ALLOYS CORPORATION",AL,JACKSON COUNTY,34.944580000000002,-85.699870000000004,point,steel,,Steel Facility,reported_facility,,1,,,158997.67600000001,,2023,EPA GHGRP 2023 Data Summary Spreadsheets,Direct Point Emitters sheet,,,,,,,,1003716,110001716965,101 GARNER RD,331110,"C,K",Metals
steel-1003777,steel_facility,"Ferroglobe USA Metallurgical, Inc. FKA Globe Metallurgical Inc.",AL,DALLAS COUNTY,32.379511999999998,-86.992947999999998,point,steel,,Steel Facility,reported_facility,,1,,,56809.745999999999,,2023,EPA GHGRP 2023 Data Summary Spreadsheets,Direct Point Emitters sheet,,,,,,,,1003777,110000369609,2401 OLD MONTGOMERY HIGHWAY,331110,"C,K",Metals
steel-1007393,steel_facility,"HYUNDAI MOTOR MANUFACTURING ALABAMA, LLC",AL,MONTGOMERY COUNTY,32.277783999999997,-86.320487,point,steel,,Steel Facility,reported_facility,,1,,,29768.73,,2023,EPA GHGRP 2023 Data Summary Spreadsheets,Direct Point Emitters sheet,,,,,,,,1007393,110071162279,700 HYUNDAI BOULEVARD,336110,"C,QQ","Import and Export of Equipment Containing Fluorintaed GHGs,Other"
steel-1002393,steel_facility,High-Purity Silicon America Corporation,AL,MOBILE COUNTY,30.523389999999999,-88.141109999999998,point,steel,,Steel Facility,reported_facility,,1,,,35314.868000000002,,2023,EPA GHGRP 2023 Data Summary Spreadsheets,Direct Point Emitters sheet,,,,,,,,1002393,110064856767,7800 MITSUBISHI LANE,331410,C,Metals
steel-1005547,steel_facility,NEMAK USA INC,AL,TALLADEGA COUNTY,33.20646,-86.282499999999999,point,steel,,Steel Facility,reported_facility,,1,,,19822.876,,2023,EPA GHGRP 2023 Data Summary Spreadsheets,Direct Point Emitters sheet,,,,,,,,1005547,110057743269,2170 OLD SYLACAUGA HIGHWAY,331523,C,Metals
steel-1004152,steel_facility,NUCOR STEEL BIRMINGHAM INC,AL,JEFFERSON COUNTY,33.545389999999998,-86.809299999999993,point,steel,,Steel Facility,reported_facility,,1,,,78877.922000000006,38784.699999999997,2023,EPA GHGRP 2023 Data Summary Spreadsheets,Direct Point Emitters sheet,,,,,,,,1004152,110057474193,2301 FL SHUTTLESWORTH DRIVE,331110,"C,Q",Metals
steel-1005976,steel_facility,NUCOR STEEL DECATUR,AL,MORGAN COUNTY,34.638905999999999,-87.089035999999993,point,steel,,Steel Facility,reported_facility,,1,,,452134.22399999999,325969.7,2023,EPA GHGRP 2023 Data Summary Spreadsheets,Direct Point Emitters sheet,,,,,,,,1005976,110000589328,4301 IVERSON BOULEVARD,331110,"C,Q",Metals
steel-1003457,steel_facility,"Nucor Steel Tuscaloosa, Inc.",AL,TUSCALOOSA COUNTY,33.233750000000001,-87.506929999999997,point,steel,,Steel Facility,reported_facility,,1,,,199908.71599999999,108218.4,2023,EPA GHGRP 2023 Data Summary Spreadsheets,Direct Point Emitters sheet,,,,,,,,1003457,110042026170,1700 Holt Road NE,331110,"C,Q",Metals
steel-1010763,steel_facility,"Outokumpu Stainless USA, LLC",AL,MOBILE COUNTY,31.152200000000001,-87.985799999999998,point,steel,,Steel Facility,reported_facility,,1,,,158259.14799999999,91332.4,2023,EPA GHGRP 2023 Data Summary Spreadsheets,Direct Point Emitters sheet,,,,,,,,1010763,110070881484,1 ThyssenKrupp Drive,331110,"C,Q",Metals
steel-1003508,steel_facility,SANDERS LEAD COMPANY INCORPORATED,AL,PIKE COUNTY,31.788115000000001,-85.977613000000005,point,steel,,Steel Facility,reported_facility,,1,,,219877.02,,2023,EPA GHGRP 2023 Data Summary Spreadsheets,Direct Point Emitters sheet,,,,,,,,1003508,110056964183,100 SANDERS ROAD,331492,"C,R",Metals
steel-1003981,steel_facility,SMI STEEL LLC,AL,JEFFERSON COUNTY,33.534103999999999,-86.757929000000004,point,steel,,Steel Facility,reported_facility,,1,,,95472.52,60897.4,2023,EPA GHGRP 2023 Data Summary Spreadsheets,Direct Point Emitters sheet,,,,,,,,1003981,110013834770,101 50TH STREET SOUTH,331110,"C,Q",Metals
steel-1005283,steel_facility,SSAB ALABAMA INCORPORATED,AL,MOBILE COUNTY,30.943048000000001,-88.012822999999997,point,steel,,Steel Facility,reported_facility,,1,,,335796.53200000001,118506.8,2023,EPA GHGRP 2023 Data Summary Spreadsheets,Direct Point Emitters sheet,,,,,,,,1005283,110006034727,12400 HIGHWAY 43 NORTH,331110,"C,Q",Metals
steel-1005338,steel_facility,STEEL DUST RECYCLING LLC,AL,LAMAR COUNTY,33.564599999999999,-88.059899999999999,point,steel,,Steel Facility,reported_facility,,1,,,209664.228,,2023,EPA GHGRP 2023 Data Summary Spreadsheets,Direct Point Emitters sheet,,,,,,,,1005338,110032634102,13209 HIGHWAY 96,331492,"C,GG",Metals
steel-1011392,steel_facility,Tyler Union,AL,CALHOUN COUNTY,33.666260000000001,-85.853669999999994,point,steel,,Steel Facility,reported_facility,,1,,,16889.567999999999,,2023,EPA GHGRP 2023 Data Summary Spreadsheets,Direct Point Emitters sheet,,,,,,,,1011392,110000368815,1501 W. 17th St.,331511,C,Metals
steel-1000159,steel_facility,US Steel (Fairfield Works),AL,Jefferson,33.4833,-86.926100000000005,point,steel,,Steel Facility,reported_facility,,1,,,243031.266,61125.8,2023,EPA GHGRP 2023 Data Summary Spreadsheets,Direct Point Emitters sheet,,,,,,,,1000159,110000366318,5700 VALLEY ROAD,331110,"C,Q,TT","Metals,Waste"
steel-1006015,steel_facility,"United States Pipe and Foundry Company, LLC",AL,JEFFERSON COUNTY,33.417020000000001,-86.970849999999999,point,steel,,Steel Facility,reported_facility,,1,,,154837.14199999999,,2023,EPA GHGRP 2023 Data Summary Spreadsheets,Direct Point Emitters sheet,,,,,,,,1006015,110000366096,2023 SAINT LOUIS AVENUE,331511,C,Metals
steel-1003212,steel_facility,WISE ALLOYS LLC-ALLOYS PLANT,AL,COLBERT COUNTY,34.761735000000002,-87.586903000000007,point,steel,,Steel Facility,reported_facility,,1,,,155859.864,,2023,EPA GHGRP 2023 Data Summary Spreadsheets,Direct Point Emitters sheet,,,,,,,,1003212,110000516683,4805 SECOND STREET,331315,C,Metals
steel-1003213,steel_facility,"WISE ALLOYS, LLC - Alabama Reclamation Plant",AL,COLBERT COUNTY,34.766792000000002,-87.601168999999999,point,steel,,Steel Facility,reported_facility,,1,,,96058.487999999998,,2023,EPA GHGRP 2023 Data Summary Spreadsheets,Direct Point Emitters sheet,,,,,,,,1003213,110070328268,1009 FORD ROAD,331314,C,Metals
steel-1004327,steel_facility,ALMATIS INC - BAUXITE ARKANSAS,AR,SALINE COUNTY,34.575220000000002,-92.531729999999996,point,steel,,Steel Facility,reported_facility,,1,,,61843.067999999999,,2023,EPA GHGRP 2023 Data Summary Spreadsheets,Direct Point Emitters sheet,,,,,,,,1004327,110000451467,4701 ALCOA ROAD,331313,C,Metals
steel-1005801,steel_facility,ARKANSAS STEEL ASSOCIATES,AR,JACKSON COUNTY,35.648518000000003,-91.244662000000005,point,steel,,Steel Facility,reported_facility,,1,,,31146.768,9186.7999999999993,2023,EPA GHGRP 2023 Data Summary Spreadsheets,Direct Point Emitters sheet,,,,,,,,1005801,110000451671,2803 VAN DYKE ROAD,331221,"C,Q",Metals
steel-1012997,steel_facility,Big River Steel LLC,AR,,35.696992700000003,-90.037320100000002,point,steel,,Steel Facility,reported_facility,,1,,,380303.08799999999,204342.3,2023,EPA GHGRP 2023 Data Summary Spreadsheets,Direct Point Emitters sheet,,,,,,,,1012997,,2027 E. State Hwy.198,331110,"C,Q",Metals
steel-1003052,steel_facility,GERDAU - FORT SMITH MILL,AR,SEBASTIAN COUNTY,35.302500000000002,-94.375277999999994,point,steel,,Steel Facility,reported_facility,,1,,,76305.292000000001,34165,2023,EPA GHGRP 2023 Data Summary Spreadsheets,Direct Point Emitters sheet,,,,,,,,1003052,110000453401,5225 PLANTERS ROAD,331110,"C,Q",Metals
steel-1012053,steel_facility,Huber Specialty Hydrates,AR,,34.575209999999998,-92.53013,point,steel,,Steel Facility,reported_facility,,1,,,33325.423999999999,,2023,EPA GHGRP 2023 Data Summary Spreadsheets,Direct Point Emitters sheet,,,,,,,,1012053,,4750 Alcoa Road,331313,C,Metals
steel-1007921,steel_facility,NUCOR STEEL - ARKANSAS,AR,MISSISSIPPI COUNTY,35.944387999999996,-89.723635999999999,point,steel,,Steel Facility,reported_facility,,1,,,372388.68800000002,243021.9,2023,EPA GHGRP 2023 Data Summary Spreadsheets,Direct Point Emitters sheet,,,,,,,,1007921,110000452180,7301 EAST COUNTY ROAD 142,331110,"C,Q",Metals
steel-1007642,steel_facility,NUCOR-YAMATO STEEL CO,AR,MISSISSIPPI COUNTY,35.892499999999998,-89.784166999999997,point,steel,,Steel Facility,reported_facility,,1,,,375416.83600000001,164904.53599999999,2023,EPA GHGRP 2023 Data Summary Spreadsheets,Direct Point Emitters sheet,,,,,,,,1007642,110000743562,5929 E. STATE HWY. 18,331110,"C,Q",Metals
steel-1001588,steel_facility,"REYNOLDS FOIL, INC.",AR,HOT SPRING COUNTY,34.454999999999998,-92.900278,point,steel,,Steel Facility,reported_facility,,1,,,43417.735999999997,,2023,EPA GHGRP 2023 Data Summary Spreadsheets,Direct Point Emitters sheet,,,,,,,,1001588,110000597738,1333 HIGHWAY 270,331315,C,Metals
steel-1004038,steel_facility,CMC Steel Arizona,AZ,MARICOPA COUNTY,33.285299999999999,-111.58629999999999,point,steel,,Steel Facility,reported_facility,,1,,,67983.567999999999,59177.599999999999,2023,EPA GHGRP 2023 Data Summary Spreadsheets,Direct Point Emitters sheet,,,,,,,,1004038,110037377969,11444 E Germann Rd,331110,"C,Q",Metals
steel-1006947,steel_facility,FREEPORT-MCMORAN MIAMI INC,AZ,GILA COUNTY,33.423110999999999,-110.803443,point,steel,,Steel Facility,reported_facility,,1,,,84247.73,,2023,EPA GHGRP 2023 Data Summary Spreadsheets,Direct Point Emitters sheet,,,,,,,,1006947,110071159653,5701 NEW STREET AND US 60,331410,C,Metals
steel-1006761,steel_facility,CALIFORNIA STEEL INDUSTRIES INC,CA,SAN BERNARDINO COUNTY,34.077370000000002,-117.49968800000001,point,steel,,Steel Facility,reported_facility,,1,,,164102.33199999999,,2023,EPA GHGRP 2023 Data Summary Spreadsheets,Direct Point Emitters sheet,,,,,,,,1006761,110063857376,14000 SAN BERNARDINO AVE.,331221,C,Metals
steel-1002231,steel_facility,"Quemetco, Inc.",CA,LOS ANGELES COUNTY,34.025025999999997,-117.98347,point,steel,,Steel Facility,reported_facility,,1,,,55777.243999999999,,2023,EPA GHGRP 2023 Data Summary Spreadsheets,Direct Point Emitters sheet,,,,,,,,1002231,110000609707,720 South Seventh Avenue,331492,"C,R",Metals
steel-1004965,steel_facility,UNITED STATES PIPE & FOUNDRY CO LLC,CA,ALAMEDA COUNTY,37.605989999999998,-122.04237000000001,point,steel,,Steel Facility,reported_facility,,1,,,44274.358,,2023,EPA GHGRP 2023 Data Summary Spreadsheets,Direct Point Emitters sheet,,,,,,,,1004965,110000483619,1295 WHIPPLE ROAD,331511,C,Metals
steel-1004478,steel_facility,"USS-UPI, LLC",CA,CONTRA COSTA COUNTY,38.023049999999998,-121.85565,point,steel,,Steel Facility,reported_facility,,1,,,28086.444,,2023,EPA GHGRP 2023 Data Summary Spreadsheets,Direct Point Emitters sheet,,,,,,,,1004478,110000483450,900 LOVERIDGE ROAD,331221,C,Metals
steel-1005588,steel_facility,VISTA METALS CORPORATION,CA,SAN BERNARDINO COUNTY,34.0946,-117.51326,point,steel,,Steel Facility,reported_facility,,1,,,32234.227999999999,,2023,EPA GHGRP 2023 Data Summary Spreadsheets,Direct Point Emitters sheet,,,,,,,,1005588,110000479312,13425 WHITTRAM AVE.,331314,C,Metals
steel-1003902,steel_facility,CF & I STEEL L P/ DBA ROCKY MOUNTAIN STEEL MILLS,CO,PUEBLO COUNTY,38.232627000000001,-104.607257,point,steel,,Steel Facility,reported_facility,,1,,,275194.20400000003,70981,2023,EPA GHGRP 2023 Data Summary Spreadsheets,Direct Point Emitters sheet,,,,,,,,1003902,110000467833,2100 SOUTH FREEWAY,331110,"C,Q,TT","Metals,Waste"
steel-1013359,steel_facility,Golden Aluminum Inc.,CO,WELD COUNTY,40.09581,-104.80277,point,steel,,Steel Facility,reported_facility,,1,,,25432.204000000002,,2023,EPA GHGRP 2023 Data Summary Spreadsheets,Direct Point Emitters sheet,,,,,,,,1013359,110000467539,1405 14th St,331315,C,Metals
steel-1002216,steel_facility,CMC Steel Florida,FL,DUVAL COUNTY,30.288350000000001,-81.977728999999997,point,steel,,Steel Facility,reported_facility,,1,,,96116.995999999999,55418.8,2023,EPA GHGRP 2023 Data Summary Spreadsheets,Direct Point Emitters sheet,,,,,,,,1002216,110009072984,16770 REBAR ROAD,331110,"C,Q",Metals
steel-1003951,steel_facility,ENVIROFOCUS TECHNOLOGIES LLC,FL,HILLSBOROUGH COUNTY,27.962140000000002,-82.381157999999999,point,steel,,Steel Facility,reported_facility,,1,,,91254.04,,2023,EPA GHGRP 2023 Data Summary Spreadsheets,Direct Point Emitters sheet,,,,,,,,1003951,110055509043,6505 Jewel St,331492,"C,R",Metals
steel-1013130,steel_facility,Hydro Extrusion USA LLC,FL,ST. JOHNS COUNTY,29.782223999999999,-81.309365,point,steel,,Steel Facility,reported_facility,,1,,,22790.563999999998,,2023,EPA GHGRP 2023 Data Summary Spreadsheets,Direct Point Emitters sheet,,,,,,,,1013130,110000845284,200 Riviera Blvd,331314,C,Metals
steel-1013487,steel_facility,Nucor Steel Florida Inc.,FL,POLK COUNTY,27.655245000000001,-81.51858,point,steel,,Steel Facility,reported_facility,,1,,,35012.04,32388.2,2023,EPA GHGRP 2023 Data Summary Spreadsheets,Direct Point Emitters sheet,,,,,,,,1013487,110070511623,22 Nucor Dr.,331110,"C,Q",Metals
steel-1014879,steel_facility,US Foundry Company,FL,MIAMI-DADE COUNTY,25.857970000000002,-80.333730000000003,point,steel,,Steel Facility,reported_facility,,1,,,26157.714,,2023,EPA GHGRP 2023 Data Summary Spreadsheets,Direct Point Emitters sheet,,,,,,,,1014879,110070715900,8351 nw 93rd st medley fl,331511,C,Metals
steel-1013336,steel_facility,"Bonnell Aluminum, Inc.",GA,COWETA COUNTY,33.379837999999999,-84.821686,point,steel,,Steel Facility,reported_facility,,1,,,17807.932000000001,,2023,EPA GHGRP 2023 Data Summary Spreadsheets,Direct Point Emitters sheet,,,,,,,,1013336,110000357300,25 Bonnell St,331318,C,Metals
steel-1001103,steel_facility,GERDAU AMERISTEEL CARTERSVILLE STEEL MILL,GA,BARTOW COUNTY,34.242778999999999,-84.797775000000001,point,steel,,Steel Facility,reported_facility,,1,,,86209.26,22286.799999999999,2023,EPA GHGRP 2023 Data Summary Spreadsheets,Direct Point Emitters sheet,,,,,,,,1001103,110041343267,384 OLD GRASSDALE RD NE,331110,"C,Q",Metals
steel-1011199,steel_facility,"Kia Georgia, Inc.",GA,,32.915900000000001,-85.117609999999999,point,steel,,Steel Facility,reported_facility,,1,,,23188.412,,2023,EPA GHGRP 2023 Data Summary Spreadsheets,Direct Point Emitters sheet,,,,,,,,1011199,,7777 Kia Parkway,336110,"C,QQ","Import and Export of Equipment Containing Fluorintaed GHGs,Other"
steel-1003434,steel_facility,NOVELIS CORP - GREENSBORO,GA,GREENE COUNTY,33.560282999999998,-83.197522000000006,point,steel,,Steel Facility,reported_facility,,1,,,33165.023999999998,,2023,EPA GHGRP 2023 Data Summary Spreadsheets,Direct Point Emitters sheet,,,,,,,,1003434,110000358693,1261 WILLOW RUN RD.,331314,C,Metals
steel-1015119,steel_facility,VMC Specialty Alloys LLC,GA,BARTOW COUNTY,34.367137999999997,-84.906763999999995,point,steel,,Steel Facility,reported_facility,,1,,,38971.803999999996,,2023,EPA GHGRP 2023 Data Summary Spreadsheets,Direct Point Emitters sheet,,,,,,,,1015119,110057451831,800 Martin Luther King Jr Drive,331314,C,Metals
steel-1007937,steel_facility,Arconic US LLC,IA,SCOTT COUNTY,41.531149999999997,-90.468199999999996,point,steel,,Steel Facility,reported_facility,,1,,,269182.83600000001,,2023,EPA GHGRP 2023 Data Summary Spreadsheets,Direct Point Emitters sheet,,,,,,,,1007937,110000416005,4879 STATE STREET,331315,C,Metals
steel-1003577,steel_facility,GERDAU AMERISTEEL US INC,IA,MUSCATINE COUNTY,41.585661000000002,-91.042156000000006,point,steel,,Steel Facility,reported_facility,,1,,,31886.756000000001,6879.9,2023,EPA GHGRP 2023 Data Summary Spreadsheets,Direct Point Emitters sheet,,,,,,,,1003577,110000772913,1500 WEST 3RD STREET,331110,"C,Q",Metals
steel-1002933,steel_facility,Novelis ALR Aluminum LLC (Davenport Casting),IA,SCOTT COUNTY,41.496859999999998,-90.645870000000002,point,steel,,Steel Facility,reported_facility,,1,,,49269.163999999997,,2023,EPA GHGRP 2023 Data Summary Spreadsheets,Direct Point Emitters sheet,,,,,,,,1002933,110000742563,2101 J M MORRIS BOULEVARD,331314,C,Metals
steel-1002147,steel_facility,SSAB Iowa Inc.,IA,MUSCATINE COUNTY,41.485529999999997,-90.822779999999995,point,steel,,Steel Facility,reported_facility,,1,,,295476.26799999998,114299,2023,EPA GHGRP 2023 Data Summary Spreadsheets,Direct Point Emitters sheet,,,,,,,,1002147,110008524034,1770 BILL SHARP BOULEVARD,331110,"C,Q",Metals
steel-1003268,steel_facility,ALTON STEEL COMPANY,IL,MADISON COUNTY,38.883209999999998,-90.145030000000006,point,steel,,Steel Facility,reported_facility,,1,,,24279.295999999998,10073.9,2023,EPA GHGRP 2023 Data Summary Spreadsheets,Direct Point Emitters sheet,,,,,,,,1003268,110000438679,#5 CUT ST.,331110,"C,Q",Metals
steel-1004427,steel_facility,Befesa Zinc US INC,IL,COOK COUNTY,41.687370999999999,-87.554861000000002,point,steel,,Steel Facility,reported_facility,,1,,,101160.18399999999,,2023,EPA GHGRP 2023 Data Summary Spreadsheets,Direct Point Emitters sheet,,,,,,,,1004427,110000434352,2701 E. 114TH ST.,331492,"C,GG",Metals
steel-1005990,steel_facility,CATERPILLAR INC.-MAPLETON,IL,PEORIA COUNTY,40.559342999999998,-89.747989000000004,point,steel,,Steel Facility,reported_facility,,1,,,189158.32800000001,,2023,EPA GHGRP 2023 Data Summary Spreadsheets,Direct Point Emitters sheet,,,,,,,,1005990,110000437965,8826 WEST ROUTE 24,331511,"C,TT","Metals,Waste"
steel-1006325,steel_facility,CLEVELAND-CLIFFS RIVERDALE LLC,IL,COOK COUNTY,41.656474000000003,-87.625846999999993,point,steel,,Steel Facility,reported_facility,,1,,,147555.848,93678.2,2023,EPA GHGRP 2023 Data Summary Spreadsheets,Direct Point Emitters sheet,,,,,,,,1006325,110015682215,13500 S PERRY AVE,331110,"C,Q",Metals
steel-1009927,steel_facility,Chicago White Metal Castings Inc,IL,,41.737009999999998,-87.989189999999994,point,steel,,Steel Facility,reported_facility,,1,,,8583.9264000000003,,2023,EPA GHGRP 2023 Data Summary Spreadsheets,Direct Point Emitters sheet,,,,,,,,1009927,,649 N Route 83,331523,T,Metals
steel-1008735,steel_facility,FINKL & SONS CO,IL,COOK COUNTY,41.728541999999997,-87.591648000000006,point,steel,,Steel Facility,reported_facility,,1,,,34617.379999999997,2989.8,2023,EPA GHGRP 2023 Data Summary Spreadsheets,Direct Point Emitters sheet,,,,,,,,1008735,110030735916,1355 E 93RD ST,331110,"C,Q",Metals
steel-1009613,steel_facility,G & W Electric Company,IL,,41.673859999999998,-88.074252999999999,point,steel,,Steel Facility,reported_facility,,1,,,20353.0128,,2023,EPA GHGRP 2023 Data Summary Spreadsheets,Direct Point Emitters sheet,,,,,,,,1009613,,305 West Crossroads Parkway,335313,"C,QQ,SS","Import and Export of Equipment Containing Fluorintaed GHGs,Other"
steel-1003204,steel_facility,GATEWAY ENERGY & COKE CO LLC,IL,MADISON COUNTY,38.695765999999999,-90.132874000000001,point,steel,,Steel Facility,reported_facility,,1,,,472576.63199999998,469678,2023,EPA GHGRP 2023 Data Summary Spreadsheets,Direct Point Emitters sheet,,,,,,,,1003204,110043807538,2585 EDWARDSVILLE RD,324199,"C,Q",Metals
steel-1009622,steel_facility,Gunite Corporation,IL,WINNEBAGO COUNTY,42.242283,-89.092825000000005,point,steel,,Steel Facility,reported_facility,,1,,,35221.46,,2023,EPA GHGRP 2023 Data Summary Spreadsheets,Direct Point Emitters sheet,,,,,,,,1009622,110000437091,302 Peoples Ave,331511,C,Metals
steel-1004811,steel_facility,KEYSTONE STEEL & WIRE CO,IL,PEORIA COUNTY,40.642502999999998,-89.645770999999996,point,steel,,Steel Facility,reported_facility,,1,,,126064.376,40510.9,2023,EPA GHGRP 2023 Data Summary Spreadsheets,Direct Point Emitters sheet,,,,,,,,1004811,110000612212,7000 SOUTH ADAMS STREET,331110,"C,Q",Metals
steel-1002621,steel_facility,"NUCOR STEEL KANKAKEE, INC.",IL,KANKAKEE COUNTY,41.181331999999998,-87.856643000000005,point,steel,,Steel Facility,reported_facility,,1,,,120039.208,55573.2,2023,EPA GHGRP 2023 Data Summary Spreadsheets,Direct Point Emitters sheet,,,,,,,,1002621,110038174098,ONE NUCOR WAY,331110,"C,Q",Metals
steel-1009615,steel_facility,S&C Electric Company,IL,,42.002310000000001,-87.67662,point,steel,,Steel Facility,reported_facility,,1,,,16732.5252,,2023,EPA GHGRP 2023 Data Summary Spreadsheets,Direct Point Emitters sheet,,,,,,,,1009615,,6601 N. Ridge Blvd.,335313,"C,QQ,SS","Import and Export of Equipment Containing Fluorintaed GHGs,Other"
steel-1006269,steel_facility,STERLING STEEL COMPANY LLC,IL,WHITESIDE COUNTY,41.786281000000002,-89.709809000000007,point,steel,,Steel Facility,reported_facility,,1,,,85048.448000000004,44750.8,2023,EPA GHGRP 2023 Data Summary Spreadsheets,Direct Point Emitters sheet,,,,,,,,1006269,110013297823,101 AVENUE K,331110,"C,Q",Metals
steel-1009864,steel_facility,"Spartan Light Metal Products, Inc.",IL,RANDOLPH COUNTY,38.120564000000002,-89.694120999999996,point,steel,,Steel Facility,reported_facility,,1,,,143026.02799999999,,2023,EPA GHGRP 2023 Data Summary Spreadsheets,Direct Point Emitters sheet,,,,,,,,1009864,110018359364,510 East McClurken Ave,331523,"C,T",Metals
steel-1006041,steel_facility,US STEEL - GRANITE CITY,IL,MADISON COUNTY,38.695399999999999,-90.136700000000005,point,steel,,Steel Facility,reported_facility,,1,,,1757626.36,263423.38,2023,EPA GHGRP 2023 Data Summary Spreadsheets,Direct Point Emitters sheet,,,,,,,,1006041,110018406679,1951 STATE ST,331110,"C,Q,TT","Metals,Waste"
steel-1004542,steel_facility,Wieland Rolled Products North America,IL,MADISON COUNTY,38.870069999999998,-90.115949999999998,point,steel,,Steel Facility,reported_facility,,1,,,27292.826000000001,,2023,EPA GHGRP 2023 Data Summary Spreadsheets,Direct Point Emitters sheet,,,,,,,,1004542,110071160597,305 LEWIS & CLARK BLVD.,331420,C,Metals
steel-1001877,steel_facility,ALCOA INC - WARRICK OPERATIONS,IN,WARRICK COUNTY,37.914999999999999,-87.332800000000006,point,steel,,Steel Facility,reported_facility,,1,,,4867518.5360000003,,2023,EPA GHGRP 2023 Data Summary Spreadsheets,Direct Point Emitters sheet,,,,,,,,1001877,110000602045,,331313,"C,D,F","Metals,Power Plants"
steel-1004649,steel_facility,ARCONIC LAFAYETTE LLC,IN,TIPPECANOE COUNTY,40.395778,-86.859639000000001,point,steel,,Steel Facility,reported_facility,,1,,,33755.171999999999,,2023,EPA GHGRP 2023 Data Summary Spreadsheets,Direct Point Emitters sheet,,,,,,,,1004649,110000404198,3131 E MAIN ST,331314,C,Metals
steel-1010185,steel_facility,Advanced Magnesium Alloys Corporation,IN,MADISON COUNTY,40.085371000000002,-85.658665999999997,point,steel,,Steel Facility,reported_facility,,1,,,230280,,2023,EPA GHGRP 2023 Data Summary Spreadsheets,Direct Point Emitters sheet,,,,,,,,1010185,110022533070,1820 E. 32nd st.,331492,T,Metals
steel-1003962,steel_facility,Cleveland-Cliffs Burns Harbor LLC,IN,PORTER COUNTY,41.634,-87.131,point,steel,,Steel Facility,reported_facility,,1,,,7644163.3439999996,2579138.6800000002,2023,EPA GHGRP 2023 Data Summary Spreadsheets,Direct Point Emitters sheet,,,,,,,,1003962,110000607558,250 W US 12,331110,"C,Q",Metals
steel-1000214,steel_facility,Cleveland-Cliffs Steel Corporation,IN,SPENCER COUNTY,37.984900000000003,-87.025899999999993,point,steel,,Steel Facility,reported_facility,,1,,,112151.428,,2023,EPA GHGRP 2023 Data Summary Spreadsheets,Direct Point Emitters sheet,,,,,,,,1000214,110000592788,6500 N US HIGHWAY 231,331110,C,Metals
steel-1000588,steel_facility,Cleveland-Cliffs Steel LLC,IN,LAKE COUNTY,41.651164999999999,-87.459166999999994,point,steel,,Steel Facility,reported_facility,,1,,,703786.83200000005,300449.90000000002,2023,EPA GHGRP 2023 Data Summary Spreadsheets,Direct Point Emitters sheet,,,,,,,,1000588,110000397794,3001 Dickey Road,331110,"C,Q",Metals
steel-1000156,steel_facility,Cleveland-Cliffs Steel LLC,IN,Lake,41.68,-87.426400000000001,point,steel,,Steel Facility,reported_facility,,1,,,5783020.5300000003,961854.56400000001,2023,EPA GHGRP 2023 Data Summary Spreadsheets,Direct Point Emitters sheet,,,,,,,,1000156,110066942526,3210 WATLING ST,331110,"C,Q,S","Metals,Minerals"
steel-1003581,steel_facility,Cleveland-Cliffs Tek Inc. and Cleveland-Cliffs Kote Inc.,IN,ST. JOSEPH COUNTY,41.697400000000002,-86.467399999999998,point,steel,,Steel Facility,reported_facility,,1,,,98928.028000000006,,2023,EPA GHGRP 2023 Data Summary Spreadsheets,Direct Point Emitters sheet,,,,,,,,1003581,110000399462,30755 EDISON RD,331221,C,Metals
steel-1005907,steel_facility,DALTON CORP WARSAW MFG FACILITY,IN,KOSCIUSKO COUNTY,41.235750000000003,-85.832527999999996,point,steel,,Steel Facility,reported_facility,,1,,,17940.21,,2023,EPA GHGRP 2023 Data Summary Spreadsheets,Direct Point Emitters sheet,,,,,,,,1005907,110000399792,1900 E JEFFERSON ST,331511,C,Metals
steel-1004345,steel_facility,ELEMENT RESOURCES-GARFIELD FACILITY LLC,IN,DELAWARE COUNTY,40.158050000000003,-85.417289999999994,point,steel,,Steel Facility,reported_facility,,1,,,44386.692000000003,,2023,EPA GHGRP 2023 Data Summary Spreadsheets,Direct Point Emitters sheet,,,,,,,,1004345,110071159289,2601 W MT PLEASANT BLVD,331492,"C,R",Metals
steel-1003141,steel_facility,ENKEI AMERICA INC,IN,BARTHOLOMEW COUNTY,39.135579999999997,-85.955950000000001,point,steel,,Steel Facility,reported_facility,,1,,,26284.952000000001,,2023,EPA GHGRP 2023 Data Summary Spreadsheets,Direct Point Emitters sheet,,,,,,,,1003141,110000493831,2900 W INWOOD DR,331524,C,Metals
steel-1005552,steel_facility,FCA KOKOMO CASTING PLANT,IN,HOWARD COUNTY,40.461649000000001,-86.116825000000006,point,steel,,Steel Facility,reported_facility,,1,,,33558.224000000002,,2023,EPA GHGRP 2023 Data Summary Spreadsheets,Direct Point Emitters sheet,,,,,,,,1005552,110000401397,1001 E. BOULEVARD,331523,C,Metals
steel-1002875,steel_facility,GENERAL MOTORS LLC BEDFORD CETC,IN,LAWRENCE COUNTY,38.877889000000003,-86.479721999999995,point,steel,,Steel Facility,reported_facility,,1,,,52719.582000000002,,2023,EPA GHGRP 2023 Data Summary Spreadsheets,Direct Point Emitters sheet,,,,,,,,1002875,110000403215,105 GM DRIVE,331523,"C,TT","Metals,Waste"
steel-1007869,steel_facility,HAYNES INTERNATIONAL INCORPORATED,IN,HOWARD COUNTY,40.472124000000001,-86.160002000000006,point,steel,,Steel Facility,reported_facility,,1,,,56641.288,,2023,EPA GHGRP 2023 Data Summary Spreadsheets,Direct Point Emitters sheet,,,,,,,,1007869,110000401351,2000 W DEFFENBAUGH ST,331491,C,Metals
steel-1007287,steel_facility,Indiana Harbor Coke Company,IN,LAKE COUNTY,41.656320999999998,-87.450142,point,steel,,Steel Facility,reported_facility,,1,,,1065051.8899999999,1023023.4,2023,EPA GHGRP 2023 Data Summary Spreadsheets,Direct Point Emitters sheet,,,,,,,,1007287,110066942526,3210 Watling St.,324199,"C,Q",Metals
steel-1013926,steel_facility,Jupiter Aluminum Corp,IN,LAKE COUNTY,41.596907000000002,-87.484909000000002,point,steel,,Steel Facility,reported_facility,,1,,,25389.004000000001,,2023,EPA GHGRP 2023 Data Summary Spreadsheets,Direct Point Emitters sheet,,,,,,,,1013926,110000397936,1745 165th Street,331315,C,Metals
steel-1014352,steel_facility,Kaiser Aluminum Warrick LLC,IN,WARRICK COUNTY,37.932119999999998,-87.324730000000002,point,steel,,Steel Facility,reported_facility,,1,,,159627.70000000001,,2023,EPA GHGRP 2023 Data Summary Spreadsheets,Direct Point Emitters sheet,,,,,,,,1014352,110071062751,4000 W State Road 66,331315,C,Metals
steel-1010531,steel_facility,Matalco Bluffton LLC,IN,WELLS COUNTY,40.721330000000002,-85.203119999999998,point,steel,,Steel Facility,reported_facility,,1,,,21295.32,,2023,EPA GHGRP 2023 Data Summary Spreadsheets,Direct Point Emitters sheet,,,,,,,,1010531,110037103675,1390 S. Adams Street,331314,C,Metals
steel-1007866,steel_facility,NLMK INDIANA,IN,PORTER COUNTY,41.621519999999997,-87.161479999999997,point,steel,,Steel Facility,reported_facility,,1,,,99614.244000000006,44678.7,2023,EPA GHGRP 2023 Data Summary Spreadsheets,Direct Point Emitters sheet,,,,,,,,1007866,110000398212,6500 S. BOUNDARY RD.,331110,"C,Q",Metals
steel-1004151,steel_facility,NUCOR STEEL INDIANA,IN,MONTGOMERY COUNTY,39.974699999999999,-86.830100000000002,point,steel,,Steel Facility,reported_facility,,1,,,255383.476,146749.53599999999,2023,EPA GHGRP 2023 Data Summary Spreadsheets,Direct Point Emitters sheet,,,,,,,,1004151,110017410595,4537 S NUCOR RD,331110,"C,Q",Metals
steel-1003794,steel_facility,QUEMETCO INC,IN,MARION COUNTY,39.755553999999997,-86.300055999999998,point,steel,,Steel Facility,reported_facility,,1,,,65754.576000000001,,2023,EPA GHGRP 2023 Data Summary Spreadsheets,Direct Point Emitters sheet,,,,,,,,1003794,110000397419,7870 WEST MORRIS STREET,331492,"C,R",Metals
steel-1001721,steel_facility,"REAL ALLOY SPECIFICATION, LLC.",IN,WABASH COUNTY,40.790832999999999,-85.877088999999998,point,steel,,Steel Facility,reported_facility,,1,,,57086.338000000003,,2023,EPA GHGRP 2023 Data Summary Spreadsheets,Direct Point Emitters sheet,,,,,,,,1001721,110070864117,4525 W OLD US 24,331314,"C,TT","Metals,Waste"
steel-1013519,steel_facility,Ryobi Die Casting,IN,SHELBY COUNTY,39.540030000000002,-85.790019999999998,point,steel,,Steel Facility,reported_facility,,1,,,40980.095999999998,,2023,EPA GHGRP 2023 Data Summary Spreadsheets,Direct Point Emitters sheet,,,,,,,,1013519,110041441062,800 W. Mausoleum Road,331523,C,Metals
steel-1014364,steel_facility,SDI LaFarga - Copperworks,IN,ALLEN COUNTY,41.072899999999997,-84.965299999999999,point,steel,,Steel Facility,reported_facility,,1,,,31200.232,,2023,EPA GHGRP 2023 Data Summary Spreadsheets,Direct Point Emitters sheet,,,,,,,,1014364,110043963048,1640 S. Ryan Rd.,331420,C,Metals
steel-1005584,steel_facility,STEEL DYNAMICS INC,IN,DEKALB COUNTY,41.364277999999999,-84.914083000000005,point,steel,,Steel Facility,reported_facility,,1,,,982503.42,828556.9,2023,EPA GHGRP 2023 Data Summary Spreadsheets,Direct Point Emitters sheet,,,,,,,,1005584,110056970452,4500 CR 59,331110,"C,Q",Metals
steel-1003688,steel_facility,"STEEL DYNAMICS, INC. (SDI)",IN,HENDRICKS COUNTY,39.876783000000003,-86.482112999999998,point,steel,,Steel Facility,reported_facility,,1,,,186944.32399999999,60391.9,2023,EPA GHGRP 2023 Data Summary Spreadsheets,Direct Point Emitters sheet,,,,,,,,1003688,110056970461,8000 NORTH COUNTY ROAD 225 EAST,331110,"C,Q",Metals
steel-1005602,steel_facility,"STEEL DYNAMICS. INC. (SDI), STRUCTUAL AND RAIL DIVISION",IN,WHITLEY COUNTY,41.124347999999998,-85.395658999999995,point,steel,,Steel Facility,reported_facility,,1,,,328102.76799999998,173505.6,2023,EPA GHGRP 2023 Data Summary Spreadsheets,Direct Point Emitters sheet,,,,,,,,1005602,110070324528,2601 COUNTY ROAD 700 EAST,331110,"C,Q",Metals
steel-1004100,steel_facility,SUPERIOR ALUMINUM ALLOYS LLC,IN,ALLEN COUNTY,41.078919999999997,-84.95702,point,steel,,Steel Facility,reported_facility,,1,,,31253.132000000001,,2023,EPA GHGRP 2023 Data Summary Spreadsheets,Direct Point Emitters sheet,,,,,,,,1004100,110000493788,14214 EDGERTON RD.,331314,C,Metals
steel-1003059,steel_facility,Steel Dynamics,IN,VIGO COUNTY,39.344389999999997,-87.421210000000002,point,steel,,Steel Facility,reported_facility,,1,,,28236.743999999999,,2023,EPA GHGRP 2023 Data Summary Spreadsheets,Direct Point Emitters sheet,,,,,,,,1003059,110001237867,455 West Industrial Drive,331221,C,Metals
steel-1001620,steel_facility,US Steel - Midwest Plant,IN,PORTER COUNTY,41.620389000000003,-87.170277999999996,point,steel,,Steel Facility,reported_facility,,1,,,110193.03599999999,,2023,EPA GHGRP 2023 Data Summary Spreadsheets,Direct Point Emitters sheet,,,,,,,,1001620,110064647743,6300 US 12,331221,C,Metals
steel-1000418,steel_facility,US Steel Corp - Gary Works,IN,Lake,41.613300000000002,-87.328100000000006,point,steel,,Steel Facility,reported_facility,,1,,,10928816.198000001,3025085.0619999999,2023,EPA GHGRP 2023 Data Summary Spreadsheets,Direct Point Emitters sheet,,,,,,,,1000418,110000398374,1 NORTH BROADWAY,331110,"C,Q,TT","Metals,Waste"
steel-1014628,steel_facility,Waelz Sustainable Products,IN,,40.721330326937,-86.438049208826996,point,steel,,Steel Facility,reported_facility,,1,,,87045.012000000002,,2023,EPA GHGRP 2023 Data Summary Spreadsheets,Direct Point Emitters sheet,,,,,,,,1014628,,3440 W CR 300 South,331492,"C,GG",Metals
steel-1002756,steel_facility,"Waupaca Foundry, Inc.",IN,PERRY COUNTY,37.986834999999999,-86.769568000000007,point,steel,,Steel Facility,reported_facility,,1,,,210470.59,,2023,EPA GHGRP 2023 Data Summary Spreadsheets,Direct Point Emitters sheet,,,,,,,,1002756,110009973831,9856 SR 66,331511,C,Metals
steel-1005000,steel_facility,AUDUBON METALS LLC,KY,HENDERSON COUNTY,37.808762000000002,-87.632861000000005,point,steel,,Steel Facility,reported_facility,,1,,,49175.163999999997,,2023,EPA GHGRP 2023 Data Summary Spreadsheets,Direct Point Emitters sheet,,,,,,,,1005000,110000380999,3055 OHIO DR.,331314,C,Metals
steel-1002969,steel_facility,"CC METALS & ALLOYS, LLC",KY,MARSHALL COUNTY,37.056480000000001,-88.351079999999996,point,steel,,Steel Facility,reported_facility,,1,,,204520.136,,2023,EPA GHGRP 2023 Data Summary Spreadsheets,Direct Point Emitters sheet,,,,,,,,1002969,110043782555,1542 N MAIN ST,331110,"C,K",Metals
steel-1006853,steel_facility,CENTURY ALUMINUM OF KENTUCKY,KY,HANCOCK COUNTY,37.944989999999997,-86.787769999999995,point,steel,,Steel Facility,reported_facility,,1,,,0.5,,2023,EPA GHGRP 2023 Data Summary Spreadsheets,Direct Point Emitters sheet,,,,,,,,1006853,110070320432,1627 STATE ROUTE 3543,331313,"C,F",Metals
steel-1005537,steel_facility,Carbide Industries LLC,KY,JEFFERSON COUNTY,38.221899999999998,-85.835573999999994,point,steel,,Steel Facility,reported_facility,,1,,,50320.591999999997,,2023,EPA GHGRP 2023 Data Summary Spreadsheets,Direct Point Emitters sheet,,,,,,,,1005537,110001387151,4400 Bells Lane,325180,"C,K",Metals
steel-1006666,steel_facility,Century Aluminum Sebree LLC,KY,HENDERSON COUNTY,37.655555999999997,-87.506944000000004,point,steel,,Steel Facility,reported_facility,,1,,,564341.39399999997,,2023,EPA GHGRP 2023 Data Summary Spreadsheets,Direct Point Emitters sheet,,,,,,,,1006666,110038162118,9404 STATE ROUTE 2096,331313,"C,F",Metals
steel-1006045,steel_facility,Commonwealth Rolled Products,KY,HANCOCK COUNTY,37.949013999999998,-86.851578000000003,point,steel,,Steel Facility,reported_facility,,1,,,179883.07199999999,,2023,EPA GHGRP 2023 Data Summary Spreadsheets,Direct Point Emitters sheet,,,,,,,,1006045,110071162464,1372 STATE ROAD 1957,331314,C,Metals
steel-1009577,steel_facility,"Haier US Appliance Solutions, Inc.",KY,JEFFERSON COUNTY,38.178040000000003,-85.650130000000004,point,steel,,Steel Facility,reported_facility,,1,,,26399.1,,2023,EPA GHGRP 2023 Data Summary Spreadsheets,Direct Point Emitters sheet,,,,,,,,1009577,110042071003,4000 Buechel Bank Road,335220,"C,QQ","Import and Export of Equipment Containing Fluorintaed GHGs,Other"
steel-1002771,steel_facility,LOGAN ALUMINUM INC,KY,LOGAN COUNTY,36.942884999999997,-86.937381999999999,point,steel,,Steel Facility,reported_facility,,1,,,230179.68400000001,,2023,EPA GHGRP 2023 Data Summary Spreadsheets,Direct Point Emitters sheet,,,,,,,,1002771,110043784982,6920 LEWISBURG RD,331315,C,Metals
steel-1004191,steel_facility,NOVELIS ALUMINUM CORPORATION,KY,MADISON COUNTY,37.601205,-84.310288,point,steel,,Steel Facility,reported_facility,,1,,,56053.588000000003,,2023,EPA GHGRP 2023 Data Summary Spreadsheets,Direct Point Emitters sheet,,,,,,,,1004191,110000379135,302 MAYDE ROAD,331314,C,Metals
steel-1002977,steel_facility,North American Stainless,KY,GALLATIN COUNTY,38.734904999999998,-85.002554000000003,point,steel,,Steel Facility,reported_facility,,1,,,275108.42,54261.2,2023,EPA GHGRP 2023 Data Summary Spreadsheets,Direct Point Emitters sheet,,,,,,,,1002977,110071160011,6870 Highway 42 East,331110,"C,Q",Metals
steel-1014582,steel_facility,Nucor Steel Brandenburg,KY,MEADE COUNTY,38.004697,-86.133019000000004,point,steel,,Steel Facility,reported_facility,,1,,,64560.103999999999,12347.5,2023,EPA GHGRP 2023 Data Summary Spreadsheets,Direct Point Emitters sheet,,,,,,,,1014582,110071062710,100 Ronnie Greenwell Commerce Road,331110,"C,Q",Metals
steel-1005700,steel_facility,Nucor Steel Gallatin LLC,KY,GALLATIN COUNTY,38.766666999999998,-85.004166999999995,point,steel,,Steel Facility,reported_facility,,1,,,378215.67599999998,239080.6,2023,EPA GHGRP 2023 Data Summary Spreadsheets,Direct Point Emitters sheet,,,,,,,,1005700,110000591226,4831 US 42 W,331110,"C,Q",Metals
steel-1006535,steel_facility,OHIO VALLEY ALUMINUM CO INC,KY,SHELBY COUNTY,38.209029999999998,-85.256770000000003,point,steel,,Steel Facility,reported_facility,,1,,,37759.608,,2023,EPA GHGRP 2023 Data Summary Spreadsheets,Direct Point Emitters sheet,,,,,,,,1006535,110000377896,1100 BROOKS INDL. RD.,331314,C,Metals
steel-1001883,steel_facility,"Real Alloy Recycling, LLC",KY,BUTLER COUNTY,37.196389000000003,-86.725832999999994,point,steel,,Steel Facility,reported_facility,,1,,,50468.22,,2023,EPA GHGRP 2023 Data Summary Spreadsheets,Direct Point Emitters sheet,,,,,,,,1001883,110070556131,805 Gardner Lane,331314,"C,TT","Metals,Waste"
steel-1003341,steel_facility,SOUTHWIRE COMPANY KENTUCKY PLANT,KY,HANCOCK COUNTY,37.934908,-86.788047000000006,point,steel,,Steel Facility,reported_facility,,1,,,57296.73,,2023,EPA GHGRP 2023 Data Summary Spreadsheets,Direct Point Emitters sheet,,,,,,,,1003341,110070118130,1987 STATE ROUTE 271 NORTH,331318,C,Metals
steel-1007929,steel_facility,"ATLANTIC ALUMINA, GRAMERCY OPERATIONS",LA,ST. JAMES PARISH,30.066583000000001,-90.701823000000005,point,steel,,Steel Facility,reported_facility,,1,,,802950.076,,2023,EPA GHGRP 2023 Data Summary Spreadsheets,Direct Point Emitters sheet,,,,,,,,1007929,110071161840,1111 E AIRLINE HIGHWAY,331313,C,Metals
steel-1013375,steel_facility,BENTELER Steel Tube Manufacturing Corp,LA,CADDO PARISH,32.340330000000002,-93.607730000000004,point,steel,,Steel Facility,reported_facility,,1,,,34348.620000000003,,2023,EPA GHGRP 2023 Data Summary Spreadsheets,Direct Point Emitters sheet,,,,,,,,1013375,110070030796,#1 Benteler Dr,331210,C,Metals
steel-1010766,steel_facility,Nucor Steel Louisiana LLC,LA,ST. JAMES PARISH,30.081306000000001,-90.860528000000002,point,steel,,Steel Facility,reported_facility,,1,,,1086837.452,1074957.196,2023,EPA GHGRP 2023 Data Summary Spreadsheets,Direct Point Emitters sheet,,,,,,,,1010766,110046325400,9101 LA HWY 3125,331110,"C,Q",Metals
steel-1006980,steel_facility,"CADILLAC CASTING, INCORPORATED",MI,WEXFORD COUNTY,44.264400000000002,-85.409199999999998,point,steel,,Steel Facility,reported_facility,,1,,,45627.398000000001,,2023,EPA GHGRP 2023 Data Summary Spreadsheets,Direct Point Emitters sheet,,,,,,,,1006980,110000411956,1500 4TH AVE.,331511,C,Metals
steel-1003403,steel_facility,CLEVELAND-CLIFFS STEEL CORPORATION DEARBORN WORKS,MI,WAYNE COUNTY,42.301741999999997,-83.162934000000007,point,steel,,Steel Facility,reported_facility,,1,,,1006822.77,281928,2023,EPA GHGRP 2023 Data Summary Spreadsheets,Direct Point Emitters sheet,,,,,,,,1003403,110060497001,4001 MILLER RD,331110,"C,Q",Metals
steel-1007392,steel_facility,EES COKE BATTERY,MI,WAYNE COUNTY,42.283104999999999,-83.113962000000001,point,steel,,Steel Facility,reported_facility,,1,,,332283.26400000002,208651.44,2023,EPA GHGRP 2023 Data Summary Spreadsheets,Direct Point Emitters sheet,,,,,,,,1007392,110070374301,1400 ZUG ISLAND,324199,"C,Q",Metals
steel-1005483,steel_facility,FCA Chrysler Technology Center,MI,OAKLAND COUNTY,42.653215000000003,-83.228883999999994,point,steel,,Steel Facility,reported_facility,,1,,,37473.008000000002,,2023,EPA GHGRP 2023 Data Summary Spreadsheets,Direct Point Emitters sheet,,,,,,,,1005483,110000852649,800 Chrysler Drive,336110,"C,QQ","Import and Export of Equipment Containing Fluorintaed GHGs,Other"
steel-1002347,steel_facility,GENERAL MOTORS SAGINAW METAL CASTING OPERATIONS,MI,SAGINAW COUNTY,43.450299999999999,-83.920477000000005,point,steel,,Steel Facility,reported_facility,,1,,,28167.063999999998,,2023,EPA GHGRP 2023 Data Summary Spreadsheets,Direct Point Emitters sheet,,,,,,,,1002347,110017421084,1629 NORTH WASHINGTON AVENUE,331524,"C,TT","Metals,Waste"
steel-1004411,steel_facility,GERDAU MACSTEEL MONROE,MI,MONROE COUNTY,41.897173000000002,-83.361644999999996,point,steel,,Steel Facility,reported_facility,,1,,,115862.776,56330.1,2023,EPA GHGRP 2023 Data Summary Spreadsheets,Direct Point Emitters sheet,,,,,,,,1004411,110000405945,3000 EAST FRONT STREET,331110,"C,Q",Metals
steel-1007223,steel_facility,GREDE LLC - IRON MOUNTAIN,MI,DICKINSON COUNTY,45.799405,-88.070937000000001,point,steel,,Steel Facility,reported_facility,,1,,,15943.61,,2023,EPA GHGRP 2023 Data Summary Spreadsheets,Direct Point Emitters sheet,,,,,,,,1007223,110000412303,801 S. CARPENTER AVE.,331511,C,Metals
steel-1003965,steel_facility,Gerdau Special Steel North America - Jackson Mill,MI,JACKSON COUNTY,42.202660999999999,-84.363022999999998,point,steel,,Steel Facility,reported_facility,,1,,,12539.252,,2023,EPA GHGRP 2023 Data Summary Spreadsheets,Direct Point Emitters sheet,,,,,,,,1003965,110000409843,3100 Brooklyn Road,331110,C,Metals
steel-1010034,steel_facility,Great Lakes Castings LLC,MI,MASON COUNTY,43.965040000000002,-86.439300000000003,point,steel,,Steel Facility,reported_facility,,1,,,23336.982,,2023,EPA GHGRP 2023 Data Summary Spreadsheets,Direct Point Emitters sheet,,,,,,,,1010034,110000410724,800 N. Washignton Ave.,331511,C,Metals
steel-1003833,steel_facility,"REAL ALLOY SPECIFICATION, LLC.",MI,BRANCH COUNTY,41.927778000000004,-85.021944000000005,point,steel,,Steel Facility,reported_facility,,1,,,49407.663999999997,,2023,EPA GHGRP 2023 Data Summary Spreadsheets,Direct Point Emitters sheet,,,,,,,,1003833,110050463923,368 GARFIELD AVENUE,331314,C,Metals
steel-1012081,steel_facility,TAC Manufacturing,MI,JACKSON COUNTY,42.274799999999999,-84.474100000000007,point,steel,,Steel Facility,reported_facility,,1,,,38053.199999999997,,2023,EPA GHGRP 2023 Data Summary Spreadsheets,Direct Point Emitters sheet,,,,,,,,1012081,110000409718,4111 County Farm Rd.,336330,T,Metals
steel-1007980,steel_facility,TEXTRON CWC DIVISION,MI,MUSKEGON COUNTY,43.205413999999998,-86.270352000000003,point,steel,,Steel Facility,reported_facility,,1,,,33735.004000000001,,2023,EPA GHGRP 2023 Data Summary Spreadsheets,Direct Point Emitters sheet,,,,,,,,1007980,110000410760,1085 WEST SHERMAN BOULEVARD,331511,C,Metals
steel-1004458,steel_facility,TILDEN MINING COMPANY L C,MI,MARQUETTE COUNTY,46.439734999999999,-87.649771000000001,point,steel,,Steel Facility,reported_facility,,1,,,1065738.084,931045,2023,EPA GHGRP 2023 Data Summary Spreadsheets,Direct Point Emitters sheet,,,,,,,,1004458,110041006416,,212210,"C,Q",Metals
steel-1001834,steel_facility,US Steel - Great Lakes Works,MI,WAYNE COUNTY,42.258099999999999,-83.138589999999994,point,steel,,Steel Facility,reported_facility,,1,,,73499.123999999996,,2023,EPA GHGRP 2023 Data Summary Spreadsheets,Direct Point Emitters sheet,,,,,,,,1001834,110025329909,1 QUALITY DRIVE,331110,C,Metals
steel-1002358,steel_facility,CONSOLIDATE PRECISION PRODUCTS - MINNEAPOLIS OPERATION,MN,HENNEPIN COUNTY,44.846139999999998,-93.286029999999997,point,steel,,Steel Facility,reported_facility,,1,,,37488.635000000002,,2023,EPA GHGRP 2023 Data Summary Spreadsheets,Direct Point Emitters sheet,,,,,,,,1002358,110000425692,8701 HARRIET AVE. S.,331524,"C,T",Metals
steel-1003669,steel_facility,Cleveland-Cliffs Minorca Mine,MN,ST. LOUIS COUNTY,47.560699999999997,-92.520348999999996,point,steel,,Steel Facility,reported_facility,,1,,,238238.30799999999,227453.6,2023,EPA GHGRP 2023 Data Summary Spreadsheets,Direct Point Emitters sheet,,,,,,,,1003669,110056954808,5950 Old Highway 53,212210,"C,Q",Metals
steel-1007731,steel_facility,GOPHER RESOURCE LLC,MN,DAKOTA COUNTY,44.833480000000002,-93.119969999999995,point,steel,,Steel Facility,reported_facility,,1,,,96522.422000000006,,2023,EPA GHGRP 2023 Data Summary Spreadsheets,Direct Point Emitters sheet,,,,,,,,1007731,110064107461,685 Yankee Doodle Road,331492,"C,R",Metals
steel-1005116,steel_facility,Hibbing Taconite Company,MN,ST. LOUIS COUNTY,47.478000000000002,-92.967600000000004,point,steel,,Steel Facility,reported_facility,,1,,,286265.22399999999,239287.4,2023,EPA GHGRP 2023 Data Summary Spreadsheets,Direct Point Emitters sheet,,,,,,,,1005116,110068961225,4950 County Highway 5 North,212210,"C,Q",Metals
steel-1005276,steel_facility,NORTHSHORE MINING CO - SILVER BAY,MN,LAKE COUNTY,47.286000000000001,-91.26,point,steel,,Steel Facility,reported_facility,,1,,,142324.31,104598.7,2023,EPA GHGRP 2023 Data Summary Spreadsheets,Direct Point Emitters sheet,,,,,,,,1005276,110000910453,10 OUTER DRIVE,212210,"C,Q",Metals
steel-1005294,steel_facility,UNITED TACONITE LLC - FAIRLANE PLANT,MN,ST. LOUIS COUNTY,47.350200000000001,-92.573499999999996,point,steel,,Steel Facility,reported_facility,,1,,,398435.45799999998,375016.1,2023,EPA GHGRP 2023 Data Summary Spreadsheets,Direct Point Emitters sheet,,,,,,,,1005294,110070834615,8470 Townline Road,212210,"C,Q",Metals
steel-1001621,steel_facility,US STEEL - Minntac,MN,ST. LOUIS COUNTY,47.564999999999998,-92.632800000000003,point,steel,,Steel Facility,reported_facility,,1,,,1305689.084,1248246.8999999999,2023,EPA GHGRP 2023 Data Summary Spreadsheets,Direct Point Emitters sheet,,,,,,,,1001621,110008799247,8819 OLD HIGHWAY 169,212210,"C,Q",Metals
steel-1001618,steel_facility,US Steel - Keetac,MN,ST. LOUIS COUNTY,47.413882999999998,-93.062672000000006,point,steel,,Steel Facility,reported_facility,,1,,,231348.57199999999,210574.3,2023,EPA GHGRP 2023 Data Summary Spreadsheets,Direct Point Emitters sheet,,,,,,,,1001618,110008797864,1 MINE ROAD,212210,"C,Q",Metals
steel-1006784,steel_facility,BUICK RESOURCE RECYCLING FACILITY,MO,IRON COUNTY,37.639277999999997,-91.135527999999994,point,steel,,Steel Facility,reported_facility,,1,,,106812.16800000001,,2023,EPA GHGRP 2023 Data Summary Spreadsheets,Direct Point Emitters sheet,,,,,,,,1006784,110070834604,18594 HIGHWAY KK,331492,"C,R",Metals
steel-1004989,steel_facility,Forest City Facility LLC,MO,HOLT COUNTY,40.008133999999998,-95.205791000000005,point,steel,,Steel Facility,reported_facility,,1,,,21664.232,,2023,EPA GHGRP 2023 Data Summary Spreadsheets,Direct Point Emitters sheet,,,,,,,,1004989,110071160086,"25102 Liberty Road, PO Box 159",331492,"C,R",Metals
steel-1003453,steel_facility,MOST INC,MO,LINCOLN COUNTY,38.962791000000003,-90.971733,point,steel,,Steel Facility,reported_facility,,1,,,26628.7,,2023,EPA GHGRP 2023 Data Summary Spreadsheets,Direct Point Emitters sheet,,,,,,,,1003453,110000566192,50 CHERRY BLOSSOM WAY,331314,C,Metals
steel-1005534,steel_facility,Magnitude 7 Metals LLC,MO,NEW MADRID COUNTY,36.510697999999998,-89.564834000000005,point,steel,,Steel Facility,reported_facility,,1,,,375032.28700000001,,2023,EPA GHGRP 2023 Data Summary Spreadsheets,Direct Point Emitters sheet,,,,,,,,1005534,110043809171,391 St. Jude Industrial Park,331313,"C,F",Metals
steel-1013719,steel_facility,"Nucor Steel Sedalia, LLC",MO,PETTIS COUNTY,38.733221,-93.208027999999999,point,steel,,Steel Facility,reported_facility,,1,,,25760.684000000001,22802.596000000001,2023,EPA GHGRP 2023 Data Summary Spreadsheets,Direct Point Emitters sheet,,,,,,,,1013719,110070229120,500 Rebar Road,331110,"C,Q",Metals
steel-1013263,steel_facility,TG Missouri Corporation,MO,PERRY COUNTY,37.747230999999999,-89.868331999999995,point,steel,,Steel Facility,reported_facility,,1,,,51639.577599999997,,2023,EPA GHGRP 2023 Data Summary Spreadsheets,Direct Point Emitters sheet,,,,,,,,1013263,110000442502,2200 Plattin Road,336390,"C,T",Metals
steel-1013819,steel_facility,Mississippi Silicon,MS,TISHOMINGO COUNTY,34.805939000000002,-88.323053000000002,point,steel,,Steel Facility,reported_facility,,1,,,130483.79399999999,,2023,EPA GHGRP 2023 Data Summary Spreadsheets,Direct Point Emitters sheet,,,,,,,,1013819,110070888004,80 Cr 210,331410,"C,K",Metals
steel-1006144,steel_facility,NUCOR STEEL JACKSON INC,MS,RANKIN COUNTY,32.312167000000002,-90.137277999999995,point,steel,,Steel Facility,reported_facility,,1,,,81932.320000000007,52650.879999999997,2023,EPA GHGRP 2023 Data Summary Spreadsheets,Direct Point Emitters sheet,,,,,,,,1006144,110000376664,3630 4TH STREET,331110,"C,Q",Metals
steel-1004616,steel_facility,"Steel Dynamics Columbus, LLC",MS,LOWNDES COUNTY,33.443610999999997,-88.575556000000006,point,steel,,Steel Facility,reported_facility,,1,,,498161.67599999998,279577.40000000002,2023,EPA GHGRP 2023 Data Summary Spreadsheets,Direct Point Emitters sheet,,,,,,,,1004616,110041596902,1945 Airport Road,331110,"C,Q",Metals
steel-1007601,steel_facility,REC SILICON,MT,SILVER BOW COUNTY,45.975110999999998,-112.69,point,steel,,Steel Facility,reported_facility,,1,,,35244.868000000002,,2023,EPA GHGRP 2023 Data Summary Spreadsheets,Direct Point Emitters sheet,,,,,,,,1007601,110000428546,119140 RICK JONES WAY,331410,C,Metals
steel-1006778,steel_facility,"ATI Specialty Materials, Monroe Plant",NC,UNION COUNTY,34.985480000000003,-80.517139,point,steel,,Steel Facility,reported_facility,,1,,,60857.514000000003,,2023,EPA GHGRP 2023 Data Summary Spreadsheets,Direct Point Emitters sheet,,,,,,,,1006778,110000348589,2020 ASHCRAFT AVENUE,331492,C,Metals
steel-1004911,steel_facility,CHARLOTTE PIPE & FOUNDRY CO,NC,MECKLENBURG COUNTY,35.224322999999998,-80.861806000000001,point,steel,,Steel Facility,reported_facility,,1,,,32673.27,,2023,EPA GHGRP 2023 Data Summary Spreadsheets,Direct Point Emitters sheet,,,,,,,,1004911,110000349267,1335 S. CLARKSON ST.,331511,C,Metals
steel-1003507,steel_facility,"Gerdau Ameristeel US, Inc - Charlotte Mill",NC,MECKLENBURG COUNTY,35.339080000000003,-80.831140000000005,point,steel,,Steel Facility,reported_facility,,1,,,50136.46,26292.5,2023,EPA GHGRP 2023 Data Summary Spreadsheets,Direct Point Emitters sheet,,,,,,,,1003507,110012474697,6601 LAKEVIEW ROAD,331110,"C,Q",Metals
steel-1013276,steel_facility,Granges Americas Inc.- SRM,NC,ROWAN COUNTY,35.682316999999998,-80.507236000000006,point,steel,,Steel Facility,reported_facility,,1,,,16960.236000000001,,2023,EPA GHGRP 2023 Data Summary Spreadsheets,Direct Point Emitters sheet,,,,,,,,1013276,110071162203,1709 Jake Alexander BLVD,331315,C,Metals
steel-1002958,steel_facility,NUCOR STEEL HERTFORD COUNTY,NC,HERTFORD COUNTY,36.355215999999999,-76.811149999999998,point,steel,,Steel Facility,reported_facility,,1,,,216464.492,121289.2,2023,EPA GHGRP 2023 Data Summary Spreadsheets,Direct Point Emitters sheet,,,,,,,,1002958,110024423131,1505 RIVER RD,331110,"C,Q",Metals
steel-1007695,steel_facility,NUCOR STEEL NEBRASKA,NE,STANTON COUNTY,42.078346000000003,-97.360152999999997,point,steel,,Steel Facility,reported_facility,,1,,,190236.48,117550.704,2023,EPA GHGRP 2023 Data Summary Spreadsheets,Direct Point Emitters sheet,,,,,,,,1007695,110000448132,2911 EAST NUCOR ROAD,331110,"C,Q",Metals
steel-1006708,steel_facility,CMC Steel New Jersey,NJ,MIDDLESEX COUNTY,40.480105999999999,-74.320981000000003,point,steel,,Steel Facility,reported_facility,,1,,,75626.995999999999,34918,2023,EPA GHGRP 2023 Data Summary Spreadsheets,Direct Point Emitters sheet,,,,,,,,1006708,110040971491,NORTH CROSSMAN ROAD,331110,"C,Q",Metals
steel-1001878,steel_facility,McWane Ductile-New Jersey,NJ,WARREN COUNTY,40.685603,-75.187949000000003,point,steel,,Steel Facility,reported_facility,,1,,,50025.646000000001,,2023,EPA GHGRP 2023 Data Summary Spreadsheets,Direct Point Emitters sheet,,,,,,,,1001878,110070921944,183 SITGREAVES ST.,331511,C,Metals
steel-1012517,steel_facility,Alcoa USA Corp.,NY,ST. LAWRENCE COUNTY,44.965834999999998,-74.893500000000003,point,steel,,Steel Facility,reported_facility,,1,,,285851.79599999997,,2023,EPA GHGRP 2023 Data Summary Spreadsheets,Direct Point Emitters sheet,,,,,,,,1012517,110070069670,1814 State Highway 131,331313,"C,F",Metals
steel-1013293,steel_facility,Aurubis Buffalo Inc.,NY,ERIE COUNTY,42.947650000000003,-78.892840000000007,point,steel,,Steel Facility,reported_facility,,1,,,25392.903999999999,,2023,EPA GHGRP 2023 Data Summary Spreadsheets,Direct Point Emitters sheet,,,,,,,,1013293,110058148437,70 Sayre Street,331420,C,Metals
steel-1003590,steel_facility,"Ecobat Resources New York, LLC",NY,ORANGE COUNTY,41.460844000000002,-74.359694000000005,point,steel,,Steel Facility,reported_facility,,1,,,85643.86,,2023,EPA GHGRP 2023 Data Summary Spreadsheets,Direct Point Emitters sheet,,,,,,,,1003590,110000323034,65 BALLARD ROAD,331492,"C,R",Metals
steel-1007806,steel_facility,KEYMARK CORP PLANT,NY,MONTGOMERY COUNTY,42.956699999999998,-74.389499999999998,point,steel,,Steel Facility,reported_facility,,1,,,21923.367999999999,,2023,EPA GHGRP 2023 Data Summary Spreadsheets,Direct Point Emitters sheet,,,,,,,,1007806,110007999194,1188 CAYADUTA ST,331318,C,Metals
steel-1002583,steel_facility,NOVELIS CORPORATION,NY,OSWEGO COUNTY,43.490656000000001,-76.455056999999996,point,steel,,Steel Facility,reported_facility,,1,,,191768.19200000001,,2023,EPA GHGRP 2023 Data Summary Spreadsheets,Direct Point Emitters sheet,,,,,,,,1002583,110071162110,448 CO RTE 1A,331315,C,Metals
steel-1006341,steel_facility,NUCOR STEEL AUBURN INC,NY,CAYUGA COUNTY,42.950710000000001,-76.570869999999999,point,steel,,Steel Facility,reported_facility,,1,,,80823.547999999995,47230.824000000001,2023,EPA GHGRP 2023 Data Summary Spreadsheets,Direct Point Emitters sheet,,,,,,,,1006341,110000325050,25 QUARRY ROAD,331110,"C,Q",Metals
steel-1000077,steel_facility,"REPUBLIC STEEL, LACKAWANNA",NY,ERIE COUNTY,42.801659999999998,-78.841660000000005,point,steel,,Steel Facility,reported_facility,,1,,,25828.351999999999,,2023,EPA GHGRP 2023 Data Summary Spreadsheets,Direct Point Emitters sheet,,,,,,,,1000077,110071161619,S3049 LAKESHORE RD.,331110,C,Metals
steel-1011259,steel_facility,"Revere Copper Products, Inc.",NY,ONEIDA COUNTY,43.208136000000003,-75.437167000000002,point,steel,,Steel Facility,reported_facility,,1,,,25175.802,,2023,EPA GHGRP 2023 Data Summary Spreadsheets,Direct Point Emitters sheet,,,,,,,,1011259,110000325862,One Revere Park,331420,C,Metals
steel-1005385,steel_facility,ARCELORMITTAL TUBULAR PRODUCTS USA LLC,OH,RICHLAND COUNTY,40.881349999999998,-82.667580000000001,point,steel,,Steel Facility,reported_facility,,1,,,61586.567999999999,,2023,EPA GHGRP 2023 Data Summary Spreadsheets,Direct Point Emitters sheet,,,,,,,,1005385,110041568568,132-140 W MAIN ST,331210,C,Metals
steel-1003474,steel_facility,CHARTER STEEL CLEVELAND *,OH,CUYAHOGA COUNTY,41.442661000000001,-81.664209999999997,point,steel,,Steel Facility,reported_facility,,1,,,130935.03200000001,73139,2023,EPA GHGRP 2023 Data Summary Spreadsheets,Direct Point Emitters sheet,,,,,,,,1003474,110000387402,4300 EAST 49TH STREET,331110,"C,Q",Metals
steel-1007177,steel_facility,Cleveland-Cliffs Cleveland Works LLC,OH,Cuyahoga,41.4739,-81.672799999999995,point,steel,,Steel Facility,reported_facility,,1,,,4269451.93,1040166.374,2023,EPA GHGRP 2023 Data Summary Spreadsheets,Direct Point Emitters sheet,,,,,,,,1007177,110011945681,3060 EGGERS AVENUE,331110,"C,Q",Metals
steel-1003417,steel_facility,Cleveland-Cliffs Steel Corporation,OH,COSHOCTON COUNTY,40.206690000000002,-81.885490000000004,point,steel,,Steel Facility,reported_facility,,1,,,37239.360000000001,,2023,EPA GHGRP 2023 Data Summary Spreadsheets,Direct Point Emitters sheet,,,,,,,,1003417,110000384673,17400 STATE ROUTE 16,331110,C,Metals
steel-1006530,steel_facility,Cleveland-Cliffs Steel Corporation - Mansfield Works,OH,RICHLAND COUNTY,40.785130000000002,-82.523840000000007,point,steel,,Steel Facility,reported_facility,,1,,,126555.8,60323.5,2023,EPA GHGRP 2023 Data Summary Spreadsheets,Direct Point Emitters sheet,,,,,,,,1006530,110000391898,913 BOWMAN STREET,331110,"C,Q",Metals
steel-1000274,steel_facility,Cleveland-Cliffs Steel Corporation - Middletown Works,OH,Butler,39.4968,-84.390100000000004,point,steel,,Steel Facility,reported_facility,,1,,,3512088.156,1391928.382,2023,EPA GHGRP 2023 Data Summary Spreadsheets,Direct Point Emitters sheet,,,,,,,,1000274,110000392557,1801 CRAWFORD STREET,331110,"C,Q",Metals
steel-1003418,steel_facility,Cleveland-Cliffs Steel Corporation - Zanesville Works,OH,MUSKINGUM COUNTY,39.961359999999999,-82.000339999999994,point,steel,,Steel Facility,reported_facility,,1,,,18757.027999999998,,2023,EPA GHGRP 2023 Data Summary Spreadsheets,Direct Point Emitters sheet,,,,,,,,1003418,110000384487,1724 LINDEN AVENUE,331110,C,Metals
steel-1003380,steel_facility,Cleveland-Cliffs Warren,OH,TRUMBULL COUNTY,41.211241999999999,-80.816820000000007,point,steel,,Steel Facility,reported_facility,,1,,,162965.476,9646.7999999999993,2023,EPA GHGRP 2023 Data Summary Spreadsheets,Direct Point Emitters sheet,,,,,,,,1003380,110012566767,2234 MAIN AVE SW,324199,"C,Q",Metals
steel-1001755,steel_facility,Defiance Casting Operations (0320010001),OH,DEFIANCE COUNTY,41.282470000000004,-84.312700000000007,point,steel,,Steel Facility,reported_facility,,1,,,29214.14,,2023,EPA GHGRP 2023 Data Summary Spreadsheets,Direct Point Emitters sheet,,,,,,,,1001755,110071162328,26427 STATE ROUTE 281 EAST,331524,C,Metals
steel-1004376,steel_facility,ERAMET MARIETTA INC. (0684020006),OH,WASHINGTON COUNTY,39.440458,-81.449871999999999,point,steel,,Steel Facility,reported_facility,,1,,,138045.842,,2023,EPA GHGRP 2023 Data Summary Spreadsheets,Direct Point Emitters sheet,,,,,,,,1004376,110071159967,16705 STATE RT 7 S,331110,"C,K",Metals
steel-1006473,steel_facility,Ferroglobe USA Metallurgical Inc. FKA-GLOBE METALLURGICAL INC. (0684000105),OH,WASHINGTON COUNTY,39.583860000000001,-81.680419999999998,point,steel,,Steel Facility,reported_facility,,1,,,293877.09000000003,,2023,EPA GHGRP 2023 Data Summary Spreadsheets,Direct Point Emitters sheet,,,,,,,,1006473,110057243040,1595 Sparling Road,331110,"C,K",Metals
steel-1002777,steel_facility,"HAVERHILL COKE COMPANY, LLC",OH,SCIOTO COUNTY,38.597299999999997,-82.827100000000002,point,steel,,Steel Facility,reported_facility,,1,,,921343.31400000001,885924.2,2023,EPA GHGRP 2023 Data Summary Spreadsheets,Direct Point Emitters sheet,,,,,,,,1002777,110054816703,2446 GALLIA PIKE,324199,"C,Q",Metals
steel-1002324,steel_facility,IMCO RECYCLING OF OHIO LLC,OH,TUSCARAWAS COUNTY,40.368839999999999,-81.34657,point,steel,,Steel Facility,reported_facility,,1,,,70388.335999999996,,2023,EPA GHGRP 2023 Data Summary Spreadsheets,Direct Point Emitters sheet,,,,,,,,1002324,110000390862,7335 NEWPORT RD. S.E.,331314,C,Metals
steel-1014155,steel_facility,IronUnits LLC,OH,LUCAS COUNTY,41.675322999999999,-83.477907999999999,point,steel,,Steel Facility,reported_facility,,1,,,802937.54,685681.78,2023,EPA GHGRP 2023 Data Summary Spreadsheets,Direct Point Emitters sheet,,,,,,,,1014155,110070244823,300 Millard Avenue,331110,"C,Q",Metals
steel-1013051,steel_facility,"JSW Steel USA Ohio, Inc.",OH,JEFFERSON COUNTY,40.314523999999999,-80.614762999999996,point,steel,,Steel Facility,reported_facility,,1,,,116721.38400000001,99257.8,2023,EPA GHGRP 2023 Data Summary Spreadsheets,Direct Point Emitters sheet,,,,,,,,1013051,110070209455,1500 Commercial Ave,331110,"C,Q",Metals
steel-1008994,steel_facility,Jewel Acquisition - Louisville Facility,OH,STARK COUNTY,40.835949999999997,-81.274100000000004,point,steel,,Steel Facility,reported_facility,,1,,,4755.5320000000002,,2023,EPA GHGRP 2023 Data Summary Spreadsheets,Direct Point Emitters sheet,,,,,,,,1008994,110070755818,1500 West Main Street,331110,C,Metals
steel-1007957,steel_facility,KAISER ALUMINUM (0145010093),OH,LICKING COUNTY,40.012639999999998,-82.462810000000005,point,steel,,Steel Facility,reported_facility,,1,,,26176.151999999998,,2023,EPA GHGRP 2023 Data Summary Spreadsheets,Direct Point Emitters sheet,,,,,,,,1007957,110043794212,600 KAISER DRIVE,331318,C,Metals
steel-1013125,steel_facility,"MATALCO USA, LLC",OH,TRUMBULL COUNTY,41.185878000000002,-80.857487000000006,point,steel,,Steel Facility,reported_facility,,1,,,39828.699999999997,,2023,EPA GHGRP 2023 Data Summary Spreadsheets,Direct Point Emitters sheet,,,,,,,,1013125,110069467552,5120 TOD AVENUE SW,331314,C,Metals
steel-1010145,steel_facility,MagRetech LLC,OH,,41.282980000000002,-82.887730000000005,point,steel,,Steel Facility,reported_facility,,1,,,206100.19399999999,,2023,EPA GHGRP 2023 Data Summary Spreadsheets,Direct Point Emitters sheet,,,,,,,,1010145,,301 Count Road 177,331492,"C,T",Metals
steel-1014886,steel_facility,Matalco USA LLC,OH,STARK COUNTY,40.825530000000001,-81.311149999999998,point,steel,,Steel Facility,reported_facility,,1,,,25161.256000000001,,2023,EPA GHGRP 2023 Data Summary Spreadsheets,Direct Point Emitters sheet,,,,,,,,1014886,110020518331,4420 Louisville Street NE,331314,C,Metals
steel-1011243,steel_facility,"Materion Brush, Inc.",OH,OTTAWA COUNTY,41.488390000000003,-83.216239999999999,point,steel,,Steel Facility,reported_facility,,1,,,25060.455999999998,,2023,EPA GHGRP 2023 Data Summary Spreadsheets,Direct Point Emitters sheet,,,,,,,,1011243,110000383184,14710 W. Portage River S. Rd.,331410,C,Metals
steel-1001664,steel_facility,McWane Ductile - Ohio,OH,COSHOCTON COUNTY,40.245339999999999,-81.862840000000006,point,steel,,Steel Facility,reported_facility,,1,,,77169.490000000005,,2023,EPA GHGRP 2023 Data Summary Spreadsheets,Direct Point Emitters sheet,,,,,,,,1001664,110000384664,2266 S. 6TH ST.,331511,"C,TT","Metals,Waste"
steel-1005163,steel_facility,NORTH STAR BLUESCOPE STEEL LLC *,OH,FULTON COUNTY,41.568399999999997,-84.037589999999994,point,steel,,Steel Facility,reported_facility,,1,,,442490.50799999997,311907.3,2023,EPA GHGRP 2023 Data Summary Spreadsheets,Direct Point Emitters sheet,,,,,,,,1005163,110016755304,6767 COUNTY ROAD 9,331110,"C,Q",Metals
steel-1007577,steel_facility,"NUCOR STEEL MARION, INC. (0351010017)",OH,MARION COUNTY,40.570700000000002,-83.138800000000003,point,steel,,Steel Facility,reported_facility,,1,,,67861.856,29495.7,2023,EPA GHGRP 2023 Data Summary Spreadsheets,Direct Point Emitters sheet,,,,,,,,1007577,110000741715,912 CHENEY AVE,331110,"C,Q",Metals
steel-1012564,steel_facility,"OSCO Industries, Inc. Jackson Division",OH,JACKSON COUNTY,39.057751000000003,-82.635407999999998,point,steel,,Steel Facility,reported_facility,,1,,,23399.444,,2023,EPA GHGRP 2023 Data Summary Spreadsheets,Direct Point Emitters sheet,,,,,,,,1012564,110071162307,165 Athens Street,331511,C,Metals
steel-1013022,steel_facility,RMI Titanium Company LLC,OH,TRUMBULL COUNTY,41.186520000000002,-80.782979999999995,point,steel,,Steel Facility,reported_facility,,1,,,30948.142,,2023,EPA GHGRP 2023 Data Summary Spreadsheets,Direct Point Emitters sheet,,,,,,,,1013022,110000389721,1000 Warren Ave,331491,C,Metals
steel-1003799,steel_facility,Republic Steel - Canton Plant,OH,STARK COUNTY,40.803234000000003,-81.332864000000001,point,steel,,Steel Facility,reported_facility,,1,,,71750.088000000003,28753.200000000001,2023,EPA GHGRP 2023 Data Summary Spreadsheets,Direct Point Emitters sheet,,,,,,,,1003799,110070273127,2633 EIGHTH STREET NE,331110,"C,Q",Metals
steel-1006159,steel_facility,SunCoke Energy Middletown Operations,OH,BUTLER COUNTY,39.472149999999999,-84.396929999999998,point,steel,,Steel Facility,reported_facility,,1,,,429703.93199999997,413172.6,2023,EPA GHGRP 2023 Data Summary Spreadsheets,Direct Point Emitters sheet,,,,,,,,1006159,110046371500,3353 Yankee Road,324199,"C,Q",Metals
steel-1011726,steel_facility,Superior Forge & Steel Corporation,OH,ALLEN COUNTY,40.710439999999998,-84.108310000000003,point,steel,,Steel Facility,reported_facility,,1,,,18662.531999999999,531.20000000000005,2023,EPA GHGRP 2023 Data Summary Spreadsheets,Direct Point Emitters sheet,,,,,,,,1011726,110000395484,1820 McClain Rd.,331513,"C,Q",Metals
steel-1003860,steel_facility,TIMKENSTEEL CORP (1576000613),OH,STARK COUNTY,40.780504999999998,-81.397259000000005,point,steel,,Steel Facility,reported_facility,,1,,,320347.33399999997,114059.2,2023,EPA GHGRP 2023 Data Summary Spreadsheets,Direct Point Emitters sheet,,,,,,,,1003860,110024425237,"1835 DUEBER AVENUE, S.W.",331110,"C,Q",Metals
steel-1004944,steel_facility,TITANIUM METALS CORP TORONTO PLANT,OH,JEFFERSON COUNTY,40.44979,-80.609229999999997,point,steel,,Steel Facility,reported_facility,,1,,,36543.112000000001,,2023,EPA GHGRP 2023 Data Summary Spreadsheets,Direct Point Emitters sheet,,,,,,,,1004944,110000384940,100 TITANIUM WAY,331491,C,Metals
steel-1013267,steel_facility,Terves Inc,OH,CUYAHOGA COUNTY,41.581415,-81.517464000000004,point,steel,,Steel Facility,reported_facility,,1,,,50270.41,,2023,EPA GHGRP 2023 Data Summary Spreadsheets,Direct Point Emitters sheet,,,,,,,,1013267,110070156203,24112 Rockwell Drive,331529,"C,T",Metals
steel-1001619,steel_facility,US Steel - Lorain Tubular Operations,OH,LORAIN COUNTY,41.445740000000001,-82.120050000000006,point,steel,,Steel Facility,reported_facility,,1,,,827.99599999999998,,2023,EPA GHGRP 2023 Data Summary Spreadsheets,Direct Point Emitters sheet,,,,,,,,1001619,110033028738,2199 E 28TH ST,331210,C,Metals
steel-1002768,steel_facility,Vallourec Star,OH,MAHONING COUNTY,41.128041000000003,-80.671531999999999,point,steel,,Steel Facility,reported_facility,,1,,,152234.04399999999,44569.599999999999,2023,EPA GHGRP 2023 Data Summary Spreadsheets,Direct Point Emitters sheet,,,,,,,,1002768,110070295490,2669 Martin Luther King Jr Blv,331110,"C,Q",Metals
steel-1011697,steel_facility,Worthington Industries,OH,FULTON COUNTY,41.5672,-84.056910000000002,point,steel,,Steel Facility,reported_facility,,1,,,24363.155999999999,,2023,EPA GHGRP 2023 Data Summary Spreadsheets,Direct Point Emitters sheet,,,,,,,,1011697,110070750458,6303 County Road 10,331221,C,Metals
steel-1013215,steel_facility,"CMC Steel Oklahoma, LLC",OK,BRYAN COUNTY,33.997672000000001,-96.404008000000005,point,steel,,Steel Facility,reported_facility,,1,,,55566.091999999997,53547.6,2023,EPA GHGRP 2023 Data Summary Spreadsheets,Direct Point Emitters sheet,,,,,,,,1013215,110070126095,2253 E. Main Street,331110,"C,Q",Metals
steel-1004453,steel_facility,Mid American Steel & Wire,OK,MARSHALL COUNTY,34.070909999999998,-96.755030000000005,point,steel,,Steel Facility,reported_facility,,1,,,33828.451999999997,21335.7,2023,EPA GHGRP 2023 Data Summary Spreadsheets,Direct Point Emitters sheet,,,,,,,,1004453,110022524062,1327 Smiley Road,331110,"C,Q",Metals
steel-1014133,steel_facility,"Webco Industries, Star Center Tube",OK,TULSA COUNTY,36.131289000000002,-96.147300999999999,point,steel,,Steel Facility,reported_facility,,1,,,31335.531999999999,,2023,EPA GHGRP 2023 Data Summary Spreadsheets,Direct Point Emitters sheet,,,,,,,,1014133,110043576653,13701 W Highway 51,331210,C,Metals
steel-1005755,steel_facility,CASCADE STEEL ROLLING MILLS INC,OR,YAMHILL COUNTY,45.228630000000003,-123.15904999999999,point,steel,,Steel Facility,reported_facility,,1,,,75234.720000000001,27522.9,2023,EPA GHGRP 2023 Data Summary Spreadsheets,Direct Point Emitters sheet,,,,,,,,1005755,110040961947,3200 NE HWY 99W,331110,"C,Q",Metals
steel-1001840,steel_facility,Evraz Oregon Steel,OR,MULTNOMAH COUNTY,45.628489999999999,-122.78125,point,steel,,Steel Facility,reported_facility,,1,,,92843,,2023,EPA GHGRP 2023 Data Summary Spreadsheets,Direct Point Emitters sheet,,,,,,,,1001840,110027376284,14400 N. Rivergate Blvd,331110,C,Metals
steel-1003379,steel_facility,Arconic US LLC,PA,LANCASTER COUNTY,40.063333,-76.320555999999996,point,steel,,Steel Facility,reported_facility,,1,,,115844.064,,2023,EPA GHGRP 2023 Data Summary Spreadsheets,Direct Point Emitters sheet,,,,,,,,1003379,110000334200,1480 Manheim Pike,331315,C,Metals
steel-1005003,steel_facility,BRACKENRIDGE PLANT,PA,ALLEGHENY COUNTY,40.6081,-79.729100000000003,point,steel,,Steel Facility,reported_facility,,1,,,121703.66800000001,7291.4,2023,EPA GHGRP 2023 Data Summary Spreadsheets,Direct Point Emitters sheet,,,,,,,,1005003,110000328734,100 RIVER ROAD,331110,"C,Q",Metals
steel-1004723,steel_facility,Befesa Zinc US INC,PA,CARBON COUNTY,40.807927999999997,-75.587928000000005,point,steel,,Steel Facility,reported_facility,,1,,,105608.89599999999,,2023,EPA GHGRP 2023 Data Summary Spreadsheets,Direct Point Emitters sheet,,,,,,,,1004723,110000603749,900 Delaware Avenue,331492,"C,GG",Metals
steel-1004036,steel_facility,CARPENTER TECHNOLOGY,PA,BERKS COUNTY,40.361105000000002,-75.936837999999995,point,steel,,Steel Facility,reported_facility,,1,,,168154.95199999999,9105.9,2023,EPA GHGRP 2023 Data Summary Spreadsheets,Direct Point Emitters sheet,,,,,,,,1004036,110010267237,101 WEST BERN ST.,331110,"C,Q",Metals
steel-1003668,steel_facility,CLEVELAND-CLIFFS PLATE LLC-COATESVILLE,PA,CHESTER COUNTY,39.98301,-75.827910000000003,point,steel,,Steel Facility,reported_facility,,1,,,150075.948,30123.3,2023,EPA GHGRP 2023 Data Summary Spreadsheets,Direct Point Emitters sheet,,,,,,,,1003668,110005981928,139 MODENA RD,331110,"C,Q",Metals
steel-1003523,steel_facility,CLEVELAND-CLIFFS PLATE LLC/CONSHOHOCKEN PLT,PA,MONTGOMERY COUNTY,40.090954000000004,-75.317070000000001,point,steel,,Steel Facility,reported_facility,,1,,,6624.3760000000002,,2023,EPA GHGRP 2023 Data Summary Spreadsheets,Direct Point Emitters sheet,,,,,,,,1003523,110000745007,900 CONSHOHOCKEN RD,331110,C,Metals
steel-1004434,steel_facility,Carpenter Technology - Latrobe Operations,PA,WESTMORELAND COUNTY,40.302598000000003,-79.372804000000002,point,steel,,Steel Facility,reported_facility,,1,,,61338.531999999999,3625.7,2023,EPA GHGRP 2023 Data Summary Spreadsheets,Direct Point Emitters sheet,,,,,,,,1004434,110000330188,2626 LIGONIER STREET,331110,"C,Q",Metals
steel-1005025,steel_facility,Cleveland-Cliffs Monessen Coke LLC,PA,WESTMORELAND COUNTY,40.163200000000003,-79.886099999999999,point,steel,,Steel Facility,reported_facility,,1,,,150425.07800000001,29802.284,2023,EPA GHGRP 2023 Data Summary Spreadsheets,Direct Point Emitters sheet,,,,,,,,1005025,110000329118,345 DONNER AVENUE,324199,"C,Q",Metals
steel-1002903,steel_facility,Cleveland-Cliffs Steel Corporation /BUTLER WORKS,PA,BUTLER COUNTY,40.829259999999998,-79.942729999999997,point,steel,,Steel Facility,reported_facility,,1,,,269984.592,50230.400000000001,2023,EPA GHGRP 2023 Data Summary Spreadsheets,Direct Point Emitters sheet,,,,,,,,1002903,110070828184,1 ARMCO DR,331110,"C,Q,TT","Metals,Waste"
steel-1004215,steel_facility,Cleveland-Cliffs Steelton LLC,PA,DAUPHIN COUNTY,40.226388999999998,-76.848611000000005,point,steel,,Steel Facility,reported_facility,,1,,,124747.11199999999,35195,2023,EPA GHGRP 2023 Data Summary Spreadsheets,Direct Point Emitters sheet,,,,,,,,1004215,110000332916,215 S FRONT ST,331110,"C,Q",Metals
steel-1006818,steel_facility,EAST PENN LYONS SMELTER & BATTERY PLT,PA,BERKS COUNTY,40.47166,-75.766999999999996,point,steel,,Steel Facility,reported_facility,,1,,,92499.823999999993,,2023,EPA GHGRP 2023 Data Summary Spreadsheets,Direct Point Emitters sheet,,,,,,,,1006818,110043973322,1 DEKA ROAD,331492,"C,R",Metals
steel-1001673,steel_facility,ELLWOOD NATL FORGE,PA,WARREN COUNTY,41.841555,-79.270049999999998,point,steel,,Steel Facility,reported_facility,,1,,,24129.47,3556.8,2023,EPA GHGRP 2023 Data Summary Spreadsheets,Direct Point Emitters sheet,,,,,,,,1001673,110000331374,ONE FRONT ST,332111,"C,Q",Metals
steel-1001669,steel_facility,ELLWOOD QUALITY STEELS,PA,LAWRENCE COUNTY,40.993409999999997,-80.346959999999996,point,steel,,Steel Facility,reported_facility,,1,,,48318.103999999999,14701.8,2023,EPA GHGRP 2023 Data Summary Spreadsheets,Direct Point Emitters sheet,,,,,,,,1001669,110000330927,700 MORAVIA STREET,331110,"C,Q",Metals
steel-1000039,steel_facility,GE's Grid Solutions,PA,WASHINGTON COUNTY,40.124713,-79.930463000000003,point,steel,,Steel Facility,reported_facility,,1,,,1485.8928000000001,,2023,EPA GHGRP 2023 Data Summary Spreadsheets,Direct Point Emitters sheet,,,,,,,,1000039,110032937080,One Power Lane,335313,"C,QQ,SS","Import and Export of Equipment Containing Fluorintaed GHGs,Other"
steel-1001891,steel_facility,GLOBAL TUNGSTEN & POWDERS,PA,BRADFORD COUNTY,41.786389,-76.445278000000002,point,steel,,Steel Facility,reported_facility,,1,,,34669.32,,2023,EPA GHGRP 2023 Data Summary Spreadsheets,Direct Point Emitters sheet,,,,,,,,1001891,110056957645,3 HAWES STREET,331410,C,Metals
steel-1001885,steel_facility,"Hydro Extrusion USA, LLC",PA,SCHUYLKILL COUNTY,40.632927000000002,-76.187911999999997,point,steel,,Steel Facility,reported_facility,,1,,,71009.532000000007,,2023,EPA GHGRP 2023 Data Summary Spreadsheets,Direct Point Emitters sheet,,,,,,,,1001885,110011900149,53 POTTSVILLE STREET,331318,C,Metals
steel-1005752,steel_facility,INMETCO,PA,LAWRENCE COUNTY,40.857410000000002,-80.269890000000004,point,steel,,Steel Facility,reported_facility,,1,,,22032.62,19441.580000000002,2023,EPA GHGRP 2023 Data Summary Spreadsheets,Direct Point Emitters sheet,,,,,,,,1005752,110038769419,One Inmetco Drive,331492,"C,Q",Metals
steel-1003270,steel_facility,IPSCO KOPPEL TUBULARS CORP AMBRIDGE PLT,PA,BEAVER COUNTY,40.598900999999998,-80.215400000000002,point,steel,,Steel Facility,reported_facility,,1,,,46110.275999999998,,2023,EPA GHGRP 2023 Data Summary Spreadsheets,Direct Point Emitters sheet,,,,,,,,1003270,110071159743,2225 DUSS AVENUE,331110,C,Metals
steel-1005190,steel_facility,IPSCO KOPPEL TUBULARS CORP KOPPEL WORKS,PA,BEAVER COUNTY,40.835647999999999,-80.31814,point,steel,,Steel Facility,reported_facility,,1,,,66232.644,38018,2023,EPA GHGRP 2023 Data Summary Spreadsheets,Direct Point Emitters sheet,,,,,,,,1005190,110000583574,6403 6TH STREET,331110,"C,Q",Metals
steel-1004730,steel_facility,"JESSOP STEEL, LLC WASHINGTON FACILITY",PA,WASHINGTON COUNTY,40.175905,-80.274783999999997,point,steel,,Steel Facility,reported_facility,,1,,,31117.331999999999,,2023,EPA GHGRP 2023 Data Summary Spreadsheets,Direct Point Emitters sheet,,,,,,,,1004730,110000329797,500 GREEN STREET,331110,C,Metals
steel-1005459,steel_facility,"Mitsubishi Electric Power Products, Inc.",PA,,40.667149999999999,-80.112719999999996,point,steel,,Steel Facility,reported_facility,,1,,,54655.863599999997,,2023,EPA GHGRP 2023 Data Summary Spreadsheets,Direct Point Emitters sheet,,,,,,,,1005459,,530 Keystone Drive,335313,"OO,QQ,SS","Import and Export of Equipment Containing Fluorintaed GHGs,Industrial Gas Suppliers,Other"
steel-1006013,steel_facility,NLMK PENNSYLVANIA LLC,PA,MERCER COUNTY,41.211919999999999,-80.506981999999994,point,steel,,Steel Facility,reported_facility,,1,,,96058.788,,2023,EPA GHGRP 2023 Data Summary Spreadsheets,Direct Point Emitters sheet,,,,,,,,1006013,110000763923,15 ROEMER BOULEVARD,331221,C,Metals
steel-1011242,steel_facility,North American Hoganas,PA,SOMERSET COUNTY,40.192646000000003,-78.933993999999998,point,steel,,Steel Facility,reported_facility,,1,,,27198.292000000001,11677.3,2023,EPA GHGRP 2023 Data Summary Spreadsheets,Direct Point Emitters sheet,,,,,,,,1011242,110000330650,111 Hoganas Way,331110,"C,Q",Metals
steel-1005536,steel_facility,STD STEEL BURNHAM PLT,PA,MIFFLIN COUNTY,40.636944,-77.571944000000002,point,steel,,Steel Facility,reported_facility,,1,,,68869.967999999993,7786.7,2023,EPA GHGRP 2023 Data Summary Spreadsheets,Direct Point Emitters sheet,,,,,,,,1005536,110000332471,500 NORTH WALNUT STREET,331110,"C,Q",Metals
steel-1000399,steel_facility,UNION ELEC HARMON CREEK PLT,PA,WASHINGTON COUNTY,40.411133,-80.408389999999997,point,steel,,Steel Facility,reported_facility,,1,,,34386.372000000003,397.3,2023,EPA GHGRP 2023 Data Summary Spreadsheets,Direct Point Emitters sheet,,,,,,,,1000399,110000582977,31 UNION ELECTRIC STEEL ROAD ROUTE 18 NORTH,331110,"C,Q",Metals
steel-1005423,steel_facility,UNIVERSAL STAINLESS BRIDGEVILLE PLT,PA,ALLEGHENY COUNTY,40.366819999999997,-80.099760000000003,point,steel,,Steel Facility,reported_facility,,1,,,42448.248,2213.1999999999998,2023,EPA GHGRP 2023 Data Summary Spreadsheets,Direct Point Emitters sheet,,,,,,,,1005423,110000328743,600 MAYER STREET,331110,"C,Q",Metals
steel-1000802,steel_facility,US STEEL - IRVIN WORKS,PA,ALLEGHENY COUNTY,40.337200000000003,-79.910799999999995,point,steel,,Steel Facility,reported_facility,,1,,,362317.85,19566.914000000001,2023,EPA GHGRP 2023 Data Summary Spreadsheets,Direct Point Emitters sheet,,,,,,,,1000802,110071159536,,331110,"C,Q",Metals
steel-1000124,steel_facility,US Steel (Clairton Coke),PA,Allegheny,40.309699999999999,-79.881900000000002,point,steel,,Steel Facility,reported_facility,,1,,,769566.24600000004,29684.9,2023,EPA GHGRP 2023 Data Summary Spreadsheets,Direct Point Emitters sheet,,,,,,,,1000124,110042043384,400 STATE ST,324199,"C,Q",Metals
steel-1000233,steel_facility,US Steel (Edgar Thomson),PA,Allegheny,40.392499999999998,-79.856399999999994,point,steel,,Steel Facility,reported_facility,,1,,,3576537.4879999999,369184.97600000002,2023,EPA GHGRP 2023 Data Summary Spreadsheets,Direct Point Emitters sheet,,,,,,,,1000233,110071161108,13th Street and Braddock Avenue,331110,"C,Q",Metals
steel-1006391,steel_facility,US Steel - Fairless Hills Plant,PA,BUCKS COUNTY,40.164700000000003,-74.746799999999993,point,steel,,Steel Facility,reported_facility,,1,,,25241.204000000002,,2023,EPA GHGRP 2023 Data Summary Spreadsheets,Direct Point Emitters sheet,,,,,,,,1006391,110071160867,,331110,C,Metals
steel-1005005,steel_facility,VANDERGRIFT FACILITY,PA,WESTMORELAND COUNTY,40.6,-79.567778000000004,point,steel,,Steel Facility,reported_facility,,1,,,36309.864000000001,,2023,EPA GHGRP 2023 Data Summary Spreadsheets,Direct Point Emitters sheet,,,,,,,,1005005,110014402306,130 LINCOLN AVENUE,331110,C,Metals
steel-1006253,steel_facility,WARD MANUFACTURING LLC,PA,TIOGA COUNTY,41.671939999999999,-77.061430000000001,point,steel,,Steel Facility,reported_facility,,1,,,16547.536,,2023,EPA GHGRP 2023 Data Summary Spreadsheets,Direct Point Emitters sheet,,,,,,,,1006253,110009158883,117 GULICK ST,331511,C,Metals
steel-1005918,steel_facility,WHEATLAND TUBE COMPANY - COUNCIL,PA,MERCER COUNTY,41.194690000000001,-80.492270000000005,point,steel,,Steel Facility,reported_facility,,1,,,42957.188000000002,,2023,EPA GHGRP 2023 Data Summary Spreadsheets,Direct Point Emitters sheet,,,,,,,,1005918,110000331258,One COUNCIL AVE,331210,C,Metals
steel-1005814,steel_facility,Befesa Zinc US INC,SC,BARNWELL COUNTY,33.244137000000002,-81.472842999999997,point,steel,,Steel Facility,reported_facility,,1,,,105187.38400000001,,2023,EPA GHGRP 2023 Data Summary Spreadsheets,Direct Point Emitters sheet,,,,,,,,1005814,110040451533,941 Technology Drive,331492,"C,GG",Metals
steel-1005346,steel_facility,CMC Steel SC,SC,LEXINGTON COUNTY,33.963256000000001,-81.049797999999996,point,steel,,Steel Facility,reported_facility,,1,,,131132.636,89103.1,2023,EPA GHGRP 2023 Data Summary Spreadsheets,Direct Point Emitters sheet,,,,,,,,1005346,110000351887,310 New State Road,331110,"C,Q",Metals
steel-1002112,steel_facility,"Century Aluminum of South Carolina, Inc.",SC,BERKELEY COUNTY,33.051743000000002,-80.054288999999997,point,steel,,Steel Facility,reported_facility,,1,,,421582.73300000001,,2023,EPA GHGRP 2023 Data Summary Spreadsheets,Direct Point Emitters sheet,,,,,,,,1002112,110056954470,3575 HIGHWAY 52,331313,"C,F",Metals
steel-1011102,steel_facility,"Clarios, LLC - Florence Recycling Center",SC,FLORENCE COUNTY,34.157460999999998,-79.571355999999994,point,steel,,Steel Facility,reported_facility,,1,,,331.64800000000002,,2023,EPA GHGRP 2023 Data Summary Spreadsheets,Direct Point Emitters sheet,,,,,,,,1011102,110040101653,1800 Paper Mill Road,331492,"C,R",Metals
steel-1003494,steel_facility,JW Aluminum,SC,CHARLESTON COUNTY,32.703868999999997,-80.031136000000004,point,steel,,Steel Facility,reported_facility,,1,,,52140.303999999996,,2023,EPA GHGRP 2023 Data Summary Spreadsheets,Direct Point Emitters sheet,,,,,,,,1003494,110043792633,435 Old Mount Holly Road,331315,C,Metals
steel-1001699,steel_facility,Liberty Steel Georgetown Holdings LLC,SC,GEORGETOWN COUNTY,33.367919999999998,-79.29486,point,steel,,Steel Facility,reported_facility,,1,,,13380.9,0,2023,EPA GHGRP 2023 Data Summary Spreadsheets,Direct Point Emitters sheet,,,,,,,,1001699,110054620843,420 South Hazard Street,331110,"C,Q",Metals
steel-1002266,steel_facility,NUCOR STEEL - BERKELEY,SC,BERKELEY COUNTY,33.004097000000002,-79.881600000000006,point,steel,,Steel Facility,reported_facility,,1,,,598948.49600000004,418184.17599999998,2023,EPA GHGRP 2023 Data Summary Spreadsheets,Direct Point Emitters sheet,,,,,,,,1002266,110000353527,1455 HAGAN AVENUE,331110,"C,Q",Metals
steel-1007946,steel_facility,NUCOR STEEL DARLINGTON,SC,DARLINGTON COUNTY,34.375957999999997,-79.896878000000001,point,steel,,Steel Facility,reported_facility,,1,,,185444.56400000001,112864.088,2023,EPA GHGRP 2023 Data Summary Spreadsheets,Direct Point Emitters sheet,,,,,,,,1007946,110008566845,300 STEEL MILL RD,331110,"C,Q",Metals
steel-1010619,steel_facility,"Hydro Extrusion USA, LLC.",SD,YANKTON COUNTY,42.887129999999999,-97.352069999999998,point,steel,,Steel Facility,reported_facility,,1,,,29165.94,,2023,EPA GHGRP 2023 Data Summary Spreadsheets,Direct Point Emitters sheet,,,,,,,,1010619,110070756370,2500 Alumax Road,331318,C,Metals
steel-1002795,steel_facility,ARCONIC TENNESSEE OPERATIONS,TN,BLOUNT COUNTY,35.811815000000003,-83.969576000000004,point,steel,,Steel Facility,reported_facility,,1,,,208741.96400000001,,2023,EPA GHGRP 2023 Data Summary Spreadsheets,Direct Point Emitters sheet,,,,,,,,1002795,110000916812,2300 N WRIGHT RD,331315,C,Metals
steel-1004997,steel_facility,Befesa Zinc US INC,TN,ROANE COUNTY,35.869590000000002,-84.695760000000007,point,steel,,Steel Facility,reported_facility,,1,,,15307.647999999999,,2023,EPA GHGRP 2023 Data Summary Spreadsheets,Direct Point Emitters sheet,,,,,,,,1004997,110000590101,199 Truck Route,331492,"C,GG",Metals
steel-1011034,steel_facility,"Bonnell Aluminum, Inc.",TN,SMITH COUNTY,36.266260000000003,-85.958160000000007,point,steel,,Steel Facility,reported_facility,,1,,,29644.088,,2023,EPA GHGRP 2023 Data Summary Spreadsheets,Direct Point Emitters sheet,,,,,,,,1011034,110070819382,54 Bonnell Lane,331318,C,Metals
steel-1006906,steel_facility,CMC STEEL TENNESSEE,TN,KNOX COUNTY,35.978119999999997,-83.956450000000004,point,steel,,Steel Facility,reported_facility,,1,,,124968.36,87734.1,2023,EPA GHGRP 2023 Data Summary Spreadsheets,Direct Point Emitters sheet,,,,,,,,1006906,110000373480,1919 TENNESSEE AVENUE,331110,"C,Q",Metals
steel-1004493,steel_facility,GERDAU AMERISTEEL,TN,MADISON COUNTY,35.724089999999997,-88.817660000000004,point,steel,,Steel Facility,reported_facility,,1,,,88005.123999999996,28086.400000000001,2023,EPA GHGRP 2023 Data Summary Spreadsheets,Direct Point Emitters sheet,,,,,,,,1004493,110007846359,801 Gerdau Dr.,331110,"C,Q",Metals
steel-1012375,steel_facility,"Granges Americas, Inc",TN,CARROLL COUNTY,36.018279999999997,-88.381930999999994,point,steel,,Steel Facility,reported_facility,,1,,,106488.1,,2023,EPA GHGRP 2023 Data Summary Spreadsheets,Direct Point Emitters sheet,,,,,,,,1012375,110017420067,400 Bill Brooks Dr.,331315,C,Metals
steel-1005515,steel_facility,HOEGANAES CORPORATION,TN,SUMNER COUNTY,36.371493000000001,-86.423902999999996,point,steel,,Steel Facility,reported_facility,,1,,,36545.311999999998,16278.1,2023,EPA GHGRP 2023 Data Summary Spreadsheets,Direct Point Emitters sheet,,,,,,,,1005515,110000370134,1315 AIRPORT ROAD,331110,"C,Q",Metals
steel-1003510,steel_facility,"MOST, INC",TN,MADISON COUNTY,35.596221,-88.943061999999998,point,steel,,Steel Facility,reported_facility,,1,,,22452.516,,2023,EPA GHGRP 2023 Data Summary Spreadsheets,Direct Point Emitters sheet,,,,,,,,1003510,110020903398,355 James Lawrence Road,331314,C,Metals
steel-1005559,steel_facility,NEMAK USA INC,TN,DICKSON COUNTY,36.046239999999997,-87.343270000000004,point,steel,,Steel Facility,reported_facility,,1,,,23767.66,,2023,EPA GHGRP 2023 Data Summary Spreadsheets,Direct Point Emitters sheet,,,,,,,,1005559,110009786124,1635 OLD COLUMBIA ROAD,331524,C,Metals
steel-1003093,steel_facility,NUCOR STEEL MEMPHIS INC,TN,SHELBY COUNTY,35.049909999999997,-90.153139999999993,point,steel,,Steel Facility,reported_facility,,1,,,141215.12400000001,65961.312000000005,2023,EPA GHGRP 2023 Data Summary Spreadsheets,Direct Point Emitters sheet,,,,,,,,1003093,110000374005,3601 PAUL R LOWRY ROAD,331110,"C,Q",Metals
steel-1014749,steel_facility,"Scepter, Inc.",TN,HUMPHREYS COUNTY,36.075060000000001,-87.950030999999996,point,steel,,Steel Facility,reported_facility,,1,,,33775.372000000003,,2023,EPA GHGRP 2023 Data Summary Spreadsheets,Direct Point Emitters sheet,,,,,,,,1014749,110000370786,1485 Scepter Lane,331314,C,Metals
steel-1012170,steel_facility,"Wacker Polysilicon North America, LLC",TN,BRADLEY COUNTY,35.298673000000001,-84.800752000000003,point,steel,,Steel Facility,reported_facility,,1,,,46616.324000000001,,2023,EPA GHGRP 2023 Data Summary Spreadsheets,Direct Point Emitters sheet,,,,,,,,1012170,110066825591,553 Wacker Blvd NW,331410,C,Metals
steel-1002494,steel_facility,ASARCO LLC AMARILLO COPPER REFINERY,TX,POTTER COUNTY,35.284716000000003,-101.730177,point,steel,,Steel Facility,reported_facility,,1,,,445.548,,2023,EPA GHGRP 2023 Data Summary Spreadsheets,Direct Point Emitters sheet,,,,,,,,1002494,110070834736,7001 NORTH HIGHWAY 136,331410,C,Metals
steel-1012625,steel_facility,ArcelorMittal Texas HBI,TX,SAN PATRICIO COUNTY,27.888611000000001,-97.277777999999998,point,steel,,Steel Facility,reported_facility,,1,,,556932.72400000005,523398.5,2023,EPA GHGRP 2023 Data Summary Spreadsheets,Direct Point Emitters sheet,,,,,,,,1012625,110069370549,2800 Kay Bailey Hutchison Road,331110,"C,Q",Metals
steel-1005344,steel_facility,CHAPARRAL STEEL MIDLOTHIAN PLANT,TX,ELLIS COUNTY,32.458249000000002,-97.036607000000004,point,steel,,Steel Facility,reported_facility,,1,,,272960.99599999998,99090,2023,EPA GHGRP 2023 Data Summary Spreadsheets,Direct Point Emitters sheet,,,,,,,,1005344,110000459183,300 WARD ROAD,331110,"C,Q",Metals
steel-1014023,steel_facility,JSW Steel (USA) Inc.,TX,CHAMBERS COUNTY,29.698854999999998,-94.900223999999994,point,steel,,Steel Facility,reported_facility,,1,,,79668.2,,2023,EPA GHGRP 2023 Data Summary Spreadsheets,Direct Point Emitters sheet,,,,,,,,1014023,110000735839,5200 E. McKinney Road,331110,C,Metals
steel-1005832,steel_facility,NUCOR STEEL-TEXAS,TX,LEON COUNTY,31.354801999999999,-96.165199000000001,point,steel,,Steel Facility,reported_facility,,1,,,181047.508,108109.56,2023,EPA GHGRP 2023 Data Summary Spreadsheets,Direct Point Emitters sheet,,,,,,,,1005832,110008148575,8812 US HIGHWAY 79 S,331110,"C,Q",Metals
steel-1012352,steel_facility,Nucor Steel Longview,TX,,32.381758699999999,-94.707061600000003,point,steel,,Steel Facility,reported_facility,,1,,,59004.584000000003,1510,2023,EPA GHGRP 2023 Data Summary Spreadsheets,Direct Point Emitters sheet,,,,,,,,1012352,,"5400 W Loop 281, Bldg 52",331110,"C,Q",Metals
steel-1007348,steel_facility,Optimus Steel LLC,TX,ORANGE COUNTY,30.12445,-94.012619999999998,point,steel,,Steel Facility,reported_facility,,1,,,100347.992,45274.3,2023,EPA GHGRP 2023 Data Summary Spreadsheets,Direct Point Emitters sheet,,,,,,,,1007348,110000599629,100 OLD HIGHWAY 90 WEST,331110,"C,Q",Metals
steel-1002197,steel_facility,PHELPS DODGE REFINING CORPORATION,TX,EL PASO COUNTY,31.76333,-106.38015,point,steel,,Steel Facility,reported_facility,,1,,,87140.971999999994,,2023,EPA GHGRP 2023 Data Summary Spreadsheets,Direct Point Emitters sheet,,,,,,,,1002197,110000466273,897 HAWKINS BOULEVARD,331410,C,Metals
steel-1004259,steel_facility,STRUCTURAL METALS INC,TX,GUADALUPE COUNTY,29.579059999999998,-98.023679999999999,point,steel,,Steel Facility,reported_facility,,1,,,213757.17600000001,154352.1,2023,EPA GHGRP 2023 Data Summary Spreadsheets,Direct Point Emitters sheet,,,,,,,,1004259,110000599745,1 STEEL MILL ROAD,331110,"C,Q",Metals
steel-1014686,steel_facility,"Steel Dynamics Southwest, LLC",TX,,28.057072332403699,-97.464965275166193,point,steel,,Steel Facility,reported_facility,,1,,,297361.62,222738,2023,EPA GHGRP 2023 Data Summary Spreadsheets,Direct Point Emitters sheet,,,,,,,,1014686,,8534 HWY 89,331110,"C,Q",Metals
steel-1012374,steel_facility,"TCI Texarkana, Inc",TX,BOWIE COUNTY,33.450707000000001,-94.134355999999997,point,steel,,Steel Facility,reported_facility,,1,,,68946.94,,2023,EPA GHGRP 2023 Data Summary Spreadsheets,Direct Point Emitters sheet,,,,,,,,1012374,110018919946,300 Alumax Drive,331314,C,Metals
steel-1001662,steel_facility,TYLER PIPE COMPANY,TX,SMITH COUNTY,32.434420000000003,-95.362849999999995,point,steel,,Steel Facility,reported_facility,,1,,,64144.055999999997,,2023,EPA GHGRP 2023 Data Summary Spreadsheets,Direct Point Emitters sheet,,,,,,,,1001662,110028677091,11910 CR 492,331511,"C,TT","Metals,Waste"
steel-1013497,steel_facility,"Tenaris Bay City, Inc.",TX,,29.006274999999999,-95.888058000000001,point,steel,,Steel Facility,reported_facility,,1,,,91926.456000000006,,2023,EPA GHGRP 2023 Data Summary Spreadsheets,Direct Point Emitters sheet,,,,,,,,1013497,,7960 HWY 35,331210,C,Metals
steel-1003580,steel_facility,VINTON STEEL LLC,TX,EL PASO COUNTY,31.965340000000001,-106.585052,point,steel,,Steel Facility,reported_facility,,1,,,42501.196000000004,14959,2023,EPA GHGRP 2023 Data Summary Spreadsheets,Direct Point Emitters sheet,,,,,,,,1003580,110000600154,INTERSTATE 10 AND VINTON ROAD,331110,"C,Q",Metals
steel-1004972,steel_facility,WYMAN GORDON FORGINGS,TX,HARRIS COUNTY,29.933009999999999,-95.649540000000002,point,steel,,Steel Facility,reported_facility,,1,,,63804.46,,2023,EPA GHGRP 2023 Data Summary Spreadsheets,Direct Point Emitters sheet,,,,,,,,1004972,110000462115,10825 TELGE RD.,331210,C,Metals
steel-1012481,steel_facility,"Hydro Extrusion USA, LLC",UT,UTAH COUNTY,40.129438999999998,-111.646888,point,steel,,Steel Facility,reported_facility,,1,,,21964.168000000001,,2023,EPA GHGRP 2023 Data Summary Spreadsheets,Direct Point Emitters sheet,,,,,,,,1012481,110000470099,1550 North Kirby Lane,331318,C,Metals
steel-1001665,steel_facility,"McWane Ductile - Utah, A Division of McWane Inc.",UT,UTAH COUNTY,40.199753000000001,-111.63175200000001,point,steel,,Steel Facility,reported_facility,,1,,,72223.23,,2023,EPA GHGRP 2023 Data Summary Spreadsheets,Direct Point Emitters sheet,,,,,,,,1001665,110000470026,2550 SOUTH INDUSTRIAL PARKWAY,331511,"C,TT","Metals,Waste"
steel-1005777,steel_facility,NUCOR STEEL - UTAH,UT,BOX ELDER COUNTY,41.8825,-112.1964,point,steel,,Steel Facility,reported_facility,,1,,,243502.736,119937.152,2023,EPA GHGRP 2023 Data Summary Spreadsheets,Direct Point Emitters sheet,,,,,,,,1005777,110020079537,7285 W 21200 N,331110,"C,Q,TT","Metals,Waste"
steel-1000030,steel_facility,US MAGNESIUM LLC,UT,TOOELE COUNTY,40.913462000000003,-112.734503,point,steel,,Steel Facility,reported_facility,,1,,,13187.234,,2023,EPA GHGRP 2023 Data Summary Spreadsheets,Direct Point Emitters sheet,,,,,,,,1000030,110069723062,12819 North Skull Valley Rd,331410,C,Metals
steel-1000394,steel_facility,CHAPARRAL STEEL,VA,DINWIDDIE COUNTY,37.179254,-77.447486999999995,point,steel,,Steel Facility,reported_facility,,1,,,103874.02,16469.599999999999,2023,EPA GHGRP 2023 Data Summary Spreadsheets,Direct Point Emitters sheet,,,,,,,,1000394,110002097766,25801 HOFHEIMER WAY,331110,"C,Q",Metals
steel-1003289,steel_facility,GRIFFIN PIPE PRODUCTS COMPANY - LYNCHBURG,VA,LYNCHBURG CITY,37.420814999999997,-79.140968000000001,point,steel,,Steel Facility,reported_facility,,1,,,68595,,2023,EPA GHGRP 2023 Data Summary Spreadsheets,Direct Point Emitters sheet,,,,,,,,1003289,110000585750,10 ADAMS STREET - UPPER BASIN,331511,C,Metals
steel-1001958,steel_facility,HUNTINGTON INGALLS INCORPORATED,VA,NEWPORT NEWS CITY,36.987670000000001,-76.439430000000002,point,steel,,Steel Facility,reported_facility,,1,,,49706.726000000002,34.700000000000003,2023,EPA GHGRP 2023 Data Summary Spreadsheets,Direct Point Emitters sheet,,,,,,,,1001958,110020673378,4101 WASHINGTON AVE,336611,"C,Q",Metals
steel-1005598,steel_facility,JEWELL COAL & COKE,VA,BUCHANAN COUNTY,37.234374000000003,-82.043024000000003,point,steel,,Steel Facility,reported_facility,,1,,,376576.39799999999,370254.4,2023,EPA GHGRP 2023 Data Summary Spreadsheets,Direct Point Emitters sheet,,,,,,,,1005598,110061895720,1034 Dismal River Road,324199,"C,Q",Metals
steel-1000714,steel_facility,ROANOKE ELECTRIC STEEL CORPORATION,VA,ROANOKE CITY,37.272509999999997,-79.998609999999999,point,steel,,Steel Facility,reported_facility,,1,,,97145.072,62915.3,2023,EPA GHGRP 2023 Data Summary Spreadsheets,Direct Point Emitters sheet,,,,,,,,1000714,110000342889,102 WESTSIDE BOULEVARD,331110,"C,Q",Metals
steel-1003562,steel_facility,ALCOA INTALCO WORKS,WA,WHATCOM COUNTY,48.845500000000001,-122.7055,point,steel,,Steel Facility,reported_facility,,1,,,8533.4459999999999,,2023,EPA GHGRP 2023 Data Summary Spreadsheets,Direct Point Emitters sheet,,,,,,,,1003562,110040947820,4050 MOUNTAIN VIEW RD.,331313,"C,F,TT","Metals,Waste"
steel-1002056,steel_facility,Kaiser Aluminum Washington,WA,SPOKANE COUNTY,47.687074000000003,-117.212673,point,steel,,Steel Facility,reported_facility,,1,,,124834.28,,2023,EPA GHGRP 2023 Data Summary Spreadsheets,Direct Point Emitters sheet,,,,,,,,1002056,110043786285,15000 E Euclid Ave,331315,C,Metals
steel-1000029,steel_facility,NUCOR STEEL SEATTLE INC,WA,KING COUNTY,47.569330999999998,-122.367332,point,steel,,Steel Facility,reported_facility,,1,,,82395.851999999999,43153.2,2023,EPA GHGRP 2023 Data Summary Spreadsheets,Direct Point Emitters sheet,,,,,,,,1000029,110015969941,2424 SOUTHWEST ANDOVER STREET,331110,"C,Q",Metals
steel-1007200,steel_facility,REC SOLAR GRADE SILICON,WA,GRANT COUNTY,47.040595000000003,-119.1942,point,steel,,Steel Facility,reported_facility,,1,,,5955.6279999999997,,2023,EPA GHGRP 2023 Data Summary Spreadsheets,Direct Point Emitters sheet,,,,,,,,1007200,110071161954,3322 ROAD N NE,331410,C,Metals
steel-1006901,steel_facility,CHARTER STEEL,WI,OZAUKEE COUNTY,43.396949999999997,-87.949659999999994,point,steel,,Steel Facility,reported_facility,,1,,,143250.74,61058.7,2023,EPA GHGRP 2023 Data Summary Spreadsheets,Direct Point Emitters sheet,,,,,,,,1006901,110070081960,1658 COLD SPRINGS ROAD,331110,"C,Q",Metals
steel-1002034,steel_facility,GREDE LLC REEDSBURG,WI,SAUK COUNTY,43.528049000000003,-89.999600000000001,point,steel,,Steel Facility,reported_facility,,1,,,59648.243999999999,,2023,EPA GHGRP 2023 Data Summary Spreadsheets,Direct Point Emitters sheet,,,,,,,,1002034,110000420606,700 ASH STREET,331511,C,Metals
steel-1004885,steel_facility,NEENAH FOUNDRY CO PLTS 2 & 3,WI,WINNEBAGO COUNTY,44.162430000000001,-88.473489999999998,point,steel,,Steel Facility,reported_facility,,1,,,40125.557999999997,,2023,EPA GHGRP 2023 Data Summary Spreadsheets,Direct Point Emitters sheet,,,,,,,,1004885,110000423453,2121 BROOKS AVENUE,331511,C,Metals
steel-1006488,steel_facility,Nemak USA Inc. - Gateway,WI,SHEBOYGAN COUNTY,43.70823,-87.752600000000001,point,steel,,Steel Facility,reported_facility,,1,,,20500.871999999999,,2023,EPA GHGRP 2023 Data Summary Spreadsheets,Direct Point Emitters sheet,,,,,,,,1006488,110000416782,4243 Gateway Drive,331314,C,Metals
steel-1002751,steel_facility,Skana Aluminum Company,WI,MANITOWOC COUNTY,44.128619999999998,-87.630480000000006,point,steel,,Steel Facility,reported_facility,,1,,,20464.77,,2023,EPA GHGRP 2023 Data Summary Spreadsheets,Direct Point Emitters sheet,,,,,,,,1002751,110043419903,2009 Mirro Drive,331315,C,Metals
steel-1001863,steel_facility,"WAUPACA FOUNDRY, INC-PLANTS 2 & 3",WI,WAUPACA COUNTY,44.355899999999998,-89.054000000000002,point,steel,,Steel Facility,reported_facility,,1,,,167495.51,,2023,EPA GHGRP 2023 Data Summary Spreadsheets,Direct Point Emitters sheet,,,,,,,,1001863,110043802267,1955 BRUNNER DRIVE,331511,C,Metals
steel-1002200,steel_facility,Waupaca Foundry INC. - PLT 1,WI,WAUPACA COUNTY,44.362099999999998,-89.081699999999998,point,steel,,Steel Facility,reported_facility,,1,,,83654.051999999996,,2023,EPA GHGRP 2023 Data Summary Spreadsheets,Direct Point Emitters sheet,,,,,,,,1002200,110017412771,406 NORTH DIVISION STREET,331511,C,Metals
steel-1000260,steel_facility,Cleveland-Cliffs Weirton LLC,WV,Hancock,40.421999999999997,-80.595500000000001,point,steel,,Steel Facility,reported_facility,,1,,,113330.32399999999,,2023,EPA GHGRP 2023 Data Summary Spreadsheets,Direct Point Emitters sheet,,,,,,,,1000260,110057387420,100 Pennsylvania Avenue,331110,C,Metals
steel-1007193,steel_facility,"Constellium Rolled Products Ravenswood, LLC",WV,JACKSON COUNTY,38.930081000000001,-81.839055999999999,point,steel,,Steel Facility,reported_facility,,1,,,122967.336,,2023,EPA GHGRP 2023 Data Summary Spreadsheets,Direct Point Emitters sheet,,,,,,,,1007193,110070828282,859 Century Road,331314,C,Metals
steel-1009437,steel_facility,"Felman Production, Inc.",WV,MASON COUNTY,38.958311999999999,-81.925866999999997,point,steel,,Steel Facility,reported_facility,,1,,,76235,,2023,EPA GHGRP 2023 Data Summary Spreadsheets,Direct Point Emitters sheet,,,,,,,,1009437,110045453031,4442 Graham Station Rd,331110,"C,K",Metals
steel-1007593,steel_facility,HUNTINGTON ALLOYS CORPORATION,WV,CABELL COUNTY,38.414352999999998,-82.384179000000003,point,steel,,Steel Facility,reported_facility,,1,,,85534.728000000003,,2023,EPA GHGRP 2023 Data Summary Spreadsheets,Direct Point Emitters sheet,,,,,,,,1007593,110000344547,3200 RIVERSIDE DRIVE,331491,C,Metals
steel-1001563,steel_facility,MOUNTAIN STATE CARBON,WV,BROOKE COUNTY,40.343609999999998,-80.606669999999994,point,steel,,Steel Facility,reported_facility,,1,,,2325.5920000000001,0,2023,EPA GHGRP 2023 Data Summary Spreadsheets,Direct Point Emitters sheet,,,,,,,,1001563,110042081939,1851 MAIN ST,324199,"C,Q",Metals
steel-1006972,steel_facility,"SWVA, INC.",WV,CABELL COUNTY,38.426499999999997,-82.425319999999999,point,steel,,Steel Facility,reported_facility,,1,,,55477.667999999998,7023.3,2023,EPA GHGRP 2023 Data Summary Spreadsheets,Direct Point Emitters sheet,,,,,,,,1006972,110071161489,2ND AVE & 17TH STREET,331110,"C,Q",Metals
steel-1005516,steel_facility,"WVA Manufacturing, LLC",WV,FAYETTE COUNTY,38.138100000000001,-81.278400000000005,point,steel,,Steel Facility,reported_facility,,1,,,414450.09,,2023,EPA GHGRP 2023 Data Summary Spreadsheets,Direct Point Emitters sheet,,,,,,,,1005516,110010874535,,331110,"C,K",Metals
