asset_id,asset_type,site_name,state,county,latitude,longitude,geometry_precision,primary_material,critical_materials,dominant_raws_profile,asset_status,rank_score,presence_count,production_present_flag,resources_present_flag,total_reported_direct_emissions_mtco2e,iron_and_steel_production_emissions_mtco2e,reporting_year,source_dataset,source_detail
ore-472,ore_site,Unnamed PGE site 472,AK,,59.8891,-155.2807,point,PGE,"PGE, rhenium",Ore Site,CM resources,3,1,1,1,,,2024,USGS Critical mineral deposits of the United States v2.0,ScienceBase data release 10.5066/P9K1HBNT
ore-489,ore_site,Unnamed PGE site 489,AK,,58.9226,-161.7311,point,PGE,PGE,Ore Site,CM-past producer+resources,5,1,1,1,,,2024,USGS Critical mineral deposits of the United States v2.0,ScienceBase data release 10.5066/P9K1HBNT
ore-539,ore_site,Unnamed PGE site 539,AK,,58.9392,-161.7022,point,PGE,PGE,Ore Site,CM-past producer,5,1,1,1,,,2024,USGS Critical mineral deposits of the United States v2.0,ScienceBase data release 10.5066/P9K1HBNT
ore-437,ore_site,Unnamed REE site 437,AK,,66.1191,-150.06083,point,REE,"REE, tin",Ore Site,CM resources,3,1,1,1,,,2024,USGS Critical mineral deposits of the United States v2.0,ScienceBase data release 10.5066/P9K1HBNT
ore-508,ore_site,Unnamed REE site 508,AK,,65.9863,-150.57123,point,REE,"REE, tin",Ore Site,CM resources,3,1,1,1,,,2024,USGS Critical mineral deposits of the United States v2.0,ScienceBase data release 10.5066/P9K1HBNT
ore-249,ore_site,Unnamed antimony site 249,AK,,62.4472,-157.9224,point,antimony,"antimony, arsenic, tungsten, zinc",Ore Site,CM-past producer+resources,5,1,1,1,,,2024,USGS Critical mineral deposits of the United States v2.0,ScienceBase data release 10.5066/P9K1HBNT
ore-438,ore_site,Unnamed antimony site 438,AK,,67.4745,-150.2324,point,antimony,antimony,Ore Site,Past producer+CM resources,2,1,1,1,,,2024,USGS Critical mineral deposits of the United States v2.0,ScienceBase data release 10.5066/P9K1HBNT
ore-12,ore_site,Unnamed barite site 12,AK,,68.155,-163.033,point,barite,"barite, zinc",Ore Site,CM resources,3,1,1,1,,,2024,USGS Critical mineral deposits of the United States v2.0,ScienceBase data release 10.5066/P9K1HBNT
ore-227,ore_site,Unnamed barite site 227,AK,,61.8252,-154.4726,point,barite,barite,Ore Site,CM resources,3,1,1,1,,,2024,USGS Critical mineral deposits of the United States v2.0,ScienceBase data release 10.5066/P9K1HBNT
ore-344,ore_site,Unnamed barite site 344,AK,,68.6066,-157.4783,point,barite,barite,Ore Site,CM resources,3,1,1,1,,,2024,USGS Critical mineral deposits of the United States v2.0,ScienceBase data release 10.5066/P9K1HBNT
ore-358,ore_site,Unnamed barite site 358,AK,,68.6159,-157.4548,point,barite,barite,Ore Site,CM resources,3,1,1,1,,,2024,USGS Critical mineral deposits of the United States v2.0,ScienceBase data release 10.5066/P9K1HBNT
ore-462,ore_site,Unnamed barite site 462,AK,,59.3966,-136.3919,point,barite,"barite, zinc",Ore Site,CM resources,3,1,1,1,,,2024,USGS Critical mineral deposits of the United States v2.0,ScienceBase data release 10.5066/P9K1HBNT
ore-80,ore_site,Unnamed beryllium site 80,AK,,54.90939,-132.12719,point,beryllium,"beryllium, hafnium, REE, titanium, vanadium, zirconium",Ore Site,CM-past producer+resources,5,1,1,1,,,2024,USGS Critical mineral deposits of the United States v2.0,ScienceBase data release 10.5066/P9K1HBNT
ore-149,ore_site,Unnamed chromium site 149,AK,,59.206,-151.8189,point,chromium,chromium,Ore Site,CM-past producer+resources,5,1,1,1,,,2024,USGS Critical mineral deposits of the United States v2.0,ScienceBase data release 10.5066/P9K1HBNT
ore-267,ore_site,Unnamed chromium site 267,AK,,57.3603,-154.6003,point,chromium,chromium,Ore Site,CM resources,3,1,1,1,,,2024,USGS Critical mineral deposits of the United States v2.0,ScienceBase data release 10.5066/P9K1HBNT
ore-29,ore_site,Unnamed chromium site 29,AK,,68.2467,-161.9034,point,chromium,"chromium, iridium, palladium, platinum",Ore Site,CM resources,3,1,1,1,,,2024,USGS Critical mineral deposits of the United States v2.0,ScienceBase data release 10.5066/P9K1HBNT
ore-315,ore_site,Unnamed chromium site 315,AK,,67.944,-163.6117,point,chromium,chromium,Ore Site,CM resources,3,1,1,1,,,2024,USGS Critical mineral deposits of the United States v2.0,ScienceBase data release 10.5066/P9K1HBNT
ore-322,ore_site,Unnamed chromium site 322,AK,,64.2216,-156.6661,point,chromium,chromium,Ore Site,CM resources,3,1,1,1,,,2024,USGS Critical mineral deposits of the United States v2.0,ScienceBase data release 10.5066/P9K1HBNT
ore-406,ore_site,Unnamed chromium site 406,AK,,68.2436,-161.0687,point,chromium,chromium,Ore Site,CM resources,3,1,1,1,,,2024,USGS Critical mineral deposits of the United States v2.0,ScienceBase data release 10.5066/P9K1HBNT
ore-48,ore_site,Unnamed chromium site 48,AK,,61.572,-145.1432,point,chromium,chromium,Ore Site,CM resources,3,1,1,1,,,2024,USGS Critical mineral deposits of the United States v2.0,ScienceBase data release 10.5066/P9K1HBNT
ore-515,ore_site,Unnamed chromium site 515,AK,,59.378,-151.476,point,chromium,chromium,Ore Site,CM-past producer+resources,5,1,1,1,,,2024,USGS Critical mineral deposits of the United States v2.0,ScienceBase data release 10.5066/P9K1HBNT
ore-559,ore_site,Unnamed chromium site 559,AK,,61.5813,-144.9908,point,chromium,chromium,Ore Site,CM resources,3,1,1,1,,,2024,USGS Critical mineral deposits of the United States v2.0,ScienceBase data release 10.5066/P9K1HBNT
ore-436,ore_site,Unnamed cobalt site 436,AK,,63.33,-145.59333,point,cobalt,"cobalt, nickel, PGE",Ore Site,CM resources,3,1,1,1,,,2024,USGS Critical mineral deposits of the United States v2.0,ScienceBase data release 10.5066/P9K1HBNT
ore-79,ore_site,Unnamed cobalt site 79,AK,,57.976,-136.4225,point,cobalt,"cobalt, nickel",Ore Site,CM resources,3,1,1,1,,,2024,USGS Critical mineral deposits of the United States v2.0,ScienceBase data release 10.5066/P9K1HBNT
ore-87,ore_site,Unnamed cobalt site 87,AK,,67.0624,-156.948,point,cobalt,cobalt,Ore Site,CM resources,3,1,1,1,,,2024,USGS Critical mineral deposits of the United States v2.0,ScienceBase data release 10.5066/P9K1HBNT
ore-88,ore_site,Unnamed cobalt site 88,AK,,67.06527,-156.91952,point,cobalt,cobalt,Ore Site,CM resources,3,1,1,1,,,2024,USGS Critical mineral deposits of the United States v2.0,ScienceBase data release 10.5066/P9K1HBNT
ore-95,ore_site,Unnamed cobalt site 95,AK,,58.5529,-136.9294,point,cobalt,"cobalt, nickel, PGE",Ore Site,CM resources,3,1,1,1,,,2024,USGS Critical mineral deposits of the United States v2.0,ScienceBase data release 10.5066/P9K1HBNT
ore-361,ore_site,Unnamed fluorspar site 361,AK,,65.476,-167.153,point,fluorspar,"fluorspar, tin",Ore Site,CM-past producer+resources,5,1,1,1,,,2024,USGS Critical mineral deposits of the United States v2.0,ScienceBase data release 10.5066/P9K1HBNT
ore-511,ore_site,Unnamed germanium site 511,AK,,68.0704,-162.8379,point,germanium,"germanium, zinc",Ore Site,CM-recent producer+resources,6,1,1,1,,,2024,USGS Critical mineral deposits of the United States v2.0,ScienceBase data release 10.5066/P9K1HBNT
ore-254,ore_site,Unnamed graphite site 254,AK,,65.0393,-165.538,point,graphite,graphite,Ore Site,CM-past producer+resources,5,1,1,1,,,2024,USGS Critical mineral deposits of the United States v2.0,ScienceBase data release 10.5066/P9K1HBNT
ore-405,ore_site,Unnamed nickel site 405,AK,,57.7855,-136.3082,point,nickel,nickel,Ore Site,CM resources,3,1,1,1,,,2024,USGS Critical mineral deposits of the United States v2.0,ScienceBase data release 10.5066/P9K1HBNT
ore-469,ore_site,Unnamed niobium site 469,AK,,56.562,-133.115,point,niobium,"niobium, REE",Ore Site,CM resources,3,1,1,1,,,2024,USGS Critical mineral deposits of the United States v2.0,ScienceBase data release 10.5066/P9K1HBNT
ore-642,ore_site,Unnamed niobium site 642,AK,,65.0927,-150.9369,point,niobium,"niobium, zirconium",Ore Site,CM resources,3,1,1,1,,,2024,USGS Critical mineral deposits of the United States v2.0,ScienceBase data release 10.5066/P9K1HBNT
ore-499,ore_site,Unnamed rhenium site 499,AK,,55.403,-130.483,point,rhenium,rhenium,Ore Site,CM resources,3,1,1,1,,,2024,USGS Critical mineral deposits of the United States v2.0,ScienceBase data release 10.5066/P9K1HBNT
ore-337,ore_site,Unnamed tantalum site 337,AK,,65.7103,-165.2289,point,tantalum,"tantalum, tin",Ore Site,CM resources,3,1,1,1,,,2024,USGS Critical mineral deposits of the United States v2.0,ScienceBase data release 10.5066/P9K1HBNT
ore-106,ore_site,Unnamed tin site 106,AK,,65.643,-167.511,point,tin,tin,Ore Site,CM-past producer,1,1,1,1,,,2024,USGS Critical mineral deposits of the United States v2.0,ScienceBase data release 10.5066/P9K1HBNT
ore-121,ore_site,Unnamed tin site 121,AK,,65.094,-150.8182,point,tin,tin,Ore Site,CM-past producer,1,1,1,0,,,2024,USGS Critical mineral deposits of the United States v2.0,ScienceBase data release 10.5066/P9K1HBNT
ore-130,ore_site,Unnamed tin site 130,AK,,65.571,-167.931,point,tin,tin,Ore Site,CM-past producer+resources,5,1,1,1,,,2024,USGS Critical mineral deposits of the United States v2.0,ScienceBase data release 10.5066/P9K1HBNT
ore-131,ore_site,Unnamed tin site 131,AK,,65.587,-167.959,point,tin,tin,Ore Site,CM-past producer+resources,5,1,1,1,,,2024,USGS Critical mineral deposits of the United States v2.0,ScienceBase data release 10.5066/P9K1HBNT
ore-14,ore_site,Unnamed tin site 14,AK,,65.50353,-167.63472,point,tin,tin,Ore Site,CM-past producer,1,1,1,0,,,2024,USGS Critical mineral deposits of the United States v2.0,ScienceBase data release 10.5066/P9K1HBNT
ore-158,ore_site,Unnamed tin site 158,AK,,62.9909,-149.8633,point,tin,tin,Ore Site,CM resources,3,1,1,1,,,2024,USGS Critical mineral deposits of the United States v2.0,ScienceBase data release 10.5066/P9K1HBNT
ore-168,ore_site,Unnamed tin site 168,AK,,64.6619,-155.433,point,tin,tin,Ore Site,CM-past producer,1,1,1,0,,,2024,USGS Critical mineral deposits of the United States v2.0,ScienceBase data release 10.5066/P9K1HBNT
ore-180,ore_site,Unnamed tin site 180,AK,,65.0995,-150.8424,point,tin,tin,Ore Site,CM-past producer,1,1,1,0,,,2024,USGS Critical mineral deposits of the United States v2.0,ScienceBase data release 10.5066/P9K1HBNT
ore-184,ore_site,Unnamed tin site 184,AK,,65.0614,-150.9887,point,tin,tin,Ore Site,CM-past producer+resources,5,1,1,1,,,2024,USGS Critical mineral deposits of the United States v2.0,ScienceBase data release 10.5066/P9K1HBNT
ore-219,ore_site,Unnamed tin site 219,AK,,64.3771,-155.5582,point,tin,tin,Ore Site,CM-past producer,1,1,1,0,,,2024,USGS Critical mineral deposits of the United States v2.0,ScienceBase data release 10.5066/P9K1HBNT
ore-242,ore_site,Unnamed tin site 242,AK,,64.6954,-155.4492,point,tin,tin,Ore Site,CM-past producer,1,1,1,0,,,2024,USGS Critical mineral deposits of the United States v2.0,ScienceBase data release 10.5066/P9K1HBNT
ore-250,ore_site,Unnamed tin site 250,AK,,65.589,-167.913,point,tin,tin,Ore Site,CM-past producer,1,1,1,0,,,2024,USGS Critical mineral deposits of the United States v2.0,ScienceBase data release 10.5066/P9K1HBNT
ore-262,ore_site,Unnamed tin site 262,AK,,64.3058,-155.5203,point,tin,tin,Ore Site,CM-past producer,1,1,1,0,,,2024,USGS Critical mineral deposits of the United States v2.0,ScienceBase data release 10.5066/P9K1HBNT
ore-298,ore_site,Unnamed tin site 298,AK,,65.0785,-150.9188,point,tin,tin,Ore Site,CM-past producer+resources,5,1,1,1,,,2024,USGS Critical mineral deposits of the United States v2.0,ScienceBase data release 10.5066/P9K1HBNT
ore-351,ore_site,Unnamed tin site 351,AK,,65.635,-146.7,point,tin,tin,Ore Site,CM resources,3,1,1,1,,,2024,USGS Critical mineral deposits of the United States v2.0,ScienceBase data release 10.5066/P9K1HBNT
ore-360,ore_site,Unnamed tin site 360,AK,,65.472,-167.161,point,tin,tin,Ore Site,CM-past producer+resources,5,1,1,1,,,2024,USGS Critical mineral deposits of the United States v2.0,ScienceBase data release 10.5066/P9K1HBNT
ore-383,ore_site,Unnamed tin site 383,AK,,65.2265,-153.3487,point,tin,tin,Ore Site,CM-past producer+resources,5,1,1,1,,,2024,USGS Critical mineral deposits of the United States v2.0,ScienceBase data release 10.5066/P9K1HBNT
ore-400,ore_site,Unnamed tin site 400,AK,,64.3189,-155.5348,point,tin,tin,Ore Site,CM-past producer,1,1,1,0,,,2024,USGS Critical mineral deposits of the United States v2.0,ScienceBase data release 10.5066/P9K1HBNT
ore-402,ore_site,Unnamed tin site 402,AK,,65.0693,-150.9314,point,tin,tin,Ore Site,CM-past producer+resources,5,1,1,1,,,2024,USGS Critical mineral deposits of the United States v2.0,ScienceBase data release 10.5066/P9K1HBNT
ore-468,ore_site,Unnamed tin site 468,AK,,65.0432,-150.9341,point,tin,tin,Ore Site,CM-past producer,1,1,1,0,,,2024,USGS Critical mineral deposits of the United States v2.0,ScienceBase data release 10.5066/P9K1HBNT
ore-494,ore_site,Unnamed tin site 494,AK,,65.654,-167.554,point,tin,tin,Ore Site,CM-past producer,1,1,1,0,,,2024,USGS Critical mineral deposits of the United States v2.0,ScienceBase data release 10.5066/P9K1HBNT
ore-54,ore_site,Unnamed tin site 54,AK,,64.4574,-155.3554,point,tin,tin,Ore Site,CM-past producer,1,1,1,0,,,2024,USGS Critical mineral deposits of the United States v2.0,ScienceBase data release 10.5066/P9K1HBNT
ore-56,ore_site,Unnamed tin site 56,AK,,62.4233,-157.0246,point,tin,"tin, zinc",Ore Site,CM resources,3,1,1,1,,,2024,USGS Critical mineral deposits of the United States v2.0,ScienceBase data release 10.5066/P9K1HBNT
ore-575,ore_site,Unnamed tin site 575,AK,,60.0475,-157.0775,point,tin,"tin, tungsten",Ore Site,CM resources,3,1,1,1,,,2024,USGS Critical mineral deposits of the United States v2.0,ScienceBase data release 10.5066/P9K1HBNT
ore-596,ore_site,Unnamed tin site 596,AK,,65.0933,-150.881,point,tin,tin,Ore Site,CM-past producer+resources,5,1,1,1,,,2024,USGS Critical mineral deposits of the United States v2.0,ScienceBase data release 10.5066/P9K1HBNT
ore-617,ore_site,Unnamed tin site 617,AK,,65.0845,-150.9008,point,tin,tin,Ore Site,CM-past producer+resources,5,1,1,1,,,2024,USGS Critical mineral deposits of the United States v2.0,ScienceBase data release 10.5066/P9K1HBNT
ore-622,ore_site,Unnamed tin site 622,AK,,65.3792,-152.7892,point,tin,tin,Ore Site,CM-past producer,1,1,1,0,,,2024,USGS Critical mineral deposits of the United States v2.0,ScienceBase data release 10.5066/P9K1HBNT
ore-674,ore_site,Unnamed tin site 674,AK,,63.4813,-155.7127,point,tin,tin,Ore Site,CM resources,3,1,1,1,,,2024,USGS Critical mineral deposits of the United States v2.0,ScienceBase data release 10.5066/P9K1HBNT
ore-676,ore_site,Unnamed tin site 676,AK,,65.0516,-151.0122,point,tin,tin,Ore Site,CM-past producer+resources,5,1,1,1,,,2024,USGS Critical mineral deposits of the United States v2.0,ScienceBase data release 10.5066/P9K1HBNT
ore-81,ore_site,Unnamed tin site 81,AK,,65.3276,-151.3389,point,tin,tin,Ore Site,CM resources,3,1,1,1,,,2024,USGS Critical mineral deposits of the United States v2.0,ScienceBase data release 10.5066/P9K1HBNT
ore-334,ore_site,Unnamed titanium site 334,AK,,59.4197,-135.8843,point,titanium,"titanium, vanadium",Ore Site,CM resources,3,1,1,1,,,2024,USGS Critical mineral deposits of the United States v2.0,ScienceBase data release 10.5066/P9K1HBNT
ore-240,ore_site,Unnamed tungsten site 240,AK,,64.981,-147.367,point,tungsten,tungsten,Ore Site,CM-past producer+resources,5,1,1,0,,,2024,USGS Critical mineral deposits of the United States v2.0,ScienceBase data release 10.5066/P9K1HBNT
ore-365,ore_site,Unnamed tungsten site 365,AK,,64.2392,-143.8939,point,tungsten,tungsten,Ore Site,CM resources,3,1,1,1,,,2024,USGS Critical mineral deposits of the United States v2.0,ScienceBase data release 10.5066/P9K1HBNT
ore-379,ore_site,Unnamed tungsten site 379,AK,,59.01282,-137.08652,point,tungsten,tungsten,Ore Site,CM resources,3,1,1,1,,,2024,USGS Critical mineral deposits of the United States v2.0,ScienceBase data release 10.5066/P9K1HBNT
ore-82,ore_site,Unnamed tungsten site 82,AK,,64.63642,-165.20087,point,tungsten,tungsten,Ore Site,CM resources,3,1,1,1,,,2024,USGS Critical mineral deposits of the United States v2.0,ScienceBase data release 10.5066/P9K1HBNT
ore-187,ore_site,Unnamed zinc site 187,AK,,63.24773,-144.09221,point,zinc,zinc,Ore Site,CM resources,3,1,1,1,,,2024,USGS Critical mineral deposits of the United States v2.0,ScienceBase data release 10.5066/P9K1HBNT
ore-20,ore_site,Unnamed zinc site 20,AK,,67.17389,-156.3875,point,zinc,zinc,Ore Site,CM resources,3,1,1,1,,,2024,USGS Critical mineral deposits of the United States v2.0,ScienceBase data release 10.5066/P9K1HBNT
ore-261,ore_site,Unnamed zinc site 261,AK,,58.079,-134.6312,point,zinc,zinc,Ore Site,CM-recent producer+resources,6,1,1,1,,,2024,USGS Critical mineral deposits of the United States v2.0,ScienceBase data release 10.5066/P9K1HBNT
ore-319,ore_site,Unnamed zinc site 319,AK,,60.1167,-152.9778,point,zinc,zinc,Ore Site,CM resources,3,1,1,1,,,2024,USGS Critical mineral deposits of the United States v2.0,ScienceBase data release 10.5066/P9K1HBNT
ore-350,ore_site,Unnamed zinc site 350,AK,,68.1664,-163.202,point,zinc,zinc,Ore Site,CM resources,3,1,1,1,,,2024,USGS Critical mineral deposits of the United States v2.0,ScienceBase data release 10.5066/P9K1HBNT
ore-433,ore_site,Unnamed zinc site 433,AK,,55.0576,132.1461,point,zinc,zinc,Ore Site,Past producer+CM resources,2,1,1,1,,,2024,USGS Critical mineral deposits of the United States v2.0,ScienceBase data release 10.5066/P9K1HBNT
ore-513,ore_site,Unnamed zinc site 513,AK,,63.9158,-147.3808,point,zinc,zinc,Ore Site,CM resources,3,1,1,1,,,2024,USGS Critical mineral deposits of the United States v2.0,ScienceBase data release 10.5066/P9K1HBNT
ore-518,ore_site,Unnamed zinc site 518,AK,,63.3844,-154.3676,point,zinc,zinc,Ore Site,CM resources,3,1,1,1,,,2024,USGS Critical mineral deposits of the United States v2.0,ScienceBase data release 10.5066/P9K1HBNT
ore-578,ore_site,Unnamed zinc site 578,AK,,67.2972,-157.1738,point,zinc,zinc,Ore Site,CM resources,3,1,1,1,,,2024,USGS Critical mineral deposits of the United States v2.0,ScienceBase data release 10.5066/P9K1HBNT
ore-597,ore_site,Unnamed zinc site 597,AK,,67.0704,-155.0431,point,zinc,zinc,Ore Site,CM resources,3,1,1,1,,,2024,USGS Critical mineral deposits of the United States v2.0,ScienceBase data release 10.5066/P9K1HBNT
ore-32,ore_site,Unnamed aluminum site 32,AL,,31.76079,-85.31055,point,aluminum,aluminum,Ore Site,CM-past producer+resources,5,1,1,1,,,2024,USGS Critical mineral deposits of the United States v2.0,ScienceBase data release 10.5066/P9K1HBNT
ore-162,ore_site,Unnamed graphite site 162,AL,,32.91204,-86.40067,point,graphite,graphite,Ore Site,CM-past producer+resources,5,1,1,1,,,2024,USGS Critical mineral deposits of the United States v2.0,ScienceBase data release 10.5066/P9K1HBNT
ore-36,ore_site,Unnamed graphite site 36,AL,,33.07743,-86.1567,point,graphite,graphite,Ore Site,CM-past producer+resources,5,1,1,1,,,2024,USGS Critical mineral deposits of the United States v2.0,ScienceBase data release 10.5066/P9K1HBNT
ore-387,ore_site,Unnamed tantalum site 387,AL,,32.88555,-86.24857,point,tantalum,"tantalum, tin",Ore Site,CM resources,3,1,1,1,,,2024,USGS Critical mineral deposits of the United States v2.0,ScienceBase data release 10.5066/P9K1HBNT
ore-163,ore_site,Unnamed tin site 163,AL,,32.907,-86.1922,point,tin,tin,Ore Site,CM-past producer,1,1,1,0,,,2024,USGS Critical mineral deposits of the United States v2.0,ScienceBase data release 10.5066/P9K1HBNT
ore-6,ore_site,Unnamed aluminum site 6,AR,,34.55842,-92.49186,point,aluminum,"aluminum, niobium",Ore Site,CM-past producer+resources,5,1,1,1,,,2024,USGS Critical mineral deposits of the United States v2.0,ScienceBase data release 10.5066/P9K1HBNT
ore-141,ore_site,Unnamed barite site 141,AR,,34.44012,-92.99208,point,barite,barite,Ore Site,CM-past producer+resources,5,1,1,1,,,2024,USGS Critical mineral deposits of the United States v2.0,ScienceBase data release 10.5066/P9K1HBNT
ore-217,ore_site,Unnamed barite site 217,AR,,34.37792,-93.8127,point,barite,barite,Ore Site,CM resources,3,1,0,1,,,2024,USGS Critical mineral deposits of the United States v2.0,ScienceBase data release 10.5066/P9K1HBNT
ore-345,ore_site,Unnamed lithium site 345,AR,,33.1686,-92.77906,point,lithium,lithium,Ore Site,CM resources,3,1,1,1,,,2024,USGS Critical mineral deposits of the United States v2.0,ScienceBase data release 10.5066/P9K1HBNT
ore-602,ore_site,Unnamed lithium site 602,AR,,33.30016,-93.52507,point,lithium,lithium,Ore Site,CM resources,3,1,1,1,,,2024,USGS Critical mineral deposits of the United States v2.0,ScienceBase data release 10.5066/P9K1HBNT
ore-135,ore_site,Unnamed manganese site 135,AR,,35.81077,-91.62609,point,manganese,manganese,Ore Site,CM-past producer,1,1,1,0,,,2024,USGS Critical mineral deposits of the United States v2.0,ScienceBase data release 10.5066/P9K1HBNT
ore-147,ore_site,Unnamed titanium site 147,AR,,34.46679,-92.85017,point,titanium,"titanium, vanadium",Ore Site,CM-past producer+resources,5,1,1,1,,,2024,USGS Critical mineral deposits of the United States v2.0,ScienceBase data release 10.5066/P9K1HBNT
ore-372,ore_site,Unnamed titanium site 372,AR,,34.4372,-92.8564,point,titanium,titanium,Ore Site,CM-past producer+resources,5,1,1,1,,,2024,USGS Critical mineral deposits of the United States v2.0,ScienceBase data release 10.5066/P9K1HBNT
ore-671,ore_site,Unnamed vanadium site 671,AR,,34.47402,-92.9612,point,vanadium,vanadium,Ore Site,CM-past producer,1,1,1,0,,,2024,USGS Critical mineral deposits of the United States v2.0,ScienceBase data release 10.5066/P9K1HBNT
ore-410,ore_site,Unnamed zinc site 410,AR,,36.13319,-92.55457,point,zinc,zinc,Ore Site,CM-past producer+resources,5,1,1,1,,,2024,USGS Critical mineral deposits of the United States v2.0,ScienceBase data release 10.5066/P9K1HBNT
ore-339,ore_site,Unnamed REE site 339,AZ,,34.14476,-113.79209,point,REE,"REE, scandium",Ore Site,CM resources,3,1,1,1,,,2024,USGS Critical mineral deposits of the United States v2.0,ScienceBase data release 10.5066/P9K1HBNT
ore-516,ore_site,Unnamed aluminum site 516,AZ,,31.50375,-110.71928,point,aluminum,aluminum,Ore Site,CM resources,3,1,0,1,,,2024,USGS Critical mineral deposits of the United States v2.0,ScienceBase data release 10.5066/P9K1HBNT
ore-401,ore_site,Unnamed beryllium site 401,AZ,,33.99839,-112.51407,point,beryllium,"beryllium, lithium, niobium, tantalum",Ore Site,CM-past producer,1,1,1,0,,,2024,USGS Critical mineral deposits of the United States v2.0,ScienceBase data release 10.5066/P9K1HBNT
ore-389,ore_site,Unnamed fluorspar site 389,AZ,,33.90174,-110.9682,point,fluorspar,fluorspar,Ore Site,CM-past producer+resources,5,1,1,1,,,2024,USGS Critical mineral deposits of the United States v2.0,ScienceBase data release 10.5066/P9K1HBNT
ore-118,ore_site,Unnamed lithium site 118,AZ,,34.56774,-113.33757,point,lithium,lithium,Ore Site,CM resources,3,1,1,1,,,2024,USGS Critical mineral deposits of the United States v2.0,ScienceBase data release 10.5066/P9K1HBNT
ore-363,ore_site,Unnamed lithium site 363,AZ,,33.95784,-112.57102,point,lithium,lithium,Ore Site,CM-past producer+resources,5,1,1,1,,,2024,USGS Critical mineral deposits of the United States v2.0,ScienceBase data release 10.5066/P9K1HBNT
ore-52,ore_site,Unnamed lithium site 52,AZ,,34.70922,-113.56947,point,lithium,lithium,Ore Site,CM resources,3,1,1,1,,,2024,USGS Critical mineral deposits of the United States v2.0,ScienceBase data release 10.5066/P9K1HBNT
ore-23,ore_site,Unnamed manganese site 23,AZ,,34.345,-113.624,point,manganese,manganese,Ore Site,CM-past producer+resources,5,1,1,1,,,2024,USGS Critical mineral deposits of the United States v2.0,ScienceBase data release 10.5066/P9K1HBNT
ore-278,ore_site,Unnamed manganese site 278,AZ,,31.46494,-110.72442,point,manganese,"manganese, zinc",Ore Site,CM resources,3,1,1,1,,,2024,USGS Critical mineral deposits of the United States v2.0,ScienceBase data release 10.5066/P9K1HBNT
ore-390,ore_site,Unnamed manganese site 390,AZ,,34.3356,-113.61911,point,manganese,manganese,Ore Site,CM-past producer+resources,5,1,1,1,,,2024,USGS Critical mineral deposits of the United States v2.0,ScienceBase data release 10.5066/P9K1HBNT
ore-501,ore_site,Unnamed manganese site 501,AZ,,33.28923,-111.09209,point,manganese,manganese,Ore Site,CM-past producer,1,1,1,0,,,2024,USGS Critical mineral deposits of the United States v2.0,ScienceBase data release 10.5066/P9K1HBNT
ore-284,ore_site,Unnamed potash site 284,AZ,,34.8508,-109.87618,point,potash,potash,Ore Site,CM resources,3,1,1,1,,,2024,USGS Critical mineral deposits of the United States v2.0,ScienceBase data release 10.5066/P9K1HBNT
ore-285,ore_site,Unnamed potash site 285,AZ,,34.86056,-109.93833,point,potash,potash,Ore Site,CM resources,3,1,1,1,,,2024,USGS Critical mineral deposits of the United States v2.0,ScienceBase data release 10.5066/P9K1HBNT
ore-286,ore_site,Unnamed potash site 286,AZ,,34.90437,-109.90774,point,potash,potash,Ore Site,CM resources,3,1,1,1,,,2024,USGS Critical mineral deposits of the United States v2.0,ScienceBase data release 10.5066/P9K1HBNT
ore-137,ore_site,Unnamed rhenium site 137,AZ,,33.4105,-110.964,point,rhenium,rhenium,Ore Site,Past producer+CM resources,2,1,1,1,,,2024,USGS Critical mineral deposits of the United States v2.0,ScienceBase data release 10.5066/P9K1HBNT
ore-31,ore_site,Unnamed rhenium site 31,AZ,,34.58453,-113.20879,point,rhenium,rhenium,Ore Site,Past producer+CM resources,2,1,1,1,,,2024,USGS Critical mineral deposits of the United States v2.0,ScienceBase data release 10.5066/P9K1HBNT
ore-398,ore_site,Unnamed rhenium site 398,AZ,,33.40562,-110.89125,point,rhenium,rhenium,Ore Site,Recent producer+CM resources,4,1,1,1,,,2024,USGS Critical mineral deposits of the United States v2.0,ScienceBase data release 10.5066/P9K1HBNT
ore-403,ore_site,Unnamed rhenium site 403,AZ,,35.36078,-114.14697,point,rhenium,rhenium,Ore Site,Past producer+CM resources,2,1,1,1,,,2024,USGS Critical mineral deposits of the United States v2.0,ScienceBase data release 10.5066/P9K1HBNT
ore-413,ore_site,Unnamed rhenium site 413,AZ,,33.0965,-109.3603,point,rhenium,"rhenium, zinc",Ore Site,CM-recent producer+resources,6,1,1,1,,,2024,USGS Critical mineral deposits of the United States v2.0,ScienceBase data release 10.5066/P9K1HBNT
ore-440,ore_site,Unnamed rhenium site 440,AZ,,32.43107,-111.53664,point,rhenium,"rhenium, zinc",Ore Site,CM-past producer+resources,5,1,1,1,,,2024,USGS Critical mineral deposits of the United States v2.0,ScienceBase data release 10.5066/P9K1HBNT
ore-485,ore_site,Unnamed rhenium site 485,AZ,,31.98506,-111.07127,point,rhenium,rhenium,Ore Site,Past producer+CM resources,2,1,1,1,,,2024,USGS Critical mineral deposits of the United States v2.0,ScienceBase data release 10.5066/P9K1HBNT
ore-507,ore_site,Unnamed rhenium site 507,AZ,,33.18315,-110.99236,point,rhenium,"rhenium, zinc",Ore Site,CM-past producer+resources,5,1,1,1,,,2024,USGS Critical mineral deposits of the United States v2.0,ScienceBase data release 10.5066/P9K1HBNT
ore-542,ore_site,Unnamed rhenium site 542,AZ,,32.6837,-110.69348,point,rhenium,rhenium,Ore Site,Past producer+CM resources,2,1,1,1,,,2024,USGS Critical mineral deposits of the United States v2.0,ScienceBase data release 10.5066/P9K1HBNT
ore-566,ore_site,Unnamed rhenium site 566,AZ,,31.87164,-111.13861,point,rhenium,rhenium,Ore Site,Recent producer+CM resources,4,1,1,1,,,2024,USGS Critical mineral deposits of the United States v2.0,ScienceBase data release 10.5066/P9K1HBNT
ore-568,ore_site,Unnamed rhenium site 568,AZ,,32.415,-111.521,point,rhenium,rhenium,Ore Site,CM resources,3,1,0,1,,,2024,USGS Critical mineral deposits of the United States v2.0,ScienceBase data release 10.5066/P9K1HBNT
ore-638,ore_site,Unnamed rhenium site 638,AZ,,31.8924,-111.0358,point,rhenium,rhenium,Ore Site,Past producer+CM resources,2,1,1,1,,,2024,USGS Critical mineral deposits of the United States v2.0,ScienceBase data release 10.5066/P9K1HBNT
ore-498,ore_site,Unnamed tungsten site 498,AZ,,32.55844,-110.73624,point,tungsten,tungsten,Ore Site,CM-past producer,1,1,1,1,,,2024,USGS Critical mineral deposits of the United States v2.0,ScienceBase data release 10.5066/P9K1HBNT
ore-62,ore_site,Unnamed tungsten site 62,AZ,,34.68754,-113.03548,point,tungsten,tungsten,Ore Site,CM-past producer,1,1,1,0,,,2024,USGS Critical mineral deposits of the United States v2.0,ScienceBase data release 10.5066/P9K1HBNT
ore-632,ore_site,Unnamed tungsten site 632,AZ,,32.07401,-110.14372,point,tungsten,tungsten,Ore Site,CM-past producer,1,1,1,1,,,2024,USGS Critical mineral deposits of the United States v2.0,ScienceBase data release 10.5066/P9K1HBNT
ore-635,ore_site,Unnamed tungsten site 635,AZ,,31.42684,-110.28876,point,tungsten,tungsten,Ore Site,CM-past producer,1,1,1,1,,,2024,USGS Critical mineral deposits of the United States v2.0,ScienceBase data release 10.5066/P9K1HBNT
ore-86,ore_site,Unnamed tungsten site 86,AZ,,34.93803,-113.91639,point,tungsten,tungsten,Ore Site,CM-past producer+resources,5,1,1,1,,,2024,USGS Critical mineral deposits of the United States v2.0,ScienceBase data release 10.5066/P9K1HBNT
ore-16,ore_site,Unnamed zinc site 16,AZ,,34.86673,-113.86749,point,zinc,zinc,Ore Site,CM-past producer+resources,5,1,1,1,,,2024,USGS Critical mineral deposits of the United States v2.0,ScienceBase data release 10.5066/P9K1HBNT
ore-246,ore_site,Unnamed zinc site 246,AZ,,35.324247,-114.12875,point,zinc,zinc,Ore Site,CM-past producer+resources,5,1,1,1,,,2024,USGS Critical mineral deposits of the United States v2.0,ScienceBase data release 10.5066/P9K1HBNT
ore-325,ore_site,Unnamed zinc site 325,AZ,,34.06036,-112.16043,point,zinc,zinc,Ore Site,CM resources,3,1,0,1,,,2024,USGS Critical mineral deposits of the United States v2.0,ScienceBase data release 10.5066/P9K1HBNT
ore-641,ore_site,Unnamed zinc site 641,AZ,,34.75198,-112.1238,point,zinc,zinc,Ore Site,CM-past producer+resources,5,1,1,1,,,2024,USGS Critical mineral deposits of the United States v2.0,ScienceBase data release 10.5066/P9K1HBNT
ore-422,ore_site,Unnamed REE site 422,CA,,35.48087,-115.53399,point,REE,REE,Ore Site,CM-recent producer+resources,6,1,1,1,,,2024,USGS Critical mineral deposits of the United States v2.0,ScienceBase data release 10.5066/P9K1HBNT
ore-426,ore_site,Unnamed REE site 426,CA,,34.01533,-115.93986,point,REE,REE,Ore Site,CM resources,3,1,1,1,,,2024,USGS Critical mineral deposits of the United States v2.0,ScienceBase data release 10.5066/P9K1HBNT
ore-203,ore_site,Unnamed barite site 203,CA,,37.67132,-119.80292,point,barite,barite,Ore Site,CM-past producer,1,1,1,0,,,2024,USGS Critical mineral deposits of the United States v2.0,ScienceBase data release 10.5066/P9K1HBNT
ore-38,ore_site,Unnamed barite site 38,CA,,41.13568,-122.24971,point,barite,barite,Ore Site,CM-past producer,1,1,1,0,,,2024,USGS Critical mineral deposits of the United States v2.0,ScienceBase data release 10.5066/P9K1HBNT
ore-548,ore_site,Unnamed barite site 548,CA,,40.14157,-121.10745,point,barite,barite,Ore Site,CM-past producer,1,1,1,0,,,2024,USGS Critical mineral deposits of the United States v2.0,ScienceBase data release 10.5066/P9K1HBNT
ore-9,ore_site,Unnamed barite site 9,CA,,40.93928,-123.39474,point,barite,barite,Ore Site,CM-past producer,1,1,1,0,,,2024,USGS Critical mineral deposits of the United States v2.0,ScienceBase data release 10.5066/P9K1HBNT
ore-101,ore_site,Unnamed chromium site 101,CA,,41.90812,-124.04146,point,chromium,chromium,Ore Site,CM resources,3,1,1,1,,,2024,USGS Critical mineral deposits of the United States v2.0,ScienceBase data release 10.5066/P9K1HBNT
ore-209,ore_site,Unnamed chromium site 209,CA,,41.934,-123.16114,point,chromium,chromium,Ore Site,CM resources,3,1,1,1,,,2024,USGS Critical mineral deposits of the United States v2.0,ScienceBase data release 10.5066/P9K1HBNT
ore-216,ore_site,Unnamed chromium site 216,CA,,41.79543,-123.10473,point,chromium,chromium,Ore Site,CM-past producer+resources,5,1,1,1,,,2024,USGS Critical mineral deposits of the United States v2.0,ScienceBase data release 10.5066/P9K1HBNT
ore-231,ore_site,Unnamed chromium site 231,CA,,41.86979,-123.997,point,chromium,"chromium, cobalt, nickel",Ore Site,CM resources,3,1,1,1,,,2024,USGS Critical mineral deposits of the United States v2.0,ScienceBase data release 10.5066/P9K1HBNT
ore-263,ore_site,Unnamed chromium site 263,CA,,39.73792,-122.60275,point,chromium,chromium,Ore Site,CM-past producer+resources,5,1,1,1,,,2024,USGS Critical mineral deposits of the United States v2.0,ScienceBase data release 10.5066/P9K1HBNT
ore-341,ore_site,Unnamed chromium site 341,CA,,41.8218,-123.122,point,chromium,chromium,Ore Site,CM-past producer+resources,5,1,1,1,,,2024,USGS Critical mineral deposits of the United States v2.0,ScienceBase data release 10.5066/P9K1HBNT
ore-37,ore_site,Unnamed chromium site 37,CA,,41.66092,-123.94475,point,chromium,chromium,Ore Site,CM resources,3,1,0,1,,,2024,USGS Critical mineral deposits of the United States v2.0,ScienceBase data release 10.5066/P9K1HBNT
ore-391,ore_site,Unnamed chromium site 391,CA,,41.7206,-123.054,point,chromium,chromium,Ore Site,CM-past producer+resources,5,1,1,1,,,2024,USGS Critical mineral deposits of the United States v2.0,ScienceBase data release 10.5066/P9K1HBNT
ore-480,ore_site,Unnamed chromium site 480,CA,,38.78209,-121.09273,point,chromium,chromium,Ore Site,CM-past producer+resources,5,1,1,1,,,2024,USGS Critical mineral deposits of the United States v2.0,ScienceBase data release 10.5066/P9K1HBNT
ore-487,ore_site,Unnamed chromium site 487,CA,,41.99085,-123.99385,point,chromium,"chromium, cobalt, nickel",Ore Site,CM resources,3,1,1,1,,,2024,USGS Critical mineral deposits of the United States v2.0,ScienceBase data release 10.5066/P9K1HBNT
ore-215,ore_site,Unnamed graphite site 215,CA,,38.01769,-120.37989,point,graphite,graphite,Ore Site,CM-past producer,1,1,1,0,,,2024,USGS Critical mineral deposits of the United States v2.0,ScienceBase data release 10.5066/P9K1HBNT
ore-223,ore_site,Unnamed lithium site 223,CA,,34.75329,-116.41756,point,lithium,lithium,Ore Site,CM resources,3,1,1,1,,,2024,USGS Critical mineral deposits of the United States v2.0,ScienceBase data release 10.5066/P9K1HBNT
ore-540,ore_site,Unnamed lithium site 540,CA,,33.22882,-115.62648,point,lithium,lithium,Ore Site,CM resources,3,1,1,1,,,2024,USGS Critical mineral deposits of the United States v2.0,ScienceBase data release 10.5066/P9K1HBNT
ore-553,ore_site,Unnamed lithium site 553,CA,,35.71765,-117.31597,point,lithium,"lithium, tungsten",Ore Site,CM resources,3,1,1,1,,,2024,USGS Critical mineral deposits of the United States v2.0,ScienceBase data release 10.5066/P9K1HBNT
ore-554,ore_site,Unnamed lithium site 554,CA,,35.725,-117.3302,point,lithium,lithium,Ore Site,CM-past producer,1,1,1,0,,,2024,USGS Critical mineral deposits of the United States v2.0,ScienceBase data release 10.5066/P9K1HBNT
ore-592,ore_site,Unnamed lithium site 592,CA,,33.38145,-117.06256,point,lithium,lithium,Ore Site,CM-past producer,1,1,1,0,,,2024,USGS Critical mineral deposits of the United States v2.0,ScienceBase data release 10.5066/P9K1HBNT
ore-373,ore_site,Unnamed magnesium site 373,CA,,38.5135,-122.31273,point,magnesium,magnesium,Ore Site,CM-past producer,1,1,1,0,,,2024,USGS Critical mineral deposits of the United States v2.0,ScienceBase data release 10.5066/P9K1HBNT
ore-427,ore_site,Unnamed magnesium site 427,CA,,34.77643,-114.77641,point,magnesium,magnesium,Ore Site,CM resources,3,1,0,1,,,2024,USGS Critical mineral deposits of the United States v2.0,ScienceBase data release 10.5066/P9K1HBNT
ore-173,ore_site,Unnamed tin site 173,CA,,34.82604,-118.76448,point,tin,"tin, tungsten",Ore Site,CM resources,3,1,1,1,,,2024,USGS Critical mineral deposits of the United States v2.0,ScienceBase data release 10.5066/P9K1HBNT
ore-393,ore_site,Unnamed tin site 393,CA,,34.83682,-118.74207,point,tin,tin,Ore Site,CM-past producer+resources,5,1,1,1,,,2024,USGS Critical mineral deposits of the United States v2.0,ScienceBase data release 10.5066/P9K1HBNT
ore-394,ore_site,Unnamed tin site 394,CA,,34.83676,-118.74284,point,tin,tin,Ore Site,CM-past producer+resources,5,1,1,1,,,2024,USGS Critical mineral deposits of the United States v2.0,ScienceBase data release 10.5066/P9K1HBNT
ore-643,ore_site,Unnamed tin site 643,CA,,34.84004,-118.73001,point,tin,tin,Ore Site,CM resources,3,1,1,1,,,2024,USGS Critical mineral deposits of the United States v2.0,ScienceBase data release 10.5066/P9K1HBNT
ore-303,ore_site,Unnamed titanium site 303,CA,,34.41611,-118.352,point,titanium,titanium,Ore Site,CM resources,2,1,1,1,,,2024,USGS Critical mineral deposits of the United States v2.0,ScienceBase data release 10.5066/P9K1HBNT
ore-104,ore_site,Unnamed tungsten site 104,CA,,37.35237,-118.70741,point,tungsten,tungsten,Ore Site,CM-past producer,1,1,1,0,,,2024,USGS Critical mineral deposits of the United States v2.0,ScienceBase data release 10.5066/P9K1HBNT
ore-13,ore_site,Unnamed tungsten site 13,CA,,34.25692,-117.6838,point,tungsten,tungsten,Ore Site,CM-past producer+resources,5,1,1,1,,,2024,USGS Critical mineral deposits of the United States v2.0,ScienceBase data release 10.5066/P9K1HBNT
ore-161,ore_site,Unnamed tungsten site 161,CA,,36.63617,-119.11428,point,tungsten,tungsten,Ore Site,CM-past producer,1,1,1,0,,,2024,USGS Critical mineral deposits of the United States v2.0,ScienceBase data release 10.5066/P9K1HBNT
ore-25,ore_site,Unnamed tungsten site 25,CA,,35.30332,-117.62783,point,tungsten,tungsten,Ore Site,CM-past producer+resources,5,1,1,1,,,2024,USGS Critical mineral deposits of the United States v2.0,ScienceBase data release 10.5066/P9K1HBNT
ore-352,ore_site,Unnamed tungsten site 352,CA,,37.34678,-118.53088,point,tungsten,tungsten,Ore Site,CM-past producer,1,1,1,0,,,2024,USGS Critical mineral deposits of the United States v2.0,ScienceBase data release 10.5066/P9K1HBNT
ore-486,ore_site,Unnamed tungsten site 486,CA,,37.3928,-118.71838,point,tungsten,tungsten,Ore Site,CM-past producer+resources,5,1,1,1,,,2024,USGS Critical mineral deposits of the United States v2.0,ScienceBase data release 10.5066/P9K1HBNT
ore-595,ore_site,Unnamed tungsten site 595,CA,,37.55164,-119.29455,point,tungsten,tungsten,Ore Site,CM-past producer+resources,5,1,1,1,,,2024,USGS Critical mineral deposits of the United States v2.0,ScienceBase data release 10.5066/P9K1HBNT
ore-629,ore_site,Unnamed tungsten site 629,CA,,37.3376,-118.66599,point,tungsten,tungsten,Ore Site,CM-past producer,1,1,1,0,,,2024,USGS Critical mineral deposits of the United States v2.0,ScienceBase data release 10.5066/P9K1HBNT
ore-63,ore_site,Unnamed tungsten site 63,CA,,37.68457,-118.52815,point,tungsten,tungsten,Ore Site,CM-past producer,1,1,1,0,,,2024,USGS Critical mineral deposits of the United States v2.0,ScienceBase data release 10.5066/P9K1HBNT
ore-633,ore_site,Unnamed tungsten site 633,CA,,35.68924,-117.87722,point,tungsten,tungsten,Ore Site,CM-past producer,1,1,1,0,,,2024,USGS Critical mineral deposits of the United States v2.0,ScienceBase data release 10.5066/P9K1HBNT
ore-636,ore_site,Unnamed tungsten site 636,CA,,35.79317,-118.66248,point,tungsten,tungsten,Ore Site,CM-past producer,1,1,1,0,,,2024,USGS Critical mineral deposits of the United States v2.0,ScienceBase data release 10.5066/P9K1HBNT
ore-140,ore_site,Unnamed zinc site 140,CA,,36.53968,-117.79174,point,zinc,zinc,Ore Site,CM-past producer,1,1,1,0,,,2024,USGS Critical mineral deposits of the United States v2.0,ScienceBase data release 10.5066/P9K1HBNT
ore-181,ore_site,Unnamed zinc site 181,CA,,36.29025,-117.59979,point,zinc,zinc,Ore Site,CM-past producer+resources,5,1,1,1,,,2024,USGS Critical mineral deposits of the United States v2.0,ScienceBase data release 10.5066/P9K1HBNT
ore-374,ore_site,Unnamed zinc site 374,CA,,40.76291,-122.45554,point,zinc,zinc,Ore Site,CM-past producer,1,1,1,0,,,2024,USGS Critical mineral deposits of the United States v2.0,ScienceBase data release 10.5066/P9K1HBNT
ore-547,ore_site,Unnamed zinc site 547,CA,,36.41803,-117.72313,point,zinc,zinc,Ore Site,CM-past producer,1,1,1,0,,,2024,USGS Critical mineral deposits of the United States v2.0,ScienceBase data release 10.5066/P9K1HBNT
ore-562,ore_site,Unnamed zinc site 562,CA,,35.83888,-116.10225,point,zinc,zinc,Ore Site,CM-past producer+resources,5,1,1,1,,,2024,USGS Critical mineral deposits of the United States v2.0,ScienceBase data release 10.5066/P9K1HBNT
ore-78,ore_site,Unnamed zinc site 78,CA,,37.56603,-120.25655,point,zinc,zinc,Ore Site,CM-past producer+resources,5,1,1,1,,,2024,USGS Critical mineral deposits of the United States v2.0,ScienceBase data release 10.5066/P9K1HBNT
ore-154,ore_site,Unnamed PGE site 154,CO,,39.36909,-106.1647,point,PGE,"PGE, rhenium, tin, tungsten",Ore Site,CM-past producer+resources,5,1,1,1,,,2024,USGS Critical mineral deposits of the United States v2.0,ScienceBase data release 10.5066/P9K1HBNT
ore-124,ore_site,Unnamed aluminum site 124,CO,,37.71111,-108.09005,point,aluminum,aluminum,Ore Site,CM resources,3,1,1,1,,,2024,USGS Critical mineral deposits of the United States v2.0,ScienceBase data release 10.5066/P9K1HBNT
ore-188,ore_site,Unnamed aluminum site 188,CO,,38.10472,-105.36139,point,aluminum,aluminum,Ore Site,Past producer+CM resources,2,1,1,1,,,2024,USGS Critical mineral deposits of the United States v2.0,ScienceBase data release 10.5066/P9K1HBNT
ore-514,ore_site,Unnamed aluminum site 514,CO,,37.97779,-107.33396,point,aluminum,aluminum,Ore Site,CM resources,3,1,1,1,,,2024,USGS Critical mineral deposits of the United States v2.0,ScienceBase data release 10.5066/P9K1HBNT
ore-102,ore_site,Unnamed beryllium site 102,CO,,38.5419,-106.62421,point,beryllium,"beryllium, lithium, niobium, REE, tantalum",Ore Site,CM-past producer,1,1,1,0,,,2024,USGS Critical mineral deposits of the United States v2.0,ScienceBase data release 10.5066/P9K1HBNT
ore-171,ore_site,Unnamed beryllium site 171,CO,,39.7861,-105.25614,point,beryllium,beryllium,Ore Site,CM-past producer+resources,5,1,1,1,,,2024,USGS Critical mineral deposits of the United States v2.0,ScienceBase data release 10.5066/P9K1HBNT
ore-296,ore_site,Unnamed beryllium site 296,CO,,40.4597,-105.35337,point,beryllium,beryllium,Ore Site,CM-past producer+resources,5,1,1,1,,,2024,USGS Critical mineral deposits of the United States v2.0,ScienceBase data release 10.5066/P9K1HBNT
ore-397,ore_site,Unnamed beryllium site 397,CO,,38.79306,-105.59586,point,beryllium,"beryllium, niobium, tantalum",Ore Site,CM-past producer+resources,5,1,1,1,,,2024,USGS Critical mineral deposits of the United States v2.0,ScienceBase data release 10.5066/P9K1HBNT
ore-399,ore_site,Unnamed beryllium site 399,CO,,38.4786,-105.3025,point,beryllium,"beryllium, niobium, tantalum",Ore Site,CM-past producer,1,1,1,0,,,2024,USGS Critical mineral deposits of the United States v2.0,ScienceBase data release 10.5066/P9K1HBNT
ore-673,ore_site,Unnamed beryllium site 673,CO,,40.59776,-105.36503,point,beryllium,beryllium,Ore Site,CM-past producer,1,1,1,0,,,2024,USGS Critical mineral deposits of the United States v2.0,ScienceBase data release 10.5066/P9K1HBNT
ore-85,ore_site,Unnamed beryllium site 85,CO,,39.07639,-105.44891,point,beryllium,beryllium,Ore Site,CM-past producer,1,1,1,0,,,2024,USGS Critical mineral deposits of the United States v2.0,ScienceBase data release 10.5066/P9K1HBNT
ore-115,ore_site,Unnamed fluorspar site 115,CO,,40.12248,-105.39865,point,fluorspar,fluorspar,Ore Site,CM-past producer,1,1,1,0,,,2024,USGS Critical mineral deposits of the United States v2.0,ScienceBase data release 10.5066/P9K1HBNT
ore-128,ore_site,Unnamed fluorspar site 128,CO,,40.95217,-106.26002,point,fluorspar,fluorspar,Ore Site,CM resources,3,1,0,1,,,2024,USGS Critical mineral deposits of the United States v2.0,ScienceBase data release 10.5066/P9K1HBNT
ore-22,ore_site,Unnamed fluorspar site 22,CO,,40.12972,-105.40082,point,fluorspar,fluorspar,Ore Site,CM-past producer,1,1,1,0,,,2024,USGS Critical mineral deposits of the United States v2.0,ScienceBase data release 10.5066/P9K1HBNT
ore-654,ore_site,Unnamed fluorspar site 654,CO,,37.74612,-106.82644,point,fluorspar,fluorspar,Ore Site,CM-past producer+resources,5,1,1,1,,,2024,USGS Critical mineral deposits of the United States v2.0,ScienceBase data release 10.5066/P9K1HBNT
ore-306,ore_site,Unnamed niobium site 306,CO,,38.2599,-107.071,point,niobium,"niobium, REE, titanium, vanadium",Ore Site,CM resources,3,1,1,1,,,2024,USGS Critical mineral deposits of the United States v2.0,ScienceBase data release 10.5066/P9K1HBNT
ore-275,ore_site,Unnamed rhenium site 275,CO,,39.75894,-105.83928,point,rhenium,rhenium,Ore Site,Past producer+CM resources,2,1,1,1,,,2024,USGS Critical mineral deposits of the United States v2.0,ScienceBase data release 10.5066/P9K1HBNT
ore-618,ore_site,Unnamed rhenium site 618,CO,,38.5653,-106.3679,point,rhenium,rhenium,Ore Site,Past producer+CM resources,2,1,1,1,,,2024,USGS Critical mineral deposits of the United States v2.0,ScienceBase data release 10.5066/P9K1HBNT
ore-644,ore_site,Unnamed rhenium site 644,CO,,39.75602,-105.8268,point,rhenium,rhenium,Ore Site,Past producer+CM resources,2,1,1,1,,,2024,USGS Critical mineral deposits of the United States v2.0,ScienceBase data release 10.5066/P9K1HBNT
ore-139,ore_site,Unnamed tungsten site 139,CO,,37.88334,-107.65064,point,tungsten,tungsten,Ore Site,CM-past producer+resources,5,1,1,1,,,2024,USGS Critical mineral deposits of the United States v2.0,ScienceBase data release 10.5066/P9K1HBNT
ore-157,ore_site,Unnamed tungsten site 157,CO,,39.97974,-105.49883,point,tungsten,tungsten,Ore Site,CM-past producer,1,1,1,0,,,2024,USGS Critical mineral deposits of the United States v2.0,ScienceBase data release 10.5066/P9K1HBNT
ore-159,ore_site,Unnamed tungsten site 159,CO,,39.98059,-105.48276,point,tungsten,tungsten,Ore Site,CM-past producer,1,1,1,0,,,2024,USGS Critical mineral deposits of the United States v2.0,ScienceBase data release 10.5066/P9K1HBNT
ore-160,ore_site,Unnamed tungsten site 160,CO,,39.97535,-105.52223,point,tungsten,tungsten,Ore Site,CM-past producer,1,1,1,0,,,2024,USGS Critical mineral deposits of the United States v2.0,ScienceBase data release 10.5066/P9K1HBNT
ore-172,ore_site,Unnamed tungsten site 172,CO,,39.98459,-105.47745,point,tungsten,tungsten,Ore Site,CM-past producer,1,1,1,0,,,2024,USGS Critical mineral deposits of the United States v2.0,ScienceBase data release 10.5066/P9K1HBNT
ore-19,ore_site,Unnamed tungsten site 19,CO,,40.00689,-105.40219,point,tungsten,tungsten,Ore Site,CM-past producer,1,1,1,0,,,2024,USGS Critical mineral deposits of the United States v2.0,ScienceBase data release 10.5066/P9K1HBNT
ore-214,ore_site,Unnamed tungsten site 214,CO,,40.00192,-105.41354,point,tungsten,tungsten,Ore Site,CM-past producer,1,1,1,0,,,2024,USGS Critical mineral deposits of the United States v2.0,ScienceBase data release 10.5066/P9K1HBNT
ore-355,ore_site,Unnamed tungsten site 355,CO,,39.98219,-105.50356,point,tungsten,tungsten,Ore Site,CM-past producer,1,1,1,0,,,2024,USGS Critical mineral deposits of the United States v2.0,ScienceBase data release 10.5066/P9K1HBNT
ore-364,ore_site,Unnamed tungsten site 364,CO,,40.00431,-105.40756,point,tungsten,tungsten,Ore Site,CM-past producer,1,1,1,0,,,2024,USGS Critical mineral deposits of the United States v2.0,ScienceBase data release 10.5066/P9K1HBNT
ore-375,ore_site,Unnamed tungsten site 375,CO,,39.94416,-105.48587,point,tungsten,tungsten,Ore Site,CM-past producer,1,1,1,0,,,2024,USGS Critical mineral deposits of the United States v2.0,ScienceBase data release 10.5066/P9K1HBNT
ore-453,ore_site,Unnamed tungsten site 453,CO,,40.00662,-105.44908,point,tungsten,tungsten,Ore Site,CM-past producer,1,1,1,0,,,2024,USGS Critical mineral deposits of the United States v2.0,ScienceBase data release 10.5066/P9K1HBNT
ore-500,ore_site,Unnamed tungsten site 500,CO,,39.97421,-105.52815,point,tungsten,tungsten,Ore Site,CM-past producer,1,1,1,0,,,2024,USGS Critical mineral deposits of the United States v2.0,ScienceBase data release 10.5066/P9K1HBNT
ore-525,ore_site,Unnamed tungsten site 525,CO,,39.99698,-105.43733,point,tungsten,tungsten,Ore Site,CM-past producer,1,1,1,0,,,2024,USGS Critical mineral deposits of the United States v2.0,ScienceBase data release 10.5066/P9K1HBNT
ore-630,ore_site,Unnamed tungsten site 630,CO,,39.94334,-105.49777,point,tungsten,tungsten,Ore Site,CM-past producer,1,1,1,0,,,2024,USGS Critical mineral deposits of the United States v2.0,ScienceBase data release 10.5066/P9K1HBNT
ore-649,ore_site,Unnamed tungsten site 649,CO,,39.97744,-105.48461,point,tungsten,tungsten,Ore Site,CM-past producer,1,1,1,0,,,2024,USGS Critical mineral deposits of the United States v2.0,ScienceBase data release 10.5066/P9K1HBNT
ore-650,ore_site,Unnamed tungsten site 650,CO,,39.97127,-105.48327,point,tungsten,tungsten,Ore Site,CM-past producer,1,1,1,0,,,2024,USGS Critical mineral deposits of the United States v2.0,ScienceBase data release 10.5066/P9K1HBNT
ore-255,ore_site,Unnamed vanadium site 255,CO,,37.71279,-107.89786,point,vanadium,vanadium,Ore Site,CM-past producer,1,1,1,0,,,2024,USGS Critical mineral deposits of the United States v2.0,ScienceBase data release 10.5066/P9K1HBNT
ore-522,ore_site,Unnamed vanadium site 522,CO,,39.66581,-107.68733,point,vanadium,vanadium,Ore Site,CM-past producer,1,1,1,0,,,2024,USGS Critical mineral deposits of the United States v2.0,ScienceBase data release 10.5066/P9K1HBNT
ore-564,ore_site,Unnamed vanadium site 564,CO,,40.11386,-107.66038,point,vanadium,vanadium,Ore Site,CM-past producer,1,1,1,0,,,2024,USGS Critical mineral deposits of the United States v2.0,ScienceBase data release 10.5066/P9K1HBNT
ore-576,ore_site,Unnamed vanadium site 576,CO,,38.04972,-108.85778,point,vanadium,vanadium,Ore Site,CM-past producer+resources,5,1,1,1,,,2024,USGS Critical mineral deposits of the United States v2.0,ScienceBase data release 10.5066/P9K1HBNT
ore-599,ore_site,Unnamed vanadium site 599,CO,,38.0719,-108.80487,point,vanadium,vanadium,Ore Site,CM-past producer+resources,5,1,1,1,,,2024,USGS Critical mineral deposits of the United States v2.0,ScienceBase data release 10.5066/P9K1HBNT
ore-620,ore_site,Unnamed vanadium site 620,CO,,38.66428,-108.90446,point,vanadium,vanadium,Ore Site,CM-past producer+resources,5,1,1,1,,,2024,USGS Critical mineral deposits of the United States v2.0,ScienceBase data release 10.5066/P9K1HBNT
ore-663,ore_site,Unnamed vanadium site 663,CO,,38.16962,-108.56347,point,vanadium,vanadium,Ore Site,CM-past producer+resources,5,1,1,1,,,2024,USGS Critical mineral deposits of the United States v2.0,ScienceBase data release 10.5066/P9K1HBNT
ore-666,ore_site,Unnamed vanadium site 666,CO,,38.64258,-109.04839,point,vanadium,vanadium,Ore Site,CM-past producer+resources,5,1,1,1,,,2024,USGS Critical mineral deposits of the United States v2.0,ScienceBase data release 10.5066/P9K1HBNT
ore-669,ore_site,Unnamed vanadium site 669,CO,,38.05211,-108.75894,point,vanadium,vanadium,Ore Site,CM resources,3,1,1,1,,,2024,USGS Critical mineral deposits of the United States v2.0,ScienceBase data release 10.5066/P9K1HBNT
ore-239,ore_site,Unnamed zinc site 239,CO,,39.53332,-106.377,point,zinc,zinc,Ore Site,CM-past producer+resources,5,1,1,1,,,2024,USGS Critical mineral deposits of the United States v2.0,ScienceBase data release 10.5066/P9K1HBNT
ore-24,ore_site,Unnamed zinc site 24,CO,,39.17832,-106.8234,point,zinc,zinc,Ore Site,CM-past producer+resources,5,1,1,1,,,2024,USGS Critical mineral deposits of the United States v2.0,ScienceBase data release 10.5066/P9K1HBNT
ore-348,ore_site,Unnamed zinc site 348,CO,,39.23388,-106.76006,point,zinc,zinc,Ore Site,CM-past producer+resources,5,1,1,1,,,2024,USGS Critical mineral deposits of the United States v2.0,ScienceBase data release 10.5066/P9K1HBNT
ore-541,ore_site,Unnamed zinc site 541,CO,,37.85665,-106.93612,point,zinc,zinc,Ore Site,Past producer+CM resources,2,1,1,1,,,2024,USGS Critical mineral deposits of the United States v2.0,ScienceBase data release 10.5066/P9K1HBNT
ore-560,ore_site,Unnamed zinc site 560,CO,,39.22809,-106.17561,point,zinc,zinc,Ore Site,CM-past producer+resources,5,1,1,1,,,2024,USGS Critical mineral deposits of the United States v2.0,ScienceBase data release 10.5066/P9K1HBNT
ore-659,ore_site,Unnamed zinc site 659,CO,,39.4836,-106.01532,point,zinc,zinc,Ore Site,CM-past producer,1,1,1,0,,,2024,USGS Critical mineral deposits of the United States v2.0,ScienceBase data release 10.5066/P9K1HBNT
ore-549,ore_site,Unnamed beryllium site 549,CT,,41.45079,-72.51312,point,beryllium,beryllium,Ore Site,CM-past producer,1,1,1,0,,,2024,USGS Critical mineral deposits of the United States v2.0,ScienceBase data release 10.5066/P9K1HBNT
ore-256,ore_site,Unnamed REE site 256,FL,,29.9072,-81.73379,point,REE,"REE, titanium, zirconium",Ore Site,CM-past producer+resources,5,1,1,1,,,2024,USGS Critical mineral deposits of the United States v2.0,ScienceBase data release 10.5066/P9K1HBNT
ore-316,ore_site,Unnamed REE site 316,FL,,30.30303,-81.56256,point,REE,"REE, titanium, zirconium",Ore Site,CM-past producer+resources,5,1,1,1,,,2024,USGS Critical mineral deposits of the United States v2.0,ScienceBase data release 10.5066/P9K1HBNT
ore-492,ore_site,Unnamed REE site 492,FL,,30.22395,-81.3727,point,REE,REE,Ore Site,CM-past producer,1,1,1,0,,,2024,USGS Critical mineral deposits of the United States v2.0,ScienceBase data release 10.5066/P9K1HBNT
ore-624,ore_site,Unnamed REE site 624,FL,,30.16496,-82.04738,point,REE,"REE, titanium, zirconium",Ore Site,CM-recent producer+resources,6,1,1,1,,,2024,USGS Critical mineral deposits of the United States v2.0,ScienceBase data release 10.5066/P9K1HBNT
ore-684,ore_site,Unnamed REE site 684,FL,,30.66667,-81.56667,point,REE,"REE, titanium, zirconium",Ore Site,CM resources,3,1,1,1,,,2024,USGS Critical mineral deposits of the United States v2.0,ScienceBase data release 10.5066/P9K1HBNT
ore-92,ore_site,Unnamed REE site 92,FL,,30.74103,-81.98456,point,REE,"REE, titanium, zirconium",Ore Site,CM-past producer+resources,5,1,1,1,,,2024,USGS Critical mineral deposits of the United States v2.0,ScienceBase data release 10.5066/P9K1HBNT
ore-10,ore_site,Unnamed titanium site 10,FL,,30.61695,-81.44983,point,titanium,"titanium, zirconium",Ore Site,CM resources,3,1,1,1,,,2024,USGS Critical mineral deposits of the United States v2.0,ScienceBase data release 10.5066/P9K1HBNT
ore-105,ore_site,Unnamed REE site 105,GA,,31.31667,-81.46667,point,REE,REE,Ore Site,CM resources,3,1,0,1,,,2024,USGS Critical mineral deposits of the United States v2.0,ScienceBase data release 10.5066/P9K1HBNT
ore-176,ore_site,Unnamed REE site 176,GA,,30.84653,-81.42642,point,REE,REE,Ore Site,CM resources,3,1,1,1,,,2024,USGS Critical mineral deposits of the United States v2.0,ScienceBase data release 10.5066/P9K1HBNT
ore-222,ore_site,Unnamed REE site 222,GA,,30.88175,-81.98046,point,REE,"REE, titanium, zirconium",Ore Site,CM resources,3,1,0,1,,,2024,USGS Critical mineral deposits of the United States v2.0,ScienceBase data release 10.5066/P9K1HBNT
ore-610,ore_site,Unnamed aluminum site 610,GA,,32.18268,-84.08131,point,aluminum,aluminum,Ore Site,CM-past producer+resources,5,1,1,1,,,2024,USGS Critical mineral deposits of the United States v2.0,ScienceBase data release 10.5066/P9K1HBNT
ore-120,ore_site,Unnamed heavy minerals site 120,GA,,30.9252,-81.5972,point,heavy minerals,"heavy minerals, titanium",Ore Site,CM resources,3,1,1,1,,,2024,USGS Critical mineral deposits of the United States v2.0,ScienceBase data release 10.5066/P9K1HBNT
ore-407,ore_site,Unnamed titanium site 407,GA,,31.0715,-81.96367,point,titanium,"titanium, zirconium",Ore Site,CM-recent producer+resources,6,1,1,1,,,2024,USGS Critical mineral deposits of the United States v2.0,ScienceBase data release 10.5066/P9K1HBNT
ore-324,ore_site,Unnamed aluminum site 324,HI,,22.07404,-159.50228,point,aluminum,"aluminum, titanium",Ore Site,CM resources,3,1,1,1,,,2024,USGS Critical mineral deposits of the United States v2.0,ScienceBase data release 10.5066/P9K1HBNT
ore-123,ore_site,Unnamed REE site 123,ID,,42.72755,-111.37263,point,REE,REE,Ore Site,Past producer+CM resources,2,1,1,1,,,2024,USGS Critical mineral deposits of the United States v2.0,ScienceBase data release 10.5066/P9K1HBNT
ore-189,ore_site,Unnamed REE site 189,ID,,45.32748,-113.94673,point,REE,REE,Ore Site,CM resources,3,1,1,1,,,2024,USGS Critical mineral deposits of the United States v2.0,ScienceBase data release 10.5066/P9K1HBNT
ore-232,ore_site,Unnamed REE site 232,ID,,43.0485,-112.1119,point,REE,REE,Ore Site,Past producer+CM resources,2,1,1,1,,,2024,USGS Critical mineral deposits of the United States v2.0,ScienceBase data release 10.5066/P9K1HBNT
ore-276,ore_site,Unnamed REE site 276,ID,,42.8762,-111.4732,point,REE,REE,Ore Site,Past producer+CM resources,2,1,1,1,,,2024,USGS Critical mineral deposits of the United States v2.0,ScienceBase data release 10.5066/P9K1HBNT
ore-295,ore_site,Unnamed REE site 295,ID,,42.70217,-111.25382,point,REE,REE,Ore Site,CM resources,3,1,1,1,,,2024,USGS Critical mineral deposits of the United States v2.0,ScienceBase data release 10.5066/P9K1HBNT
ore-356,ore_site,Unnamed REE site 356,ID,,44.47657,-115.9884,point,REE,REE,Ore Site,CM-past producer,1,1,1,0,,,2024,USGS Critical mineral deposits of the United States v2.0,ScienceBase data release 10.5066/P9K1HBNT
ore-386,ore_site,Unnamed REE site 386,ID,,42.7634,-111.3089,point,REE,REE,Ore Site,Past producer+CM resources,2,1,1,1,,,2024,USGS Critical mineral deposits of the United States v2.0,ScienceBase data release 10.5066/P9K1HBNT
ore-412,ore_site,Unnamed REE site 412,ID,,44.90378,-115.2674,point,REE,REE,Ore Site,CM resources,3,1,1,1,,,2024,USGS Critical mineral deposits of the United States v2.0,ScienceBase data release 10.5066/P9K1HBNT
ore-421,ore_site,Unnamed REE site 421,ID,,42.6393,-111.2855,point,REE,REE,Ore Site,Past producer+CM resources,2,1,1,1,,,2024,USGS Critical mineral deposits of the United States v2.0,ScienceBase data release 10.5066/P9K1HBNT
ore-439,ore_site,Unnamed REE site 439,ID,,42.905,-111.5082,point,REE,"REE, vanadium",Ore Site,Past producer+CM resources,2,1,1,1,,,2024,USGS Critical mineral deposits of the United States v2.0,ScienceBase data release 10.5066/P9K1HBNT
ore-471,ore_site,Unnamed REE site 471,ID,,44.50877,-115.97737,point,REE,REE,Ore Site,CM resources,3,1,1,1,,,2024,USGS Critical mineral deposits of the United States v2.0,ScienceBase data release 10.5066/P9K1HBNT
ore-577,ore_site,Unnamed REE site 577,ID,,42.6968,-111.1319,point,REE,REE,Ore Site,Past producer+CM resources,2,1,1,1,,,2024,USGS Critical mineral deposits of the United States v2.0,ScienceBase data release 10.5066/P9K1HBNT
ore-623,ore_site,Unnamed REE site 623,ID,,42.73333,-111.4166,point,REE,REE,Ore Site,CM resources,3,1,1,1,,,2024,USGS Critical mineral deposits of the United States v2.0,ScienceBase data release 10.5066/P9K1HBNT
ore-65,ore_site,Unnamed REE site 65,ID,,42.7907,-111.5244,point,REE,REE,Ore Site,Past producer+CM resources,2,1,1,1,,,2024,USGS Critical mineral deposits of the United States v2.0,ScienceBase data release 10.5066/P9K1HBNT
ore-277,ore_site,Unnamed antimony site 277,ID,,43.85958,-115.34454,point,antimony,antimony,Ore Site,CM-past producer,1,1,1,0,,,2024,USGS Critical mineral deposits of the United States v2.0,ScienceBase data release 10.5066/P9K1HBNT
ore-679,ore_site,Unnamed antimony site 679,ID,,44.9284,-115.3354,point,antimony,"antimony, tungsten",Ore Site,CM-past producer+resources,5,1,1,1,,,2024,USGS Critical mineral deposits of the United States v2.0,ScienceBase data release 10.5066/P9K1HBNT
ore-680,ore_site,Unnamed antimony site 680,ID,,44.8981,-115.3384,point,antimony,"antimony, tungsten",Ore Site,CM-past producer+resources,5,1,1,1,,,2024,USGS Critical mineral deposits of the United States v2.0,ScienceBase data release 10.5066/P9K1HBNT
ore-681,ore_site,Unnamed antimony site 681,ID,,44.9318,-115.3188,point,antimony,antimony,Ore Site,CM-past producer+resources,5,1,1,1,,,2024,USGS Critical mineral deposits of the United States v2.0,ScienceBase data release 10.5066/P9K1HBNT
ore-290,ore_site,Unnamed arsenic site 290,ID,,48.16657,-116.17545,point,arsenic,"arsenic, zinc",Ore Site,CM-past producer,1,1,1,0,,,2024,USGS Critical mineral deposits of the United States v2.0,ScienceBase data release 10.5066/P9K1HBNT
ore-598,ore_site,Unnamed barite site 598,ID,,43.54879,-114.48981,point,barite,barite,Ore Site,CM-past producer,1,1,1,0,,,2024,USGS Critical mineral deposits of the United States v2.0,ScienceBase data release 10.5066/P9K1HBNT
ore-425,ore_site,Unnamed beryllium site 425,ID,,46.88956,-116.57933,point,beryllium,beryllium,Ore Site,CM-past producer,1,1,1,0,,,2024,USGS Critical mineral deposits of the United States v2.0,ScienceBase data release 10.5066/P9K1HBNT
ore-297,ore_site,Unnamed cobalt site 297,ID,,45.13384,-114.35805,point,cobalt,cobalt,Ore Site,CM-past producer+resources,5,1,1,1,,,2024,USGS Critical mineral deposits of the United States v2.0,ScienceBase data release 10.5066/P9K1HBNT
ore-305,ore_site,Unnamed cobalt site 305,ID,,44.9627,-114.1218,point,cobalt,cobalt,Ore Site,CM resources,3,1,1,1,,,2024,USGS Critical mineral deposits of the United States v2.0,ScienceBase data release 10.5066/P9K1HBNT
ore-506,ore_site,Unnamed cobalt site 506,ID,,45.14378,-114.35994,point,cobalt,cobalt,Ore Site,CM resources,3,1,1,1,,,2024,USGS Critical mineral deposits of the United States v2.0,ScienceBase data release 10.5066/P9K1HBNT
ore-538,ore_site,Unnamed cobalt site 538,ID,,45.29972,-114.55751,point,cobalt,cobalt,Ore Site,CM resources,3,1,1,1,,,2024,USGS Critical mineral deposits of the United States v2.0,ScienceBase data release 10.5066/P9K1HBNT
ore-600,ore_site,Unnamed cobalt site 600,ID,,45.134,-114.36366,point,cobalt,cobalt,Ore Site,CM resources,3,1,1,1,,,2024,USGS Critical mineral deposits of the United States v2.0,ScienceBase data release 10.5066/P9K1HBNT
ore-64,ore_site,Unnamed cobalt site 64,ID,,45.11736,-114.34256,point,cobalt,cobalt,Ore Site,CM-past producer+resources,5,1,1,1,,,2024,USGS Critical mineral deposits of the United States v2.0,ScienceBase data release 10.5066/P9K1HBNT
ore-66,ore_site,Unnamed cobalt site 66,ID,,45.04685,-114.2038,point,cobalt,cobalt,Ore Site,Past producer+CM resources,2,1,1,1,,,2024,USGS Critical mineral deposits of the United States v2.0,ScienceBase data release 10.5066/P9K1HBNT
ore-236,ore_site,Unnamed fluorspar site 236,ID,,44.24988,-114.85673,point,fluorspar,fluorspar,Ore Site,CM-past producer,1,1,1,0,,,2024,USGS Critical mineral deposits of the United States v2.0,ScienceBase data release 10.5066/P9K1HBNT
ore-328,ore_site,Unnamed fluorspar site 328,ID,,44.44519,-114.32842,point,fluorspar,fluorspar,Ore Site,Past producer+CM resources,2,1,1,1,,,2024,USGS Critical mineral deposits of the United States v2.0,ScienceBase data release 10.5066/P9K1HBNT
ore-338,ore_site,Unnamed fluorspar site 338,ID,,44.4862,-114.3347,point,fluorspar,fluorspar,Ore Site,CM resources,3,1,1,1,,,2024,USGS Critical mineral deposits of the United States v2.0,ScienceBase data release 10.5066/P9K1HBNT
ore-396,ore_site,Unnamed fluorspar site 396,ID,,44.85318,-114.5005,point,fluorspar,fluorspar,Ore Site,CM-past producer+resources,5,1,1,1,,,2024,USGS Critical mineral deposits of the United States v2.0,ScienceBase data release 10.5066/P9K1HBNT
ore-457,ore_site,Unnamed fluorspar site 457,ID,,44.4111,-114.3197,point,fluorspar,fluorspar,Ore Site,Past producer+CM resources,2,1,1,1,,,2024,USGS Critical mineral deposits of the United States v2.0,ScienceBase data release 10.5066/P9K1HBNT
ore-466,ore_site,Unnamed fluorspar site 466,ID,,42.19323,-111.4375,point,fluorspar,"fluorspar, REE, vanadium",Ore Site,CM resources,3,1,0,1,,,2024,USGS Critical mineral deposits of the United States v2.0,ScienceBase data release 10.5066/P9K1HBNT
ore-51,ore_site,Unnamed fluorspar site 51,ID,,44.85488,-114.50403,point,fluorspar,fluorspar,Ore Site,CM-past producer,1,1,1,0,,,2024,USGS Critical mineral deposits of the United States v2.0,ScienceBase data release 10.5066/P9K1HBNT
ore-42,ore_site,Unnamed niobium site 42,ID,,44.37071,-115.40178,point,niobium,"niobium, REE, tantalum",Ore Site,CM-past producer+resources,5,1,1,1,,,2024,USGS Critical mineral deposits of the United States v2.0,ScienceBase data release 10.5066/P9K1HBNT
ore-177,ore_site,Unnamed rhenium site 177,ID,,44.03394,-115.78297,point,rhenium,"rhenium, tungsten",Ore Site,Past producer+CM resources,2,1,1,1,,,2024,USGS Critical mineral deposits of the United States v2.0,ScienceBase data release 10.5066/P9K1HBNT
ore-611,ore_site,Unnamed rhenium site 611,ID,,44.31924,-114.55675,point,rhenium,"rhenium, tungsten",Ore Site,CM-past producer+resources,5,1,1,1,,,2024,USGS Critical mineral deposits of the United States v2.0,ScienceBase data release 10.5066/P9K1HBNT
ore-299,ore_site,Unnamed tungsten site 299,ID,,44.53288,-113.69269,point,tungsten,tungsten,Ore Site,CM-past producer+resources,5,1,1,1,,,2024,USGS Critical mineral deposits of the United States v2.0,ScienceBase data release 10.5066/P9K1HBNT
ore-631,ore_site,Unnamed tungsten site 631,ID,,44.33391,-114.58608,point,tungsten,tungsten,Ore Site,CM-past producer+resources,5,1,1,1,,,2024,USGS Critical mineral deposits of the United States v2.0,ScienceBase data release 10.5066/P9K1HBNT
ore-112,ore_site,Unnamed zinc site 112,ID,,47.53377,-116.13913,point,zinc,zinc,Ore Site,CM-recent producer+resources,6,1,1,1,,,2024,USGS Critical mineral deposits of the United States v2.0,ScienceBase data release 10.5066/P9K1HBNT
ore-211,ore_site,Unnamed zinc site 211,ID,,43.89197,-113.66932,point,zinc,zinc,Ore Site,CM-past producer+resources,5,1,1,1,,,2024,USGS Critical mineral deposits of the United States v2.0,ScienceBase data release 10.5066/P9K1HBNT
ore-264,ore_site,Unnamed zinc site 264,ID,,44.31989,-114.56593,point,zinc,zinc,Ore Site,CM-past producer,1,1,1,0,,,2024,USGS Critical mineral deposits of the United States v2.0,ScienceBase data release 10.5066/P9K1HBNT
ore-289,ore_site,Unnamed zinc site 289,ID,,44.1711,-114.6333,point,zinc,zinc,Ore Site,CM-past producer+resources,5,1,1,1,,,2024,USGS Critical mineral deposits of the United States v2.0,ScienceBase data release 10.5066/P9K1HBNT
ore-366,ore_site,Unnamed zinc site 366,ID,,47.47056,-115.7833,point,zinc,zinc,Ore Site,CM-recent producer+resources,6,1,1,1,,,2024,USGS Critical mineral deposits of the United States v2.0,ScienceBase data release 10.5066/P9K1HBNT
ore-580,ore_site,Unnamed zinc site 580,ID,,42.73704,-116.9189,point,zinc,zinc,Ore Site,CM-past producer+resources,5,1,1,1,,,2024,USGS Critical mineral deposits of the United States v2.0,ScienceBase data release 10.5066/P9K1HBNT
ore-590,ore_site,Unnamed zinc site 590,ID,,47.49379,-115.8182,point,zinc,zinc,Ore Site,CM-past producer+resources,5,1,1,1,,,2024,USGS Critical mineral deposits of the United States v2.0,ScienceBase data release 10.5066/P9K1HBNT
ore-626,ore_site,Unnamed zinc site 626,ID,,43.645,-114.2603,point,zinc,zinc,Ore Site,CM-past producer+resources,5,1,1,1,,,2024,USGS Critical mineral deposits of the United States v2.0,ScienceBase data release 10.5066/P9K1HBNT
ore-97,ore_site,Unnamed zinc site 97,ID,,47.5274,-116.17597,point,zinc,zinc,Ore Site,CM-past producer+resources,5,1,1,1,,,2024,USGS Critical mineral deposits of the United States v2.0,ScienceBase data release 10.5066/P9K1HBNT
ore-280,ore_site,Unnamed barite site 280,IL,,37.53364,-88.36825,point,barite,"barite, fluorspar, niobium, REE",Ore Site,CM resources,3,1,1,1,,,2024,USGS Critical mineral deposits of the United States v2.0,ScienceBase data release 10.5066/P9K1HBNT
ore-39,ore_site,Unnamed barite site 39,IL,,37.44867,-88.42974,point,barite,"barite, fluorspar",Ore Site,CM-past producer+resources,5,1,1,1,,,2024,USGS Critical mineral deposits of the United States v2.0,ScienceBase data release 10.5066/P9K1HBNT
ore-15,ore_site,Unnamed fluorspar site 15,IL,,37.5767,-88.1995,point,fluorspar,"fluorspar, zinc",Ore Site,CM-past producer,1,1,1,0,,,2024,USGS Critical mineral deposits of the United States v2.0,ScienceBase data release 10.5066/P9K1HBNT
ore-182,ore_site,Unnamed fluorspar site 182,IL,,37.5205,-88.1992,point,fluorspar,"fluorspar, zinc",Ore Site,CM-past producer,1,1,1,0,,,2024,USGS Critical mineral deposits of the United States v2.0,ScienceBase data release 10.5066/P9K1HBNT
ore-318,ore_site,Unnamed fluorspar site 318,IL,,37.46477,-88.41194,point,fluorspar,fluorspar,Ore Site,CM-past producer,1,1,1,0,,,2024,USGS Critical mineral deposits of the United States v2.0,ScienceBase data release 10.5066/P9K1HBNT
ore-528,ore_site,Unnamed fluorspar site 528,IL,,37.57367,-88.40974,point,fluorspar,"fluorspar, zinc",Ore Site,CM-past producer,1,1,1,0,,,2024,USGS Critical mineral deposits of the United States v2.0,ScienceBase data release 10.5066/P9K1HBNT
ore-529,ore_site,Unnamed fluorspar site 529,IL,,37.42535,-88.34837,point,fluorspar,fluorspar,Ore Site,CM-past producer,1,1,1,0,,,2024,USGS Critical mineral deposits of the United States v2.0,ScienceBase data release 10.5066/P9K1HBNT
ore-228,ore_site,Unnamed zinc site 228,KS,,37.06677,-94.61693,point,zinc,zinc,Ore Site,CM-past producer,1,1,1,0,,,2024,USGS Critical mineral deposits of the United States v2.0,ScienceBase data release 10.5066/P9K1HBNT
ore-197,ore_site,Unnamed fluorspar site 197,KY,,37.27147,-88.24063,point,fluorspar,fluorspar,Ore Site,CM-past producer,1,1,1,0,,,2024,USGS Critical mineral deposits of the United States v2.0,ScienceBase data release 10.5066/P9K1HBNT
ore-333,ore_site,Unnamed fluorspar site 333,KY,,37.21947,-88.32924,point,fluorspar,fluorspar,Ore Site,CM-recent producer+resources,6,1,1,1,,,2024,USGS Critical mineral deposits of the United States v2.0,ScienceBase data release 10.5066/P9K1HBNT
ore-114,ore_site,Unnamed zinc site 114,KY,,36.77508,-85.33494,point,zinc,zinc,Ore Site,CM resources,3,1,1,1,,,2024,USGS Critical mineral deposits of the United States v2.0,ScienceBase data release 10.5066/P9K1HBNT
ore-224,ore_site,Unnamed zinc site 224,KY,,36.70428,-85.94306,point,zinc,zinc,Ore Site,CM resources,3,1,1,1,,,2024,USGS Critical mineral deposits of the United States v2.0,ScienceBase data release 10.5066/P9K1HBNT
ore-517,ore_site,Unnamed chromium site 517,MD,,39.6119,-76.455,point,chromium,chromium,Ore Site,CM-past producer,1,1,1,0,,,2024,USGS Critical mineral deposits of the United States v2.0,ScienceBase data release 10.5066/P9K1HBNT
ore-190,ore_site,Unnamed titanium site 190,MD,,39.70002,-76.383,point,titanium,titanium,Ore Site,CM resources,3,1,1,1,,,2024,USGS Critical mineral deposits of the United States v2.0,ScienceBase data release 10.5066/P9K1HBNT
ore-34,ore_site,Unnamed arsenic site 34,ME,,46.73457,-68.74477,point,arsenic,"arsenic, zinc",Ore Site,CM resources,3,1,1,1,,,2024,USGS Critical mineral deposits of the United States v2.0,ScienceBase data release 10.5066/P9K1HBNT
ore-61,ore_site,Unnamed beryllium site 61,ME,,44.58556,-70.64633,point,beryllium,"beryllium, lithium, tin",Ore Site,CM-past producer+resources,5,1,1,1,,,2024,USGS Critical mineral deposits of the United States v2.0,ScienceBase data release 10.5066/P9K1HBNT
ore-323,ore_site,Unnamed cobalt site 323,ME,,45.44328,-69.19437,point,cobalt,"cobalt, nickel",Ore Site,CM resources,3,1,1,1,,,2024,USGS Critical mineral deposits of the United States v2.0,ScienceBase data release 10.5066/P9K1HBNT
ore-336,ore_site,Unnamed cobalt site 336,ME,,44.17167,-69.27481,point,cobalt,"cobalt, nickel",Ore Site,CM resources,3,1,1,1,,,2024,USGS Critical mineral deposits of the United States v2.0,ScienceBase data release 10.5066/P9K1HBNT
ore-639,ore_site,Unnamed cobalt site 639,ME,,44.19859,-69.24103,point,cobalt,"cobalt, nickel",Ore Site,CM resources,3,1,1,1,,,2024,USGS Critical mineral deposits of the United States v2.0,ScienceBase data release 10.5066/P9K1HBNT
ore-656,ore_site,Unnamed cobalt site 656,ME,,44.17517,-69.25614,point,cobalt,"cobalt, nickel",Ore Site,CM resources,3,1,1,1,,,2024,USGS Critical mineral deposits of the United States v2.0,ScienceBase data release 10.5066/P9K1HBNT
ore-491,ore_site,Unnamed lithium site 491,ME,,44.53716,-70.73913,point,lithium,lithium,Ore Site,CM resources,3,1,1,1,,,2024,USGS Critical mineral deposits of the United States v2.0,ScienceBase data release 10.5066/P9K1HBNT
ore-194,ore_site,Unnamed manganese site 194,ME,,46.68154,-68.19122,point,manganese,manganese,Ore Site,CM resources,3,1,1,1,,,2024,USGS Critical mineral deposits of the United States v2.0,ScienceBase data release 10.5066/P9K1HBNT
ore-233,ore_site,Unnamed manganese site 233,ME,,46.95979,-68.09503,point,manganese,manganese,Ore Site,CM resources,3,1,1,1,,,2024,USGS Critical mineral deposits of the United States v2.0,ScienceBase data release 10.5066/P9K1HBNT
ore-378,ore_site,Unnamed manganese site 378,ME,,46.39322,-68.0316,point,manganese,manganese,Ore Site,CM resources,3,1,1,1,,,2024,USGS Critical mineral deposits of the United States v2.0,ScienceBase data release 10.5066/P9K1HBNT
ore-271,ore_site,Unnamed nickel site 271,ME,,44.20792,-69.23719,point,nickel,nickel,Ore Site,CM resources,3,1,1,1,,,2024,USGS Critical mineral deposits of the United States v2.0,ScienceBase data release 10.5066/P9K1HBNT
ore-432,ore_site,Unnamed tin site 432,ME,,44.54444,-70.72111,point,tin,tin,Ore Site,CM resources,3,1,0,1,,,2024,USGS Critical mineral deposits of the United States v2.0,ScienceBase data release 10.5066/P9K1HBNT
ore-125,ore_site,Unnamed zinc site 125,ME,,44.36662,-68.68269,point,zinc,zinc,Ore Site,CM-past producer,1,1,1,1,,,2024,USGS Critical mineral deposits of the United States v2.0,ScienceBase data release 10.5066/P9K1HBNT
ore-326,ore_site,Unnamed zinc site 326,ME,,44.39516,-68.61328,point,zinc,zinc,Ore Site,CM-past producer,1,1,1,1,,,2024,USGS Critical mineral deposits of the United States v2.0,ScienceBase data release 10.5066/P9K1HBNT
ore-416,ore_site,Unnamed zinc site 416,ME,,46.134,-68.445,point,zinc,zinc,Ore Site,CM resources,3,1,1,1,,,2024,USGS Critical mineral deposits of the United States v2.0,ScienceBase data release 10.5066/P9K1HBNT
ore-195,ore_site,Unnamed cobalt site 195,MI,,46.7464,-87.8848,point,cobalt,"cobalt, nickel, PGE",Ore Site,CM-recent producer+resources,6,1,1,1,,,2024,USGS Critical mineral deposits of the United States v2.0,ScienceBase data release 10.5066/P9K1HBNT
ore-279,ore_site,Unnamed potash site 279,MI,,43.8339,-85.3543,point,potash,potash,Ore Site,CM-past producer+resources,5,1,1,1,,,2024,USGS Critical mineral deposits of the United States v2.0,ScienceBase data release 10.5066/P9K1HBNT
ore-30,ore_site,Unnamed zinc site 30,MI,,45.45,-87.85,point,zinc,zinc,Ore Site,CM resources,3,1,1,1,,,2024,USGS Critical mineral deposits of the United States v2.0,ScienceBase data release 10.5066/P9K1HBNT
ore-384,ore_site,Unnamed cobalt site 384,MN,,47.8048,-91.72869,point,cobalt,"cobalt, nickel, PGE",Ore Site,CM resources,3,1,1,1,,,2024,USGS Critical mineral deposits of the United States v2.0,ScienceBase data release 10.5066/P9K1HBNT
ore-385,ore_site,Unnamed cobalt site 385,MN,,47.7841,-91.78913,point,cobalt,"cobalt, nickel, PGE",Ore Site,CM resources,3,1,1,1,,,2024,USGS Critical mineral deposits of the United States v2.0,ScienceBase data release 10.5066/P9K1HBNT
ore-395,ore_site,Unnamed cobalt site 395,MN,,47.63166,-91.88323,point,cobalt,"cobalt, nickel, PGE",Ore Site,CM resources,3,1,1,1,,,2024,USGS Critical mineral deposits of the United States v2.0,ScienceBase data release 10.5066/P9K1HBNT
ore-442,ore_site,Unnamed cobalt site 442,MN,,47.61961,-91.97024,point,cobalt,"cobalt, nickel, PGE",Ore Site,CM resources,3,1,1,1,,,2024,USGS Critical mineral deposits of the United States v2.0,ScienceBase data release 10.5066/P9K1HBNT
ore-588,ore_site,Unnamed cobalt site 588,MN,,47.83454,-91.67135,point,cobalt,"cobalt, nickel",Ore Site,CM resources,3,1,1,1,,,2024,USGS Critical mineral deposits of the United States v2.0,ScienceBase data release 10.5066/P9K1HBNT
ore-603,ore_site,Unnamed cobalt site 603,MN,,46.66843,-93.1185,point,cobalt,"cobalt, PGE",Ore Site,CM resources,3,1,1,1,,,2024,USGS Critical mineral deposits of the United States v2.0,ScienceBase data release 10.5066/P9K1HBNT
ore-604,ore_site,Unnamed cobalt site 604,MN,,46.6722,-93.12076,point,cobalt,"cobalt, nickel, PGE",Ore Site,CM resources,3,1,1,1,,,2024,USGS Critical mineral deposits of the United States v2.0,ScienceBase data release 10.5066/P9K1HBNT
ore-605,ore_site,Unnamed cobalt site 605,MN,,46.66994,-93.12091,point,cobalt,"cobalt, nickel, PGE",Ore Site,CM resources,3,1,1,1,,,2024,USGS Critical mineral deposits of the United States v2.0,ScienceBase data release 10.5066/P9K1HBNT
ore-606,ore_site,Unnamed cobalt site 606,MN,,46.6722,-93.12076,point,cobalt,"cobalt, nickel, PGE",Ore Site,CM resources,3,1,1,1,,,2024,USGS Critical mineral deposits of the United States v2.0,ScienceBase data release 10.5066/P9K1HBNT
ore-207,ore_site,Unnamed manganese site 207,MN,,46.75271,-93.97567,point,manganese,manganese,Ore Site,CM resources,3,1,1,1,,,2024,USGS Critical mineral deposits of the United States v2.0,ScienceBase data release 10.5066/P9K1HBNT
ore-55,ore_site,Unnamed nickel site 55,MN,,47.73294,-91.80817,point,nickel,"nickel, PGE",Ore Site,CM resources,3,1,1,1,,,2024,USGS Critical mineral deposits of the United States v2.0,ScienceBase data release 10.5066/P9K1HBNT
ore-555,ore_site,Unnamed nickel site 555,MN,,47.67528,-91.87185,point,nickel,nickel,Ore Site,CM resources,3,1,1,1,,,2024,USGS Critical mineral deposits of the United States v2.0,ScienceBase data release 10.5066/P9K1HBNT
ore-357,ore_site,Unnamed titanium site 357,MN,,47.55639,-92.00768,point,titanium,"titanium, vanadium",Ore Site,CM resources,3,1,1,1,,,2024,USGS Critical mineral deposits of the United States v2.0,ScienceBase data release 10.5066/P9K1HBNT
ore-614,ore_site,Unnamed titanium site 614,MN,,47.20638,-92.09824,point,titanium,"titanium, vanadium",Ore Site,CM resources,3,1,1,1,,,2024,USGS Critical mineral deposits of the United States v2.0,ScienceBase data release 10.5066/P9K1HBNT
ore-628,ore_site,Unnamed titanium site 628,MN,,48.06139,-90.67319,point,titanium,titanium,Ore Site,CM resources,3,1,1,1,,,2024,USGS Critical mineral deposits of the United States v2.0,ScienceBase data release 10.5066/P9K1HBNT
ore-658,ore_site,Unnamed titanium site 658,MN,,47.39889,-92.11324,point,titanium,"titanium, vanadium",Ore Site,CM resources,3,1,1,1,,,2024,USGS Critical mineral deposits of the United States v2.0,ScienceBase data release 10.5066/P9K1HBNT
ore-470,ore_site,Unnamed REE site 470,MO,,38.12262,-91.05028,point,REE,REE,Ore Site,Past producer+CM resources,2,1,1,1,,,2024,USGS Critical mineral deposits of the United States v2.0,ScienceBase data release 10.5066/P9K1HBNT
ore-122,ore_site,Unnamed barite site 122,MO,,37.98946,-90.69731,point,barite,barite,Ore Site,CM-past producer+resources,5,1,1,1,,,2024,USGS Critical mineral deposits of the United States v2.0,ScienceBase data release 10.5066/P9K1HBNT
ore-77,ore_site,Unnamed barite site 77,MO,,38.42225,-92.31127,point,barite,barite,Ore Site,CM-past producer,1,1,1,0,,,2024,USGS Critical mineral deposits of the United States v2.0,ScienceBase data release 10.5066/P9K1HBNT
ore-281,ore_site,Unnamed cobalt site 281,MO,,37.60347,-90.14179,point,cobalt,"cobalt, nickel, zinc",Ore Site,CM resources,3,1,1,1,,,2024,USGS Critical mineral deposits of the United States v2.0,ScienceBase data release 10.5066/P9K1HBNT
ore-369,ore_site,Unnamed cobalt site 369,MO,,37.54614,-90.27615,point,cobalt,"cobalt, nickel",Ore Site,CM-past producer+resources,5,1,1,1,,,2024,USGS Critical mineral deposits of the United States v2.0,ScienceBase data release 10.5066/P9K1HBNT
ore-90,ore_site,Unnamed cobalt site 90,MO,,37.66583,-91.17042,point,cobalt,cobalt,Ore Site,CM resources,3,1,1,1,,,2024,USGS Critical mineral deposits of the United States v2.0,ScienceBase data release 10.5066/P9K1HBNT
ore-107,ore_site,Unnamed gallium site 107,MO,,37.20647,-94.46963,point,gallium,"gallium, germanium, zinc",Ore Site,CM-past producer,1,1,1,0,,,2024,USGS Critical mineral deposits of the United States v2.0,ScienceBase data release 10.5066/P9K1HBNT
ore-109,ore_site,Unnamed zinc site 109,MO,,37.60586,-91.12263,point,zinc,zinc,Ore Site,CM-past producer+resources,5,1,1,1,,,2024,USGS Critical mineral deposits of the United States v2.0,ScienceBase data release 10.5066/P9K1HBNT
ore-191,ore_site,Unnamed zinc site 191,MO,,37.74506,-90.49317,point,zinc,zinc,Ore Site,CM-past producer+resources,5,1,1,1,,,2024,USGS Critical mineral deposits of the United States v2.0,ScienceBase data release 10.5066/P9K1HBNT
ore-370,ore_site,Unnamed zinc site 370,MO,,37.63949,-91.12258,point,zinc,zinc,Ore Site,CM-past producer+resources,5,1,1,1,,,2024,USGS Critical mineral deposits of the United States v2.0,ScienceBase data release 10.5066/P9K1HBNT
ore-83,ore_site,Unnamed zinc site 83,MO,,37.922,-90.54844,point,zinc,zinc,Ore Site,CM resources,3,1,0,1,,,2024,USGS Critical mineral deposits of the United States v2.0,ScienceBase data release 10.5066/P9K1HBNT
ore-199,ore_site,Unnamed PGE site 199,MT,,45.45723,-110.12152,point,PGE,PGE,Ore Site,CM-recent producer+resources,6,1,1,1,,,2024,USGS Critical mineral deposits of the United States v2.0,ScienceBase data release 10.5066/P9K1HBNT
ore-594,ore_site,Unnamed PGE site 594,MT,,45.38947,-109.87678,point,PGE,PGE,Ore Site,CM-recent producer+resources,6,1,1,1,,,2024,USGS Critical mineral deposits of the United States v2.0,ScienceBase data release 10.5066/P9K1HBNT
ore-347,ore_site,Unnamed REE site 347,MT,,44.9382,-113.4664,point,REE,REE,Ore Site,CM resources,3,1,1,1,,,2024,USGS Critical mineral deposits of the United States v2.0,ScienceBase data release 10.5066/P9K1HBNT
ore-119,ore_site,Unnamed antimony site 119,MT,,46.0148,-112.49258,point,antimony,"antimony, arsenic, rhenium, tellurium, zinc",Ore Site,CM-past producer+resources,5,1,1,1,,,2024,USGS Critical mineral deposits of the United States v2.0,ScienceBase data release 10.5066/P9K1HBNT
ore-593,ore_site,Unnamed antimony site 593,MT,,47.57927,-115.60181,point,antimony,"antimony, tungsten",Ore Site,CM-past producer,1,1,1,0,,,2024,USGS Critical mineral deposits of the United States v2.0,ScienceBase data release 10.5066/P9K1HBNT
ore-260,ore_site,Unnamed barite site 260,MT,,46.88799,-113.35453,point,barite,barite,Ore Site,CM-past producer,1,1,1,0,,,2024,USGS Critical mineral deposits of the United States v2.0,ScienceBase data release 10.5066/P9K1HBNT
ore-241,ore_site,Unnamed chromium site 241,MT,,45.47752,-110.20272,point,chromium,chromium,Ore Site,CM-past producer+resources,5,1,1,1,,,2024,USGS Critical mineral deposits of the United States v2.0,ScienceBase data release 10.5066/P9K1HBNT
ore-282,ore_site,Unnamed chromium site 282,MT,,45.03382,-109.41017,point,chromium,chromium,Ore Site,CM-past producer+resources,5,1,1,1,,,2024,USGS Critical mineral deposits of the United States v2.0,ScienceBase data release 10.5066/P9K1HBNT
ore-409,ore_site,Unnamed chromium site 409,MT,,45.67823,-112.32838,point,chromium,chromium,Ore Site,CM-past producer,1,1,1,0,,,2024,USGS Critical mineral deposits of the United States v2.0,ScienceBase data release 10.5066/P9K1HBNT
ore-414,ore_site,Unnamed chromium site 414,MT,,45.37947,-109.89796,point,chromium,chromium,Ore Site,CM-past producer+resources,5,1,1,1,,,2024,USGS Critical mineral deposits of the United States v2.0,ScienceBase data release 10.5066/P9K1HBNT
ore-415,ore_site,Unnamed chromium site 415,MT,,45.38728,-109.90668,point,chromium,chromium,Ore Site,CM resources,3,1,1,1,,,2024,USGS Critical mineral deposits of the United States v2.0,ScienceBase data release 10.5066/P9K1HBNT
ore-444,ore_site,Unnamed chromium site 444,MT,,45.38179,-109.8481,point,chromium,chromium,Ore Site,CM resources,3,1,1,1,,,2024,USGS Critical mineral deposits of the United States v2.0,ScienceBase data release 10.5066/P9K1HBNT
ore-45,ore_site,Unnamed chromium site 45,MT,,45.36436,-109.8069,point,chromium,chromium,Ore Site,CM-past producer+resources,5,1,1,1,,,2024,USGS Critical mineral deposits of the United States v2.0,ScienceBase data release 10.5066/P9K1HBNT
ore-46,ore_site,Unnamed chromium site 46,MT,,45.36422,-109.8067,point,chromium,chromium,Ore Site,CM resources,3,1,1,1,,,2024,USGS Critical mineral deposits of the United States v2.0,ScienceBase data release 10.5066/P9K1HBNT
ore-662,ore_site,Unnamed chromium site 662,MT,,45.38197,-110.01107,point,chromium,chromium,Ore Site,CM resources,3,1,1,1,,,2024,USGS Critical mineral deposits of the United States v2.0,ScienceBase data release 10.5066/P9K1HBNT
ore-148,ore_site,Unnamed cobalt site 148,MT,,45.43788,-110.12507,point,cobalt,"cobalt, nickel, PGE",Ore Site,CM resources,3,1,1,1,,,2024,USGS Critical mineral deposits of the United States v2.0,ScienceBase data release 10.5066/P9K1HBNT
ore-311,ore_site,Unnamed cobalt site 311,MT,,45.40512,-110.06142,point,cobalt,"cobalt, nickel, PGE",Ore Site,CM resources,3,1,1,1,,,2024,USGS Critical mineral deposits of the United States v2.0,ScienceBase data release 10.5066/P9K1HBNT
ore-312,ore_site,Unnamed cobalt site 312,MT,,45.39699,-110.03465,point,cobalt,"cobalt, nickel, PGE",Ore Site,CM resources,3,1,1,1,,,2024,USGS Critical mineral deposits of the United States v2.0,ScienceBase data release 10.5066/P9K1HBNT
ore-313,ore_site,Unnamed cobalt site 313,MT,,45.40798,-110.07355,point,cobalt,"cobalt, nickel, PGE",Ore Site,CM resources,3,1,1,1,,,2024,USGS Critical mineral deposits of the United States v2.0,ScienceBase data release 10.5066/P9K1HBNT
ore-314,ore_site,Unnamed cobalt site 314,MT,,45.4048,-110.04601,point,cobalt,"cobalt, nickel, PGE",Ore Site,CM resources,3,1,1,1,,,2024,USGS Critical mineral deposits of the United States v2.0,ScienceBase data release 10.5066/P9K1HBNT
ore-59,ore_site,Unnamed cobalt site 59,MT,,46.7752,-110.90742,point,cobalt,cobalt,Ore Site,CM resources,3,1,1,1,,,2024,USGS Critical mineral deposits of the United States v2.0,ScienceBase data release 10.5066/P9K1HBNT
ore-174,ore_site,Unnamed fluorspar site 174,MT,,46.00572,-113.8876,point,fluorspar,"fluorspar, scandium",Ore Site,CM-past producer,1,1,1,0,,,2024,USGS Critical mineral deposits of the United States v2.0,ScienceBase data release 10.5066/P9K1HBNT
ore-534,ore_site,Unnamed graphite site 534,MT,,45.10259,-112.50528,point,graphite,graphite,Ore Site,CM-past producer,1,1,1,1,,,2024,USGS Critical mineral deposits of the United States v2.0,ScienceBase data release 10.5066/P9K1HBNT
ore-208,ore_site,Unnamed manganese site 208,MT,,46.00601,-112.54172,point,manganese,manganese,Ore Site,CM-past producer+resources,5,1,1,1,,,2024,USGS Critical mineral deposits of the United States v2.0,ScienceBase data release 10.5066/P9K1HBNT
ore-445,ore_site,Unnamed nickel site 445,MT,,45.37906,-109.85261,point,nickel,nickel,Ore Site,CM resources,3,1,1,1,,,2024,USGS Critical mineral deposits of the United States v2.0,ScienceBase data release 10.5066/P9K1HBNT
ore-47,ore_site,Unnamed nickel site 47,MT,,45.36094,-109.81588,point,nickel,nickel,Ore Site,CM resources,3,1,1,1,,,2024,USGS Critical mineral deposits of the United States v2.0,ScienceBase data release 10.5066/P9K1HBNT
ore-443,ore_site,Unnamed niobium site 443,MT,,48.16992,-109.71303,point,niobium,niobium,Ore Site,CM resources,3,1,1,1,,,2024,USGS Critical mineral deposits of the United States v2.0,ScienceBase data release 10.5066/P9K1HBNT
ore-103,ore_site,Unnamed tungsten site 103,MT,,45.5209,-112.83832,point,tungsten,tungsten,Ore Site,CM-past producer+resources,5,1,1,1,,,2024,USGS Critical mineral deposits of the United States v2.0,ScienceBase data release 10.5066/P9K1HBNT
ore-127,ore_site,Unnamed tungsten site 127,MT,,45.84813,-113.1522,point,tungsten,tungsten,Ore Site,CM-past producer+resources,5,1,1,1,,,2024,USGS Critical mineral deposits of the United States v2.0,ScienceBase data release 10.5066/P9K1HBNT
ore-359,ore_site,Unnamed tungsten site 359,MT,,45.48712,-112.8045,point,tungsten,tungsten,Ore Site,CM-past producer,1,1,1,0,,,2024,USGS Critical mineral deposits of the United States v2.0,ScienceBase data release 10.5066/P9K1HBNT
ore-682,ore_site,Unnamed zinc site 682,MT,,46.47435,-110.68555,point,zinc,zinc,Ore Site,CM-past producer,1,1,1,0,,,2024,USGS Critical mineral deposits of the United States v2.0,ScienceBase data release 10.5066/P9K1HBNT
ore-74,ore_site,Unnamed zinc site 74,MT,,47.0838,-110.63251,point,zinc,zinc,Ore Site,CM-past producer,1,1,1,0,,,2024,USGS Critical mineral deposits of the United States v2.0,ScienceBase data release 10.5066/P9K1HBNT
ore-108,ore_site,Unnamed REE site 108,NC,,35.40365,-81.46702,point,REE,REE,Ore Site,CM resources,3,1,1,1,,,2024,USGS Critical mineral deposits of the United States v2.0,ScienceBase data release 10.5066/P9K1HBNT
ore-220,ore_site,Unnamed REE site 220,NC,,35.44623,-81.63815,point,REE,REE,Ore Site,CM resources,3,1,1,1,,,2024,USGS Critical mineral deposits of the United States v2.0,ScienceBase data release 10.5066/P9K1HBNT
ore-335,ore_site,Unnamed REE site 335,NC,,35.48572,-81.57465,point,REE,REE,Ore Site,CM resources,3,1,1,1,,,2024,USGS Critical mineral deposits of the United States v2.0,ScienceBase data release 10.5066/P9K1HBNT
ore-544,ore_site,Unnamed REE site 544,NC,,35.31606,-81.69706,point,REE,"REE, titanium, zirconium",Ore Site,CM resources,3,1,1,1,,,2024,USGS Critical mineral deposits of the United States v2.0,ScienceBase data release 10.5066/P9K1HBNT
ore-569,ore_site,Unnamed REE site 569,NC,,35.69729,-81.76431,point,REE,"REE, titanium, zirconium",Ore Site,CM resources,3,1,1,1,,,2024,USGS Critical mineral deposits of the United States v2.0,ScienceBase data release 10.5066/P9K1HBNT
ore-581,ore_site,Unnamed REE site 581,NC,,35.6591,-81.85585,point,REE,"REE, titanium, zirconium",Ore Site,CM resources,3,1,1,1,,,2024,USGS Critical mineral deposits of the United States v2.0,ScienceBase data release 10.5066/P9K1HBNT
ore-183,ore_site,Unnamed chromium site 183,NC,,35.96679,-82.28295,point,chromium,chromium,Ore Site,CM-past producer,1,1,1,0,,,2024,USGS Critical mineral deposits of the United States v2.0,ScienceBase data release 10.5066/P9K1HBNT
ore-3,ore_site,Unnamed chromium site 3,NC,,35.3987,-83.15928,point,chromium,chromium,Ore Site,CM resources,3,1,1,1,,,2024,USGS Critical mineral deposits of the United States v2.0,ScienceBase data release 10.5066/P9K1HBNT
ore-331,ore_site,Unnamed lithium site 331,NC,,35.22194,-81.35463,point,lithium,lithium,Ore Site,CM-past producer+resources,5,1,1,1,,,2024,USGS Critical mineral deposits of the United States v2.0,ScienceBase data release 10.5066/P9K1HBNT
ore-479,ore_site,Unnamed lithium site 479,NC,,35.39151,-81.28811,point,lithium,lithium,Ore Site,CM resources,3,1,1,1,,,2024,USGS Critical mineral deposits of the United States v2.0,ScienceBase data release 10.5066/P9K1HBNT
ore-49,ore_site,Unnamed lithium site 49,NC,,35.3363,-81.3139,point,lithium,lithium,Ore Site,CM-past producer+resources,5,1,1,1,,,2024,USGS Critical mineral deposits of the United States v2.0,ScienceBase data release 10.5066/P9K1HBNT
ore-26,ore_site,Unnamed titanium site 26,NC,,36.31406,-77.80294,point,titanium,"titanium, zirconium",Ore Site,CM resources,3,1,1,1,,,2024,USGS Critical mineral deposits of the United States v2.0,ScienceBase data release 10.5066/P9K1HBNT
ore-561,ore_site,Unnamed titanium site 561,NC,,35.05011,-83.7499,point,titanium,titanium,Ore Site,CM resources,3,1,1,1,,,2024,USGS Critical mineral deposits of the United States v2.0,ScienceBase data release 10.5066/P9K1HBNT
ore-678,ore_site,Unnamed titanium site 678,NC,,36.067,-81.55,point,titanium,titanium,Ore Site,CM-past producer,1,1,1,0,,,2024,USGS Critical mineral deposits of the United States v2.0,ScienceBase data release 10.5066/P9K1HBNT
ore-634,ore_site,Unnamed tungsten site 634,NC,,36.51043,-78.47116,point,tungsten,tungsten,Ore Site,CM-past producer+resources,5,1,1,1,,,2024,USGS Critical mineral deposits of the United States v2.0,ScienceBase data release 10.5066/P9K1HBNT
ore-404,ore_site,Unnamed manganese site 404,ND,,48.84858,-100.10049,point,manganese,manganese,Ore Site,CM resources,3,1,1,1,,,2024,USGS Critical mineral deposits of the United States v2.0,ScienceBase data release 10.5066/P9K1HBNT
ore-204,ore_site,Unnamed niobium site 204,NE,,40.26796,-96.18624,point,niobium,"niobium, REE, scandium, titanium",Ore Site,CM resources,3,1,1,1,,,2024,USGS Critical mineral deposits of the United States v2.0,ScienceBase data release 10.5066/P9K1HBNT
ore-552,ore_site,Unnamed REE site 552,NJ,,40.89131,-74.60091,point,REE,REE,Ore Site,Past producer+CM resources,2,1,1,1,,,2024,USGS Critical mineral deposits of the United States v2.0,ScienceBase data release 10.5066/P9K1HBNT
ore-342,ore_site,Unnamed titanium site 342,NJ,,40.06668,-74.33291,point,titanium,titanium,Ore Site,CM-past producer,1,1,1,0,,,2024,USGS Critical mineral deposits of the United States v2.0,ScienceBase data release 10.5066/P9K1HBNT
ore-460,ore_site,Unnamed REE site 460,NM,,33.23719,-105.42368,point,REE,"REE, zirconium",Ore Site,CM resources,3,1,1,1,,,2024,USGS Critical mineral deposits of the United States v2.0,ScienceBase data release 10.5066/P9K1HBNT
ore-546,ore_site,Unnamed REE site 546,NM,,36.45225,-108.89066,point,REE,"REE, titanium, zirconium",Ore Site,CM resources,3,1,1,1,,,2024,USGS Critical mineral deposits of the United States v2.0,ScienceBase data release 10.5066/P9K1HBNT
ore-535,ore_site,Unnamed aluminum site 535,NM,,32.88622,-109.01981,point,aluminum,aluminum,Ore Site,CM resources,3,1,1,1,,,2024,USGS Critical mineral deposits of the United States v2.0,ScienceBase data release 10.5066/P9K1HBNT
ore-461,ore_site,Unnamed barite site 461,NM,,32.74956,-107.12502,point,barite,barite,Ore Site,CM-past producer+resources,5,1,1,1,,,2024,USGS Critical mineral deposits of the United States v2.0,ScienceBase data release 10.5066/P9K1HBNT
ore-621,ore_site,Unnamed barite site 621,NM,,32.28902,-106.69613,point,barite,"barite, fluorspar",Ore Site,CM-past producer,1,1,1,0,,,2024,USGS Critical mineral deposits of the United States v2.0,ScienceBase data release 10.5066/P9K1HBNT
ore-67,ore_site,Unnamed barite site 67,NM,,33.8118,-106.37497,point,barite,"barite, fluorspar",Ore Site,CM-past producer,1,1,1,0,,,2024,USGS Critical mineral deposits of the United States v2.0,ScienceBase data release 10.5066/P9K1HBNT
ore-17,ore_site,Unnamed beryllium site 17,NM,,33.56212,-107.59562,point,beryllium,beryllium,Ore Site,CM resources,3,1,1,1,,,2024,USGS Critical mineral deposits of the United States v2.0,ScienceBase data release 10.5066/P9K1HBNT
ore-269,ore_site,Unnamed beryllium site 269,NM,,36.19283,-105.79696,point,beryllium,beryllium,Ore Site,CM-past producer,1,1,1,0,,,2024,USGS Critical mineral deposits of the United States v2.0,ScienceBase data release 10.5066/P9K1HBNT
ore-309,ore_site,Unnamed beryllium site 309,NM,,33.46871,-107.63754,point,beryllium,"beryllium, fluorspar, tungsten",Ore Site,CM-past producer,5,1,1,1,,,2024,USGS Critical mineral deposits of the United States v2.0,ScienceBase data release 10.5066/P9K1HBNT
ore-60,ore_site,Unnamed cobalt site 60,NM,,32.7252,-108.5008,point,cobalt,"cobalt, zinc",Ore Site,Past producer+CM resources,2,1,1,1,,,2024,USGS Critical mineral deposits of the United States v2.0,ScienceBase data release 10.5066/P9K1HBNT
ore-1,ore_site,Unnamed fluorspar site 1,NM,,34.97589,-107.98506,point,fluorspar,fluorspar,Ore Site,CM-past producer+resources,5,1,1,1,,,2024,USGS Critical mineral deposits of the United States v2.0,ScienceBase data release 10.5066/P9K1HBNT
ore-11,ore_site,Unnamed fluorspar site 11,NM,,32.38956,-108.37979,point,fluorspar,fluorspar,Ore Site,CM-past producer,1,1,1,0,,,2024,USGS Critical mineral deposits of the United States v2.0,ScienceBase data release 10.5066/P9K1HBNT
ore-117,ore_site,Unnamed fluorspar site 117,NM,,32.64956,-108.3792,point,fluorspar,fluorspar,Ore Site,CM-past producer,1,1,1,0,,,2024,USGS Critical mineral deposits of the United States v2.0,ScienceBase data release 10.5066/P9K1HBNT
ore-156,ore_site,Unnamed fluorspar site 156,NM,,33.03817,-108.50173,point,fluorspar,fluorspar,Ore Site,CM-past producer,1,1,1,1,,,2024,USGS Critical mineral deposits of the United States v2.0,ScienceBase data release 10.5066/P9K1HBNT
ore-229,ore_site,Unnamed fluorspar site 229,NM,,34.19399,-105.73385,point,fluorspar,"fluorspar, REE",Ore Site,CM-past producer+resources,5,1,1,1,,,2024,USGS Critical mineral deposits of the United States v2.0,ScienceBase data release 10.5066/P9K1HBNT
ore-248,ore_site,Unnamed fluorspar site 248,NM,,33.18177,-108.66952,point,fluorspar,fluorspar,Ore Site,CM-past producer,1,1,1,0,,,2024,USGS Critical mineral deposits of the United States v2.0,ScienceBase data release 10.5066/P9K1HBNT
ore-259,ore_site,Unnamed fluorspar site 259,NM,,32.39346,-107.70727,point,fluorspar,fluorspar,Ore Site,CM-past producer,1,1,1,0,,,2024,USGS Critical mineral deposits of the United States v2.0,ScienceBase data release 10.5066/P9K1HBNT
ore-294,ore_site,Unnamed fluorspar site 294,NM,,33.31704,-108.82231,point,fluorspar,fluorspar,Ore Site,CM-past producer+resources,5,1,1,1,,,2024,USGS Critical mineral deposits of the United States v2.0,ScienceBase data release 10.5066/P9K1HBNT
ore-509,ore_site,Unnamed fluorspar site 509,NM,,34.19679,-105.74025,point,fluorspar,"fluorspar, zinc",Ore Site,CM-past producer,1,1,1,0,,,2024,USGS Critical mineral deposits of the United States v2.0,ScienceBase data release 10.5066/P9K1HBNT
ore-510,ore_site,Unnamed fluorspar site 510,NM,,34.19731,-105.74361,point,fluorspar,"fluorspar, REE, zinc",Ore Site,CM-past producer+resources,5,1,1,1,,,2024,USGS Critical mineral deposits of the United States v2.0,ScienceBase data release 10.5066/P9K1HBNT
ore-536,ore_site,Unnamed fluorspar site 536,NM,,32.39624,-107.7128,point,fluorspar,fluorspar,Ore Site,CM-past producer,1,1,1,0,,,2024,USGS Critical mineral deposits of the United States v2.0,ScienceBase data release 10.5066/P9K1HBNT
ore-563,ore_site,Unnamed fluorspar site 563,NM,,32.65512,-108.4525,point,fluorspar,fluorspar,Ore Site,CM-past producer,1,1,1,0,,,2024,USGS Critical mineral deposits of the United States v2.0,ScienceBase data release 10.5066/P9K1HBNT
ore-579,ore_site,Unnamed fluorspar site 579,NM,,33.1094,-107.5038,point,fluorspar,fluorspar,Ore Site,CM resources,3,1,1,1,,,2024,USGS Critical mineral deposits of the United States v2.0,ScienceBase data release 10.5066/P9K1HBNT
ore-583,ore_site,Unnamed fluorspar site 583,NM,,32.6229,-108.47923,point,fluorspar,fluorspar,Ore Site,CM-past producer,1,1,1,0,,,2024,USGS Critical mineral deposits of the United States v2.0,ScienceBase data release 10.5066/P9K1HBNT
ore-668,ore_site,Unnamed fluorspar site 668,NM,,32.61262,-107.75393,point,fluorspar,fluorspar,Ore Site,CM-past producer+resources,5,1,1,1,,,2024,USGS Critical mineral deposits of the United States v2.0,ScienceBase data release 10.5066/P9K1HBNT
ore-478,ore_site,Unnamed lithium site 478,NM,,35.87033,-105.49084,point,lithium,"lithium, tantalum",Ore Site,CM-past producer,1,1,1,0,,,2024,USGS Critical mineral deposits of the United States v2.0,ScienceBase data release 10.5066/P9K1HBNT
ore-145,ore_site,Unnamed manganese site 145,NM,,32.78455,-108.30451,point,manganese,manganese,Ore Site,CM-past producer+resources,5,1,1,1,,,2024,USGS Critical mineral deposits of the United States v2.0,ScienceBase data release 10.5066/P9K1HBNT
ore-146,ore_site,Unnamed manganese site 146,NM,,32.59972,-108.52889,point,manganese,"manganese, zinc",Ore Site,CM resources,3,1,1,1,,,2024,USGS Critical mineral deposits of the United States v2.0,ScienceBase data release 10.5066/P9K1HBNT
ore-270,ore_site,Unnamed manganese site 270,NM,,31.45958,-110.71706,point,manganese,manganese,Ore Site,CM-past producer+resources,5,1,1,1,,,2024,USGS Critical mineral deposits of the United States v2.0,ScienceBase data release 10.5066/P9K1HBNT
ore-377,ore_site,Unnamed manganese site 377,NM,,32.20346,-107.59198,point,manganese,manganese,Ore Site,CM-past producer,1,1,1,0,,,2024,USGS Critical mineral deposits of the United States v2.0,ScienceBase data release 10.5066/P9K1HBNT
ore-664,ore_site,Unnamed manganese site 664,NM,,32.03708,-107.62003,point,manganese,manganese,Ore Site,CM-past producer,1,1,1,0,,,2024,USGS Critical mineral deposits of the United States v2.0,ScienceBase data release 10.5066/P9K1HBNT
ore-91,ore_site,Unnamed manganese site 91,NM,,32.75844,-108.29229,point,manganese,manganese,Ore Site,CM-past producer+resources,5,1,1,1,,,2024,USGS Critical mineral deposits of the United States v2.0,ScienceBase data release 10.5066/P9K1HBNT
ore-244,ore_site,Unnamed niobium site 244,NM,,36.44921,-106.04086,point,niobium,niobium,Ore Site,CM-past producer,1,1,1,0,,,2024,USGS Critical mineral deposits of the United States v2.0,ScienceBase data release 10.5066/P9K1HBNT
ore-202,ore_site,Unnamed platinum site 202,NM,,33.61808,-105.55572,point,platinum,platinum,Ore Site,CM resources,3,1,1,1,,,2024,USGS Critical mineral deposits of the United States v2.0,ScienceBase data release 10.5066/P9K1HBNT
ore-133,ore_site,Unnamed potash site 133,NM,,32.41504,-103.93406,point,potash,potash,Ore Site,CM-recent producer+resources,6,1,1,1,,,2024,USGS Critical mineral deposits of the United States v2.0,ScienceBase data release 10.5066/P9K1HBNT
ore-134,ore_site,Unnamed potash site 134,NM,,32.49979,-103.78322,point,potash,potash,Ore Site,CM-recent producer+resources,6,1,1,1,,,2024,USGS Critical mineral deposits of the United States v2.0,ScienceBase data release 10.5066/P9K1HBNT
ore-274,ore_site,Unnamed potash site 274,NM,,32.56108,-103.97381,point,potash,potash,Ore Site,CM-recent producer+resources,6,1,1,1,,,2024,USGS Critical mineral deposits of the United States v2.0,ScienceBase data release 10.5066/P9K1HBNT
ore-447,ore_site,Unnamed potash site 447,NM,,32.2858,-103.6029,point,potash,potash,Ore Site,CM resources,3,1,1,1,,,2024,USGS Critical mineral deposits of the United States v2.0,ScienceBase data release 10.5066/P9K1HBNT
ore-657,ore_site,Unnamed potash site 657,NM,,32.3715,-103.793,point,potash,potash,Ore Site,CM resources,3,1,1,1,,,2024,USGS Critical mineral deposits of the United States v2.0,ScienceBase data release 10.5066/P9K1HBNT
ore-144,ore_site,Unnamed rhenium site 144,NM,,32.794,-108.0771,point,rhenium,rhenium,Ore Site,Recent producer+CM resources,4,1,1,1,,,2024,USGS Critical mineral deposits of the United States v2.0,ScienceBase data release 10.5066/P9K1HBNT
ore-502,ore_site,Unnamed rhenium site 502,NM,,36.71671,-105.51724,point,rhenium,rhenium,Ore Site,Past producer+CM resources,2,1,1,1,,,2024,USGS Critical mineral deposits of the United States v2.0,ScienceBase data release 10.5066/P9K1HBNT
ore-354,ore_site,Unnamed tellurium site 354,NM,,33.2373,-108.7198,point,tellurium,tellurium,Ore Site,CM-past producer,1,1,1,0,,,2024,USGS Critical mineral deposits of the United States v2.0,ScienceBase data release 10.5066/P9K1HBNT
ore-178,ore_site,Unnamed tungsten site 178,NM,,35.33834,-106.13595,point,tungsten,tungsten,Ore Site,Past producer+CM resources,2,1,1,1,,,2024,USGS Critical mineral deposits of the United States v2.0,ScienceBase data release 10.5066/P9K1HBNT
ore-196,ore_site,Unnamed tungsten site 196,NM,,31.76625,-108.45728,point,tungsten,tungsten,Ore Site,CM-past producer,1,1,1,0,,,2024,USGS Critical mineral deposits of the United States v2.0,ScienceBase data release 10.5066/P9K1HBNT
ore-449,ore_site,Unnamed tungsten site 449,NM,,33.75538,-105.75638,point,tungsten,tungsten,Ore Site,CM-past producer,1,1,1,0,,,2024,USGS Critical mineral deposits of the United States v2.0,ScienceBase data release 10.5066/P9K1HBNT
ore-574,ore_site,Unnamed tungsten site 574,NM,,32.81345,-107.66893,point,tungsten,tungsten,Ore Site,CM-past producer,1,1,1,0,,,2024,USGS Critical mineral deposits of the United States v2.0,ScienceBase data release 10.5066/P9K1HBNT
ore-652,ore_site,Unnamed tungsten site 652,NM,,32.18664,-108.10685,point,tungsten,tungsten,Ore Site,CM resources,3,1,1,1,,,2024,USGS Critical mineral deposits of the United States v2.0,ScienceBase data release 10.5066/P9K1HBNT
ore-655,ore_site,Unnamed tungsten site 655,NM,,32.10874,-108.98007,point,tungsten,tungsten,Ore Site,CM-past producer,1,1,1,0,,,2024,USGS Critical mineral deposits of the United States v2.0,ScienceBase data release 10.5066/P9K1HBNT
ore-8,ore_site,Unnamed tungsten site 8,NM,,32.36568,-108.37784,point,tungsten,tungsten,Ore Site,CM-past producer,1,1,1,0,,,2024,USGS Critical mineral deposits of the United States v2.0,ScienceBase data release 10.5066/P9K1HBNT
ore-473,ore_site,Unnamed zinc site 473,NM,,35.7592,-105.6683,point,zinc,zinc,Ore Site,CM-past producer,1,1,1,0,,,2024,USGS Critical mineral deposits of the United States v2.0,ScienceBase data release 10.5066/P9K1HBNT
ore-608,ore_site,Unnamed zinc site 608,NM,,35.73156,-105.72904,point,zinc,zinc,Ore Site,CM-past producer+resources,5,1,1,1,,,2024,USGS Critical mineral deposits of the United States v2.0,ScienceBase data release 10.5066/P9K1HBNT
ore-89,ore_site,Unnamed PGE site 89,NV,,35.81944,-115.57056,point,PGE,"PGE, zinc",Ore Site,CM-past producer,1,1,1,1,,,2024,USGS Critical mineral deposits of the United States v2.0,ScienceBase data release 10.5066/P9K1HBNT
ore-218,ore_site,Unnamed antimony site 218,NV,,40.0721,-117.86016,point,antimony,antimony,Ore Site,CM-past producer+resources,5,1,1,1,,,2024,USGS Critical mineral deposits of the United States v2.0,ScienceBase data release 10.5066/P9K1HBNT
ore-601,ore_site,Unnamed antimony site 601,NV,,40.2124,-118.26067,point,antimony,antimony,Ore Site,CM-past producer,1,1,1,0,,,2024,USGS Critical mineral deposits of the United States v2.0,ScienceBase data release 10.5066/P9K1HBNT
ore-667,ore_site,Unnamed antimony site 667,NV,,38.53143,-117.04974,point,antimony,"antimony, arsenic",Ore Site,CM-past producer,1,1,1,0,,,2024,USGS Critical mineral deposits of the United States v2.0,ScienceBase data release 10.5066/P9K1HBNT
ore-75,ore_site,Unnamed antimony site 75,NV,,40.51656,-118.13653,point,antimony,antimony,Ore Site,CM-past producer,1,1,1,0,,,2024,USGS Critical mineral deposits of the United States v2.0,ScienceBase data release 10.5066/P9K1HBNT
ore-21,ore_site,Unnamed barite site 21,NV,,40.63694,-116.72778,point,barite,barite,Ore Site,CM-past producer,1,1,1,1,,,2024,USGS Critical mineral deposits of the United States v2.0,ScienceBase data release 10.5066/P9K1HBNT
ore-265,ore_site,Unnamed barite site 265,NV,,40.28056,-116.90111,point,barite,barite,Ore Site,CM-recent producer+resources,6,1,1,1,,,2024,USGS Critical mineral deposits of the United States v2.0,ScienceBase data release 10.5066/P9K1HBNT
ore-343,ore_site,Unnamed barite site 343,NV,,41.14028,-116.11833,point,barite,barite,Ore Site,CM-past producer+resources,5,1,1,1,,,2024,USGS Critical mineral deposits of the United States v2.0,ScienceBase data release 10.5066/P9K1HBNT
ore-423,ore_site,Unnamed barite site 423,NV,,40.3068,-117.04154,point,barite,barite,Ore Site,CM-recent producer+resources,6,1,1,1,,,2024,USGS Critical mineral deposits of the United States v2.0,ScienceBase data release 10.5066/P9K1HBNT
ore-530,ore_site,Unnamed barite site 530,NV,,41.07462,-116.42954,point,barite,barite,Ore Site,CM-recent producer+resources,6,1,1,1,,,2024,USGS Critical mineral deposits of the United States v2.0,ScienceBase data release 10.5066/P9K1HBNT
ore-94,ore_site,Unnamed barite site 94,NV,,40.39833,-116.71889,point,barite,barite,Ore Site,CM-past producer+resources,5,1,1,1,,,2024,USGS Critical mineral deposits of the United States v2.0,ScienceBase data release 10.5066/P9K1HBNT
ore-420,ore_site,Unnamed beryllium site 420,NV,,38.90106,-114.34001,point,beryllium,"beryllium, fluorspar, tungsten",Ore Site,CM-past producer+resources,5,1,1,1,,,2024,USGS Critical mineral deposits of the United States v2.0,ScienceBase data release 10.5066/P9K1HBNT
ore-452,ore_site,Unnamed beryllium site 452,NV,,40.40156,-118.2582,point,beryllium,"beryllium, tungsten",Ore Site,CM-past producer,1,1,1,0,,,2024,USGS Critical mineral deposits of the United States v2.0,ScienceBase data release 10.5066/P9K1HBNT
ore-519,ore_site,Unnamed beryllium site 519,NV,,39.4291,-116.06757,point,beryllium,"beryllium, fluorspar",Ore Site,CM resources,3,1,1,1,,,2024,USGS Critical mineral deposits of the United States v2.0,ScienceBase data release 10.5066/P9K1HBNT
ore-327,ore_site,Unnamed cobalt site 327,NV,,36.61805,-114.16692,point,cobalt,"cobalt, nickel, PGE",Ore Site,CM-past producer+resources,5,1,1,1,,,2024,USGS Critical mineral deposits of the United States v2.0,ScienceBase data release 10.5066/P9K1HBNT
ore-179,ore_site,Unnamed fluorspar site 179,NV,,36.88497,-116.69395,point,fluorspar,fluorspar,Ore Site,CM-past producer,1,1,1,1,,,2024,USGS Critical mineral deposits of the United States v2.0,ScienceBase data release 10.5066/P9K1HBNT
ore-221,ore_site,Unnamed fluorspar site 221,NV,,37.95303,-118.3348,point,fluorspar,fluorspar,Ore Site,CM-past producer+resources,5,1,1,1,,,2024,USGS Critical mineral deposits of the United States v2.0,ScienceBase data release 10.5066/P9K1HBNT
ore-292,ore_site,Unnamed fluorspar site 292,NV,,38.12967,-115.6792,point,fluorspar,fluorspar,Ore Site,CM-past producer+resources,5,1,1,1,,,2024,USGS Critical mineral deposits of the United States v2.0,ScienceBase data release 10.5066/P9K1HBNT
ore-302,ore_site,Unnamed fluorspar site 302,NV,,39.80351,-116.9617,point,fluorspar,fluorspar,Ore Site,CM-past producer,1,1,1,0,,,2024,USGS Critical mineral deposits of the United States v2.0,ScienceBase data release 10.5066/P9K1HBNT
ore-376,ore_site,Unnamed fluorspar site 376,NV,,38.15105,-115.6564,point,fluorspar,fluorspar,Ore Site,CM-past producer+resources,5,1,1,1,,,2024,USGS Critical mineral deposits of the United States v2.0,ScienceBase data release 10.5066/P9K1HBNT
ore-428,ore_site,Unnamed fluorspar site 428,NV,,39.8315,-116.9922,point,fluorspar,fluorspar,Ore Site,CM-past producer,1,1,1,0,,,2024,USGS Critical mineral deposits of the United States v2.0,ScienceBase data release 10.5066/P9K1HBNT
ore-558,ore_site,Unnamed fluorspar site 558,NV,,38.00551,-115.69893,point,fluorspar,fluorspar,Ore Site,CM-past producer+resources,5,1,1,1,,,2024,USGS Critical mineral deposits of the United States v2.0,ScienceBase data release 10.5066/P9K1HBNT
ore-57,ore_site,Unnamed fluorspar site 57,NV,,39.41993,-116.089,point,fluorspar,fluorspar,Ore Site,CM resources,3,1,1,1,,,2024,USGS Critical mineral deposits of the United States v2.0,ScienceBase data release 10.5066/P9K1HBNT
ore-584,ore_site,Unnamed fluorspar site 584,NV,,38.13578,-115.67,point,fluorspar,fluorspar,Ore Site,CM-past producer+resources,5,1,1,1,,,2024,USGS Critical mineral deposits of the United States v2.0,ScienceBase data release 10.5066/P9K1HBNT
ore-640,ore_site,Unnamed fluorspar site 640,NV,,38.87159,-117.59955,point,fluorspar,fluorspar,Ore Site,CM-past producer+resources,5,1,1,1,,,2024,USGS Critical mineral deposits of the United States v2.0,ScienceBase data release 10.5066/P9K1HBNT
ore-646,ore_site,Unnamed fluorspar site 646,NV,,40.53954,-118.21337,point,fluorspar,fluorspar,Ore Site,CM-past producer+resources,5,1,1,1,,,2024,USGS Critical mineral deposits of the United States v2.0,ScienceBase data release 10.5066/P9K1HBNT
ore-72,ore_site,Unnamed fluorspar site 72,NV,,39.83821,-117.00263,point,fluorspar,fluorspar,Ore Site,CM resources,3,1,1,1,,,2024,USGS Critical mineral deposits of the United States v2.0,ScienceBase data release 10.5066/P9K1HBNT
ore-164,ore_site,Unnamed gallium site 164,NV,,41.911,-117.81459,point,gallium,gallium,Ore Site,Past producer+CM resources,2,1,1,1,,,2024,USGS Critical mineral deposits of the United States v2.0,ScienceBase data release 10.5066/P9K1HBNT
ore-150,ore_site,Unnamed lithium site 150,NV,,37.72281,-117.59413,point,lithium,lithium,Ore Site,CM resources,3,1,1,1,,,2024,USGS Critical mineral deposits of the United States v2.0,ScienceBase data release 10.5066/P9K1HBNT
ore-151,ore_site,Unnamed lithium site 151,NV,,37.73872,-117.53857,point,lithium,lithium,Ore Site,CM resources,3,1,1,1,,,2024,USGS Critical mineral deposits of the United States v2.0,ScienceBase data release 10.5066/P9K1HBNT
ore-152,ore_site,Unnamed lithium site 152,NV,,37.77538,-117.50511,point,lithium,lithium,Ore Site,CM resources,3,1,1,1,,,2024,USGS Critical mineral deposits of the United States v2.0,ScienceBase data release 10.5066/P9K1HBNT
ore-332,ore_site,Unnamed lithium site 332,NV,,41.71198,-118.07499,point,lithium,lithium,Ore Site,CM resources,3,1,1,1,,,2024,USGS Critical mineral deposits of the United States v2.0,ScienceBase data release 10.5066/P9K1HBNT
ore-521,ore_site,Unnamed lithium site 521,NV,,37.81067,-117.85512,point,lithium,lithium,Ore Site,CM resources,3,1,1,1,,,2024,USGS Critical mineral deposits of the United States v2.0,ScienceBase data release 10.5066/P9K1HBNT
ore-573,ore_site,Unnamed lithium site 573,NV,,37.79778,-117.55347,point,lithium,lithium,Ore Site,CM-recent producer+resources,6,1,1,1,,,2024,USGS Critical mineral deposits of the United States v2.0,ScienceBase data release 10.5066/P9K1HBNT
ore-616,ore_site,Unnamed lithium site 616,NV,,38.15412,-117.27217,point,lithium,lithium,Ore Site,CM resources,3,1,1,1,,,2024,USGS Critical mineral deposits of the United States v2.0,ScienceBase data release 10.5066/P9K1HBNT
ore-84,ore_site,Unnamed lithium site 84,NV,,37.19978,-117.02249,point,lithium,lithium,Ore Site,CM resources,3,1,1,1,,,2024,USGS Critical mineral deposits of the United States v2.0,ScienceBase data release 10.5066/P9K1HBNT
ore-456,ore_site,Unnamed magnesium site 456,NV,,36.49999,-114.47862,point,magnesium,magnesium,Ore Site,CM-past producer+resources,5,1,1,1,,,2024,USGS Critical mineral deposits of the United States v2.0,ScienceBase data release 10.5066/P9K1HBNT
ore-5,ore_site,Unnamed magnesium site 5,NV,,38.85242,-115.3148,point,magnesium,magnesium,Ore Site,CM-past producer,1,1,1,1,,,2024,USGS Critical mineral deposits of the United States v2.0,ScienceBase data release 10.5066/P9K1HBNT
ore-565,ore_site,Unnamed magnesium site 565,NV,,38.86659,-117.88427,point,magnesium,magnesium,Ore Site,CM-recent producer+resources,6,1,1,0,,,2024,USGS Critical mineral deposits of the United States v2.0,ScienceBase data release 10.5066/P9K1HBNT
ore-607,ore_site,Unnamed magnesium site 607,NV,,39.19962,-114.76725,point,magnesium,magnesium,Ore Site,CM resources,3,1,1,1,,,2024,USGS Critical mineral deposits of the United States v2.0,ScienceBase data release 10.5066/P9K1HBNT
ore-672,ore_site,Unnamed magnesium site 672,NV,,38.92966,-115.14115,point,magnesium,magnesium,Ore Site,CM-past producer,1,1,1,1,,,2024,USGS Critical mineral deposits of the United States v2.0,ScienceBase data release 10.5066/P9K1HBNT
ore-245,ore_site,Unnamed manganese site 245,NV,,40.94325,-117.42904,point,manganese,"manganese, tungsten",Ore Site,CM-past producer,1,1,1,0,,,2024,USGS Critical mineral deposits of the United States v2.0,ScienceBase data release 10.5066/P9K1HBNT
ore-496,ore_site,Unnamed manganese site 496,NV,,37.90107,-114.4739,point,manganese,"manganese, zinc",Ore Site,CM-past producer+resources,5,1,1,1,,,2024,USGS Critical mineral deposits of the United States v2.0,ScienceBase data release 10.5066/P9K1HBNT
ore-612,ore_site,Unnamed manganese site 612,NV,,36.09139,-114.91277,point,manganese,manganese,Ore Site,CM-past producer+resources,5,1,1,1,,,2024,USGS Critical mineral deposits of the United States v2.0,ScienceBase data release 10.5066/P9K1HBNT
ore-524,ore_site,Unnamed rhenium site 524,NV,,39.26262,-114.99346,point,rhenium,rhenium,Ore Site,Recent producer+CM resources,4,1,1,1,,,2024,USGS Critical mineral deposits of the United States v2.0,ScienceBase data release 10.5066/P9K1HBNT
ore-371,ore_site,Unnamed tin site 371,NV,,40.68322,-118.53432,point,tin,tin,Ore Site,CM-past producer,1,1,1,1,,,2024,USGS Critical mineral deposits of the United States v2.0,ScienceBase data release 10.5066/P9K1HBNT
ore-206,ore_site,Unnamed tungsten site 206,NV,,37.64128,-115.63114,point,tungsten,tungsten,Ore Site,CM-past producer,1,1,1,0,,,2024,USGS Critical mineral deposits of the United States v2.0,ScienceBase data release 10.5066/P9K1HBNT
ore-253,ore_site,Unnamed tungsten site 253,NV,,41.13643,-117.27606,point,tungsten,tungsten,Ore Site,CM-past producer+resources,5,1,1,1,,,2024,USGS Critical mineral deposits of the United States v2.0,ScienceBase data release 10.5066/P9K1HBNT
ore-300,ore_site,Unnamed tungsten site 300,NV,,41.62551,-114.2448,point,tungsten,tungsten,Ore Site,CM-past producer+resources,5,1,1,1,,,2024,USGS Critical mineral deposits of the United States v2.0,ScienceBase data release 10.5066/P9K1HBNT
ore-367,ore_site,Unnamed tungsten site 367,NV,,40.03379,-119.26441,point,tungsten,tungsten,Ore Site,CM-past producer,1,1,1,0,,,2024,USGS Critical mineral deposits of the United States v2.0,ScienceBase data release 10.5066/P9K1HBNT
ore-382,ore_site,Unnamed tungsten site 382,NV,,41.15612,-117.29726,point,tungsten,tungsten,Ore Site,CM-past producer,1,1,1,0,,,2024,USGS Critical mineral deposits of the United States v2.0,ScienceBase data release 10.5066/P9K1HBNT
ore-424,ore_site,Unnamed tungsten site 424,NV,,39.2453,-115.5515,point,tungsten,tungsten,Ore Site,CM-past producer+resources,5,1,1,1,,,2024,USGS Critical mineral deposits of the United States v2.0,ScienceBase data release 10.5066/P9K1HBNT
ore-429,ore_site,Unnamed tungsten site 429,NV,,39.01455,-118.32345,point,tungsten,tungsten,Ore Site,CM-past producer,1,1,1,0,,,2024,USGS Critical mineral deposits of the United States v2.0,ScienceBase data release 10.5066/P9K1HBNT
ore-435,ore_site,Unnamed tungsten site 435,NV,,40.00975,-119.22758,point,tungsten,tungsten,Ore Site,CM-past producer,1,1,1,0,,,2024,USGS Critical mineral deposits of the United States v2.0,ScienceBase data release 10.5066/P9K1HBNT
ore-458,ore_site,Unnamed tungsten site 458,NV,,41.14669,-117.26128,point,tungsten,tungsten,Ore Site,CM-past producer+resources,5,1,1,1,,,2024,USGS Critical mineral deposits of the United States v2.0,ScienceBase data release 10.5066/P9K1HBNT
ore-481,ore_site,Unnamed tungsten site 481,NV,,38.37915,-117.87082,point,tungsten,"tungsten, zinc",Ore Site,CM-past producer+resources,5,1,1,1,,,2024,USGS Critical mineral deposits of the United States v2.0,ScienceBase data release 10.5066/P9K1HBNT
ore-482,ore_site,Unnamed tungsten site 482,NV,,38.3933,-117.8872,point,tungsten,tungsten,Ore Site,CM-past producer+resources,5,1,1,1,,,2024,USGS Critical mineral deposits of the United States v2.0,ScienceBase data release 10.5066/P9K1HBNT
ore-483,ore_site,Unnamed tungsten site 483,NV,,38.3864,-117.8905,point,tungsten,tungsten,Ore Site,CM-past producer,1,1,1,0,,,2024,USGS Critical mineral deposits of the United States v2.0,ScienceBase data release 10.5066/P9K1HBNT
ore-523,ore_site,Unnamed tungsten site 523,NV,,41.18909,-117.25071,point,tungsten,tungsten,Ore Site,CM-past producer+resources,5,1,1,1,,,2024,USGS Critical mineral deposits of the United States v2.0,ScienceBase data release 10.5066/P9K1HBNT
ore-550,ore_site,Unnamed tungsten site 550,NV,,38.79425,-114.35381,point,tungsten,tungsten,Ore Site,CM-past producer+resources,5,1,1,1,,,2024,USGS Critical mineral deposits of the United States v2.0,ScienceBase data release 10.5066/P9K1HBNT
ore-570,ore_site,Unnamed tungsten site 570,NV,,38.31691,-118.19709,point,tungsten,tungsten,Ore Site,CM-past producer,1,1,1,0,,,2024,USGS Critical mineral deposits of the United States v2.0,ScienceBase data release 10.5066/P9K1HBNT
ore-587,ore_site,Unnamed tungsten site 587,NV,,40.77807,-118.13429,point,tungsten,tungsten,Ore Site,CM-past producer+resources,5,1,1,1,,,2024,USGS Critical mineral deposits of the United States v2.0,ScienceBase data release 10.5066/P9K1HBNT
ore-591,ore_site,Unnamed tungsten site 591,NV,,40.0135,-119.11238,point,tungsten,tungsten,Ore Site,CM-past producer,1,1,1,0,,,2024,USGS Critical mineral deposits of the United States v2.0,ScienceBase data release 10.5066/P9K1HBNT
ore-647,ore_site,Unnamed tungsten site 647,NV,,41.15104,-117.26177,point,tungsten,tungsten,Ore Site,CM-past producer,1,1,1,0,,,2024,USGS Critical mineral deposits of the United States v2.0,ScienceBase data release 10.5066/P9K1HBNT
ore-653,ore_site,Unnamed tungsten site 653,NV,,38.97532,-117.91545,point,tungsten,tungsten,Ore Site,CM-past producer,1,1,1,0,,,2024,USGS Critical mineral deposits of the United States v2.0,ScienceBase data release 10.5066/P9K1HBNT
ore-132,ore_site,Unnamed vanadium site 132,NV,,40.61686,-116.11806,point,vanadium,vanadium,Ore Site,CM resources,3,1,1,1,,,2024,USGS Critical mineral deposits of the United States v2.0,ScienceBase data release 10.5066/P9K1HBNT
ore-238,ore_site,Unnamed vanadium site 238,NV,,39.20937,-116.09646,point,vanadium,vanadium,Ore Site,CM resources,3,1,1,1,,,2024,USGS Critical mineral deposits of the United States v2.0,ScienceBase data release 10.5066/P9K1HBNT
ore-58,ore_site,Unnamed vanadium site 58,NV,,39.08437,-116.14784,point,vanadium,vanadium,Ore Site,CM resources,3,1,1,1,,,2024,USGS Critical mineral deposits of the United States v2.0,ScienceBase data release 10.5066/P9K1HBNT
ore-353,ore_site,Unnamed zinc site 353,NV,,39.61251,-116.26245,point,zinc,zinc,Ore Site,CM-past producer+resources,5,1,1,1,,,2024,USGS Critical mineral deposits of the United States v2.0,ScienceBase data release 10.5066/P9K1HBNT
ore-417,ore_site,Unnamed zinc site 417,NV,,39.78742,-116.15897,point,zinc,zinc,Ore Site,CM-past producer+resources,5,1,1,1,,,2024,USGS Critical mineral deposits of the United States v2.0,ScienceBase data release 10.5066/P9K1HBNT
ore-463,ore_site,Unnamed zinc site 463,NV,,37.89024,-114.61334,point,zinc,zinc,Ore Site,CM-past producer+resources,5,1,1,1,,,2024,USGS Critical mineral deposits of the United States v2.0,ScienceBase data release 10.5066/P9K1HBNT
ore-625,ore_site,Unnamed zinc site 625,NV,,40.28628,-118.54709,point,zinc,zinc,Ore Site,CM-past producer+resources,5,1,1,1,,,2024,USGS Critical mineral deposits of the United States v2.0,ScienceBase data release 10.5066/P9K1HBNT
ore-493,ore_site,Unnamed REE site 493,NY,,43.58504,-75.34116,point,REE,"REE, titanium, zirconium",Ore Site,CM resources,3,1,1,1,,,2024,USGS Critical mineral deposits of the United States v2.0,ScienceBase data release 10.5066/P9K1HBNT
ore-545,ore_site,Unnamed REE site 545,NY,,44.05081,-74.05511,point,REE,"REE, titanium, vanadium",Ore Site,CM-past producer+resources,5,1,1,1,,,2024,USGS Critical mineral deposits of the United States v2.0,ScienceBase data release 10.5066/P9K1HBNT
ore-143,ore_site,Unnamed graphite site 143,NY,,43.53773,-73.48084,point,graphite,graphite,Ore Site,CM resources,3,1,0,1,,,2024,USGS Critical mineral deposits of the United States v2.0,ScienceBase data release 10.5066/P9K1HBNT
ore-572,ore_site,Unnamed graphite site 572,NY,,43.54125,-73.48899,point,graphite,graphite,Ore Site,CM resources,3,1,0,1,,,2024,USGS Critical mineral deposits of the United States v2.0,ScienceBase data release 10.5066/P9K1HBNT
ore-308,ore_site,Unnamed titanium site 308,NY,,44.0833,-74.04955,point,titanium,titanium,Ore Site,CM resources,3,1,1,1,,,2024,USGS Critical mineral deposits of the United States v2.0,ScienceBase data release 10.5066/P9K1HBNT
ore-368,ore_site,Unnamed titanium site 368,NY,,44.05108,-74.05035,point,titanium,titanium,Ore Site,CM-past producer,1,1,1,0,,,2024,USGS Critical mineral deposits of the United States v2.0,ScienceBase data release 10.5066/P9K1HBNT
ore-200,ore_site,Unnamed zinc site 200,NY,,44.33092,-75.26706,point,zinc,zinc,Ore Site,CM-past producer+resources,5,1,1,1,,,2024,USGS Critical mineral deposits of the United States v2.0,ScienceBase data release 10.5066/P9K1HBNT
ore-212,ore_site,Unnamed zinc site 212,NY,,44.26424,-75.4108,point,zinc,zinc,Ore Site,CM-recent producer+resources,6,1,1,1,,,2024,USGS Critical mineral deposits of the United States v2.0,ScienceBase data release 10.5066/P9K1HBNT
ore-35,ore_site,Unnamed zinc site 35,NY,,44.25218,-75.39977,point,zinc,zinc,Ore Site,CM-past producer+resources,5,1,1,1,,,2024,USGS Critical mineral deposits of the United States v2.0,ScienceBase data release 10.5066/P9K1HBNT
ore-477,ore_site,Unnamed gallium site 477,OK,,36.9834,-94.83357,point,gallium,"gallium, germanium, zinc",Ore Site,CM-past producer,1,1,1,0,,,2024,USGS Critical mineral deposits of the United States v2.0,ScienceBase data release 10.5066/P9K1HBNT
ore-142,ore_site,Unnamed chromium site 142,OR,,44.35096,-118.81467,point,chromium,chromium,Ore Site,CM-past producer+resources,5,1,1,1,,,2024,USGS Critical mineral deposits of the United States v2.0,ScienceBase data release 10.5066/P9K1HBNT
ore-201,ore_site,Unnamed chromium site 201,OR,,42.25776,-123.6628,point,chromium,"chromium, cobalt, nickel",Ore Site,CM resources,3,1,1,1,,,2024,USGS Critical mineral deposits of the United States v2.0,ScienceBase data release 10.5066/P9K1HBNT
ore-307,ore_site,Unnamed chromium site 307,OR,,44.3536,-118.9224,point,chromium,chromium,Ore Site,CM-past producer+resources,5,1,1,1,,,2024,USGS Critical mineral deposits of the United States v2.0,ScienceBase data release 10.5066/P9K1HBNT
ore-454,ore_site,Unnamed chromium site 454,OR,,43.252,-124.371,point,chromium,"chromium, zirconium",Ore Site,CM resources,3,1,1,1,,,2024,USGS Critical mineral deposits of the United States v2.0,ScienceBase data release 10.5066/P9K1HBNT
ore-455,ore_site,Unnamed chromium site 455,OR,,42.36092,-123.77176,point,chromium,chromium,Ore Site,CM-past producer,1,1,1,0,,,2024,USGS Critical mineral deposits of the United States v2.0,ScienceBase data release 10.5066/P9K1HBNT
ore-531,ore_site,Unnamed chromium site 531,OR,,42.0984,-123.7493,point,chromium,chromium,Ore Site,CM resources,3,1,1,1,,,2024,USGS Critical mineral deposits of the United States v2.0,ScienceBase data release 10.5066/P9K1HBNT
ore-677,ore_site,Unnamed chromium site 677,OR,,42.13899,-123.70309,point,chromium,chromium,Ore Site,CM resources,3,1,1,1,,,2024,USGS Critical mineral deposits of the United States v2.0,ScienceBase data release 10.5066/P9K1HBNT
ore-434,ore_site,Unnamed cobalt site 434,OR,,42.96021,-123.43628,point,cobalt,"cobalt, nickel",Ore Site,CM-past producer+resources,5,1,1,1,,,2024,USGS Critical mineral deposits of the United States v2.0,ScienceBase data release 10.5066/P9K1HBNT
ore-637,ore_site,Unnamed cobalt site 637,OR,,41.99958,-123.75793,point,cobalt,"cobalt, zinc",Ore Site,CM resources,3,1,1,1,,,2024,USGS Critical mineral deposits of the United States v2.0,ScienceBase data release 10.5066/P9K1HBNT
ore-388,ore_site,Unnamed lithium site 388,OR,,42.04162,-118.05924,point,lithium,lithium,Ore Site,CM resources,3,1,1,1,,,2024,USGS Critical mineral deposits of the United States v2.0,ScienceBase data release 10.5066/P9K1HBNT
ore-512,ore_site,Unnamed nickel site 512,OR,,42.3492,-124.2943,point,nickel,nickel,Ore Site,CM resources,3,1,1,1,,,2024,USGS Critical mineral deposits of the United States v2.0,ScienceBase data release 10.5066/P9K1HBNT
ore-675,ore_site,Unnamed chromium site 675,PA,,39.72942,-76.10574,point,chromium,chromium,Ore Site,CM-past producer,1,1,1,1,,,2024,USGS Critical mineral deposits of the United States v2.0,ScienceBase data release 10.5066/P9K1HBNT
ore-165,ore_site,Unnamed cobalt site 165,PA,,40.26671,-76.41104,point,cobalt,cobalt,Ore Site,CM-past producer+resources,5,1,1,1,,,2024,USGS Critical mineral deposits of the United States v2.0,ScienceBase data release 10.5066/P9K1HBNT
ore-230,ore_site,Unnamed cobalt site 230,PA,,39.95641,-76.08297,point,cobalt,"cobalt, nickel",Ore Site,CM-past producer+resources,5,1,1,1,,,2024,USGS Critical mineral deposits of the United States v2.0,ScienceBase data release 10.5066/P9K1HBNT
ore-252,ore_site,Unnamed cobalt site 252,PA,,40.172,-75.882,point,cobalt,cobalt,Ore Site,CM-past producer+resources,5,1,1,1,,,2024,USGS Critical mineral deposits of the United States v2.0,ScienceBase data release 10.5066/P9K1HBNT
ore-321,ore_site,Unnamed graphite site 321,PA,,40.07781,-75.63293,point,graphite,graphite,Ore Site,CM-past producer+resources,5,1,1,1,,,2024,USGS Critical mineral deposits of the United States v2.0,ScienceBase data release 10.5066/P9K1HBNT
ore-266,ore_site,Unnamed chromium site 266,PR,,18.13627,-67.15982,point,chromium,"chromium, cobalt, nickel",Ore Site,CM resources,3,1,1,1,,,2024,USGS Critical mineral deposits of the United States v2.0,ScienceBase data release 10.5066/P9K1HBNT
ore-497,ore_site,Unnamed chromium site 497,PR,,18.16356,-67.17836,point,chromium,"chromium, cobalt, nickel",Ore Site,CM resources,3,1,1,1,,,2024,USGS Critical mineral deposits of the United States v2.0,ScienceBase data release 10.5066/P9K1HBNT
ore-526,ore_site,Unnamed chromium site 526,PR,,18.17094,-67.03755,point,chromium,"chromium, cobalt, nickel",Ore Site,CM resources,3,1,1,1,,,2024,USGS Critical mineral deposits of the United States v2.0,ScienceBase data release 10.5066/P9K1HBNT
ore-527,ore_site,Unnamed chromium site 527,PR,,18.16582,-67.02142,point,chromium,"chromium, cobalt, nickel",Ore Site,CM resources,3,1,1,1,,,2024,USGS Critical mineral deposits of the United States v2.0,ScienceBase data release 10.5066/P9K1HBNT
ore-346,ore_site,Unnamed cobalt site 346,PR,,18.18632,-67.10946,point,cobalt,"cobalt, nickel",Ore Site,CM resources,3,1,1,1,,,2024,USGS Critical mineral deposits of the United States v2.0,ScienceBase data release 10.5066/P9K1HBNT
ore-380,ore_site,Unnamed cobalt site 380,PR,,18.14953,-66.98086,point,cobalt,"cobalt, nickel",Ore Site,CM resources,3,1,1,1,,,2024,USGS Critical mineral deposits of the United States v2.0,ScienceBase data release 10.5066/P9K1HBNT
ore-381,ore_site,Unnamed cobalt site 381,PR,,18.15466,-66.99337,point,cobalt,"cobalt, nickel",Ore Site,CM resources,3,1,1,1,,,2024,USGS Critical mineral deposits of the United States v2.0,ScienceBase data release 10.5066/P9K1HBNT
ore-320,ore_site,Unnamed manganese site 320,PR,,18.0715,-66.46475,point,manganese,manganese,Ore Site,CM-past producer,1,1,1,0,,,2024,USGS Critical mineral deposits of the United States v2.0,ScienceBase data release 10.5066/P9K1HBNT
ore-100,ore_site,Unnamed REE site 100,SC,,35.11579,-81.57171,point,REE,"REE, titanium, zirconium",Ore Site,CM resources,3,1,1,1,,,2024,USGS Critical mineral deposits of the United States v2.0,ScienceBase data release 10.5066/P9K1HBNT
ore-283,ore_site,Unnamed REE site 283,SC,,32.18597,-80.70174,point,REE,"REE, titanium, zirconium",Ore Site,CM resources,3,1,1,1,,,2024,USGS Critical mineral deposits of the United States v2.0,ScienceBase data release 10.5066/P9K1HBNT
ore-288,ore_site,Unnamed REE site 288,SC,,33.40991,-81.77031,point,REE,"REE, titanium, zirconium",Ore Site,CM resources,3,1,1,1,,,2024,USGS Critical mineral deposits of the United States v2.0,ScienceBase data release 10.5066/P9K1HBNT
ore-291,ore_site,Unnamed REE site 291,SC,,33.49669,-81.88773,point,REE,"REE, titanium, zirconium",Ore Site,CM-past producer+resources,5,1,1,1,,,2024,USGS Critical mineral deposits of the United States v2.0,ScienceBase data release 10.5066/P9K1HBNT
ore-441,ore_site,Unnamed REE site 441,SC,,34.76096,-81.93247,point,REE,"REE, titanium, zirconium",Ore Site,CM resources,3,1,1,1,,,2024,USGS Critical mineral deposits of the United States v2.0,ScienceBase data release 10.5066/P9K1HBNT
ore-50,ore_site,Unnamed REE site 50,SC,,34.45246,-82.73656,point,REE,"REE, titanium, zirconium",Ore Site,CM resources,3,1,1,1,,,2024,USGS Critical mineral deposits of the United States v2.0,ScienceBase data release 10.5066/P9K1HBNT
ore-504,ore_site,Unnamed REE site 504,SC,,34.52844,-82.16742,point,REE,"REE, titanium, zirconium",Ore Site,CM resources,3,1,1,1,,,2024,USGS Critical mineral deposits of the United States v2.0,ScienceBase data release 10.5066/P9K1HBNT
ore-609,ore_site,Unnamed REE site 609,SC,,35.08411,-81.72727,point,REE,"REE, titanium, zirconium",Ore Site,CM resources,3,1,1,1,,,2024,USGS Critical mineral deposits of the United States v2.0,ScienceBase data release 10.5066/P9K1HBNT
ore-330,ore_site,Unnamed barite site 330,SC,,35.07791,-81.43733,point,barite,barite,Ore Site,CM-past producer+resources,5,1,1,1,,,2024,USGS Critical mineral deposits of the United States v2.0,ScienceBase data release 10.5066/P9K1HBNT
ore-96,ore_site,Unnamed fluorspar site 96,SC,,34.65012,-80.4165,point,fluorspar,fluorspar,Ore Site,Past producer+CM resources,2,1,1,1,,,2024,USGS Critical mineral deposits of the United States v2.0,ScienceBase data release 10.5066/P9K1HBNT
ore-110,ore_site,Unnamed REE site 110,SD,,44.39386,-104.09029,point,REE,REE,Ore Site,CM resources,3,1,1,1,,,2024,USGS Critical mineral deposits of the United States v2.0,ScienceBase data release 10.5066/P9K1HBNT
ore-205,ore_site,Unnamed beryllium site 205,SD,,43.7469,-103.51667,point,beryllium,beryllium,Ore Site,CM-past producer,1,1,1,0,,,2024,USGS Critical mineral deposits of the United States v2.0,ScienceBase data release 10.5066/P9K1HBNT
ore-213,ore_site,Unnamed beryllium site 213,SD,,43.88079,-103.41889,point,beryllium,"beryllium, lithium, niobium, tantalum, tin",Ore Site,CM-past producer,1,1,1,0,,,2024,USGS Critical mineral deposits of the United States v2.0,ScienceBase data release 10.5066/P9K1HBNT
ore-301,ore_site,Unnamed beryllium site 301,SD,,43.91165,-103.45344,point,beryllium,"beryllium, lithium, niobium, tantalum, tin",Ore Site,CM-past producer,1,1,1,0,,,2024,USGS Critical mineral deposits of the United States v2.0,ScienceBase data release 10.5066/P9K1HBNT
ore-44,ore_site,Unnamed beryllium site 44,SD,,43.73329,-103.5005,point,beryllium,"beryllium, lithium",Ore Site,CM-past producer,1,1,1,0,,,2024,USGS Critical mineral deposits of the United States v2.0,ScienceBase data release 10.5066/P9K1HBNT
ore-474,ore_site,Unnamed beryllium site 474,SD,,43.89035,-103.42003,point,beryllium,"beryllium, lithium, niobium, tantalum, tin",Ore Site,CM-past producer+resources,5,1,1,1,,,2024,USGS Critical mineral deposits of the United States v2.0,ScienceBase data release 10.5066/P9K1HBNT
ore-237,ore_site,Unnamed lithium site 237,SD,,44.37681,-104.04923,point,lithium,"lithium, niobium, tantalum tin",Ore Site,CM-past producer+resources,5,1,1,1,,,2024,USGS Critical mineral deposits of the United States v2.0,ScienceBase data release 10.5066/P9K1HBNT
ore-532,ore_site,Unnamed tantalum site 532,SD,,44.37893,-104.05145,point,tantalum,"tantalum, tin",Ore Site,CM-past producer+resources,5,1,1,1,,,2024,USGS Critical mineral deposits of the United States v2.0,ScienceBase data release 10.5066/P9K1HBNT
ore-166,ore_site,Unnamed tin site 166,SD,,43.92575,-103.59636,point,tin,tin,Ore Site,CM-past producer+resources,5,1,1,1,,,2024,USGS Critical mineral deposits of the United States v2.0,ScienceBase data release 10.5066/P9K1HBNT
ore-2,ore_site,Unnamed tin site 2,SD,,43.92867,-103.52356,point,tin,tin,Ore Site,CM-past producer,1,1,1,0,,,2024,USGS Critical mineral deposits of the United States v2.0,ScienceBase data release 10.5066/P9K1HBNT
ore-235,ore_site,Unnamed tin site 235,SD,,43.92033,-103.58883,point,tin,tin,Ore Site,CM-past producer,1,1,1,0,,,2024,USGS Critical mineral deposits of the United States v2.0,ScienceBase data release 10.5066/P9K1HBNT
ore-613,ore_site,Unnamed tin site 613,SD,,43.9341,-103.58919,point,tin,tin,Ore Site,CM-past producer,1,1,1,0,,,2024,USGS Critical mineral deposits of the United States v2.0,ScienceBase data release 10.5066/P9K1HBNT
ore-446,ore_site,Unnamed REE site 446,TN,,36.39208,-88.17028,point,REE,REE,Ore Site,CM resources,3,1,1,1,,,2024,USGS Critical mineral deposits of the United States v2.0,ScienceBase data release 10.5066/P9K1HBNT
ore-567,ore_site,Unnamed REE site 567,TN,,36.03333,-88.18333,point,REE,REE,Ore Site,Past producer+CM resources,2,1,1,1,,,2024,USGS Critical mineral deposits of the United States v2.0,ScienceBase data release 10.5066/P9K1HBNT
ore-615,ore_site,Unnamed REE site 615,TN,,36.07581,-88.16752,point,REE,"REE, titanium, zirconium",Ore Site,CM resources,3,1,1,1,,,2024,USGS Critical mineral deposits of the United States v2.0,ScienceBase data release 10.5066/P9K1HBNT
ore-293,ore_site,Unnamed barite site 293,TN,,35.57288,-84.42131,point,barite,"barite, fluorspar",Ore Site,CM-past producer+resources,5,1,1,1,,,2024,USGS Critical mineral deposits of the United States v2.0,ScienceBase data release 10.5066/P9K1HBNT
ore-116,ore_site,Unnamed cobalt site 116,TN,,35.03511,-84.37932,point,cobalt,"cobalt, zinc",Ore Site,CM-past producer+resources,5,1,1,1,,,2024,USGS Critical mineral deposits of the United States v2.0,ScienceBase data release 10.5066/P9K1HBNT
ore-251,ore_site,Unnamed germanium site 251,TN,,36.19699,-85.93436,point,germanium,"germanium, zinc",Ore Site,CM-past producer+resources,5,1,1,1,,,2024,USGS Critical mineral deposits of the United States v2.0,ScienceBase data release 10.5066/P9K1HBNT
ore-111,ore_site,Unnamed zinc site 111,TN,,36.4423,-83.7385,point,zinc,zinc,Ore Site,CM-past producer,1,1,1,0,,,2024,USGS Critical mineral deposits of the United States v2.0,ScienceBase data release 10.5066/P9K1HBNT
ore-155,ore_site,Unnamed zinc site 155,TN,,36.37339,-83.40708,point,zinc,zinc,Ore Site,CM-past producer+resources,5,1,1,1,,,2024,USGS Critical mineral deposits of the United States v2.0,ScienceBase data release 10.5066/P9K1HBNT
ore-175,ore_site,Unnamed zinc site 175,TN,,36.25806,-85.93306,point,zinc,zinc,Ore Site,CM resources,3,1,0,1,,,2024,USGS Critical mineral deposits of the United States v2.0,ScienceBase data release 10.5066/P9K1HBNT
ore-329,ore_site,Unnamed zinc site 329,TN,,36.50038,-83.64849,point,zinc,zinc,Ore Site,CM-past producer,1,1,1,0,,,2024,USGS Critical mineral deposits of the United States v2.0,ScienceBase data release 10.5066/P9K1HBNT
ore-430,ore_site,Unnamed zinc site 430,TN,,36.39787,-83.84046,point,zinc,zinc,Ore Site,CM-past producer,1,1,1,1,,,2024,USGS Critical mineral deposits of the United States v2.0,ScienceBase data release 10.5066/P9K1HBNT
ore-683,ore_site,Unnamed zinc site 683,TN,,36.07649,-83.61299,point,zinc,zinc,Ore Site,CM-recent producer+resources,6,1,1,1,,,2024,USGS Critical mineral deposits of the United States v2.0,ScienceBase data release 10.5066/P9K1HBNT
ore-40,ore_site,Unnamed REE site 40,TX,,30.77799,-98.43111,point,REE,"REE, zirconium",Ore Site,CM-past producer,1,1,1,0,,,2024,USGS Critical mineral deposits of the United States v2.0,ScienceBase data release 10.5066/P9K1HBNT
ore-533,ore_site,Unnamed aluminum site 533,TX,,31.27668,-105.4762,point,aluminum,"aluminum, beryllium, gallium, hafnium, lithium, magnesium, manganese, niobium, REE, scandium, tantalum, titanium, yttrium, zirconium",Ore Site,CM resources,3,1,1,1,,,2024,USGS Critical mineral deposits of the United States v2.0,ScienceBase data release 10.5066/P9K1HBNT
ore-459,ore_site,Unnamed fluorspar site 459,TX,,29.46079,-103.45907,point,fluorspar,fluorspar,Ore Site,CM-past producer+resources,5,1,1,1,,,2024,USGS Critical mineral deposits of the United States v2.0,ScienceBase data release 10.5066/P9K1HBNT
ore-585,ore_site,Unnamed fluorspar site 585,TX,,30.93824,-105.04802,point,fluorspar,fluorspar,Ore Site,CM-past producer+resources,5,1,1,1,,,2024,USGS Critical mineral deposits of the United States v2.0,ScienceBase data release 10.5066/P9K1HBNT
ore-582,ore_site,Unnamed graphite site 582,TX,,30.78491,-98.35783,point,graphite,graphite,Ore Site,CM-past producer+resources,5,1,1,1,,,2024,USGS Critical mineral deposits of the United States v2.0,ScienceBase data release 10.5066/P9K1HBNT
ore-138,ore_site,Unnamed niobium site 138,TX,,31.44179,-104.88089,point,niobium,"niobium, tin, tungsten",Ore Site,CM resources,3,1,1,1,,,2024,USGS Critical mineral deposits of the United States v2.0,ScienceBase data release 10.5066/P9K1HBNT
ore-226,ore_site,Unnamed tin site 226,TX,,31.93608,-106.48761,point,tin,tin,Ore Site,CM-past producer,1,1,1,1,,,2024,USGS Critical mineral deposits of the United States v2.0,ScienceBase data release 10.5066/P9K1HBNT
ore-68,ore_site,Unnamed alumina site 68,UT,,38.28014,-113.52096,point,alumina,"alumina, potash",Ore Site,CM resources,3,1,1,1,,,2024,USGS Critical mineral deposits of the United States v2.0,ScienceBase data release 10.5066/P9K1HBNT
ore-69,ore_site,Unnamed alumina site 69,UT,,38.28623,-113.46381,point,alumina,"alumina, potash",Ore Site,CM resources,3,1,1,1,,,2024,USGS Critical mineral deposits of the United States v2.0,ScienceBase data release 10.5066/P9K1HBNT
ore-70,ore_site,Unnamed alumina site 70,UT,,38.25421,-113.55883,point,alumina,"alumina, potash",Ore Site,CM resources,3,1,1,1,,,2024,USGS Critical mineral deposits of the United States v2.0,ScienceBase data release 10.5066/P9K1HBNT
ore-71,ore_site,Unnamed alumina site 71,UT,,38.23924,-113.51403,point,alumina,"alumina, potash",Ore Site,CM resources,3,1,1,1,,,2024,USGS Critical mineral deposits of the United States v2.0,ScienceBase data release 10.5066/P9K1HBNT
ore-192,ore_site,Unnamed aluminum site 192,UT,,38.37608,-112.09299,point,aluminum,"aluminum, manganese",Ore Site,CM-past producer+resources,5,1,1,1,,,2024,USGS Critical mineral deposits of the United States v2.0,ScienceBase data release 10.5066/P9K1HBNT
ore-198,ore_site,Unnamed aluminum site 198,UT,,38.27552,-113.52498,point,aluminum,aluminum,Ore Site,CM-past producer+resources,5,1,1,1,,,2024,USGS Critical mineral deposits of the United States v2.0,ScienceBase data release 10.5066/P9K1HBNT
ore-193,ore_site,Unnamed antimony site 193,UT,,41.56493,-112.00859,point,antimony,antimony,Ore Site,CM-past producer,1,1,1,0,,,2024,USGS Critical mineral deposits of the United States v2.0,ScienceBase data release 10.5066/P9K1HBNT
ore-210,ore_site,Unnamed antimony site 210,UT,,38.10558,-111.89466,point,antimony,antimony,Ore Site,CM-past producer+resources,5,1,1,1,,,2024,USGS Critical mineral deposits of the United States v2.0,ScienceBase data release 10.5066/P9K1HBNT
ore-349,ore_site,Unnamed antimony site 349,UT,,37.37304,-113.83137,point,antimony,antimony,Ore Site,CM-past producer,1,1,1,0,,,2024,USGS Critical mineral deposits of the United States v2.0,ScienceBase data release 10.5066/P9K1HBNT
ore-18,ore_site,Unnamed arsenic site 18,UT,,37.06972,-113.80389,point,arsenic,"arsenic, gallium, germanium, zinc",Ore Site,CM-past producer+resources,5,1,1,1,,,2024,USGS Critical mineral deposits of the United States v2.0,ScienceBase data release 10.5066/P9K1HBNT
ore-247,ore_site,Unnamed arsenic site 247,UT,,40.16104,-113.8064,point,arsenic,arsenic,Ore Site,CM-past producer,1,1,1,0,,,2024,USGS Critical mineral deposits of the United States v2.0,ScienceBase data release 10.5066/P9K1HBNT
ore-586,ore_site,Unnamed beryllium site 586,UT,,39.707,-113.217,point,beryllium,"beryllium, fluorspar",Ore Site,CM-recent producer+resources,6,1,1,1,,,2024,USGS Critical mineral deposits of the United States v2.0,ScienceBase data release 10.5066/P9K1HBNT
ore-619,ore_site,Unnamed beryllium site 619,UT,,39.70664,-113.21802,point,beryllium,beryllium,Ore Site,CM-past producer+resources,5,1,1,1,,,2024,USGS Critical mineral deposits of the United States v2.0,ScienceBase data release 10.5066/P9K1HBNT
ore-670,ore_site,Unnamed bismuth site 670,UT,,40.11243,-113.8364,point,bismuth,bismuth,Ore Site,CM-past producer,1,1,1,0,,,2024,USGS Critical mineral deposits of the United States v2.0,ScienceBase data release 10.5066/P9K1HBNT
ore-362,ore_site,Unnamed fluorspar site 362,UT,,39.73327,-113.23415,point,fluorspar,fluorspar,Ore Site,CM-past producer+resources,5,1,1,1,,,2024,USGS Critical mineral deposits of the United States v2.0,ScienceBase data release 10.5066/P9K1HBNT
ore-53,ore_site,Unnamed indium site 53,UT,,40.5232,-112.1478,point,indium,"indium, platinum, rhenium, tellurium",Ore Site,CM-recent producer+resources,6,1,1,1,,,2024,USGS Critical mineral deposits of the United States v2.0,ScienceBase data release 10.5066/P9K1HBNT
ore-661,ore_site,Unnamed indium site 661,UT,,39.85815,-113.46458,point,indium,"indium, zinc",Ore Site,CM resources,3,1,1,1,,,2024,USGS Critical mineral deposits of the United States v2.0,ScienceBase data release 10.5066/P9K1HBNT
ore-257,ore_site,Unnamed lithium site 257,UT,,38.5419,-109.76469,point,lithium,"lithium, potash",Ore Site,CM resources,3,1,1,1,,,2024,USGS Critical mineral deposits of the United States v2.0,ScienceBase data release 10.5066/P9K1HBNT
ore-448,ore_site,Unnamed lithium site 448,UT,,41.40271,-112.79911,point,lithium,"lithium, magnesium, potash",Ore Site,CM-recent producer+resources,6,1,1,1,,,2024,USGS Critical mineral deposits of the United States v2.0,ScienceBase data release 10.5066/P9K1HBNT
ore-465,ore_site,Unnamed lithium site 465,UT,,38.5685,-109.73452,point,lithium,lithium,Ore Site,CM resources,3,1,1,1,,,2024,USGS Critical mineral deposits of the United States v2.0,ScienceBase data release 10.5066/P9K1HBNT
ore-495,ore_site,Unnamed manganese site 495,UT,,39.56912,-113.03414,point,manganese,manganese,Ore Site,CM-past producer,1,1,1,1,,,2024,USGS Critical mineral deposits of the United States v2.0,ScienceBase data release 10.5066/P9K1HBNT
ore-589,ore_site,Unnamed manganese site 589,UT,,39.56745,-113.03192,point,manganese,manganese,Ore Site,CM-past producer,1,1,1,1,,,2024,USGS Critical mineral deposits of the United States v2.0,ScienceBase data release 10.5066/P9K1HBNT
ore-258,ore_site,Unnamed potash site 258,UT,,38.6889,-110.045,point,potash,potash,Ore Site,CM resources,3,1,1,1,,,2024,USGS Critical mineral deposits of the United States v2.0,ScienceBase data release 10.5066/P9K1HBNT
ore-273,ore_site,Unnamed potash site 273,UT,,38.2792,-109.5628,point,potash,potash,Ore Site,CM resources,3,1,1,1,,,2024,USGS Critical mineral deposits of the United States v2.0,ScienceBase data release 10.5066/P9K1HBNT
ore-408,ore_site,Unnamed potash site 408,UT,,38.5047,-109.68,point,potash,potash,Ore Site,CM-past producer+resources,5,1,1,1,,,2024,USGS Critical mineral deposits of the United States v2.0,ScienceBase data release 10.5066/P9K1HBNT
ore-411,ore_site,Unnamed potash site 411,UT,,37.7958,-109.1161,point,potash,potash,Ore Site,CM resources,3,1,1,1,,,2024,USGS Critical mineral deposits of the United States v2.0,ScienceBase data release 10.5066/P9K1HBNT
ore-484,ore_site,Unnamed potash site 484,UT,,41.0228,-113.9111,point,potash,potash,Ore Site,CM resources,3,1,1,1,,,2024,USGS Critical mineral deposits of the United States v2.0,ScienceBase data release 10.5066/P9K1HBNT
ore-556,ore_site,Unnamed potash site 556,UT,,38.9392,-113.1411,point,potash,potash,Ore Site,CM resources,3,1,1,1,,,2024,USGS Critical mineral deposits of the United States v2.0,ScienceBase data release 10.5066/P9K1HBNT
ore-660,ore_site,Unnamed potash site 660,UT,,40.6994,-113.8886,point,potash,potash,Ore Site,CM-past producer+resources,5,1,1,1,,,2024,USGS Critical mineral deposits of the United States v2.0,ScienceBase data release 10.5066/P9K1HBNT
ore-627,ore_site,Unnamed tungsten site 627,UT,,39.75074,-113.88614,point,tungsten,"tungsten, zinc",Ore Site,CM-past producer+resources,5,1,1,1,,,2024,USGS Critical mineral deposits of the United States v2.0,ScienceBase data release 10.5066/P9K1HBNT
ore-340,ore_site,Unnamed vanadium site 340,UT,,38.31339,-109.26563,point,vanadium,vanadium,Ore Site,CM-past producer+resources,5,1,1,1,,,2024,USGS Critical mineral deposits of the United States v2.0,ScienceBase data release 10.5066/P9K1HBNT
ore-537,ore_site,Unnamed vanadium site 537,UT,,37.9654,-109.07658,point,vanadium,vanadium,Ore Site,CM-past producer+resources,5,1,1,1,,,2024,USGS Critical mineral deposits of the United States v2.0,ScienceBase data release 10.5066/P9K1HBNT
ore-543,ore_site,Unnamed vanadium site 543,UT,,38.97886,-110.37379,point,vanadium,vanadium,Ore Site,CM-past producer+resources,5,1,1,1,,,2024,USGS Critical mineral deposits of the United States v2.0,ScienceBase data release 10.5066/P9K1HBNT
ore-651,ore_site,Unnamed vanadium site 651,UT,,40.58326,-109.60072,point,vanadium,vanadium,Ore Site,CM-recent producer+resources,6,1,1,1,,,2024,USGS Critical mineral deposits of the United States v2.0,ScienceBase data release 10.5066/P9K1HBNT
ore-113,ore_site,Unnamed zinc site 113,UT,,39.95,-112.04999,point,zinc,zinc,Ore Site,CM-past producer+resources,5,1,1,1,,,2024,USGS Critical mineral deposits of the United States v2.0,ScienceBase data release 10.5066/P9K1HBNT
ore-126,ore_site,Unnamed zinc site 126,UT,,40.44772,-112.33108,point,zinc,zinc,Ore Site,CM-past producer+resources,5,1,1,1,,,2024,USGS Critical mineral deposits of the United States v2.0,ScienceBase data release 10.5066/P9K1HBNT
ore-186,ore_site,Unnamed zinc site 186,UT,,38.38839,-112.27177,point,zinc,zinc,Ore Site,CM-past producer+resources,5,1,1,1,,,2024,USGS Critical mineral deposits of the United States v2.0,ScienceBase data release 10.5066/P9K1HBNT
ore-451,ore_site,Unnamed zinc site 451,UT,,40.62414,-111.49798,point,zinc,zinc,Ore Site,CM-past producer+resources,5,1,1,1,,,2024,USGS Critical mineral deposits of the United States v2.0,ScienceBase data release 10.5066/P9K1HBNT
ore-467,ore_site,Unnamed zinc site 467,UT,,40.63744,-111.47661,point,zinc,zinc,Ore Site,CM-past producer,1,1,1,0,,,2024,USGS Critical mineral deposits of the United States v2.0,ScienceBase data release 10.5066/P9K1HBNT
ore-645,ore_site,Unnamed zinc site 645,UT,,39.85688,-113.45639,point,zinc,zinc,Ore Site,CM-past producer,1,1,1,0,,,2024,USGS Critical mineral deposits of the United States v2.0,ScienceBase data release 10.5066/P9K1HBNT
ore-272,ore_site,Unnamed aluminum site 272,VA,,38.01278,-79.22528,point,aluminum,aluminum,Ore Site,CM-past producer,1,1,1,0,,,2024,USGS Critical mineral deposits of the United States v2.0,ScienceBase data release 10.5066/P9K1HBNT
ore-99,ore_site,Unnamed arsenic site 99,VA,,37.05701,-80.25561,point,arsenic,arsenic,Ore Site,CM-past producer,1,1,1,0,,,2024,USGS Critical mineral deposits of the United States v2.0,ScienceBase data release 10.5066/P9K1HBNT
ore-464,ore_site,Unnamed tin site 464,VA,,37.84999,-79.16409,point,tin,tin,Ore Site,CM-past producer+resources,5,1,1,1,,,2024,USGS Critical mineral deposits of the United States v2.0,ScienceBase data release 10.5066/P9K1HBNT
ore-27,ore_site,Unnamed titanium site 27,VA,,36.906,-77.568,point,titanium,"titanium, zirconium",Ore Site,CM-recent producer+resources,6,1,1,1,,,2024,USGS Critical mineral deposits of the United States v2.0,ScienceBase data release 10.5066/P9K1HBNT
ore-450,ore_site,Unnamed titanium site 450,VA,,36.97562,-77.55213,point,titanium,"titanium, zirconium",Ore Site,CM-past producer+resources,5,1,1,1,,,2024,USGS Critical mineral deposits of the United States v2.0,ScienceBase data release 10.5066/P9K1HBNT
ore-488,ore_site,Unnamed titanium site 488,VA,,37.70176,-79.02334,point,titanium,titanium,Ore Site,CM-past producer+resources,5,1,1,1,,,2024,USGS Critical mineral deposits of the United States v2.0,ScienceBase data release 10.5066/P9K1HBNT
ore-98,ore_site,Unnamed titanium site 98,VA,,36.65412,-77.61758,point,titanium,"titanium, zirconium",Ore Site,CM-past producer+resources,5,1,1,1,,,2024,USGS Critical mineral deposits of the United States v2.0,ScienceBase data release 10.5066/P9K1HBNT
ore-28,ore_site,Unnamed zinc site 28,VA,,36.84727,-80.92011,point,zinc,zinc,Ore Site,CM-past producer+resources,5,1,1,1,,,2024,USGS Critical mineral deposits of the United States v2.0,ScienceBase data release 10.5066/P9K1HBNT
ore-648,ore_site,Unnamed zinc site 648,VA,,38.17616,-77.7972,point,zinc,zinc,Ore Site,CM-past producer,1,1,1,1,,,2024,USGS Critical mineral deposits of the United States v2.0,ScienceBase data release 10.5066/P9K1HBNT
ore-93,ore_site,Unnamed zinc site 93,VA,,38.66087,-78.79473,point,zinc,zinc,Ore Site,CM-past producer,1,1,1,0,,,2024,USGS Critical mineral deposits of the United States v2.0,ScienceBase data release 10.5066/P9K1HBNT
ore-167,ore_site,Unnamed aluminum site 167,WA,,46.3515,-122.84201,point,aluminum,aluminum,Ore Site,CM resources,3,1,1,1,,,2024,USGS Critical mineral deposits of the United States v2.0,ScienceBase data release 10.5066/P9K1HBNT
ore-520,ore_site,Unnamed arsenic site 520,WA,,47.85203,-121.58538,point,arsenic,arsenic,Ore Site,CM-past producer,1,1,1,0,,,2024,USGS Critical mineral deposits of the United States v2.0,ScienceBase data release 10.5066/P9K1HBNT
ore-304,ore_site,Unnamed barite site 304,WA,,48.80625,-117.89502,point,barite,barite,Ore Site,CM resources,3,1,0,1,,,2024,USGS Critical mineral deposits of the United States v2.0,ScienceBase data release 10.5066/P9K1HBNT
ore-317,ore_site,Unnamed barite site 317,WA,,48.70295,-117.89611,point,barite,barite,Ore Site,CM resources,3,1,1,1,,,2024,USGS Critical mineral deposits of the United States v2.0,ScienceBase data release 10.5066/P9K1HBNT
ore-557,ore_site,Unnamed barite site 557,WA,,48.10405,-117.9892,point,barite,barite,Ore Site,CM resources,3,1,1,1,,,2024,USGS Critical mineral deposits of the United States v2.0,ScienceBase data release 10.5066/P9K1HBNT
ore-129,ore_site,Unnamed beryllium site 129,WA,,48.40235,-117.52109,point,beryllium,beryllium,Ore Site,CM-past producer,1,1,1,0,,,2024,USGS Critical mineral deposits of the United States v2.0,ScienceBase data release 10.5066/P9K1HBNT
ore-153,ore_site,Unnamed chromium site 153,WA,,47.44902,-121.05259,point,chromium,"chromium, nickel",Ore Site,CM resources,3,1,1,1,,,2024,USGS Critical mineral deposits of the United States v2.0,ScienceBase data release 10.5066/P9K1HBNT
ore-392,ore_site,Unnamed chromium site 392,WA,,48.6395,-121.9014,point,chromium,chromium,Ore Site,CM resources,3,1,1,1,,,2024,USGS Critical mineral deposits of the United States v2.0,ScienceBase data release 10.5066/P9K1HBNT
ore-73,ore_site,Unnamed chromium site 73,WA,,47.39922,-120.66337,point,chromium,"chromium, nickel",Ore Site,CM resources,3,1,1,1,,,2024,USGS Critical mineral deposits of the United States v2.0,ScienceBase data release 10.5066/P9K1HBNT
ore-476,ore_site,Unnamed germanium site 476,WA,,48.88333,-117.35645,point,germanium,"germanium, zinc",Ore Site,CM-recent producer+resources,6,1,1,1,,,2024,USGS Critical mineral deposits of the United States v2.0,ScienceBase data release 10.5066/P9K1HBNT
ore-170,ore_site,Unnamed manganese site 170,WA,,48.0775,-123.94333,point,manganese,manganese,Ore Site,CM-past producer,1,1,1,1,,,2024,USGS Critical mineral deposits of the United States v2.0,ScienceBase data release 10.5066/P9K1HBNT
ore-419,ore_site,Unnamed nickel site 419,WA,,48.3687,-122.29291,point,nickel,nickel,Ore Site,CM resources,3,1,1,1,,,2024,USGS Critical mineral deposits of the United States v2.0,ScienceBase data release 10.5066/P9K1HBNT
ore-418,ore_site,Unnamed rhenium site 418,WA,,48.0475,-118.7054,point,rhenium,rhenium,Ore Site,CM resources,3,1,0,1,,,2024,USGS Critical mineral deposits of the United States v2.0,ScienceBase data release 10.5066/P9K1HBNT
ore-571,ore_site,Unnamed tin site 571,WA,,47.557,-117.32861,point,tin,tin,Ore Site,CM-past producer,1,1,1,0,,,2024,USGS Critical mineral deposits of the United States v2.0,ScienceBase data release 10.5066/P9K1HBNT
ore-225,ore_site,Unnamed tungsten site 225,WA,,48.94817,-119.66562,point,tungsten,tungsten,Ore Site,CM-past producer,1,1,1,0,,,2024,USGS Critical mineral deposits of the United States v2.0,ScienceBase data release 10.5066/P9K1HBNT
ore-234,ore_site,Unnamed tungsten site 234,WA,,48.00824,-118.10057,point,tungsten,tungsten,Ore Site,CM-past producer,1,1,1,0,,,2024,USGS Critical mineral deposits of the United States v2.0,ScienceBase data release 10.5066/P9K1HBNT
ore-243,ore_site,Unnamed tungsten site 243,WA,,48.1976,-120.98037,point,tungsten,tungsten,Ore Site,CM resources,3,1,1,1,,,2024,USGS Critical mineral deposits of the United States v2.0,ScienceBase data release 10.5066/P9K1HBNT
ore-76,ore_site,Unnamed tungsten site 76,WA,,48.10068,-117.5097,point,tungsten,tungsten,Ore Site,CM-past producer,1,1,1,0,,,2024,USGS Critical mineral deposits of the United States v2.0,ScienceBase data release 10.5066/P9K1HBNT
ore-287,ore_site,Unnamed zinc site 287,WA,,48.197,-120.78,point,zinc,zinc,Ore Site,CM-past producer+resources,5,1,1,1,,,2024,USGS Critical mineral deposits of the United States v2.0,ScienceBase data release 10.5066/P9K1HBNT
ore-7,ore_site,Unnamed zinc site 7,WA,,48.32177,-120.15924,point,zinc,zinc,Ore Site,CM-past producer+resources,5,1,1,1,,,2024,USGS Critical mineral deposits of the United States v2.0,ScienceBase data release 10.5066/P9K1HBNT
ore-505,ore_site,Unnamed barite site 505,WI,,42.62807,-90.3765,point,barite,"barite, germanium, zinc",Ore Site,CM-past producer,1,1,1,0,,,2024,USGS Critical mineral deposits of the United States v2.0,ScienceBase data release 10.5066/P9K1HBNT
ore-551,ore_site,Unnamed barite site 551,WI,,42.54168,-90.24261,point,barite,"barite, germanium, zinc",Ore Site,CM-past producer,1,1,1,0,,,2024,USGS Critical mineral deposits of the United States v2.0,ScienceBase data release 10.5066/P9K1HBNT
ore-169,ore_site,Unnamed zinc site 169,WI,,45.48083,-88.91972,point,zinc,zinc,Ore Site,CM resources,3,1,1,1,,,2024,USGS Critical mineral deposits of the United States v2.0,ScienceBase data release 10.5066/P9K1HBNT
ore-475,ore_site,Unnamed zinc site 475,WI,,45.59694,-89.295,point,zinc,zinc,Ore Site,CM resources,3,1,1,1,,,2024,USGS Critical mineral deposits of the United States v2.0,ScienceBase data release 10.5066/P9K1HBNT
ore-431,ore_site,Unnamed PGE site 431,WY,,41.22028,-106.28111,point,PGE,PGE,Ore Site,CM-past producer,1,1,1,0,,,2024,USGS Critical mineral deposits of the United States v2.0,ScienceBase data release 10.5066/P9K1HBNT
ore-268,ore_site,Unnamed REE site 268,WY,,41.86966,-105.29979,point,REE,REE,Ore Site,CM resources,3,1,1,1,,,2024,USGS Critical mineral deposits of the United States v2.0,ScienceBase data release 10.5066/P9K1HBNT
ore-33,ore_site,Unnamed REE site 33,WY,,44.7934,-107.8593,point,REE,"REE, titanium",Ore Site,CM resources,3,1,1,1,,,2024,USGS Critical mineral deposits of the United States v2.0,ScienceBase data release 10.5066/P9K1HBNT
ore-41,ore_site,Unnamed REE site 41,WY,,44.49888,-104.45627,point,REE,REE,Ore Site,CM resources,3,1,1,1,,,2024,USGS Critical mineral deposits of the United States v2.0,ScienceBase data release 10.5066/P9K1HBNT
ore-43,ore_site,Unnamed REE site 43,WY,,43.993,-106.878,point,REE,REE,Ore Site,CM-past producer,1,1,1,0,,,2024,USGS Critical mineral deposits of the United States v2.0,ScienceBase data release 10.5066/P9K1HBNT
ore-490,ore_site,Unnamed REE site 490,WY,,41.11507,-106.50464,point,REE,REE,Ore Site,CM-past producer,1,1,1,0,,,2024,USGS Critical mineral deposits of the United States v2.0,ScienceBase data release 10.5066/P9K1HBNT
ore-665,ore_site,Unnamed beryllium site 665,WY,,43.415,-107.993,point,beryllium,"beryllium, tantalum, tungsten",Ore Site,CM-past producer+resources,5,1,1,1,,,2024,USGS Critical mineral deposits of the United States v2.0,ScienceBase data release 10.5066/P9K1HBNT
ore-136,ore_site,Unnamed chromium site 136,WY,,42.73605,-106.32394,point,chromium,chromium,Ore Site,CM resources,3,1,1,1,,,2024,USGS Critical mineral deposits of the United States v2.0,ScienceBase data release 10.5066/P9K1HBNT
ore-185,ore_site,Unnamed chromium site 185,WY,,42.67276,-106.04123,point,chromium,chromium,Ore Site,CM-past producer,1,1,1,0,,,2024,USGS Critical mineral deposits of the United States v2.0,ScienceBase data release 10.5066/P9K1HBNT
ore-503,ore_site,Unnamed graphite site 503,WY,,42.21026,-105.2323,point,graphite,graphite,Ore Site,CM resources,3,1,1,1,,,2024,USGS Critical mineral deposits of the United States v2.0,ScienceBase data release 10.5066/P9K1HBNT
ore-310,ore_site,Unnamed titanium site 310,WY,,41.59967,-105.3275,point,titanium,titanium,Ore Site,Past producer+CM resources,2,1,1,1,,,2024,USGS Critical mineral deposits of the United States v2.0,ScienceBase data release 10.5066/P9K1HBNT
ore-4,ore_site,Unnamed vanadium site 4,WY,,42.6927,-111.1312,point,vanadium,vanadium,Ore Site,CM resources,3,1,1,1,,,2024,USGS Critical mineral deposits of the United States v2.0,ScienceBase data release 10.5066/P9K1HBNT
steel-1004511,steel_facility,ABC COKE,AL,JEFFERSON COUNTY,33.580768999999997,-86.781281000000007,point,steel,,Steel Facility,reported_facility,,1,,,159778.75399999999,13171.412,2023,EPA GHGRP 2023 Data Summary Spreadsheets,Direct Point Emitters sheet
steel-1005491,steel_facility,"AM/NS Calvert, LLC",AL,MOBILE COUNTY,31.146111000000001,-87.992778000000001,point,steel,,Steel Facility,reported_facility,,1,,,564329.076,,2023,EPA GHGRP 2023 Data Summary Spreadsheets,Direct Point Emitters sheet
steel-1005327,steel_facility,AMERICAN CAST IRON PIPE CO,AL,JEFFERSON COUNTY,33.546979999999998,-86.834649999999996,point,steel,,Steel Facility,reported_facility,,1,,,169389.734,,2023,EPA GHGRP 2023 Data Summary Spreadsheets,Direct Point Emitters sheet
steel-1003716,steel_facility,"Ferroglobe USA Bridgeport, LLC, FKA-TENNESSEE ALLOYS CORPORATION",AL,JACKSON COUNTY,34.944580000000002,-85.699870000000004,point,steel,,Steel Facility,reported_facility,,1,,,158997.67600000001,,2023,EPA GHGRP 2023 Data Summary Spreadsheets,Direct Point Emitters sheet
steel-1003777,steel_facility,"Ferroglobe USA Metallurgical, Inc. FKA Globe Metallurgical Inc.",AL,DALLAS COUNTY,32.379511999999998,-86.992947999999998,point,steel,,Steel Facility,reported_facility,,1,,,56809.745999999999,,2023,EPA GHGRP 2023 Data Summary Spreadsheets,Direct Point Emitters sheet
steel-1007393,steel_facility,"HYUNDAI MOTOR MANUFACTURING ALABAMA, LLC",AL,MONTGOMERY COUNTY,32.277783999999997,-86.320487,point,steel,,Steel Facility,reported_facility,,1,,,29768.73,,2023,EPA GHGRP 2023 Data Summary Spreadsheets,Direct Point Emitters sheet
steel-1002393,steel_facility,High-Purity Silicon America Corporation,AL,MOBILE COUNTY,30.523389999999999,-88.141109999999998,point,steel,,Steel Facility,reported_facility,,1,,,35314.868000000002,,2023,EPA GHGRP 2023 Data Summary Spreadsheets,Direct Point Emitters sheet
steel-1005547,steel_facility,NEMAK USA INC,AL,TALLADEGA COUNTY,33.20646,-86.282499999999999,point,steel,,Steel Facility,reported_facility,,1,,,19822.876,,2023,EPA GHGRP 2023 Data Summary Spreadsheets,Direct Point Emitters sheet
steel-1004152,steel_facility,NUCOR STEEL BIRMINGHAM INC,AL,JEFFERSON COUNTY,33.545389999999998,-86.809299999999993,point,steel,,Steel Facility,reported_facility,,1,,,78877.922000000006,38784.699999999997,2023,EPA GHGRP 2023 Data Summary Spreadsheets,Direct Point Emitters sheet
steel-1005976,steel_facility,NUCOR STEEL DECATUR,AL,MORGAN COUNTY,34.638905999999999,-87.089035999999993,point,steel,,Steel Facility,reported_facility,,1,,,452134.22399999999,325969.7,2023,EPA GHGRP 2023 Data Summary Spreadsheets,Direct Point Emitters sheet
steel-1003457,steel_facility,"Nucor Steel Tuscaloosa, Inc.",AL,TUSCALOOSA COUNTY,33.233750000000001,-87.506929999999997,point,steel,,Steel Facility,reported_facility,,1,,,199908.71599999999,108218.4,2023,EPA GHGRP 2023 Data Summary Spreadsheets,Direct Point Emitters sheet
steel-1010763,steel_facility,"Outokumpu Stainless USA, LLC",AL,MOBILE COUNTY,31.152200000000001,-87.985799999999998,point,steel,,Steel Facility,reported_facility,,1,,,158259.14799999999,91332.4,2023,EPA GHGRP 2023 Data Summary Spreadsheets,Direct Point Emitters sheet
steel-1003508,steel_facility,SANDERS LEAD COMPANY INCORPORATED,AL,PIKE COUNTY,31.788115000000001,-85.977613000000005,point,steel,,Steel Facility,reported_facility,,1,,,219877.02,,2023,EPA GHGRP 2023 Data Summary Spreadsheets,Direct Point Emitters sheet
steel-1003981,steel_facility,SMI STEEL LLC,AL,JEFFERSON COUNTY,33.534103999999999,-86.757929000000004,point,steel,,Steel Facility,reported_facility,,1,,,95472.52,60897.4,2023,EPA GHGRP 2023 Data Summary Spreadsheets,Direct Point Emitters sheet
steel-1005283,steel_facility,SSAB ALABAMA INCORPORATED,AL,MOBILE COUNTY,30.943048000000001,-88.012822999999997,point,steel,,Steel Facility,reported_facility,,1,,,335796.53200000001,118506.8,2023,EPA GHGRP 2023 Data Summary Spreadsheets,Direct Point Emitters sheet
steel-1005338,steel_facility,STEEL DUST RECYCLING LLC,AL,LAMAR COUNTY,33.564599999999999,-88.059899999999999,point,steel,,Steel Facility,reported_facility,,1,,,209664.228,,2023,EPA GHGRP 2023 Data Summary Spreadsheets,Direct Point Emitters sheet
steel-1011392,steel_facility,Tyler Union,AL,CALHOUN COUNTY,33.666260000000001,-85.853669999999994,point,steel,,Steel Facility,reported_facility,,1,,,16889.567999999999,,2023,EPA GHGRP 2023 Data Summary Spreadsheets,Direct Point Emitters sheet
steel-1000159,steel_facility,US Steel (Fairfield Works),AL,Jefferson,33.4833,-86.926100000000005,point,steel,,Steel Facility,reported_facility,,1,,,243031.266,61125.8,2023,EPA GHGRP 2023 Data Summary Spreadsheets,Direct Point Emitters sheet
steel-1006015,steel_facility,"United States Pipe and Foundry Company, LLC",AL,JEFFERSON COUNTY,33.417020000000001,-86.970849999999999,point,steel,,Steel Facility,reported_facility,,1,,,154837.14199999999,,2023,EPA GHGRP 2023 Data Summary Spreadsheets,Direct Point Emitters sheet
steel-1003212,steel_facility,WISE ALLOYS LLC-ALLOYS PLANT,AL,COLBERT COUNTY,34.761735000000002,-87.586903000000007,point,steel,,Steel Facility,reported_facility,,1,,,155859.864,,2023,EPA GHGRP 2023 Data Summary Spreadsheets,Direct Point Emitters sheet
steel-1003213,steel_facility,"WISE ALLOYS, LLC - Alabama Reclamation Plant",AL,COLBERT COUNTY,34.766792000000002,-87.601168999999999,point,steel,,Steel Facility,reported_facility,,1,,,96058.487999999998,,2023,EPA GHGRP 2023 Data Summary Spreadsheets,Direct Point Emitters sheet
steel-1004327,steel_facility,ALMATIS INC - BAUXITE ARKANSAS,AR,SALINE COUNTY,34.575220000000002,-92.531729999999996,point,steel,,Steel Facility,reported_facility,,1,,,61843.067999999999,,2023,EPA GHGRP 2023 Data Summary Spreadsheets,Direct Point Emitters sheet
steel-1005801,steel_facility,ARKANSAS STEEL ASSOCIATES,AR,JACKSON COUNTY,35.648518000000003,-91.244662000000005,point,steel,,Steel Facility,reported_facility,,1,,,31146.768,9186.7999999999993,2023,EPA GHGRP 2023 Data Summary Spreadsheets,Direct Point Emitters sheet
steel-1012997,steel_facility,Big River Steel LLC,AR,,35.696992700000003,-90.037320100000002,point,steel,,Steel Facility,reported_facility,,1,,,380303.08799999999,204342.3,2023,EPA GHGRP 2023 Data Summary Spreadsheets,Direct Point Emitters sheet
steel-1003052,steel_facility,GERDAU - FORT SMITH MILL,AR,SEBASTIAN COUNTY,35.302500000000002,-94.375277999999994,point,steel,,Steel Facility,reported_facility,,1,,,76305.292000000001,34165,2023,EPA GHGRP 2023 Data Summary Spreadsheets,Direct Point Emitters sheet
steel-1012053,steel_facility,Huber Specialty Hydrates,AR,,34.575209999999998,-92.53013,point,steel,,Steel Facility,reported_facility,,1,,,33325.423999999999,,2023,EPA GHGRP 2023 Data Summary Spreadsheets,Direct Point Emitters sheet
steel-1007921,steel_facility,NUCOR STEEL - ARKANSAS,AR,MISSISSIPPI COUNTY,35.944387999999996,-89.723635999999999,point,steel,,Steel Facility,reported_facility,,1,,,372388.68800000002,243021.9,2023,EPA GHGRP 2023 Data Summary Spreadsheets,Direct Point Emitters sheet
steel-1007642,steel_facility,NUCOR-YAMATO STEEL CO,AR,MISSISSIPPI COUNTY,35.892499999999998,-89.784166999999997,point,steel,,Steel Facility,reported_facility,,1,,,375416.83600000001,164904.53599999999,2023,EPA GHGRP 2023 Data Summary Spreadsheets,Direct Point Emitters sheet
steel-1001588,steel_facility,"REYNOLDS FOIL, INC.",AR,HOT SPRING COUNTY,34.454999999999998,-92.900278,point,steel,,Steel Facility,reported_facility,,1,,,43417.735999999997,,2023,EPA GHGRP 2023 Data Summary Spreadsheets,Direct Point Emitters sheet
steel-1004038,steel_facility,CMC Steel Arizona,AZ,MARICOPA COUNTY,33.285299999999999,-111.58629999999999,point,steel,,Steel Facility,reported_facility,,1,,,67983.567999999999,59177.599999999999,2023,EPA GHGRP 2023 Data Summary Spreadsheets,Direct Point Emitters sheet
steel-1006947,steel_facility,FREEPORT-MCMORAN MIAMI INC,AZ,GILA COUNTY,33.423110999999999,-110.803443,point,steel,,Steel Facility,reported_facility,,1,,,84247.73,,2023,EPA GHGRP 2023 Data Summary Spreadsheets,Direct Point Emitters sheet
steel-1006761,steel_facility,CALIFORNIA STEEL INDUSTRIES INC,CA,SAN BERNARDINO COUNTY,34.077370000000002,-117.49968800000001,point,steel,,Steel Facility,reported_facility,,1,,,164102.33199999999,,2023,EPA GHGRP 2023 Data Summary Spreadsheets,Direct Point Emitters sheet
steel-1002231,steel_facility,"Quemetco, Inc.",CA,LOS ANGELES COUNTY,34.025025999999997,-117.98347,point,steel,,Steel Facility,reported_facility,,1,,,55777.243999999999,,2023,EPA GHGRP 2023 Data Summary Spreadsheets,Direct Point Emitters sheet
steel-1004965,steel_facility,UNITED STATES PIPE & FOUNDRY CO LLC,CA,ALAMEDA COUNTY,37.605989999999998,-122.04237000000001,point,steel,,Steel Facility,reported_facility,,1,,,44274.358,,2023,EPA GHGRP 2023 Data Summary Spreadsheets,Direct Point Emitters sheet
steel-1004478,steel_facility,"USS-UPI, LLC",CA,CONTRA COSTA COUNTY,38.023049999999998,-121.85565,point,steel,,Steel Facility,reported_facility,,1,,,28086.444,,2023,EPA GHGRP 2023 Data Summary Spreadsheets,Direct Point Emitters sheet
steel-1005588,steel_facility,VISTA METALS CORPORATION,CA,SAN BERNARDINO COUNTY,34.0946,-117.51326,point,steel,,Steel Facility,reported_facility,,1,,,32234.227999999999,,2023,EPA GHGRP 2023 Data Summary Spreadsheets,Direct Point Emitters sheet
steel-1003902,steel_facility,CF & I STEEL L P/ DBA ROCKY MOUNTAIN STEEL MILLS,CO,PUEBLO COUNTY,38.232627000000001,-104.607257,point,steel,,Steel Facility,reported_facility,,1,,,275194.20400000003,70981,2023,EPA GHGRP 2023 Data Summary Spreadsheets,Direct Point Emitters sheet
steel-1013359,steel_facility,Golden Aluminum Inc.,CO,WELD COUNTY,40.09581,-104.80277,point,steel,,Steel Facility,reported_facility,,1,,,25432.204000000002,,2023,EPA GHGRP 2023 Data Summary Spreadsheets,Direct Point Emitters sheet
steel-1002216,steel_facility,CMC Steel Florida,FL,DUVAL COUNTY,30.288350000000001,-81.977728999999997,point,steel,,Steel Facility,reported_facility,,1,,,96116.995999999999,55418.8,2023,EPA GHGRP 2023 Data Summary Spreadsheets,Direct Point Emitters sheet
steel-1003951,steel_facility,ENVIROFOCUS TECHNOLOGIES LLC,FL,HILLSBOROUGH COUNTY,27.962140000000002,-82.381157999999999,point,steel,,Steel Facility,reported_facility,,1,,,91254.04,,2023,EPA GHGRP 2023 Data Summary Spreadsheets,Direct Point Emitters sheet
steel-1013130,steel_facility,Hydro Extrusion USA LLC,FL,ST. JOHNS COUNTY,29.782223999999999,-81.309365,point,steel,,Steel Facility,reported_facility,,1,,,22790.563999999998,,2023,EPA GHGRP 2023 Data Summary Spreadsheets,Direct Point Emitters sheet
steel-1013487,steel_facility,Nucor Steel Florida Inc.,FL,POLK COUNTY,27.655245000000001,-81.51858,point,steel,,Steel Facility,reported_facility,,1,,,35012.04,32388.2,2023,EPA GHGRP 2023 Data Summary Spreadsheets,Direct Point Emitters sheet
steel-1014879,steel_facility,US Foundry Company,FL,MIAMI-DADE COUNTY,25.857970000000002,-80.333730000000003,point,steel,,Steel Facility,reported_facility,,1,,,26157.714,,2023,EPA GHGRP 2023 Data Summary Spreadsheets,Direct Point Emitters sheet
steel-1013336,steel_facility,"Bonnell Aluminum, Inc.",GA,COWETA COUNTY,33.379837999999999,-84.821686,point,steel,,Steel Facility,reported_facility,,1,,,17807.932000000001,,2023,EPA GHGRP 2023 Data Summary Spreadsheets,Direct Point Emitters sheet
steel-1001103,steel_facility,GERDAU AMERISTEEL CARTERSVILLE STEEL MILL,GA,BARTOW COUNTY,34.242778999999999,-84.797775000000001,point,steel,,Steel Facility,reported_facility,,1,,,86209.26,22286.799999999999,2023,EPA GHGRP 2023 Data Summary Spreadsheets,Direct Point Emitters sheet
steel-1011199,steel_facility,"Kia Georgia, Inc.",GA,,32.915900000000001,-85.117609999999999,point,steel,,Steel Facility,reported_facility,,1,,,23188.412,,2023,EPA GHGRP 2023 Data Summary Spreadsheets,Direct Point Emitters sheet
steel-1003434,steel_facility,NOVELIS CORP - GREENSBORO,GA,GREENE COUNTY,33.560282999999998,-83.197522000000006,point,steel,,Steel Facility,reported_facility,,1,,,33165.023999999998,,2023,EPA GHGRP 2023 Data Summary Spreadsheets,Direct Point Emitters sheet
steel-1015119,steel_facility,VMC Specialty Alloys LLC,GA,BARTOW COUNTY,34.367137999999997,-84.906763999999995,point,steel,,Steel Facility,reported_facility,,1,,,38971.803999999996,,2023,EPA GHGRP 2023 Data Summary Spreadsheets,Direct Point Emitters sheet
steel-1007937,steel_facility,Arconic US LLC,IA,SCOTT COUNTY,41.531149999999997,-90.468199999999996,point,steel,,Steel Facility,reported_facility,,1,,,269182.83600000001,,2023,EPA GHGRP 2023 Data Summary Spreadsheets,Direct Point Emitters sheet
steel-1003577,steel_facility,GERDAU AMERISTEEL US INC,IA,MUSCATINE COUNTY,41.585661000000002,-91.042156000000006,point,steel,,Steel Facility,reported_facility,,1,,,31886.756000000001,6879.9,2023,EPA GHGRP 2023 Data Summary Spreadsheets,Direct Point Emitters sheet
steel-1002933,steel_facility,Novelis ALR Aluminum LLC (Davenport Casting),IA,SCOTT COUNTY,41.496859999999998,-90.645870000000002,point,steel,,Steel Facility,reported_facility,,1,,,49269.163999999997,,2023,EPA GHGRP 2023 Data Summary Spreadsheets,Direct Point Emitters sheet
steel-1002147,steel_facility,SSAB Iowa Inc.,IA,MUSCATINE COUNTY,41.485529999999997,-90.822779999999995,point,steel,,Steel Facility,reported_facility,,1,,,295476.26799999998,114299,2023,EPA GHGRP 2023 Data Summary Spreadsheets,Direct Point Emitters sheet
steel-1003268,steel_facility,ALTON STEEL COMPANY,IL,MADISON COUNTY,38.883209999999998,-90.145030000000006,point,steel,,Steel Facility,reported_facility,,1,,,24279.295999999998,10073.9,2023,EPA GHGRP 2023 Data Summary Spreadsheets,Direct Point Emitters sheet
steel-1004427,steel_facility,Befesa Zinc US INC,IL,COOK COUNTY,41.687370999999999,-87.554861000000002,point,steel,,Steel Facility,reported_facility,,1,,,101160.18399999999,,2023,EPA GHGRP 2023 Data Summary Spreadsheets,Direct Point Emitters sheet
steel-1005990,steel_facility,CATERPILLAR INC.-MAPLETON,IL,PEORIA COUNTY,40.559342999999998,-89.747989000000004,point,steel,,Steel Facility,reported_facility,,1,,,189158.32800000001,,2023,EPA GHGRP 2023 Data Summary Spreadsheets,Direct Point Emitters sheet
steel-1006325,steel_facility,CLEVELAND-CLIFFS RIVERDALE LLC,IL,COOK COUNTY,41.656474000000003,-87.625846999999993,point,steel,,Steel Facility,reported_facility,,1,,,147555.848,93678.2,2023,EPA GHGRP 2023 Data Summary Spreadsheets,Direct Point Emitters sheet
steel-1009927,steel_facility,Chicago White Metal Castings Inc,IL,,41.737009999999998,-87.989189999999994,point,steel,,Steel Facility,reported_facility,,1,,,8583.9264000000003,,2023,EPA GHGRP 2023 Data Summary Spreadsheets,Direct Point Emitters sheet
steel-1008735,steel_facility,FINKL & SONS CO,IL,COOK COUNTY,41.728541999999997,-87.591648000000006,point,steel,,Steel Facility,reported_facility,,1,,,34617.379999999997,2989.8,2023,EPA GHGRP 2023 Data Summary Spreadsheets,Direct Point Emitters sheet
steel-1009613,steel_facility,G & W Electric Company,IL,,41.673859999999998,-88.074252999999999,point,steel,,Steel Facility,reported_facility,,1,,,20353.0128,,2023,EPA GHGRP 2023 Data Summary Spreadsheets,Direct Point Emitters sheet
steel-1003204,steel_facility,GATEWAY ENERGY & COKE CO LLC,IL,MADISON COUNTY,38.695765999999999,-90.132874000000001,point,steel,,Steel Facility,reported_facility,,1,,,472576.63199999998,469678,2023,EPA GHGRP 2023 Data Summary Spreadsheets,Direct Point Emitters sheet
steel-1009622,steel_facility,Gunite Corporation,IL,WINNEBAGO COUNTY,42.242283,-89.092825000000005,point,steel,,Steel Facility,reported_facility,,1,,,35221.46,,2023,EPA GHGRP 2023 Data Summary Spreadsheets,Direct Point Emitters sheet
steel-1004811,steel_facility,KEYSTONE STEEL & WIRE CO,IL,PEORIA COUNTY,40.642502999999998,-89.645770999999996,point,steel,,Steel Facility,reported_facility,,1,,,126064.376,40510.9,2023,EPA GHGRP 2023 Data Summary Spreadsheets,Direct Point Emitters sheet
steel-1002621,steel_facility,"NUCOR STEEL KANKAKEE, INC.",IL,KANKAKEE COUNTY,41.181331999999998,-87.856643000000005,point,steel,,Steel Facility,reported_facility,,1,,,120039.208,55573.2,2023,EPA GHGRP 2023 Data Summary Spreadsheets,Direct Point Emitters sheet
steel-1009615,steel_facility,S&C Electric Company,IL,,42.002310000000001,-87.67662,point,steel,,Steel Facility,reported_facility,,1,,,16732.5252,,2023,EPA GHGRP 2023 Data Summary Spreadsheets,Direct Point Emitters sheet
steel-1006269,steel_facility,STERLING STEEL COMPANY LLC,IL,WHITESIDE COUNTY,41.786281000000002,-89.709809000000007,point,steel,,Steel Facility,reported_facility,,1,,,85048.448000000004,44750.8,2023,EPA GHGRP 2023 Data Summary Spreadsheets,Direct Point Emitters sheet
steel-1009864,steel_facility,"Spartan Light Metal Products, Inc.",IL,RANDOLPH COUNTY,38.120564000000002,-89.694120999999996,point,steel,,Steel Facility,reported_facility,,1,,,143026.02799999999,,2023,EPA GHGRP 2023 Data Summary Spreadsheets,Direct Point Emitters sheet
steel-1006041,steel_facility,US STEEL - GRANITE CITY,IL,MADISON COUNTY,38.695399999999999,-90.136700000000005,point,steel,,Steel Facility,reported_facility,,1,,,1757626.36,263423.38,2023,EPA GHGRP 2023 Data Summary Spreadsheets,Direct Point Emitters sheet
steel-1004542,steel_facility,Wieland Rolled Products North America,IL,MADISON COUNTY,38.870069999999998,-90.115949999999998,point,steel,,Steel Facility,reported_facility,,1,,,27292.826000000001,,2023,EPA GHGRP 2023 Data Summary Spreadsheets,Direct Point Emitters sheet
steel-1001877,steel_facility,ALCOA INC - WARRICK OPERATIONS,IN,WARRICK COUNTY,37.914999999999999,-87.332800000000006,point,steel,,Steel Facility,reported_facility,,1,,,4867518.5360000003,,2023,EPA GHGRP 2023 Data Summary Spreadsheets,Direct Point Emitters sheet
steel-1004649,steel_facility,ARCONIC LAFAYETTE LLC,IN,TIPPECANOE COUNTY,40.395778,-86.859639000000001,point,steel,,Steel Facility,reported_facility,,1,,,33755.171999999999,,2023,EPA GHGRP 2023 Data Summary Spreadsheets,Direct Point Emitters sheet
steel-1010185,steel_facility,Advanced Magnesium Alloys Corporation,IN,MADISON COUNTY,40.085371000000002,-85.658665999999997,point,steel,,Steel Facility,reported_facility,,1,,,230280,,2023,EPA GHGRP 2023 Data Summary Spreadsheets,Direct Point Emitters sheet
steel-1003962,steel_facility,Cleveland-Cliffs Burns Harbor LLC,IN,PORTER COUNTY,41.634,-87.131,point,steel,,Steel Facility,reported_facility,,1,,,7644163.3439999996,2579138.6800000002,2023,EPA GHGRP 2023 Data Summary Spreadsheets,Direct Point Emitters sheet
steel-1000214,steel_facility,Cleveland-Cliffs Steel Corporation,IN,SPENCER COUNTY,37.984900000000003,-87.025899999999993,point,steel,,Steel Facility,reported_facility,,1,,,112151.428,,2023,EPA GHGRP 2023 Data Summary Spreadsheets,Direct Point Emitters sheet
steel-1000588,steel_facility,Cleveland-Cliffs Steel LLC,IN,LAKE COUNTY,41.651164999999999,-87.459166999999994,point,steel,,Steel Facility,reported_facility,,1,,,703786.83200000005,300449.90000000002,2023,EPA GHGRP 2023 Data Summary Spreadsheets,Direct Point Emitters sheet
steel-1000156,steel_facility,Cleveland-Cliffs Steel LLC,IN,Lake,41.68,-87.426400000000001,point,steel,,Steel Facility,reported_facility,,1,,,5783020.5300000003,961854.56400000001,2023,EPA GHGRP 2023 Data Summary Spreadsheets,Direct Point Emitters sheet
steel-1003581,steel_facility,Cleveland-Cliffs Tek Inc. and Cleveland-Cliffs Kote Inc.,IN,ST. JOSEPH COUNTY,41.697400000000002,-86.467399999999998,point,steel,,Steel Facility,reported_facility,,1,,,98928.028000000006,,2023,EPA GHGRP 2023 Data Summary Spreadsheets,Direct Point Emitters sheet
steel-1005907,steel_facility,DALTON CORP WARSAW MFG FACILITY,IN,KOSCIUSKO COUNTY,41.235750000000003,-85.832527999999996,point,steel,,Steel Facility,reported_facility,,1,,,17940.21,,2023,EPA GHGRP 2023 Data Summary Spreadsheets,Direct Point Emitters sheet
steel-1004345,steel_facility,ELEMENT RESOURCES-GARFIELD FACILITY LLC,IN,DELAWARE COUNTY,40.158050000000003,-85.417289999999994,point,steel,,Steel Facility,reported_facility,,1,,,44386.692000000003,,2023,EPA GHGRP 2023 Data Summary Spreadsheets,Direct Point Emitters sheet
steel-1003141,steel_facility,ENKEI AMERICA INC,IN,BARTHOLOMEW COUNTY,39.135579999999997,-85.955950000000001,point,steel,,Steel Facility,reported_facility,,1,,,26284.952000000001,,2023,EPA GHGRP 2023 Data Summary Spreadsheets,Direct Point Emitters sheet
steel-1005552,steel_facility,FCA KOKOMO CASTING PLANT,IN,HOWARD COUNTY,40.461649000000001,-86.116825000000006,point,steel,,Steel Facility,reported_facility,,1,,,33558.224000000002,,2023,EPA GHGRP 2023 Data Summary Spreadsheets,Direct Point Emitters sheet
steel-1002875,steel_facility,GENERAL MOTORS LLC BEDFORD CETC,IN,LAWRENCE COUNTY,38.877889000000003,-86.479721999999995,point,steel,,Steel Facility,reported_facility,,1,,,52719.582000000002,,2023,EPA GHGRP 2023 Data Summary Spreadsheets,Direct Point Emitters sheet
steel-1007869,steel_facility,HAYNES INTERNATIONAL INCORPORATED,IN,HOWARD COUNTY,40.472124000000001,-86.160002000000006,point,steel,,Steel Facility,reported_facility,,1,,,56641.288,,2023,EPA GHGRP 2023 Data Summary Spreadsheets,Direct Point Emitters sheet
steel-1007287,steel_facility,Indiana Harbor Coke Company,IN,LAKE COUNTY,41.656320999999998,-87.450142,point,steel,,Steel Facility,reported_facility,,1,,,1065051.8899999999,1023023.4,2023,EPA GHGRP 2023 Data Summary Spreadsheets,Direct Point Emitters sheet
steel-1013926,steel_facility,Jupiter Aluminum Corp,IN,LAKE COUNTY,41.596907000000002,-87.484909000000002,point,steel,,Steel Facility,reported_facility,,1,,,25389.004000000001,,2023,EPA GHGRP 2023 Data Summary Spreadsheets,Direct Point Emitters sheet
steel-1014352,steel_facility,Kaiser Aluminum Warrick LLC,IN,WARRICK COUNTY,37.932119999999998,-87.324730000000002,point,steel,,Steel Facility,reported_facility,,1,,,159627.70000000001,,2023,EPA GHGRP 2023 Data Summary Spreadsheets,Direct Point Emitters sheet
steel-1010531,steel_facility,Matalco Bluffton LLC,IN,WELLS COUNTY,40.721330000000002,-85.203119999999998,point,steel,,Steel Facility,reported_facility,,1,,,21295.32,,2023,EPA GHGRP 2023 Data Summary Spreadsheets,Direct Point Emitters sheet
steel-1007866,steel_facility,NLMK INDIANA,IN,PORTER COUNTY,41.621519999999997,-87.161479999999997,point,steel,,Steel Facility,reported_facility,,1,,,99614.244000000006,44678.7,2023,EPA GHGRP 2023 Data Summary Spreadsheets,Direct Point Emitters sheet
steel-1004151,steel_facility,NUCOR STEEL INDIANA,IN,MONTGOMERY COUNTY,39.974699999999999,-86.830100000000002,point,steel,,Steel Facility,reported_facility,,1,,,255383.476,146749.53599999999,2023,EPA GHGRP 2023 Data Summary Spreadsheets,Direct Point Emitters sheet
steel-1003794,steel_facility,QUEMETCO INC,IN,MARION COUNTY,39.755553999999997,-86.300055999999998,point,steel,,Steel Facility,reported_facility,,1,,,65754.576000000001,,2023,EPA GHGRP 2023 Data Summary Spreadsheets,Direct Point Emitters sheet
steel-1001721,steel_facility,"REAL ALLOY SPECIFICATION, LLC.",IN,WABASH COUNTY,40.790832999999999,-85.877088999999998,point,steel,,Steel Facility,reported_facility,,1,,,57086.338000000003,,2023,EPA GHGRP 2023 Data Summary Spreadsheets,Direct Point Emitters sheet
steel-1013519,steel_facility,Ryobi Die Casting,IN,SHELBY COUNTY,39.540030000000002,-85.790019999999998,point,steel,,Steel Facility,reported_facility,,1,,,40980.095999999998,,2023,EPA GHGRP 2023 Data Summary Spreadsheets,Direct Point Emitters sheet
steel-1014364,steel_facility,SDI LaFarga - Copperworks,IN,ALLEN COUNTY,41.072899999999997,-84.965299999999999,point,steel,,Steel Facility,reported_facility,,1,,,31200.232,,2023,EPA GHGRP 2023 Data Summary Spreadsheets,Direct Point Emitters sheet
steel-1005584,steel_facility,STEEL DYNAMICS INC,IN,DEKALB COUNTY,41.364277999999999,-84.914083000000005,point,steel,,Steel Facility,reported_facility,,1,,,982503.42,828556.9,2023,EPA GHGRP 2023 Data Summary Spreadsheets,Direct Point Emitters sheet
steel-1003688,steel_facility,"STEEL DYNAMICS, INC. (SDI)",IN,HENDRICKS COUNTY,39.876783000000003,-86.482112999999998,point,steel,,Steel Facility,reported_facility,,1,,,186944.32399999999,60391.9,2023,EPA GHGRP 2023 Data Summary Spreadsheets,Direct Point Emitters sheet
steel-1005602,steel_facility,"STEEL DYNAMICS. INC. (SDI), STRUCTUAL AND RAIL DIVISION",IN,WHITLEY COUNTY,41.124347999999998,-85.395658999999995,point,steel,,Steel Facility,reported_facility,,1,,,328102.76799999998,173505.6,2023,EPA GHGRP 2023 Data Summary Spreadsheets,Direct Point Emitters sheet
steel-1004100,steel_facility,SUPERIOR ALUMINUM ALLOYS LLC,IN,ALLEN COUNTY,41.078919999999997,-84.95702,point,steel,,Steel Facility,reported_facility,,1,,,31253.132000000001,,2023,EPA GHGRP 2023 Data Summary Spreadsheets,Direct Point Emitters sheet
steel-1003059,steel_facility,Steel Dynamics,IN,VIGO COUNTY,39.344389999999997,-87.421210000000002,point,steel,,Steel Facility,reported_facility,,1,,,28236.743999999999,,2023,EPA GHGRP 2023 Data Summary Spreadsheets,Direct Point Emitters sheet
steel-1001620,steel_facility,US Steel - Midwest Plant,IN,PORTER COUNTY,41.620389000000003,-87.170277999999996,point,steel,,Steel Facility,reported_facility,,1,,,110193.03599999999,,2023,EPA GHGRP 2023 Data Summary Spreadsheets,Direct Point Emitters sheet
steel-1000418,steel_facility,US Steel Corp - Gary Works,IN,Lake,41.613300000000002,-87.328100000000006,point,steel,,Steel Facility,reported_facility,,1,,,10928816.198000001,3025085.0619999999,2023,EPA GHGRP 2023 Data Summary Spreadsheets,Direct Point Emitters sheet
steel-1014628,steel_facility,Waelz Sustainable Products,IN,,40.721330326937,-86.438049208826996,point,steel,,Steel Facility,reported_facility,,1,,,87045.012000000002,,2023,EPA GHGRP 2023 Data Summary Spreadsheets,Direct Point Emitters sheet
steel-1002756,steel_facility,"Waupaca Foundry, Inc.",IN,PERRY COUNTY,37.986834999999999,-86.769568000000007,point,steel,,Steel Facility,reported_facility,,1,,,210470.59,,2023,EPA GHGRP 2023 Data Summary Spreadsheets,Direct Point Emitters sheet
steel-1005000,steel_facility,AUDUBON METALS LLC,KY,HENDERSON COUNTY,37.808762000000002,-87.632861000000005,point,steel,,Steel Facility,reported_facility,,1,,,49175.163999999997,,2023,EPA GHGRP 2023 Data Summary Spreadsheets,Direct Point Emitters sheet
steel-1002969,steel_facility,"CC METALS & ALLOYS, LLC",KY,MARSHALL COUNTY,37.056480000000001,-88.351079999999996,point,steel,,Steel Facility,reported_facility,,1,,,204520.136,,2023,EPA GHGRP 2023 Data Summary Spreadsheets,Direct Point Emitters sheet
steel-1006853,steel_facility,CENTURY ALUMINUM OF KENTUCKY,KY,HANCOCK COUNTY,37.944989999999997,-86.787769999999995,point,steel,,Steel Facility,reported_facility,,1,,,0.5,,2023,EPA GHGRP 2023 Data Summary Spreadsheets,Direct Point Emitters sheet
steel-1005537,steel_facility,Carbide Industries LLC,KY,JEFFERSON COUNTY,38.221899999999998,-85.835573999999994,point,steel,,Steel Facility,reported_facility,,1,,,50320.591999999997,,2023,EPA GHGRP 2023 Data Summary Spreadsheets,Direct Point Emitters sheet
steel-1006666,steel_facility,Century Aluminum Sebree LLC,KY,HENDERSON COUNTY,37.655555999999997,-87.506944000000004,point,steel,,Steel Facility,reported_facility,,1,,,564341.39399999997,,2023,EPA GHGRP 2023 Data Summary Spreadsheets,Direct Point Emitters sheet
steel-1006045,steel_facility,Commonwealth Rolled Products,KY,HANCOCK COUNTY,37.949013999999998,-86.851578000000003,point,steel,,Steel Facility,reported_facility,,1,,,179883.07199999999,,2023,EPA GHGRP 2023 Data Summary Spreadsheets,Direct Point Emitters sheet
steel-1009577,steel_facility,"Haier US Appliance Solutions, Inc.",KY,JEFFERSON COUNTY,38.178040000000003,-85.650130000000004,point,steel,,Steel Facility,reported_facility,,1,,,26399.1,,2023,EPA GHGRP 2023 Data Summary Spreadsheets,Direct Point Emitters sheet
steel-1002771,steel_facility,LOGAN ALUMINUM INC,KY,LOGAN COUNTY,36.942884999999997,-86.937381999999999,point,steel,,Steel Facility,reported_facility,,1,,,230179.68400000001,,2023,EPA GHGRP 2023 Data Summary Spreadsheets,Direct Point Emitters sheet
steel-1004191,steel_facility,NOVELIS ALUMINUM CORPORATION,KY,MADISON COUNTY,37.601205,-84.310288,point,steel,,Steel Facility,reported_facility,,1,,,56053.588000000003,,2023,EPA GHGRP 2023 Data Summary Spreadsheets,Direct Point Emitters sheet
steel-1002977,steel_facility,North American Stainless,KY,GALLATIN COUNTY,38.734904999999998,-85.002554000000003,point,steel,,Steel Facility,reported_facility,,1,,,275108.42,54261.2,2023,EPA GHGRP 2023 Data Summary Spreadsheets,Direct Point Emitters sheet
steel-1014582,steel_facility,Nucor Steel Brandenburg,KY,MEADE COUNTY,38.004697,-86.133019000000004,point,steel,,Steel Facility,reported_facility,,1,,,64560.103999999999,12347.5,2023,EPA GHGRP 2023 Data Summary Spreadsheets,Direct Point Emitters sheet
steel-1005700,steel_facility,Nucor Steel Gallatin LLC,KY,GALLATIN COUNTY,38.766666999999998,-85.004166999999995,point,steel,,Steel Facility,reported_facility,,1,,,378215.67599999998,239080.6,2023,EPA GHGRP 2023 Data Summary Spreadsheets,Direct Point Emitters sheet
steel-1006535,steel_facility,OHIO VALLEY ALUMINUM CO INC,KY,SHELBY COUNTY,38.209029999999998,-85.256770000000003,point,steel,,Steel Facility,reported_facility,,1,,,37759.608,,2023,EPA GHGRP 2023 Data Summary Spreadsheets,Direct Point Emitters sheet
steel-1001883,steel_facility,"Real Alloy Recycling, LLC",KY,BUTLER COUNTY,37.196389000000003,-86.725832999999994,point,steel,,Steel Facility,reported_facility,,1,,,50468.22,,2023,EPA GHGRP 2023 Data Summary Spreadsheets,Direct Point Emitters sheet
steel-1003341,steel_facility,SOUTHWIRE COMPANY KENTUCKY PLANT,KY,HANCOCK COUNTY,37.934908,-86.788047000000006,point,steel,,Steel Facility,reported_facility,,1,,,57296.73,,2023,EPA GHGRP 2023 Data Summary Spreadsheets,Direct Point Emitters sheet
steel-1007929,steel_facility,"ATLANTIC ALUMINA, GRAMERCY OPERATIONS",LA,ST. JAMES PARISH,30.066583000000001,-90.701823000000005,point,steel,,Steel Facility,reported_facility,,1,,,802950.076,,2023,EPA GHGRP 2023 Data Summary Spreadsheets,Direct Point Emitters sheet
steel-1013375,steel_facility,BENTELER Steel Tube Manufacturing Corp,LA,CADDO PARISH,32.340330000000002,-93.607730000000004,point,steel,,Steel Facility,reported_facility,,1,,,34348.620000000003,,2023,EPA GHGRP 2023 Data Summary Spreadsheets,Direct Point Emitters sheet
steel-1010766,steel_facility,Nucor Steel Louisiana LLC,LA,ST. JAMES PARISH,30.081306000000001,-90.860528000000002,point,steel,,Steel Facility,reported_facility,,1,,,1086837.452,1074957.196,2023,EPA GHGRP 2023 Data Summary Spreadsheets,Direct Point Emitters sheet
steel-1006980,steel_facility,"CADILLAC CASTING, INCORPORATED",MI,WEXFORD COUNTY,44.264400000000002,-85.409199999999998,point,steel,,Steel Facility,reported_facility,,1,,,45627.398000000001,,2023,EPA GHGRP 2023 Data Summary Spreadsheets,Direct Point Emitters sheet
steel-1003403,steel_facility,CLEVELAND-CLIFFS STEEL CORPORATION DEARBORN WORKS,MI,WAYNE COUNTY,42.301741999999997,-83.162934000000007,point,steel,,Steel Facility,reported_facility,,1,,,1006822.77,281928,2023,EPA GHGRP 2023 Data Summary Spreadsheets,Direct Point Emitters sheet
steel-1007392,steel_facility,EES COKE BATTERY,MI,WAYNE COUNTY,42.283104999999999,-83.113962000000001,point,steel,,Steel Facility,reported_facility,,1,,,332283.26400000002,208651.44,2023,EPA GHGRP 2023 Data Summary Spreadsheets,Direct Point Emitters sheet
steel-1005483,steel_facility,FCA Chrysler Technology Center,MI,OAKLAND COUNTY,42.653215000000003,-83.228883999999994,point,steel,,Steel Facility,reported_facility,,1,,,37473.008000000002,,2023,EPA GHGRP 2023 Data Summary Spreadsheets,Direct Point Emitters sheet
steel-1002347,steel_facility,GENERAL MOTORS SAGINAW METAL CASTING OPERATIONS,MI,SAGINAW COUNTY,43.450299999999999,-83.920477000000005,point,steel,,Steel Facility,reported_facility,,1,,,28167.063999999998,,2023,EPA GHGRP 2023 Data Summary Spreadsheets,Direct Point Emitters sheet
steel-1004411,steel_facility,GERDAU MACSTEEL MONROE,MI,MONROE COUNTY,41.897173000000002,-83.361644999999996,point,steel,,Steel Facility,reported_facility,,1,,,115862.776,56330.1,2023,EPA GHGRP 2023 Data Summary Spreadsheets,Direct Point Emitters sheet
steel-1007223,steel_facility,GREDE LLC - IRON MOUNTAIN,MI,DICKINSON COUNTY,45.799405,-88.070937000000001,point,steel,,Steel Facility,reported_facility,,1,,,15943.61,,2023,EPA GHGRP 2023 Data Summary Spreadsheets,Direct Point Emitters sheet
steel-1003965,steel_facility,Gerdau Special Steel North America - Jackson Mill,MI,JACKSON COUNTY,42.202660999999999,-84.363022999999998,point,steel,,Steel Facility,reported_facility,,1,,,12539.252,,2023,EPA GHGRP 2023 Data Summary Spreadsheets,Direct Point Emitters sheet
steel-1010034,steel_facility,Great Lakes Castings LLC,MI,MASON COUNTY,43.965040000000002,-86.439300000000003,point,steel,,Steel Facility,reported_facility,,1,,,23336.982,,2023,EPA GHGRP 2023 Data Summary Spreadsheets,Direct Point Emitters sheet
steel-1003833,steel_facility,"REAL ALLOY SPECIFICATION, LLC.",MI,BRANCH COUNTY,41.927778000000004,-85.021944000000005,point,steel,,Steel Facility,reported_facility,,1,,,49407.663999999997,,2023,EPA GHGRP 2023 Data Summary Spreadsheets,Direct Point Emitters sheet
steel-1012081,steel_facility,TAC Manufacturing,MI,JACKSON COUNTY,42.274799999999999,-84.474100000000007,point,steel,,Steel Facility,reported_facility,,1,,,38053.199999999997,,2023,EPA GHGRP 2023 Data Summary Spreadsheets,Direct Point Emitters sheet
steel-1007980,steel_facility,TEXTRON CWC DIVISION,MI,MUSKEGON COUNTY,43.205413999999998,-86.270352000000003,point,steel,,Steel Facility,reported_facility,,1,,,33735.004000000001,,2023,EPA GHGRP 2023 Data Summary Spreadsheets,Direct Point Emitters sheet
steel-1004458,steel_facility,TILDEN MINING COMPANY L C,MI,MARQUETTE COUNTY,46.439734999999999,-87.649771000000001,point,steel,,Steel Facility,reported_facility,,1,,,1065738.084,931045,2023,EPA GHGRP 2023 Data Summary Spreadsheets,Direct Point Emitters sheet
steel-1001834,steel_facility,US Steel - Great Lakes Works,MI,WAYNE COUNTY,42.258099999999999,-83.138589999999994,point,steel,,Steel Facility,reported_facility,,1,,,73499.123999999996,,2023,EPA GHGRP 2023 Data Summary Spreadsheets,Direct Point Emitters sheet
steel-1002358,steel_facility,CONSOLIDATE PRECISION PRODUCTS - MINNEAPOLIS OPERATION,MN,HENNEPIN COUNTY,44.846139999999998,-93.286029999999997,point,steel,,Steel Facility,reported_facility,,1,,,37488.635000000002,,2023,EPA GHGRP 2023 Data Summary Spreadsheets,Direct Point Emitters sheet
steel-1003669,steel_facility,Cleveland-Cliffs Minorca Mine,MN,ST. LOUIS COUNTY,47.560699999999997,-92.520348999999996,point,steel,,Steel Facility,reported_facility,,1,,,238238.30799999999,227453.6,2023,EPA GHGRP 2023 Data Summary Spreadsheets,Direct Point Emitters sheet
steel-1007731,steel_facility,GOPHER RESOURCE LLC,MN,DAKOTA COUNTY,44.833480000000002,-93.119969999999995,point,steel,,Steel Facility,reported_facility,,1,,,96522.422000000006,,2023,EPA GHGRP 2023 Data Summary Spreadsheets,Direct Point Emitters sheet
steel-1005116,steel_facility,Hibbing Taconite Company,MN,ST. LOUIS COUNTY,47.478000000000002,-92.967600000000004,point,steel,,Steel Facility,reported_facility,,1,,,286265.22399999999,239287.4,2023,EPA GHGRP 2023 Data Summary Spreadsheets,Direct Point Emitters sheet
steel-1005276,steel_facility,NORTHSHORE MINING CO - SILVER BAY,MN,LAKE COUNTY,47.286000000000001,-91.26,point,steel,,Steel Facility,reported_facility,,1,,,142324.31,104598.7,2023,EPA GHGRP 2023 Data Summary Spreadsheets,Direct Point Emitters sheet
steel-1005294,steel_facility,UNITED TACONITE LLC - FAIRLANE PLANT,MN,ST. LOUIS COUNTY,47.350200000000001,-92.573499999999996,point,steel,,Steel Facility,reported_facility,,1,,,398435.45799999998,375016.1,2023,EPA GHGRP 2023 Data Summary Spreadsheets,Direct Point Emitters sheet
steel-1001621,steel_facility,US STEEL - Minntac,MN,ST. LOUIS COUNTY,47.564999999999998,-92.632800000000003,point,steel,,Steel Facility,reported_facility,,1,,,1305689.084,1248246.8999999999,2023,EPA GHGRP 2023 Data Summary Spreadsheets,Direct Point Emitters sheet
steel-1001618,steel_facility,US Steel - Keetac,MN,ST. LOUIS COUNTY,47.413882999999998,-93.062672000000006,point,steel,,Steel Facility,reported_facility,,1,,,231348.57199999999,210574.3,2023,EPA GHGRP 2023 Data Summary Spreadsheets,Direct Point Emitters sheet
steel-1006784,steel_facility,BUICK RESOURCE RECYCLING FACILITY,MO,IRON COUNTY,37.639277999999997,-91.135527999999994,point,steel,,Steel Facility,reported_facility,,1,,,106812.16800000001,,2023,EPA GHGRP 2023 Data Summary Spreadsheets,Direct Point Emitters sheet
steel-1004989,steel_facility,Forest City Facility LLC,MO,HOLT COUNTY,40.008133999999998,-95.205791000000005,point,steel,,Steel Facility,reported_facility,,1,,,21664.232,,2023,EPA GHGRP 2023 Data Summary Spreadsheets,Direct Point Emitters sheet
steel-1003453,steel_facility,MOST INC,MO,LINCOLN COUNTY,38.962791000000003,-90.971733,point,steel,,Steel Facility,reported_facility,,1,,,26628.7,,2023,EPA GHGRP 2023 Data Summary Spreadsheets,Direct Point Emitters sheet
steel-1005534,steel_facility,Magnitude 7 Metals LLC,MO,NEW MADRID COUNTY,36.510697999999998,-89.564834000000005,point,steel,,Steel Facility,reported_facility,,1,,,375032.28700000001,,2023,EPA GHGRP 2023 Data Summary Spreadsheets,Direct Point Emitters sheet
steel-1013719,steel_facility,"Nucor Steel Sedalia, LLC",MO,PETTIS COUNTY,38.733221,-93.208027999999999,point,steel,,Steel Facility,reported_facility,,1,,,25760.684000000001,22802.596000000001,2023,EPA GHGRP 2023 Data Summary Spreadsheets,Direct Point Emitters sheet
steel-1013263,steel_facility,TG Missouri Corporation,MO,PERRY COUNTY,37.747230999999999,-89.868331999999995,point,steel,,Steel Facility,reported_facility,,1,,,51639.577599999997,,2023,EPA GHGRP 2023 Data Summary Spreadsheets,Direct Point Emitters sheet
steel-1013819,steel_facility,Mississippi Silicon,MS,TISHOMINGO COUNTY,34.805939000000002,-88.323053000000002,point,steel,,Steel Facility,reported_facility,,1,,,130483.79399999999,,2023,EPA GHGRP 2023 Data Summary Spreadsheets,Direct Point Emitters sheet
steel-1006144,steel_facility,NUCOR STEEL JACKSON INC,MS,RANKIN COUNTY,32.312167000000002,-90.137277999999995,point,steel,,Steel Facility,reported_facility,,1,,,81932.320000000007,52650.879999999997,2023,EPA GHGRP 2023 Data Summary Spreadsheets,Direct Point Emitters sheet
steel-1004616,steel_facility,"Steel Dynamics Columbus, LLC",MS,LOWNDES COUNTY,33.443610999999997,-88.575556000000006,point,steel,,Steel Facility,reported_facility,,1,,,498161.67599999998,279577.40000000002,2023,EPA GHGRP 2023 Data Summary Spreadsheets,Direct Point Emitters sheet
steel-1007601,steel_facility,REC SILICON,MT,SILVER BOW COUNTY,45.975110999999998,-112.69,point,steel,,Steel Facility,reported_facility,,1,,,35244.868000000002,,2023,EPA GHGRP 2023 Data Summary Spreadsheets,Direct Point Emitters sheet
steel-1006778,steel_facility,"ATI Specialty Materials, Monroe Plant",NC,UNION COUNTY,34.985480000000003,-80.517139,point,steel,,Steel Facility,reported_facility,,1,,,60857.514000000003,,2023,EPA GHGRP 2023 Data Summary Spreadsheets,Direct Point Emitters sheet
steel-1004911,steel_facility,CHARLOTTE PIPE & FOUNDRY CO,NC,MECKLENBURG COUNTY,35.224322999999998,-80.861806000000001,point,steel,,Steel Facility,reported_facility,,1,,,32673.27,,2023,EPA GHGRP 2023 Data Summary Spreadsheets,Direct Point Emitters sheet
steel-1003507,steel_facility,"Gerdau Ameristeel US, Inc - Charlotte Mill",NC,MECKLENBURG COUNTY,35.339080000000003,-80.831140000000005,point,steel,,Steel Facility,reported_facility,,1,,,50136.46,26292.5,2023,EPA GHGRP 2023 Data Summary Spreadsheets,Direct Point Emitters sheet
steel-1013276,steel_facility,Granges Americas Inc.- SRM,NC,ROWAN COUNTY,35.682316999999998,-80.507236000000006,point,steel,,Steel Facility,reported_facility,,1,,,16960.236000000001,,2023,EPA GHGRP 2023 Data Summary Spreadsheets,Direct Point Emitters sheet
steel-1002958,steel_facility,NUCOR STEEL HERTFORD COUNTY,NC,HERTFORD COUNTY,36.355215999999999,-76.811149999999998,point,steel,,Steel Facility,reported_facility,,1,,,216464.492,121289.2,2023,EPA GHGRP 2023 Data Summary Spreadsheets,Direct Point Emitters sheet
steel-1007695,steel_facility,NUCOR STEEL NEBRASKA,NE,STANTON COUNTY,42.078346000000003,-97.360152999999997,point,steel,,Steel Facility,reported_facility,,1,,,190236.48,117550.704,2023,EPA GHGRP 2023 Data Summary Spreadsheets,Direct Point Emitters sheet
steel-1006708,steel_facility,CMC Steel New Jersey,NJ,MIDDLESEX COUNTY,40.480105999999999,-74.320981000000003,point,steel,,Steel Facility,reported_facility,,1,,,75626.995999999999,34918,2023,EPA GHGRP 2023 Data Summary Spreadsheets,Direct Point Emitters sheet
steel-1001878,steel_facility,McWane Ductile-New Jersey,NJ,WARREN COUNTY,40.685603,-75.187949000000003,point,steel,,Steel Facility,reported_facility,,1,,,50025.646000000001,,2023,EPA GHGRP 2023 Data Summary Spreadsheets,Direct Point Emitters sheet
steel-1012517,steel_facility,Alcoa USA Corp.,NY,ST. LAWRENCE COUNTY,44.965834999999998,-74.893500000000003,point,steel,,Steel Facility,reported_facility,,1,,,285851.79599999997,,2023,EPA GHGRP 2023 Data Summary Spreadsheets,Direct Point Emitters sheet
steel-1013293,steel_facility,Aurubis Buffalo Inc.,NY,ERIE COUNTY,42.947650000000003,-78.892840000000007,point,steel,,Steel Facility,reported_facility,,1,,,25392.903999999999,,2023,EPA GHGRP 2023 Data Summary Spreadsheets,Direct Point Emitters sheet
steel-1003590,steel_facility,"Ecobat Resources New York, LLC",NY,ORANGE COUNTY,41.460844000000002,-74.359694000000005,point,steel,,Steel Facility,reported_facility,,1,,,85643.86,,2023,EPA GHGRP 2023 Data Summary Spreadsheets,Direct Point Emitters sheet
steel-1007806,steel_facility,KEYMARK CORP PLANT,NY,MONTGOMERY COUNTY,42.956699999999998,-74.389499999999998,point,steel,,Steel Facility,reported_facility,,1,,,21923.367999999999,,2023,EPA GHGRP 2023 Data Summary Spreadsheets,Direct Point Emitters sheet
steel-1002583,steel_facility,NOVELIS CORPORATION,NY,OSWEGO COUNTY,43.490656000000001,-76.455056999999996,point,steel,,Steel Facility,reported_facility,,1,,,191768.19200000001,,2023,EPA GHGRP 2023 Data Summary Spreadsheets,Direct Point Emitters sheet
steel-1006341,steel_facility,NUCOR STEEL AUBURN INC,NY,CAYUGA COUNTY,42.950710000000001,-76.570869999999999,point,steel,,Steel Facility,reported_facility,,1,,,80823.547999999995,47230.824000000001,2023,EPA GHGRP 2023 Data Summary Spreadsheets,Direct Point Emitters sheet
steel-1000077,steel_facility,"REPUBLIC STEEL, LACKAWANNA",NY,ERIE COUNTY,42.801659999999998,-78.841660000000005,point,steel,,Steel Facility,reported_facility,,1,,,25828.351999999999,,2023,EPA GHGRP 2023 Data Summary Spreadsheets,Direct Point Emitters sheet
steel-1011259,steel_facility,"Revere Copper Products, Inc.",NY,ONEIDA COUNTY,43.208136000000003,-75.437167000000002,point,steel,,Steel Facility,reported_facility,,1,,,25175.802,,2023,EPA GHGRP 2023 Data Summary Spreadsheets,Direct Point Emitters sheet
steel-1005385,steel_facility,ARCELORMITTAL TUBULAR PRODUCTS USA LLC,OH,RICHLAND COUNTY,40.881349999999998,-82.667580000000001,point,steel,,Steel Facility,reported_facility,,1,,,61586.567999999999,,2023,EPA GHGRP 2023 Data Summary Spreadsheets,Direct Point Emitters sheet
steel-1003474,steel_facility,CHARTER STEEL CLEVELAND *,OH,CUYAHOGA COUNTY,41.442661000000001,-81.664209999999997,point,steel,,Steel Facility,reported_facility,,1,,,130935.03200000001,73139,2023,EPA GHGRP 2023 Data Summary Spreadsheets,Direct Point Emitters sheet
steel-1007177,steel_facility,Cleveland-Cliffs Cleveland Works LLC,OH,Cuyahoga,41.4739,-81.672799999999995,point,steel,,Steel Facility,reported_facility,,1,,,4269451.93,1040166.374,2023,EPA GHGRP 2023 Data Summary Spreadsheets,Direct Point Emitters sheet
steel-1003417,steel_facility,Cleveland-Cliffs Steel Corporation,OH,COSHOCTON COUNTY,40.206690000000002,-81.885490000000004,point,steel,,Steel Facility,reported_facility,,1,,,37239.360000000001,,2023,EPA GHGRP 2023 Data Summary Spreadsheets,Direct Point Emitters sheet
steel-1006530,steel_facility,Cleveland-Cliffs Steel Corporation - Mansfield Works,OH,RICHLAND COUNTY,40.785130000000002,-82.523840000000007,point,steel,,Steel Facility,reported_facility,,1,,,126555.8,60323.5,2023,EPA GHGRP 2023 Data Summary Spreadsheets,Direct Point Emitters sheet
steel-1000274,steel_facility,Cleveland-Cliffs Steel Corporation - Middletown Works,OH,Butler,39.4968,-84.390100000000004,point,steel,,Steel Facility,reported_facility,,1,,,3512088.156,1391928.382,2023,EPA GHGRP 2023 Data Summary Spreadsheets,Direct Point Emitters sheet
steel-1003418,steel_facility,Cleveland-Cliffs Steel Corporation - Zanesville Works,OH,MUSKINGUM COUNTY,39.961359999999999,-82.000339999999994,point,steel,,Steel Facility,reported_facility,,1,,,18757.027999999998,,2023,EPA GHGRP 2023 Data Summary Spreadsheets,Direct Point Emitters sheet
steel-1003380,steel_facility,Cleveland-Cliffs Warren,OH,TRUMBULL COUNTY,41.211241999999999,-80.816820000000007,point,steel,,Steel Facility,reported_facility,,1,,,162965.476,9646.7999999999993,2023,EPA GHGRP 2023 Data Summary Spreadsheets,Direct Point Emitters sheet
steel-1001755,steel_facility,Defiance Casting Operations (0320010001),OH,DEFIANCE COUNTY,41.282470000000004,-84.312700000000007,point,steel,,Steel Facility,reported_facility,,1,,,29214.14,,2023,EPA GHGRP 2023 Data Summary Spreadsheets,Direct Point Emitters sheet
steel-1004376,steel_facility,ERAMET MARIETTA INC. (0684020006),OH,WASHINGTON COUNTY,39.440458,-81.449871999999999,point,steel,,Steel Facility,reported_facility,,1,,,138045.842,,2023,EPA GHGRP 2023 Data Summary Spreadsheets,Direct Point Emitters sheet
steel-1006473,steel_facility,Ferroglobe USA Metallurgical Inc. FKA-GLOBE METALLURGICAL INC. (0684000105),OH,WASHINGTON COUNTY,39.583860000000001,-81.680419999999998,point,steel,,Steel Facility,reported_facility,,1,,,293877.09000000003,,2023,EPA GHGRP 2023 Data Summary Spreadsheets,Direct Point Emitters sheet
steel-1002777,steel_facility,"HAVERHILL COKE COMPANY, LLC",OH,SCIOTO COUNTY,38.597299999999997,-82.827100000000002,point,steel,,Steel Facility,reported_facility,,1,,,921343.31400000001,885924.2,2023,EPA GHGRP 2023 Data Summary Spreadsheets,Direct Point Emitters sheet
steel-1002324,steel_facility,IMCO RECYCLING OF OHIO LLC,OH,TUSCARAWAS COUNTY,40.368839999999999,-81.34657,point,steel,,Steel Facility,reported_facility,,1,,,70388.335999999996,,2023,EPA GHGRP 2023 Data Summary Spreadsheets,Direct Point Emitters sheet
steel-1014155,steel_facility,IronUnits LLC,OH,LUCAS COUNTY,41.675322999999999,-83.477907999999999,point,steel,,Steel Facility,reported_facility,,1,,,802937.54,685681.78,2023,EPA GHGRP 2023 Data Summary Spreadsheets,Direct Point Emitters sheet
steel-1013051,steel_facility,"JSW Steel USA Ohio, Inc.",OH,JEFFERSON COUNTY,40.314523999999999,-80.614762999999996,point,steel,,Steel Facility,reported_facility,,1,,,116721.38400000001,99257.8,2023,EPA GHGRP 2023 Data Summary Spreadsheets,Direct Point Emitters sheet
steel-1008994,steel_facility,Jewel Acquisition - Louisville Facility,OH,STARK COUNTY,40.835949999999997,-81.274100000000004,point,steel,,Steel Facility,reported_facility,,1,,,4755.5320000000002,,2023,EPA GHGRP 2023 Data Summary Spreadsheets,Direct Point Emitters sheet
steel-1007957,steel_facility,KAISER ALUMINUM (0145010093),OH,LICKING COUNTY,40.012639999999998,-82.462810000000005,point,steel,,Steel Facility,reported_facility,,1,,,26176.151999999998,,2023,EPA GHGRP 2023 Data Summary Spreadsheets,Direct Point Emitters sheet
steel-1013125,steel_facility,"MATALCO USA, LLC",OH,TRUMBULL COUNTY,41.185878000000002,-80.857487000000006,point,steel,,Steel Facility,reported_facility,,1,,,39828.699999999997,,2023,EPA GHGRP 2023 Data Summary Spreadsheets,Direct Point Emitters sheet
steel-1010145,steel_facility,MagRetech LLC,OH,,41.282980000000002,-82.887730000000005,point,steel,,Steel Facility,reported_facility,,1,,,206100.19399999999,,2023,EPA GHGRP 2023 Data Summary Spreadsheets,Direct Point Emitters sheet
steel-1014886,steel_facility,Matalco USA LLC,OH,STARK COUNTY,40.825530000000001,-81.311149999999998,point,steel,,Steel Facility,reported_facility,,1,,,25161.256000000001,,2023,EPA GHGRP 2023 Data Summary Spreadsheets,Direct Point Emitters sheet
steel-1011243,steel_facility,"Materion Brush, Inc.",OH,OTTAWA COUNTY,41.488390000000003,-83.216239999999999,point,steel,,Steel Facility,reported_facility,,1,,,25060.455999999998,,2023,EPA GHGRP 2023 Data Summary Spreadsheets,Direct Point Emitters sheet
steel-1001664,steel_facility,McWane Ductile - Ohio,OH,COSHOCTON COUNTY,40.245339999999999,-81.862840000000006,point,steel,,Steel Facility,reported_facility,,1,,,77169.490000000005,,2023,EPA GHGRP 2023 Data Summary Spreadsheets,Direct Point Emitters sheet
steel-1005163,steel_facility,NORTH STAR BLUESCOPE STEEL LLC *,OH,FULTON COUNTY,41.568399999999997,-84.037589999999994,point,steel,,Steel Facility,reported_facility,,1,,,442490.50799999997,311907.3,2023,EPA GHGRP 2023 Data Summary Spreadsheets,Direct Point Emitters sheet
steel-1007577,steel_facility,"NUCOR STEEL MARION, INC. (0351010017)",OH,MARION COUNTY,40.570700000000002,-83.138800000000003,point,steel,,Steel Facility,reported_facility,,1,,,67861.856,29495.7,2023,EPA GHGRP 2023 Data Summary Spreadsheets,Direct Point Emitters sheet
steel-1012564,steel_facility,"OSCO Industries, Inc. Jackson Division",OH,JACKSON COUNTY,39.057751000000003,-82.635407999999998,point,steel,,Steel Facility,reported_facility,,1,,,23399.444,,2023,EPA GHGRP 2023 Data Summary Spreadsheets,Direct Point Emitters sheet
steel-1013022,steel_facility,RMI Titanium Company LLC,OH,TRUMBULL COUNTY,41.186520000000002,-80.782979999999995,point,steel,,Steel Facility,reported_facility,,1,,,30948.142,,2023,EPA GHGRP 2023 Data Summary Spreadsheets,Direct Point Emitters sheet
steel-1003799,steel_facility,Republic Steel - Canton Plant,OH,STARK COUNTY,40.803234000000003,-81.332864000000001,point,steel,,Steel Facility,reported_facility,,1,,,71750.088000000003,28753.200000000001,2023,EPA GHGRP 2023 Data Summary Spreadsheets,Direct Point Emitters sheet
steel-1006159,steel_facility,SunCoke Energy Middletown Operations,OH,BUTLER COUNTY,39.472149999999999,-84.396929999999998,point,steel,,Steel Facility,reported_facility,,1,,,429703.93199999997,413172.6,2023,EPA GHGRP 2023 Data Summary Spreadsheets,Direct Point Emitters sheet
steel-1011726,steel_facility,Superior Forge & Steel Corporation,OH,ALLEN COUNTY,40.710439999999998,-84.108310000000003,point,steel,,Steel Facility,reported_facility,,1,,,18662.531999999999,531.20000000000005,2023,EPA GHGRP 2023 Data Summary Spreadsheets,Direct Point Emitters sheet
steel-1003860,steel_facility,TIMKENSTEEL CORP (1576000613),OH,STARK COUNTY,40.780504999999998,-81.397259000000005,point,steel,,Steel Facility,reported_facility,,1,,,320347.33399999997,114059.2,2023,EPA GHGRP 2023 Data Summary Spreadsheets,Direct Point Emitters sheet
steel-1004944,steel_facility,TITANIUM METALS CORP TORONTO PLANT,OH,JEFFERSON COUNTY,40.44979,-80.609229999999997,point,steel,,Steel Facility,reported_facility,,1,,,36543.112000000001,,2023,EPA GHGRP 2023 Data Summary Spreadsheets,Direct Point Emitters sheet
steel-1013267,steel_facility,Terves Inc,OH,CUYAHOGA COUNTY,41.581415,-81.517464000000004,point,steel,,Steel Facility,reported_facility,,1,,,50270.41,,2023,EPA GHGRP 2023 Data Summary Spreadsheets,Direct Point Emitters sheet
steel-1001619,steel_facility,US Steel - Lorain Tubular Operations,OH,LORAIN COUNTY,41.445740000000001,-82.120050000000006,point,steel,,Steel Facility,reported_facility,,1,,,827.99599999999998,,2023,EPA GHGRP 2023 Data Summary Spreadsheets,Direct Point Emitters sheet
steel-1002768,steel_facility,Vallourec Star,OH,MAHONING COUNTY,41.128041000000003,-80.671531999999999,point,steel,,Steel Facility,reported_facility,,1,,,152234.04399999999,44569.599999999999,2023,EPA GHGRP 2023 Data Summary Spreadsheets,Direct Point Emitters sheet
steel-1011697,steel_facility,Worthington Industries,OH,FULTON COUNTY,41.5672,-84.056910000000002,point,steel,,Steel Facility,reported_facility,,1,,,24363.155999999999,,2023,EPA GHGRP 2023 Data Summary Spreadsheets,Direct Point Emitters sheet
steel-1013215,steel_facility,"CMC Steel Oklahoma, LLC",OK,BRYAN COUNTY,33.997672000000001,-96.404008000000005,point,steel,,Steel Facility,reported_facility,,1,,,55566.091999999997,53547.6,2023,EPA GHGRP 2023 Data Summary Spreadsheets,Direct Point Emitters sheet
steel-1004453,steel_facility,Mid American Steel & Wire,OK,MARSHALL COUNTY,34.070909999999998,-96.755030000000005,point,steel,,Steel Facility,reported_facility,,1,,,33828.451999999997,21335.7,2023,EPA GHGRP 2023 Data Summary Spreadsheets,Direct Point Emitters sheet
steel-1014133,steel_facility,"Webco Industries, Star Center Tube",OK,TULSA COUNTY,36.131289000000002,-96.147300999999999,point,steel,,Steel Facility,reported_facility,,1,,,31335.531999999999,,2023,EPA GHGRP 2023 Data Summary Spreadsheets,Direct Point Emitters sheet
steel-1005755,steel_facility,CASCADE STEEL ROLLING MILLS INC,OR,YAMHILL COUNTY,45.228630000000003,-123.15904999999999,point,steel,,Steel Facility,reported_facility,,1,,,75234.720000000001,27522.9,2023,EPA GHGRP 2023 Data Summary Spreadsheets,Direct Point Emitters sheet
steel-1001840,steel_facility,Evraz Oregon Steel,OR,MULTNOMAH COUNTY,45.628489999999999,-122.78125,point,steel,,Steel Facility,reported_facility,,1,,,92843,,2023,EPA GHGRP 2023 Data Summary Spreadsheets,Direct Point Emitters sheet
steel-1003379,steel_facility,Arconic US LLC,PA,LANCASTER COUNTY,40.063333,-76.320555999999996,point,steel,,Steel Facility,reported_facility,,1,,,115844.064,,2023,EPA GHGRP 2023 Data Summary Spreadsheets,Direct Point Emitters sheet
steel-1005003,steel_facility,BRACKENRIDGE PLANT,PA,ALLEGHENY COUNTY,40.6081,-79.729100000000003,point,steel,,Steel Facility,reported_facility,,1,,,121703.66800000001,7291.4,2023,EPA GHGRP 2023 Data Summary Spreadsheets,Direct Point Emitters sheet
steel-1004723,steel_facility,Befesa Zinc US INC,PA,CARBON COUNTY,40.807927999999997,-75.587928000000005,point,steel,,Steel Facility,reported_facility,,1,,,105608.89599999999,,2023,EPA GHGRP 2023 Data Summary Spreadsheets,Direct Point Emitters sheet
steel-1004036,steel_facility,CARPENTER TECHNOLOGY,PA,BERKS COUNTY,40.361105000000002,-75.936837999999995,point,steel,,Steel Facility,reported_facility,,1,,,168154.95199999999,9105.9,2023,EPA GHGRP 2023 Data Summary Spreadsheets,Direct Point Emitters sheet
steel-1003668,steel_facility,CLEVELAND-CLIFFS PLATE LLC-COATESVILLE,PA,CHESTER COUNTY,39.98301,-75.827910000000003,point,steel,,Steel Facility,reported_facility,,1,,,150075.948,30123.3,2023,EPA GHGRP 2023 Data Summary Spreadsheets,Direct Point Emitters sheet
steel-1003523,steel_facility,CLEVELAND-CLIFFS PLATE LLC/CONSHOHOCKEN PLT,PA,MONTGOMERY COUNTY,40.090954000000004,-75.317070000000001,point,steel,,Steel Facility,reported_facility,,1,,,6624.3760000000002,,2023,EPA GHGRP 2023 Data Summary Spreadsheets,Direct Point Emitters sheet
steel-1004434,steel_facility,Carpenter Technology - Latrobe Operations,PA,WESTMORELAND COUNTY,40.302598000000003,-79.372804000000002,point,steel,,Steel Facility,reported_facility,,1,,,61338.531999999999,3625.7,2023,EPA GHGRP 2023 Data Summary Spreadsheets,Direct Point Emitters sheet
steel-1005025,steel_facility,Cleveland-Cliffs Monessen Coke LLC,PA,WESTMORELAND COUNTY,40.163200000000003,-79.886099999999999,point,steel,,Steel Facility,reported_facility,,1,,,150425.07800000001,29802.284,2023,EPA GHGRP 2023 Data Summary Spreadsheets,Direct Point Emitters sheet
steel-1002903,steel_facility,Cleveland-Cliffs Steel Corporation /BUTLER WORKS,PA,BUTLER COUNTY,40.829259999999998,-79.942729999999997,point,steel,,Steel Facility,reported_facility,,1,,,269984.592,50230.400000000001,2023,EPA GHGRP 2023 Data Summary Spreadsheets,Direct Point Emitters sheet
steel-1004215,steel_facility,Cleveland-Cliffs Steelton LLC,PA,DAUPHIN COUNTY,40.226388999999998,-76.848611000000005,point,steel,,Steel Facility,reported_facility,,1,,,124747.11199999999,35195,2023,EPA GHGRP 2023 Data Summary Spreadsheets,Direct Point Emitters sheet
steel-1006818,steel_facility,EAST PENN LYONS SMELTER & BATTERY PLT,PA,BERKS COUNTY,40.47166,-75.766999999999996,point,steel,,Steel Facility,reported_facility,,1,,,92499.823999999993,,2023,EPA GHGRP 2023 Data Summary Spreadsheets,Direct Point Emitters sheet
steel-1001673,steel_facility,ELLWOOD NATL FORGE,PA,WARREN COUNTY,41.841555,-79.270049999999998,point,steel,,Steel Facility,reported_facility,,1,,,24129.47,3556.8,2023,EPA GHGRP 2023 Data Summary Spreadsheets,Direct Point Emitters sheet
steel-1001669,steel_facility,ELLWOOD QUALITY STEELS,PA,LAWRENCE COUNTY,40.993409999999997,-80.346959999999996,point,steel,,Steel Facility,reported_facility,,1,,,48318.103999999999,14701.8,2023,EPA GHGRP 2023 Data Summary Spreadsheets,Direct Point Emitters sheet
steel-1000039,steel_facility,GE's Grid Solutions,PA,WASHINGTON COUNTY,40.124713,-79.930463000000003,point,steel,,Steel Facility,reported_facility,,1,,,1485.8928000000001,,2023,EPA GHGRP 2023 Data Summary Spreadsheets,Direct Point Emitters sheet
steel-1001891,steel_facility,GLOBAL TUNGSTEN & POWDERS,PA,BRADFORD COUNTY,41.786389,-76.445278000000002,point,steel,,Steel Facility,reported_facility,,1,,,34669.32,,2023,EPA GHGRP 2023 Data Summary Spreadsheets,Direct Point Emitters sheet
steel-1001885,steel_facility,"Hydro Extrusion USA, LLC",PA,SCHUYLKILL COUNTY,40.632927000000002,-76.187911999999997,point,steel,,Steel Facility,reported_facility,,1,,,71009.532000000007,,2023,EPA GHGRP 2023 Data Summary Spreadsheets,Direct Point Emitters sheet
steel-1005752,steel_facility,INMETCO,PA,LAWRENCE COUNTY,40.857410000000002,-80.269890000000004,point,steel,,Steel Facility,reported_facility,,1,,,22032.62,19441.580000000002,2023,EPA GHGRP 2023 Data Summary Spreadsheets,Direct Point Emitters sheet
steel-1003270,steel_facility,IPSCO KOPPEL TUBULARS CORP AMBRIDGE PLT,PA,BEAVER COUNTY,40.598900999999998,-80.215400000000002,point,steel,,Steel Facility,reported_facility,,1,,,46110.275999999998,,2023,EPA GHGRP 2023 Data Summary Spreadsheets,Direct Point Emitters sheet
steel-1005190,steel_facility,IPSCO KOPPEL TUBULARS CORP KOPPEL WORKS,PA,BEAVER COUNTY,40.835647999999999,-80.31814,point,steel,,Steel Facility,reported_facility,,1,,,66232.644,38018,2023,EPA GHGRP 2023 Data Summary Spreadsheets,Direct Point Emitters sheet
steel-1004730,steel_facility,"JESSOP STEEL, LLC WASHINGTON FACILITY",PA,WASHINGTON COUNTY,40.175905,-80.274783999999997,point,steel,,Steel Facility,reported_facility,,1,,,31117.331999999999,,2023,EPA GHGRP 2023 Data Summary Spreadsheets,Direct Point Emitters sheet
steel-1005459,steel_facility,"Mitsubishi Electric Power Products, Inc.",PA,,40.667149999999999,-80.112719999999996,point,steel,,Steel Facility,reported_facility,,1,,,54655.863599999997,,2023,EPA GHGRP 2023 Data Summary Spreadsheets,Direct Point Emitters sheet
steel-1006013,steel_facility,NLMK PENNSYLVANIA LLC,PA,MERCER COUNTY,41.211919999999999,-80.506981999999994,point,steel,,Steel Facility,reported_facility,,1,,,96058.788,,2023,EPA GHGRP 2023 Data Summary Spreadsheets,Direct Point Emitters sheet
steel-1011242,steel_facility,North American Hoganas,PA,SOMERSET COUNTY,40.192646000000003,-78.933993999999998,point,steel,,Steel Facility,reported_facility,,1,,,27198.292000000001,11677.3,2023,EPA GHGRP 2023 Data Summary Spreadsheets,Direct Point Emitters sheet
steel-1005536,steel_facility,STD STEEL BURNHAM PLT,PA,MIFFLIN COUNTY,40.636944,-77.571944000000002,point,steel,,Steel Facility,reported_facility,,1,,,68869.967999999993,7786.7,2023,EPA GHGRP 2023 Data Summary Spreadsheets,Direct Point Emitters sheet
steel-1000399,steel_facility,UNION ELEC HARMON CREEK PLT,PA,WASHINGTON COUNTY,40.411133,-80.408389999999997,point,steel,,Steel Facility,reported_facility,,1,,,34386.372000000003,397.3,2023,EPA GHGRP 2023 Data Summary Spreadsheets,Direct Point Emitters sheet
steel-1005423,steel_facility,UNIVERSAL STAINLESS BRIDGEVILLE PLT,PA,ALLEGHENY COUNTY,40.366819999999997,-80.099760000000003,point,steel,,Steel Facility,reported_facility,,1,,,42448.248,2213.1999999999998,2023,EPA GHGRP 2023 Data Summary Spreadsheets,Direct Point Emitters sheet
steel-1000802,steel_facility,US STEEL - IRVIN WORKS,PA,ALLEGHENY COUNTY,40.337200000000003,-79.910799999999995,point,steel,,Steel Facility,reported_facility,,1,,,362317.85,19566.914000000001,2023,EPA GHGRP 2023 Data Summary Spreadsheets,Direct Point Emitters sheet
steel-1000124,steel_facility,US Steel (Clairton Coke),PA,Allegheny,40.309699999999999,-79.881900000000002,point,steel,,Steel Facility,reported_facility,,1,,,769566.24600000004,29684.9,2023,EPA GHGRP 2023 Data Summary Spreadsheets,Direct Point Emitters sheet
steel-1000233,steel_facility,US Steel (Edgar Thomson),PA,Allegheny,40.392499999999998,-79.856399999999994,point,steel,,Steel Facility,reported_facility,,1,,,3576537.4879999999,369184.97600000002,2023,EPA GHGRP 2023 Data Summary Spreadsheets,Direct Point Emitters sheet
steel-1006391,steel_facility,US Steel - Fairless Hills Plant,PA,BUCKS COUNTY,40.164700000000003,-74.746799999999993,point,steel,,Steel Facility,reported_facility,,1,,,25241.204000000002,,2023,EPA GHGRP 2023 Data Summary Spreadsheets,Direct Point Emitters sheet
steel-1005005,steel_facility,VANDERGRIFT FACILITY,PA,WESTMORELAND COUNTY,40.6,-79.567778000000004,point,steel,,Steel Facility,reported_facility,,1,,,36309.864000000001,,2023,EPA GHGRP 2023 Data Summary Spreadsheets,Direct Point Emitters sheet
steel-1006253,steel_facility,WARD MANUFACTURING LLC,PA,TIOGA COUNTY,41.671939999999999,-77.061430000000001,point,steel,,Steel Facility,reported_facility,,1,,,16547.536,,2023,EPA GHGRP 2023 Data Summary Spreadsheets,Direct Point Emitters sheet
steel-1005918,steel_facility,WHEATLAND TUBE COMPANY - COUNCIL,PA,MERCER COUNTY,41.194690000000001,-80.492270000000005,point,steel,,Steel Facility,reported_facility,,1,,,42957.188000000002,,2023,EPA GHGRP 2023 Data Summary Spreadsheets,Direct Point Emitters sheet
steel-1005814,steel_facility,Befesa Zinc US INC,SC,BARNWELL COUNTY,33.244137000000002,-81.472842999999997,point,steel,,Steel Facility,reported_facility,,1,,,105187.38400000001,,2023,EPA GHGRP 2023 Data Summary Spreadsheets,Direct Point Emitters sheet
steel-1005346,steel_facility,CMC Steel SC,SC,LEXINGTON COUNTY,33.963256000000001,-81.049797999999996,point,steel,,Steel Facility,reported_facility,,1,,,131132.636,89103.1,2023,EPA GHGRP 2023 Data Summary Spreadsheets,Direct Point Emitters sheet
steel-1002112,steel_facility,"Century Aluminum of South Carolina, Inc.",SC,BERKELEY COUNTY,33.051743000000002,-80.054288999999997,point,steel,,Steel Facility,reported_facility,,1,,,421582.73300000001,,2023,EPA GHGRP 2023 Data Summary Spreadsheets,Direct Point Emitters sheet
steel-1011102,steel_facility,"Clarios, LLC - Florence Recycling Center",SC,FLORENCE COUNTY,34.157460999999998,-79.571355999999994,point,steel,,Steel Facility,reported_facility,,1,,,331.64800000000002,,2023,EPA GHGRP 2023 Data Summary Spreadsheets,Direct Point Emitters sheet
steel-1003494,steel_facility,JW Aluminum,SC,CHARLESTON COUNTY,32.703868999999997,-80.031136000000004,point,steel,,Steel Facility,reported_facility,,1,,,52140.303999999996,,2023,EPA GHGRP 2023 Data Summary Spreadsheets,Direct Point Emitters sheet
steel-1001699,steel_facility,Liberty Steel Georgetown Holdings LLC,SC,GEORGETOWN COUNTY,33.367919999999998,-79.29486,point,steel,,Steel Facility,reported_facility,,1,,,13380.9,0,2023,EPA GHGRP 2023 Data Summary Spreadsheets,Direct Point Emitters sheet
steel-1002266,steel_facility,NUCOR STEEL - BERKELEY,SC,BERKELEY COUNTY,33.004097000000002,-79.881600000000006,point,steel,,Steel Facility,reported_facility,,1,,,598948.49600000004,418184.17599999998,2023,EPA GHGRP 2023 Data Summary Spreadsheets,Direct Point Emitters sheet
steel-1007946,steel_facility,NUCOR STEEL DARLINGTON,SC,DARLINGTON COUNTY,34.375957999999997,-79.896878000000001,point,steel,,Steel Facility,reported_facility,,1,,,185444.56400000001,112864.088,2023,EPA GHGRP 2023 Data Summary Spreadsheets,Direct Point Emitters sheet
steel-1010619,steel_facility,"Hydro Extrusion USA, LLC.",SD,YANKTON COUNTY,42.887129999999999,-97.352069999999998,point,steel,,Steel Facility,reported_facility,,1,,,29165.94,,2023,EPA GHGRP 2023 Data Summary Spreadsheets,Direct Point Emitters sheet
steel-1002795,steel_facility,ARCONIC TENNESSEE OPERATIONS,TN,BLOUNT COUNTY,35.811815000000003,-83.969576000000004,point,steel,,Steel Facility,reported_facility,,1,,,208741.96400000001,,2023,EPA GHGRP 2023 Data Summary Spreadsheets,Direct Point Emitters sheet
steel-1004997,steel_facility,Befesa Zinc US INC,TN,ROANE COUNTY,35.869590000000002,-84.695760000000007,point,steel,,Steel Facility,reported_facility,,1,,,15307.647999999999,,2023,EPA GHGRP 2023 Data Summary Spreadsheets,Direct Point Emitters sheet
steel-1011034,steel_facility,"Bonnell Aluminum, Inc.",TN,SMITH COUNTY,36.266260000000003,-85.958160000000007,point,steel,,Steel Facility,reported_facility,,1,,,29644.088,,2023,EPA GHGRP 2023 Data Summary Spreadsheets,Direct Point Emitters sheet
steel-1006906,steel_facility,CMC STEEL TENNESSEE,TN,KNOX COUNTY,35.978119999999997,-83.956450000000004,point,steel,,Steel Facility,reported_facility,,1,,,124968.36,87734.1,2023,EPA GHGRP 2023 Data Summary Spreadsheets,Direct Point Emitters sheet
steel-1004493,steel_facility,GERDAU AMERISTEEL,TN,MADISON COUNTY,35.724089999999997,-88.817660000000004,point,steel,,Steel Facility,reported_facility,,1,,,88005.123999999996,28086.400000000001,2023,EPA GHGRP 2023 Data Summary Spreadsheets,Direct Point Emitters sheet
steel-1012375,steel_facility,"Granges Americas, Inc",TN,CARROLL COUNTY,36.018279999999997,-88.381930999999994,point,steel,,Steel Facility,reported_facility,,1,,,106488.1,,2023,EPA GHGRP 2023 Data Summary Spreadsheets,Direct Point Emitters sheet
steel-1005515,steel_facility,HOEGANAES CORPORATION,TN,SUMNER COUNTY,36.371493000000001,-86.423902999999996,point,steel,,Steel Facility,reported_facility,,1,,,36545.311999999998,16278.1,2023,EPA GHGRP 2023 Data Summary Spreadsheets,Direct Point Emitters sheet
steel-1003510,steel_facility,"MOST, INC",TN,MADISON COUNTY,35.596221,-88.943061999999998,point,steel,,Steel Facility,reported_facility,,1,,,22452.516,,2023,EPA GHGRP 2023 Data Summary Spreadsheets,Direct Point Emitters sheet
steel-1005559,steel_facility,NEMAK USA INC,TN,DICKSON COUNTY,36.046239999999997,-87.343270000000004,point,steel,,Steel Facility,reported_facility,,1,,,23767.66,,2023,EPA GHGRP 2023 Data Summary Spreadsheets,Direct Point Emitters sheet
steel-1003093,steel_facility,NUCOR STEEL MEMPHIS INC,TN,SHELBY COUNTY,35.049909999999997,-90.153139999999993,point,steel,,Steel Facility,reported_facility,,1,,,141215.12400000001,65961.312000000005,2023,EPA GHGRP 2023 Data Summary Spreadsheets,Direct Point Emitters sheet
steel-1014749,steel_facility,"Scepter, Inc.",TN,HUMPHREYS COUNTY,36.075060000000001,-87.950030999999996,point,steel,,Steel Facility,reported_facility,,1,,,33775.372000000003,,2023,EPA GHGRP 2023 Data Summary Spreadsheets,Direct Point Emitters sheet
steel-1012170,steel_facility,"Wacker Polysilicon North America, LLC",TN,BRADLEY COUNTY,35.298673000000001,-84.800752000000003,point,steel,,Steel Facility,reported_facility,,1,,,46616.324000000001,,2023,EPA GHGRP 2023 Data Summary Spreadsheets,Direct Point Emitters sheet
steel-1002494,steel_facility,ASARCO LLC AMARILLO COPPER REFINERY,TX,POTTER COUNTY,35.284716000000003,-101.730177,point,steel,,Steel Facility,reported_facility,,1,,,445.548,,2023,EPA GHGRP 2023 Data Summary Spreadsheets,Direct Point Emitters sheet
steel-1012625,steel_facility,ArcelorMittal Texas HBI,TX,SAN PATRICIO COUNTY,27.888611000000001,-97.277777999999998,point,steel,,Steel Facility,reported_facility,,1,,,556932.72400000005,523398.5,2023,EPA GHGRP 2023 Data Summary Spreadsheets,Direct Point Emitters sheet
steel-1005344,steel_facility,CHAPARRAL STEEL MIDLOTHIAN PLANT,TX,ELLIS COUNTY,32.458249000000002,-97.036607000000004,point,steel,,Steel Facility,reported_facility,,1,,,272960.99599999998,99090,2023,EPA GHGRP 2023 Data Summary Spreadsheets,Direct Point Emitters sheet
steel-1014023,steel_facility,JSW Steel (USA) Inc.,TX,CHAMBERS COUNTY,29.698854999999998,-94.900223999999994,point,steel,,Steel Facility,reported_facility,,1,,,79668.2,,2023,EPA GHGRP 2023 Data Summary Spreadsheets,Direct Point Emitters sheet
steel-1005832,steel_facility,NUCOR STEEL-TEXAS,TX,LEON COUNTY,31.354801999999999,-96.165199000000001,point,steel,,Steel Facility,reported_facility,,1,,,181047.508,108109.56,2023,EPA GHGRP 2023 Data Summary Spreadsheets,Direct Point Emitters sheet
steel-1012352,steel_facility,Nucor Steel Longview,TX,,32.381758699999999,-94.707061600000003,point,steel,,Steel Facility,reported_facility,,1,,,59004.584000000003,1510,2023,EPA GHGRP 2023 Data Summary Spreadsheets,Direct Point Emitters sheet
steel-1007348,steel_facility,Optimus Steel LLC,TX,ORANGE COUNTY,30.12445,-94.012619999999998,point,steel,,Steel Facility,reported_facility,,1,,,100347.992,45274.3,2023,EPA GHGRP 2023 Data Summary Spreadsheets,Direct Point Emitters sheet
steel-1002197,steel_facility,PHELPS DODGE REFINING CORPORATION,TX,EL PASO COUNTY,31.76333,-106.38015,point,steel,,Steel Facility,reported_facility,,1,,,87140.971999999994,,2023,EPA GHGRP 2023 Data Summary Spreadsheets,Direct Point Emitters sheet
steel-1004259,steel_facility,STRUCTURAL METALS INC,TX,GUADALUPE COUNTY,29.579059999999998,-98.023679999999999,point,steel,,Steel Facility,reported_facility,,1,,,213757.17600000001,154352.1,2023,EPA GHGRP 2023 Data Summary Spreadsheets,Direct Point Emitters sheet
steel-1014686,steel_facility,"Steel Dynamics Southwest, LLC",TX,,28.057072332403699,-97.464965275166193,point,steel,,Steel Facility,reported_facility,,1,,,297361.62,222738,2023,EPA GHGRP 2023 Data Summary Spreadsheets,Direct Point Emitters sheet
steel-1012374,steel_facility,"TCI Texarkana, Inc",TX,BOWIE COUNTY,33.450707000000001,-94.134355999999997,point,steel,,Steel Facility,reported_facility,,1,,,68946.94,,2023,EPA GHGRP 2023 Data Summary Spreadsheets,Direct Point Emitters sheet
steel-1001662,steel_facility,TYLER PIPE COMPANY,TX,SMITH COUNTY,32.434420000000003,-95.362849999999995,point,steel,,Steel Facility,reported_facility,,1,,,64144.055999999997,,2023,EPA GHGRP 2023 Data Summary Spreadsheets,Direct Point Emitters sheet
steel-1013497,steel_facility,"Tenaris Bay City, Inc.",TX,,29.006274999999999,-95.888058000000001,point,steel,,Steel Facility,reported_facility,,1,,,91926.456000000006,,2023,EPA GHGRP 2023 Data Summary Spreadsheets,Direct Point Emitters sheet
steel-1003580,steel_facility,VINTON STEEL LLC,TX,EL PASO COUNTY,31.965340000000001,-106.585052,point,steel,,Steel Facility,reported_facility,,1,,,42501.196000000004,14959,2023,EPA GHGRP 2023 Data Summary Spreadsheets,Direct Point Emitters sheet
steel-1004972,steel_facility,WYMAN GORDON FORGINGS,TX,HARRIS COUNTY,29.933009999999999,-95.649540000000002,point,steel,,Steel Facility,reported_facility,,1,,,63804.46,,2023,EPA GHGRP 2023 Data Summary Spreadsheets,Direct Point Emitters sheet
steel-1012481,steel_facility,"Hydro Extrusion USA, LLC",UT,UTAH COUNTY,40.129438999999998,-111.646888,point,steel,,Steel Facility,reported_facility,,1,,,21964.168000000001,,2023,EPA GHGRP 2023 Data Summary Spreadsheets,Direct Point Emitters sheet
steel-1001665,steel_facility,"McWane Ductile - Utah, A Division of McWane Inc.",UT,UTAH COUNTY,40.199753000000001,-111.63175200000001,point,steel,,Steel Facility,reported_facility,,1,,,72223.23,,2023,EPA GHGRP 2023 Data Summary Spreadsheets,Direct Point Emitters sheet
steel-1005777,steel_facility,NUCOR STEEL - UTAH,UT,BOX ELDER COUNTY,41.8825,-112.1964,point,steel,,Steel Facility,reported_facility,,1,,,243502.736,119937.152,2023,EPA GHGRP 2023 Data Summary Spreadsheets,Direct Point Emitters sheet
steel-1000030,steel_facility,US MAGNESIUM LLC,UT,TOOELE COUNTY,40.913462000000003,-112.734503,point,steel,,Steel Facility,reported_facility,,1,,,13187.234,,2023,EPA GHGRP 2023 Data Summary Spreadsheets,Direct Point Emitters sheet
steel-1000394,steel_facility,CHAPARRAL STEEL,VA,DINWIDDIE COUNTY,37.179254,-77.447486999999995,point,steel,,Steel Facility,reported_facility,,1,,,103874.02,16469.599999999999,2023,EPA GHGRP 2023 Data Summary Spreadsheets,Direct Point Emitters sheet
steel-1003289,steel_facility,GRIFFIN PIPE PRODUCTS COMPANY - LYNCHBURG,VA,LYNCHBURG CITY,37.420814999999997,-79.140968000000001,point,steel,,Steel Facility,reported_facility,,1,,,68595,,2023,EPA GHGRP 2023 Data Summary Spreadsheets,Direct Point Emitters sheet
steel-1001958,steel_facility,HUNTINGTON INGALLS INCORPORATED,VA,NEWPORT NEWS CITY,36.987670000000001,-76.439430000000002,point,steel,,Steel Facility,reported_facility,,1,,,49706.726000000002,34.700000000000003,2023,EPA GHGRP 2023 Data Summary Spreadsheets,Direct Point Emitters sheet
steel-1005598,steel_facility,JEWELL COAL & COKE,VA,BUCHANAN COUNTY,37.234374000000003,-82.043024000000003,point,steel,,Steel Facility,reported_facility,,1,,,376576.39799999999,370254.4,2023,EPA GHGRP 2023 Data Summary Spreadsheets,Direct Point Emitters sheet
steel-1000714,steel_facility,ROANOKE ELECTRIC STEEL CORPORATION,VA,ROANOKE CITY,37.272509999999997,-79.998609999999999,point,steel,,Steel Facility,reported_facility,,1,,,97145.072,62915.3,2023,EPA GHGRP 2023 Data Summary Spreadsheets,Direct Point Emitters sheet
steel-1003562,steel_facility,ALCOA INTALCO WORKS,WA,WHATCOM COUNTY,48.845500000000001,-122.7055,point,steel,,Steel Facility,reported_facility,,1,,,8533.4459999999999,,2023,EPA GHGRP 2023 Data Summary Spreadsheets,Direct Point Emitters sheet
steel-1002056,steel_facility,Kaiser Aluminum Washington,WA,SPOKANE COUNTY,47.687074000000003,-117.212673,point,steel,,Steel Facility,reported_facility,,1,,,124834.28,,2023,EPA GHGRP 2023 Data Summary Spreadsheets,Direct Point Emitters sheet
steel-1000029,steel_facility,NUCOR STEEL SEATTLE INC,WA,KING COUNTY,47.569330999999998,-122.367332,point,steel,,Steel Facility,reported_facility,,1,,,82395.851999999999,43153.2,2023,EPA GHGRP 2023 Data Summary Spreadsheets,Direct Point Emitters sheet
steel-1007200,steel_facility,REC SOLAR GRADE SILICON,WA,GRANT COUNTY,47.040595000000003,-119.1942,point,steel,,Steel Facility,reported_facility,,1,,,5955.6279999999997,,2023,EPA GHGRP 2023 Data Summary Spreadsheets,Direct Point Emitters sheet
steel-1006901,steel_facility,CHARTER STEEL,WI,OZAUKEE COUNTY,43.396949999999997,-87.949659999999994,point,steel,,Steel Facility,reported_facility,,1,,,143250.74,61058.7,2023,EPA GHGRP 2023 Data Summary Spreadsheets,Direct Point Emitters sheet
steel-1002034,steel_facility,GREDE LLC REEDSBURG,WI,SAUK COUNTY,43.528049000000003,-89.999600000000001,point,steel,,Steel Facility,reported_facility,,1,,,59648.243999999999,,2023,EPA GHGRP 2023 Data Summary Spreadsheets,Direct Point Emitters sheet
steel-1004885,steel_facility,NEENAH FOUNDRY CO PLTS 2 & 3,WI,WINNEBAGO COUNTY,44.162430000000001,-88.473489999999998,point,steel,,Steel Facility,reported_facility,,1,,,40125.557999999997,,2023,EPA GHGRP 2023 Data Summary Spreadsheets,Direct Point Emitters sheet
steel-1006488,steel_facility,Nemak USA Inc. - Gateway,WI,SHEBOYGAN COUNTY,43.70823,-87.752600000000001,point,steel,,Steel Facility,reported_facility,,1,,,20500.871999999999,,2023,EPA GHGRP 2023 Data Summary Spreadsheets,Direct Point Emitters sheet
steel-1002751,steel_facility,Skana Aluminum Company,WI,MANITOWOC COUNTY,44.128619999999998,-87.630480000000006,point,steel,,Steel Facility,reported_facility,,1,,,20464.77,,2023,EPA GHGRP 2023 Data Summary Spreadsheets,Direct Point Emitters sheet
steel-1001863,steel_facility,"WAUPACA FOUNDRY, INC-PLANTS 2 & 3",WI,WAUPACA COUNTY,44.355899999999998,-89.054000000000002,point,steel,,Steel Facility,reported_facility,,1,,,167495.51,,2023,EPA GHGRP 2023 Data Summary Spreadsheets,Direct Point Emitters sheet
steel-1002200,steel_facility,Waupaca Foundry INC. - PLT 1,WI,WAUPACA COUNTY,44.362099999999998,-89.081699999999998,point,steel,,Steel Facility,reported_facility,,1,,,83654.051999999996,,2023,EPA GHGRP 2023 Data Summary Spreadsheets,Direct Point Emitters sheet
steel-1000260,steel_facility,Cleveland-Cliffs Weirton LLC,WV,Hancock,40.421999999999997,-80.595500000000001,point,steel,,Steel Facility,reported_facility,,1,,,113330.32399999999,,2023,EPA GHGRP 2023 Data Summary Spreadsheets,Direct Point Emitters sheet
steel-1007193,steel_facility,"Constellium Rolled Products Ravenswood, LLC",WV,JACKSON COUNTY,38.930081000000001,-81.839055999999999,point,steel,,Steel Facility,reported_facility,,1,,,122967.336,,2023,EPA GHGRP 2023 Data Summary Spreadsheets,Direct Point Emitters sheet
steel-1009437,steel_facility,"Felman Production, Inc.",WV,MASON COUNTY,38.958311999999999,-81.925866999999997,point,steel,,Steel Facility,reported_facility,,1,,,76235,,2023,EPA GHGRP 2023 Data Summary Spreadsheets,Direct Point Emitters sheet
steel-1007593,steel_facility,HUNTINGTON ALLOYS CORPORATION,WV,CABELL COUNTY,38.414352999999998,-82.384179000000003,point,steel,,Steel Facility,reported_facility,,1,,,85534.728000000003,,2023,EPA GHGRP 2023 Data Summary Spreadsheets,Direct Point Emitters sheet
steel-1001563,steel_facility,MOUNTAIN STATE CARBON,WV,BROOKE COUNTY,40.343609999999998,-80.606669999999994,point,steel,,Steel Facility,reported_facility,,1,,,2325.5920000000001,0,2023,EPA GHGRP 2023 Data Summary Spreadsheets,Direct Point Emitters sheet
steel-1006972,steel_facility,"SWVA, INC.",WV,CABELL COUNTY,38.426499999999997,-82.425319999999999,point,steel,,Steel Facility,reported_facility,,1,,,55477.667999999998,7023.3,2023,EPA GHGRP 2023 Data Summary Spreadsheets,Direct Point Emitters sheet
steel-1005516,steel_facility,"WVA Manufacturing, LLC",WV,FAYETTE COUNTY,38.138100000000001,-81.278400000000005,point,steel,,Steel Facility,reported_facility,,1,,,414450.09,,2023,EPA GHGRP 2023 Data Summary Spreadsheets,Direct Point Emitters sheet
