state,county_name,geoid,latitude,longitude,geometry_precision,land_area_sqmi,water_area_sqmi,reporting_year,source_dataset,coordinate_source,vegetables_market_value_share_pct,fruits_tree_nuts_berries_market_value_share_pct,poultry_eggs_market_value_share_pct,milk_from_cows_market_value_share_pct,cattle_calves_market_value_share_pct,hogs_pigs_market_value_share_pct,cattle_calves_per_100_acres,milk_cows_inventory,cattle_calves_sold_count,corn_grain_harvested_share_pct,all_wheat_harvested_share_pct,soybeans_harvested_share_pct,potatoes_harvested_share_pct,vegetables_harvested_share_pct,withheld_metric_count,dominant_output_profile
AL,Autauga County,01001,32.532237,-86.64644,county_centroid,594.455,9.914,2022,USDA NASS 2022 Ag Census Web Maps,Census Gazetteer 2024 county centroid,6.57,,10.16,0,15.65,,14,9049,7880,5,,3.17,,3.26,4,Cattle and Calves Market Value Share
AL,Baldwin County,01003,30.659218,-87.746067,county_centroid,1589.884,437.388,2022,USDA NASS 2022 Ag Census Web Maps,Census Gazetteer 2024 county centroid,5.19,,,0,4.6399999999999997,0.02,11,9416,8960,7.28,2.76,25.77,,1.77,3,Soybeans Harvested Share of Harvested Cropland
AL,Barbour County,01005,31.870253,-85.405104,county_centroid,885.008,19.507,2022,USDA NASS 2022 Ag Census Web Maps,Census Gazetteer 2024 county centroid,0.34,0.2,82.79,0,6.15,0.01,13,15523,16829,5.75,3.69,12.89,,0.24,1,Poultry and Eggs Market Value Share
AL,Bibb County,01007,33.015893,-87.127148,county_centroid,622.47,3.696,2022,USDA NASS 2022 Ag Census Web Maps,Census Gazetteer 2024 county centroid,,4.0999999999999996,0.98,0,43.46,,13,2697,2306,2.06,,,,0.19,5,Cattle and Calves Market Value Share
AL,Blount County,01009,33.977358,-86.56644,county_centroid,644.891,5.738,2022,USDA NASS 2022 Ag Census Web Maps,Census Gazetteer 2024 county centroid,2.64,0.23,91.01,0,3.07,,23,18889,14059,9.68,1.48,10.220000000000001,0.03,1.51,1,Poultry and Eggs Market Value Share
AL,Bullock County,01011,32.101759,-85.717261,county_centroid,622.815,2.328,2022,USDA NASS 2022 Ag Census Web Maps,Census Gazetteer 2024 county centroid,0.23,,,0,,0,7,7256,4776,16.13,0,0,0.01,0.16,3,Corn Grain Harvested Share of Harvested Cropland
AL,Butler County,01013,31.751667,-86.681969,county_centroid,776.839,1.043,2022,USDA NASS 2022 Ag Census Web Maps,Census Gazetteer 2024 county centroid,,0.11,97.09,0,1.45,,11,6485,8085,,,,,7.0000000000000007E-2,6,Poultry and Eggs Market Value Share
AL,Calhoun County,01015,33.770516,-85.827909,county_centroid,605.893,6.381,2022,USDA NASS 2022 Ag Census Web Maps,Census Gazetteer 2024 county centroid,0.14000000000000001,0.17,80.25,0,3.85,,20,8392,6226,10.67,8.9,15.51,0,0.13,1,Poultry and Eggs Market Value Share
AL,Chambers County,01017,32.915504,-85.394032,county_centroid,596.554,6.559,2022,USDA NASS 2022 Ag Census Web Maps,Census Gazetteer 2024 county centroid,,0.46,0.17,2.06,87.33,,30,13872,23754,0.54,0,0,,0.42,3,Cattle and Calves Market Value Share
AL,Cherokee County,01019,34.069515,-85.654242,county_centroid,553.522,46.455,2022,USDA NASS 2022 Ag Census Web Maps,Census Gazetteer 2024 county centroid,0.18,7.0000000000000007E-2,71.650000000000006,0,1.37,,7,6965,4928,9.14,3.01,17.82,0,0.13,1,Poultry and Eggs Market Value Share
AL,Chilton County,01021,32.854051,-86.726607,county_centroid,692.838,7.949,2022,USDA NASS 2022 Ag Census Web Maps,Census Gazetteer 2024 county centroid,6.03,34.33,9.65,0,26.72,,15,7679,7304,4.62,0.13,,0.02,2.2799999999999998,2,"Fruits, Tree Nuts, and Berries Market Value Share"
AL,Choctaw County,01023,31.990954,-88.248889,county_centroid,913.479,7.38,2022,USDA NASS 2022 Ag Census Web Maps,Census Gazetteer 2024 county centroid,9.56,6.97,5.01,0,40.020000000000003,0,7,2923,2281,0.2,0,16.899999999999999,0,0.13,0,Cattle and Calves Market Value Share
AL,Clarke County,01025,31.685521,-87.818624,county_centroid,1238.42,14.154,2022,USDA NASS 2022 Ag Census Web Maps,Census Gazetteer 2024 county centroid,,0.97,1.64,0,38.340000000000003,0.38,13,2843,1719,1.85,,,,0.71,4,Cattle and Calves Market Value Share
AL,Clay County,01027,33.2704,-85.863525,county_centroid,603.962,2.039,2022,USDA NASS 2022 Ag Census Web Maps,Census Gazetteer 2024 county centroid,0.09,0.72,94.39,0,3.92,,24,12485,9195,0.8,0,0,0,0.42,1,Poultry and Eggs Market Value Share
AL,Cleburne County,01029,33.671964,-85.516126,county_centroid,560.107,0.907,2022,USDA NASS 2022 Ag Census Web Maps,Census Gazetteer 2024 county centroid,0.46,0.08,93.78,0,3.73,0.02,26,7230,5920,13.4,0,0,0,1.31,0,Poultry and Eggs Market Value Share
AL,Coffee County,01031,31.402258,-85.989602,county_centroid,678.986,1.509,2022,USDA NASS 2022 Ag Census Web Maps,Census Gazetteer 2024 county centroid,0.14000000000000001,,89.9,0,3,,17,10405,17253,6.95,,5.05,0.02,0.19,3,Poultry and Eggs Market Value Share
AL,Colbert County,01033,34.703112,-87.801457,county_centroid,592.953,30.565,2022,USDA NASS 2022 Ag Census Web Maps,Census Gazetteer 2024 county centroid,0.22,0.11,29.45,0,8.19,0.06,8,7171,5206,33.9,23.37,33.08,0,0.08,0,Corn Grain Harvested Share of Harvested Cropland
AL,Conecuh County,01035,31.430926,-86.988722,county_centroid,850.279,2.481,2022,USDA NASS 2022 Ag Census Web Maps,Census Gazetteer 2024 county centroid,2.8,0.99,,0,24.59,0.05,12,9740,7082,11.53,3.39,,0,0.3,2,Cattle and Calves Market Value Share
AL,Coosa County,01037,32.931445,-86.243482,county_centroid,650.909,15.441,2022,USDA NASS 2022 Ag Census Web Maps,Census Gazetteer 2024 county centroid,11.73,,2.48,0,48.21,,9,1776,1248,,0,0,0,1.49,3,Cattle and Calves Market Value Share
AL,Covington County,01039,31.243987,-86.448721,county_centroid,1030.571,13.203,2022,USDA NASS 2022 Ag Census Web Maps,Census Gazetteer 2024 county centroid,,0.33,79.239999999999995,0,6.28,,14,13545,17436,7.41,,2.66,0.04,0.13,3,Poultry and Eggs Market Value Share
AL,Crenshaw County,01041,31.730311,-86.320038,county_centroid,608.865,2.081,2022,USDA NASS 2022 Ag Census Web Maps,Census Gazetteer 2024 county centroid,,0.1,93.22,,5.33,,20,12794,16527,9.6,0,0,,0.34,4,Poultry and Eggs Market Value Share
AL,Cullman County,01043,34.131923,-86.869267,county_centroid,734.747,20.274,2022,USDA NASS 2022 Ag Census Web Maps,Census Gazetteer 2024 county centroid,0.92,0.15,91.85,,3.4,,25,28414,25184,7.54,3.27,17.989999999999998,0.03,1.38,2,Poultry and Eggs Market Value Share
AL,Dale County,01045,31.430654,-85.609476,county_centroid,561.113,1.564,2022,USDA NASS 2022 Ag Census Web Maps,Census Gazetteer 2024 county centroid,,0.14000000000000001,91.62,0,1.58,,10,6636,7313,3.34,,1.81,,7.0000000000000007E-2,4,Poultry and Eggs Market Value Share
AL,Dallas County,01047,32.333526,-87.11436,county_centroid,978.738,15.106,2022,USDA NASS 2022 Ag Census Web Maps,Census Gazetteer 2024 county centroid,1.76,0.28000000000000003,,0,16.59,,14,17638,15912,8.44,4.59,23.46,0,0.32,2,Soybeans Harvested Share of Harvested Cropland
AL,DeKalb County,01049,34.460915,-85.804021,county_centroid,777.077,1.586,2022,USDA NASS 2022 Ag Census Web Maps,Census Gazetteer 2024 county centroid,0.74,0.11,91.15,0,3.02,,25,31592,28870,18.420000000000002,4.12,20.239999999999998,0.57999999999999996,0.88,1,Poultry and Eggs Market Value Share
AL,Elmore County,01051,32.597229,-86.142735,county_centroid,618.52,38.521,2022,USDA NASS 2022 Ag Census Web Maps,Census Gazetteer 2024 county centroid,0.48,,,,10.039999999999999,0.04,11,5789,3859,12.03,4.95,12.33,0,0.15,3,Soybeans Harvested Share of Harvested Cropland
AL,Escambia County,01053,31.122287,-87.16841,county_centroid,945.408,7.732,2022,USDA NASS 2022 Ag Census Web Maps,Census Gazetteer 2024 county centroid,0.4,0.28000000000000003,0.1,0,8.49,0.01,8,4986,4607,15.76,1.02,8.6,0,0.08,0,Corn Grain Harvested Share of Harvested Cropland
AL,Etowah County,01055,34.047641,-86.034263,county_centroid,535.144,13.484,2022,USDA NASS 2022 Ag Census Web Maps,Census Gazetteer 2024 county centroid,0.36,,86.71,0,4.5199999999999996,,21,9715,10456,15.76,0.43,13.15,,0.83,3,Poultry and Eggs Market Value Share
AL,Fayette County,01057,33.716157,-87.764292,county_centroid,627.684,1.672,2022,USDA NASS 2022 Ag Census Web Maps,Census Gazetteer 2024 county centroid,0.62,0.06,82.38,,,0.04,9,3185,2307,11.14,0,14.51,,0.34,3,Poultry and Eggs Market Value Share
AL,Franklin County,01059,34.441989,-87.842814,county_centroid,633.959,12.564,2022,USDA NASS 2022 Ag Census Web Maps,Census Gazetteer 2024 county centroid,,,91.76,0,2.8,,18,14480,10359,18.170000000000002,2.2999999999999998,19.59,0.01,0.51,3,Poultry and Eggs Market Value Share
AL,Geneva County,01061,31.092382,-85.821022,county_centroid,574.485,4.466,2022,USDA NASS 2022 Ag Census Web Maps,Census Gazetteer 2024 county centroid,0.32,0.28999999999999998,79.12,,4.8899999999999997,0,18,17214,16607,13.09,1.04,4.57,0,0.31,1,Poultry and Eggs Market Value Share
AL,Greene County,01063,32.844497,-87.9642,county_centroid,647.023,12.902,2022,USDA NASS 2022 Ag Census Web Maps,Census Gazetteer 2024 county centroid,0.75,,0.02,0,11.01,0.01,8,5361,3955,,,,,0.55000000000000004,5,Cattle and Calves Market Value Share
AL,Hale County,01065,32.752796,-87.623061,county_centroid,643.991,12.51,2022,USDA NASS 2022 Ag Census Web Maps,Census Gazetteer 2024 county centroid,0.66,,14.21,,21.73,0,17,12947,14715,3.75,,6.44,0,0.41,3,Cattle and Calves Market Value Share
AL,Henry County,01067,31.516978,-85.239971,county_centroid,561.892,6.417,2022,USDA NASS 2022 Ag Census Web Maps,Census Gazetteer 2024 county centroid,,0.23,58.8,0,4.25,,8,6476,6431,4.4800000000000004,0.37,,,0.04,4,Poultry and Eggs Market Value Share
AL,Houston County,01069,31.158183,-85.296411,county_centroid,579.826,1.852,2022,USDA NASS 2022 Ag Census Web Maps,Census Gazetteer 2024 county centroid,13.19,0.54,28.43,,7.7,0.01,11,11967,12470,4.95,,2.19,,5.84,3,Poultry and Eggs Market Value Share
AL,Jackson County,01071,34.764114,-85.980056,county_centroid,1078.014,48.778,2022,USDA NASS 2022 Ag Census Web Maps,Census Gazetteer 2024 county centroid,0.85,,66.87,,7.19,,14,19009,18489,27.86,2.02,34.04,,0.31,4,Poultry and Eggs Market Value Share
AL,Jefferson County,01073,33.553444,-86.896536,county_centroid,1111.556,12.593,2022,USDA NASS 2022 Ag Census Web Maps,Census Gazetteer 2024 county centroid,2.97,6.88,58.97,0,13.72,0.06,14,2641,2006,0.33,0,0,0,0.7,0,Poultry and Eggs Market Value Share
AL,Lamar County,01075,33.787085,-88.087431,county_centroid,604.846,0.618,2022,USDA NASS 2022 Ag Census Web Maps,Census Gazetteer 2024 county centroid,,0.1,48.84,,,0.06,5,2935,1978,,,,0,0.1,6,Poultry and Eggs Market Value Share
AL,Lauderdale County,01077,34.904168,-87.651108,county_centroid,668.018,51.582,2022,USDA NASS 2022 Ag Census Web Maps,Census Gazetteer 2024 county centroid,0.56000000000000005,0.26,30.93,0,8.2200000000000006,0.05,12,12680,10548,27.15,8.3800000000000008,32.590000000000003,,0.23,1,Soybeans Harvested Share of Harvested Cropland
AL,Lawrence County,01079,34.529776,-87.321865,county_centroid,690.685,26.518,2022,USDA NASS 2022 Ag Census Web Maps,Census Gazetteer 2024 county centroid,0.05,0.04,69.540000000000006,0,4.18,0,13,15436,16635,28.64,15.28,33.54,0,0.02,0,Poultry and Eggs Market Value Share
AL,Lee County,01081,32.604064,-85.353048,county_centroid,607.556,8.294,2022,USDA NASS 2022 Ag Census Web Maps,Census Gazetteer 2024 county centroid,,0.27,0.19,,4.88,,11,4466,3239,1.67,,17,0,0.37,4,Soybeans Harvested Share of Harvested Cropland
AL,Limestone County,01083,34.810239,-86.981399,county_centroid,563.399,43.789,2022,USDA NASS 2022 Ag Census Web Maps,Census Gazetteer 2024 county centroid,,,38.380000000000003,0,5.55,,9,14976,12654,20.2,22.1,40.909999999999997,0.04,0.14000000000000001,3,Soybeans Harvested Share of Harvested Cropland
AL,Lowndes County,01085,32.147888,-86.650586,county_centroid,716.085,8.985,2022,USDA NASS 2022 Ag Census Web Maps,Census Gazetteer 2024 county centroid,,0,62.09,0,16.11,0,18,19479,19992,22.1,0,15.45,0,0.12,1,Poultry and Eggs Market Value Share
AL,Macon County,01087,32.387027,-85.692887,county_centroid,608.665,4.543,2022,USDA NASS 2022 Ag Census Web Maps,Census Gazetteer 2024 county centroid,3.36,5.65,0.18,0,8.14,,7,4855,3421,10.01,2.15,4.49,0,0.77,1,Corn Grain Harvested Share of Harvested Cropland
AL,Madison County,01089,34.764238,-86.55108,county_centroid,801.612,11.103,2022,USDA NASS 2022 Ag Census Web Maps,Census Gazetteer 2024 county centroid,0.93,,0.12,,3.39,,7,7730,5737,22.8,15.71,33.42,0,0.12,3,Soybeans Harvested Share of Harvested Cropland
AL,Marengo County,01091,32.247591,-87.791091,county_centroid,976.898,5.773,2022,USDA NASS 2022 Ag Census Web Maps,Census Gazetteer 2024 county centroid,4.09,1.04,0.44,0,45.65,,14,14338,14640,9.66,3.37,14.55,,0.68,2,Cattle and Calves Market Value Share
AL,Marion County,01093,34.138219,-87.881551,county_centroid,742.342,1.229,2022,USDA NASS 2022 Ag Census Web Maps,Census Gazetteer 2024 county centroid,,0.09,91.8,0,2.16,0,12,8497,6363,16.22,2.7,28.67,0,0.08,1,Poultry and Eggs Market Value Share
AL,Marshall County,01095,34.309564,-86.321668,county_centroid,565.854,57.327,2022,USDA NASS 2022 Ag Census Web Maps,Census Gazetteer 2024 county centroid,0.06,0.12,93.25,,2.52,,25,23343,17332,17.61,6.65,26.61,0.01,0.17,2,Poultry and Eggs Market Value Share
AL,Mobile County,01097,30.684572,-88.196568,county_centroid,1229.38,414.672,2022,USDA NASS 2022 Ag Census Web Maps,Census Gazetteer 2024 county centroid,1.08,1.75,0.18,,6.28,0.02,16,8171,9978,0.39,2.1800000000000002,1.26,0,1.01,1,Cattle and Calves Market Value Share
AL,Monroe County,01099,31.580353,-87.383342,county_centroid,1025.669,8.73,2022,USDA NASS 2022 Ag Census Web Maps,Census Gazetteer 2024 county centroid,,0.16,,0,,,9,7917,7243,6.54,5.66,2.72,0.11,0.27,4,Corn Grain Harvested Share of Harvested Cropland
AL,Montgomery County,01101,32.202881,-86.204461,county_centroid,785.354,14.558,2022,USDA NASS 2022 Ag Census Web Maps,Census Gazetteer 2024 county centroid,1.35,,26.73,0,36.729999999999997,0,21,21503,24332,2.63,3.47,6.23,0.03,0.42,1,Cattle and Calves Market Value Share
AL,Morgan County,01103,34.454484,-86.846402,county_centroid,579.674,19.375,2022,USDA NASS 2022 Ag Census Web Maps,Census Gazetteer 2024 county centroid,0.19,1.07,78.349999999999994,0,6.1,0.02,20,16202,12677,14.09,7.18,23.97,0,0.25,0,Poultry and Eggs Market Value Share
AL,Perry County,01105,32.639005,-87.293827,county_centroid,719.67,4.209,2022,USDA NASS 2022 Ag Census Web Maps,Census Gazetteer 2024 county centroid,1.21,0.92,,0,12.59,,11,9342,6767,22.2,,16.3,0,0.21,3,Corn Grain Harvested Share of Harvested Cropland
AL,Pickens County,01107,33.2968,-88.096864,county_centroid,881.408,8.734,2022,USDA NASS 2022 Ag Census Web Maps,Census Gazetteer 2024 county centroid,,,79.209999999999994,,5.91,,15,7601,9701,26.3,0.22,,,1.07,6,Poultry and Eggs Market Value Share
AL,Pike County,01109,31.798653,-85.941608,county_centroid,672.067,0.903,2022,USDA NASS 2022 Ag Census Web Maps,Census Gazetteer 2024 county centroid,0.04,0.12,93.49,0,2.2599999999999998,,15,13445,10305,15.98,0,,,0.13,3,Poultry and Eggs Market Value Share
AL,Randolph County,01111,33.296461,-85.464064,county_centroid,580.55,3.584,2022,USDA NASS 2022 Ag Census Web Maps,Census Gazetteer 2024 county centroid,0.38,0.1,89.7,,,0,24,17175,13176,0.79,,1.71,0.05,0.48,3,Poultry and Eggs Market Value Share
AL,Russell County,01113,32.289811,-85.18698,county_centroid,641.182,6.009,2022,USDA NASS 2022 Ag Census Web Maps,Census Gazetteer 2024 county centroid,1.01,,56.04,,11.95,0.02,11,7581,4918,7.74,,0,,0.47,4,Poultry and Eggs Market Value Share
AL,St. Clair County,01115,33.719491,-86.311327,county_centroid,631.61,21.749,2022,USDA NASS 2022 Ag Census Web Maps,Census Gazetteer 2024 county centroid,10.93,,81.96,0,2.59,0,16,7980,5608,0.56999999999999995,0,0,0,5.5,1,Poultry and Eggs Market Value Share
AL,Shelby County,01117,33.266893,-86.661007,county_centroid,785.454,24.035,2022,USDA NASS 2022 Ag Census Web Maps,Census Gazetteer 2024 county centroid,2.33,2.83,0.3,0,6.31,,9,2884,2230,2.46,0,,0,0.8,2,Cattle and Calves Market Value Share
AL,Sumter County,01119,32.597481,-88.200057,county_centroid,903.826,9.512,2022,USDA NASS 2022 Ag Census Web Maps,Census Gazetteer 2024 county centroid,,0.48,,0,57.34,,11,12642,12827,,0,3.18,0,0.09,4,Cattle and Calves Market Value Share
AL,Talladega County,01121,33.369314,-86.17593,county_centroid,736.818,23.503,2022,USDA NASS 2022 Ag Census Web Maps,Census Gazetteer 2024 county centroid,0.78,0.28000000000000003,44.2,0,6.77,0.05,16,7934,5641,17.03,,13.43,,0.2,2,Poultry and Eggs Market Value Share
AL,Tallapoosa County,01123,32.863308,-85.799618,county_centroid,716.531,49.723,2022,USDA NASS 2022 Ag Census Web Maps,Census Gazetteer 2024 county centroid,0.34,0.52,65.599999999999994,0,11.54,0.46,10,5596,4174,37.67,0,9.68,,0.15,1,Poultry and Eggs Market Value Share
AL,Tuscaloosa County,01125,33.29022,-87.522783,county_centroid,1320.857,30.379,2022,USDA NASS 2022 Ag Census Web Maps,Census Gazetteer 2024 county centroid,2.62,0.8,60.1,0,4.59,,6,4202,3604,13.53,3.71,35.700000000000003,0.02,0.77,1,Poultry and Eggs Market Value Share
AL,Walker County,01127,33.791558,-87.301094,county_centroid,791.031,14.162,2022,USDA NASS 2022 Ag Census Web Maps,Census Gazetteer 2024 county centroid,0.95,0.13,89.98,0,3.25,,10,4136,2972,6.41,,,0.02,0.55000000000000004,3,Poultry and Eggs Market Value Share
AL,Washington County,01129,31.408503,-88.212404,county_centroid,1080.255,8.311,2022,USDA NASS 2022 Ag Census Web Maps,Census Gazetteer 2024 county centroid,3.51,,60.48,0,13.24,,12,5201,3785,,0,,7.0000000000000007E-2,0.8,4,Poultry and Eggs Market Value Share
AL,Wilcox County,01131,31.990082,-87.304935,county_centroid,887.858,19.534,2022,USDA NASS 2022 Ag Census Web Maps,Census Gazetteer 2024 county centroid,2.67,0.57999999999999996,,0,50.65,0.37,9,7749,8242,10.95,,,0,0.56999999999999995,3,Cattle and Calves Market Value Share
AL,Winston County,01133,34.154566,-87.365346,county_centroid,612.999,18.869,2022,USDA NASS 2022 Ag Census Web Maps,Census Gazetteer 2024 county centroid,3.18,,71.05,0,14.84,0.01,20,5712,4481,19.38,0,0.42,0.01,0.56999999999999995,1,Poultry and Eggs Market Value Share
AK,Anchorage Municipality,02020,61.17425,-149.284329,county_centroid,1707.069,237.44,2022,USDA NASS 2022 Ag Census Web Maps,Census Gazetteer 2024 county centroid,11.36,,,,2.11,,,,563,0,,0,1.87,4.13,7,"Vegetables, Melons, Potatoes, and Sweet Potatoes Market Value Share"
AK,Fairbanks North Star Borough,02090,64.670454,-146.496061,county_centroid,7334.824,100.119,2022,USDA NASS 2022 Ag Census Web Maps,Census Gazetteer 2024 county centroid,7.43,2.71,0.42,,10.59,,2,851,873,,,,,,7,Cattle and Calves Market Value Share
AK,Juneau City and Borough,02110,58.37291,-134.178445,county_centroid,2702.924,555.066,2022,USDA NASS 2022 Ag Census Web Maps,Census Gazetteer 2024 county centroid,1.2,0.18,0.22,0,0,,,,0,,,,,,8,"Vegetables, Melons, Potatoes, and Sweet Potatoes Market Value Share"
AK,Kenai Peninsula Borough,02122,60.366668,-152.322283,county_centroid,16017.581,8703.582,2022,USDA NASS 2022 Ag Census Web Maps,Census Gazetteer 2024 county centroid,8.5299999999999994,,3.18,,4.49,1.26,3,340,189,0,0,0,0.91,4.34,2,"Vegetables, Melons, Potatoes, and Sweet Potatoes Market Value Share"
AZ,Apache County,04001,35.385084,-109.490172,county_centroid,11198.31,20.904,2022,USDA NASS 2022 Ag Census Web Maps,Census Gazetteer 2024 county centroid,13.16,0.36,0.41,0,61.54,0.16,1,21612,14413,0.19,1.29,0,0.22,9.67,0,Cattle and Calves Market Value Share
AZ,Cochise County,04003,31.840129,-109.775163,county_centroid,6209.863,6.814,2022,USDA NASS 2022 Ag Census Web Maps,Census Gazetteer 2024 county centroid,3.8,28.58,0.14000000000000001,,,0.17,16,37026,52067,34.659999999999997,,0,,1.64,4,Corn Grain Harvested Share of Harvested Cropland
AZ,Coconino County,04005,35.829692,-111.773728,county_centroid,18616.352,45.035,2022,USDA NASS 2022 Ag Census Web Maps,Census Gazetteer 2024 county centroid,3.6,0.74,,0,80.55,,1,27731,24934,0,0,0,0.13,35.229999999999997,2,Cattle and Calves Market Value Share
AZ,Gila County,04007,33.789618,-110.81187,county_centroid,4757.578,37.246,2022,USDA NASS 2022 Ag Census Web Maps,Census Gazetteer 2024 county centroid,,,0.74,4.4400000000000004,62.46,,1,,6784,0,0,0,,1.41,5,Cattle and Calves Market Value Share
AZ,Graham County,04009,32.931828,-109.87831,county_centroid,4621.877,18.331,2022,USDA NASS 2022 Ag Census Web Maps,Census Gazetteer 2024 county centroid,,5.2,0.01,0,10.7,0.37,1,9094,7462,13.26,,0,0,0.01,2,Corn Grain Harvested Share of Harvested Cropland
AZ,Greenlee County,04011,33.238872,-109.242323,county_centroid,1842.838,4.613,2022,USDA NASS 2022 Ag Census Web Maps,Census Gazetteer 2024 county centroid,0.42,0.49,,0,55.03,,11,1633,1527,,0,0,0,,4,Cattle and Calves Market Value Share
AZ,La Paz County,04012,33.72761,-114.038806,county_centroid,4496.579,14.098,2022,USDA NASS 2022 Ag Census Web Maps,Census Gazetteer 2024 county centroid,,0,,,,0,,,,0,7.4,0,0,0.48,7,All Wheat Harvested Share of Harvested Cropland
AZ,Maricopa County,04013,33.345176,-112.49893,county_centroid,9202.016,23.98,2022,USDA NASS 2022 Ag Census Web Maps,Census Gazetteer 2024 county centroid,17.64,,,38.43,,0.03,42,109465,93545,0.16,7.26,0,,13.01,4,Milk from Cows Market Value Share
AZ,Mohave County,04015,35.717705,-113.749689,county_centroid,13332.117,128.726,2022,USDA NASS 2022 Ag Census Web Maps,Census Gazetteer 2024 county centroid,1.85,11.28,0.14000000000000001,,10.07,,3,12553,,,,,,,8,"Fruits, Tree Nuts, and Berries Market Value Share"
AZ,Navajo County,04017,35.390785,-110.321025,county_centroid,9949.496,9.313,2022,USDA NASS 2022 Ag Census Web Maps,Census Gazetteer 2024 county centroid,4.5599999999999996,0.27,0.21,0,,,0,13875,,0.17,0,0,0.16,13.07,3,Vegetables Harvested Share of Harvested Cropland
AZ,Pima County,04019,32.128038,-111.783657,county_centroid,9188.683,1.974,2022,USDA NASS 2022 Ag Census Web Maps,Census Gazetteer 2024 county centroid,,,0.13,,8.1300000000000008,,1,13285,9720,,18.27,0,0,0.36,5,All Wheat Harvested Share of Harvested Cropland
AZ,Pinal County,04021,32.918521,-111.366339,county_centroid,5366.677,8.011,2022,USDA NASS 2022 Ag Census Web Maps,Census Gazetteer 2024 county centroid,0.5,0.94,0.03,34.18,34.409999999999997,0.01,19,75046,251689,,11.66,0,,0.87,2,Cattle and Calves Market Value Share
AZ,Santa Cruz County,04023,31.525733,-110.845228,county_centroid,1236.26,1.185,2022,USDA NASS 2022 Ag Census Web Maps,Census Gazetteer 2024 county centroid,0.37,,0.22,,36.83,0,9,6520,,,,,,,8,Cattle and Calves Market Value Share
AZ,Yavapai County,04025,34.631071,-112.577225,county_centroid,8122.932,4.385,2022,USDA NASS 2022 Ag Census Web Maps,Census Gazetteer 2024 county centroid,1.99,,1.1499999999999999,,51.92,,5,22461,20751,,,0,0.08,3.82,5,Cattle and Calves Market Value Share
AZ,Yuma County,04027,32.773942,-113.910905,county_centroid,5513.82,5.113,2022,USDA NASS 2022 Ag Census Web Maps,Census Gazetteer 2024 county centroid,74.94,3.76,0,,,0,,,,,24.03,0,,61.06,7,"Vegetables, Melons, Potatoes, and Sweet Potatoes Market Value Share"
AR,Arkansas County,05001,34.28957,-91.376547,county_centroid,992.14,46.602,2022,USDA NASS 2022 Ag Census Web Maps,Census Gazetteer 2024 county centroid,,,,0,0.16,,0,879,669,17.54,0.4,56.78,0,0,4,Soybeans Harvested Share of Harvested Cropland
AR,Ashley County,05003,33.190835,-91.772267,county_centroid,925.492,14.925,2022,USDA NASS 2022 Ag Census Web Maps,Census Gazetteer 2024 county centroid,4.45,,10.16,0,,0,2,1514,1192,25.39,,43.05,0,0.55000000000000004,3,Soybeans Harvested Share of Harvested Cropland
AR,Baxter County,05005,36.280268,-92.329949,county_centroid,553.931,32.786,2022,USDA NASS 2022 Ag Census Web Maps,Census Gazetteer 2024 county centroid,0.52,0.39,58.98,0,31.75,0.02,16,10309,10283,0,0,0,0,0.14000000000000001,0,Poultry and Eggs Market Value Share
AR,Benton County,05007,36.337819,-94.256298,county_centroid,847.733,36.63,2022,USDA NASS 2022 Ag Census Web Maps,Census Gazetteer 2024 county centroid,0.09,0.08,93.93,0.32,4.12,,35,39765,42713,0,1.62,1.46,0,0.28000000000000003,1,Poultry and Eggs Market Value Share
AR,Boone County,05009,36.304299,-93.079236,county_centroid,589.723,12.277,2022,USDA NASS 2022 Ag Census Web Maps,Census Gazetteer 2024 county centroid,0.06,0.09,86.31,0,11.74,0.08,26,32084,30407,0,,,0,0.02,2,Poultry and Eggs Market Value Share
AR,Bradley County,05011,33.466549,-92.169156,county_centroid,649.167,3.67,2022,USDA NASS 2022 Ag Census Web Maps,Census Gazetteer 2024 county centroid,10.45,0,86.21,0,,0,17,3359,2344,0,0,0,0,12.39,1,Poultry and Eggs Market Value Share
AR,Calhoun County,05013,33.56046,-92.513879,county_centroid,628.601,3.818,2022,USDA NASS 2022 Ag Census Web Maps,Census Gazetteer 2024 county centroid,3.87,4.9400000000000004,0.18,,,0,21,1509,883,0,0,0,0,1.57,2,"Fruits, Tree Nuts, and Berries Market Value Share"
AR,Carroll County,05015,36.33737,-93.540972,county_centroid,629.928,8.771,2022,USDA NASS 2022 Ag Census Web Maps,Census Gazetteer 2024 county centroid,0.06,0.04,92.76,0,6.26,0.01,30,39320,36393,0,0,0,0,7.0000000000000007E-2,0,Poultry and Eggs Market Value Share
AR,Chicot County,05017,33.267139,-91.297158,county_centroid,636.978,54.214,2022,USDA NASS 2022 Ag Census Web Maps,Census Gazetteer 2024 county centroid,0,,0,0,,0,1,1673,1451,11.55,0.79,63.45,0,0,2,Soybeans Harvested Share of Harvested Cropland
AR,Clark County,05019,34.053316,-93.176208,county_centroid,865.971,16.975,2022,USDA NASS 2022 Ag Census Web Maps,Census Gazetteer 2024 county centroid,2.64,0.05,58.66,,10.32,7.0000000000000007E-2,10,5149,3869,,0,15.24,0,0.32,2,Poultry and Eggs Market Value Share
AR,Clay County,05021,36.367302,-90.418704,county_centroid,639.224,2.123,2022,USDA NASS 2022 Ag Census Web Maps,Census Gazetteer 2024 county centroid,0.44,,31.83,0,0.99,0,3,3021,4499,10.039999999999999,0.33,46.04,0,0.06,1,Soybeans Harvested Share of Harvested Cropland
AR,Cleburne County,05023,35.593628,-92.008898,county_centroid,553.959,38.18,2022,USDA NASS 2022 Ag Census Web Maps,Census Gazetteer 2024 county centroid,0.21,,68.34,0,25.3,7.0000000000000007E-2,21,13491,13798,0,0,,0.01,0.02,2,Poultry and Eggs Market Value Share
AR,Cleveland County,05025,33.893201,-92.188714,county_centroid,597.91,0.989,2022,USDA NASS 2022 Ag Census Web Maps,Census Gazetteer 2024 county centroid,0.14000000000000001,0.04,98.15,0,1.05,0,11,2731,1940,0,0,0,0,0.48,0,Poultry and Eggs Market Value Share
AR,Columbia County,05027,33.223038,-93.232843,county_centroid,766.065,0.767,2022,USDA NASS 2022 Ag Census Web Maps,Census Gazetteer 2024 county centroid,0.84,,80.14,0,9.15,,15,5537,3570,0,,,,0.87,5,Poultry and Eggs Market Value Share
AR,Conway County,05029,35.26569,-92.689249,county_centroid,551.924,14.571,2022,USDA NASS 2022 Ag Census Web Maps,Census Gazetteer 2024 county centroid,,0.35,84.86,,4.3099999999999996,3.06,15,15786,13377,4.32,2.85,30.82,0,0.03,2,Poultry and Eggs Market Value Share
AR,Craighead County,05031,35.827729,-90.631421,county_centroid,707.166,5.525,2022,USDA NASS 2022 Ag Census Web Maps,Census Gazetteer 2024 county centroid,0.48,7.0000000000000007E-2,0.01,0,0.41,0.03,1,1861,1287,13.12,0.95,35.5,0,0.06,0,Soybeans Harvested Share of Harvested Cropland
AR,Crawford County,05033,35.582959,-94.236193,county_centroid,595.269,10.393,2022,USDA NASS 2022 Ag Census Web Maps,Census Gazetteer 2024 county centroid,,0.43,50.15,,20.440000000000001,0.03,21,14205,17230,1.92,9.61,39.28,0,0.09,2,Poultry and Eggs Market Value Share
AR,Crittenden County,05035,35.197559,-90.30512,county_centroid,611.812,32.02,2022,USDA NASS 2022 Ag Census Web Maps,Census Gazetteer 2024 county centroid,0.04,,,0,,0,0,494,192,6.73,3.29,76.599999999999994,0,0,3,Soybeans Harvested Share of Harvested Cropland
AR,Cross County,05037,35.285692,-90.763984,county_centroid,616.318,5.942,2022,USDA NASS 2022 Ag Census Web Maps,Census Gazetteer 2024 county centroid,7.23,,,0,0.21,0,1,1023,749,9.56,3.68,61.36,,2.04,3,Soybeans Harvested Share of Harvested Cropland
AR,Dallas County,05039,33.967823,-92.653999,county_centroid,667.323,0.668,2022,USDA NASS 2022 Ag Census Web Maps,Census Gazetteer 2024 county centroid,,,2.19,0,61.21,0,13,849,569,0,0,0,,,4,Cattle and Calves Market Value Share
AR,Desha County,05041,33.828752,-91.244103,county_centroid,741.227,71.499,2022,USDA NASS 2022 Ag Census Web Maps,Census Gazetteer 2024 county centroid,,,,0,0.02,,0,227,64,13.82,1.75,61.85,0,,5,Soybeans Harvested Share of Harvested Cropland
AR,Drew County,05043,33.587242,-91.722778,county_centroid,828.667,7.255,2022,USDA NASS 2022 Ag Census Web Maps,Census Gazetteer 2024 county centroid,,,38.299999999999997,,5.94,,11,6291,6488,13.21,1.57,41.16,,0.08,5,Soybeans Harvested Share of Harvested Cropland
AR,Faulkner County,05045,35.146548,-92.336928,county_centroid,647.247,16.837,2022,USDA NASS 2022 Ag Census Web Maps,Census Gazetteer 2024 county centroid,1.94,,0.49,3.95,48.41,,17,19610,19886,2.0299999999999998,1.24,10.31,0,0.38,2,Cattle and Calves Market Value Share
AR,Franklin County,05047,35.508558,-93.887665,county_centroid,608.967,11.141,2022,USDA NASS 2022 Ag Census Web Maps,Census Gazetteer 2024 county centroid,,0.55000000000000004,82.51,,14.79,,28,27268,31573,0,2.92,1.4,0,0.03,3,Poultry and Eggs Market Value Share
AR,Fulton County,05049,36.381322,-91.819285,county_centroid,617.994,2.455,2022,USDA NASS 2022 Ag Census Web Maps,Census Gazetteer 2024 county centroid,,0.1,38.75,,53.82,0.02,20,23581,32604,0,,0,0,0.04,3,Cattle and Calves Market Value Share
AR,Garland County,05051,34.578852,-93.146932,county_centroid,677.615,56.932,2022,USDA NASS 2022 Ag Census Web Maps,Census Gazetteer 2024 county centroid,0.63,,30.37,,8.7100000000000009,,15,2693,2066,0,,0,0,0.49,4,Poultry and Eggs Market Value Share
AR,Grant County,05053,34.285568,-92.422979,county_centroid,631.888,1.118,2022,USDA NASS 2022 Ag Census Web Maps,Census Gazetteer 2024 county centroid,,0,,0,,0.53,20,6335,5211,0,0,0,0,0.03,3,Hogs and Pigs Market Value Share
AR,Greene County,05055,36.120607,-90.566346,county_centroid,577.34,2.036,2022,USDA NASS 2022 Ag Census Web Maps,Census Gazetteer 2024 county centroid,,0.06,0.06,0,0.98,0.02,3,3369,2242,17.64,1.03,40.67,0,,2,Soybeans Harvested Share of Harvested Cropland
AR,Hempstead County,05057,33.735953,-93.664355,county_centroid,727.2,13.798,2022,USDA NASS 2022 Ag Census Web Maps,Census Gazetteer 2024 county centroid,0.2,,88.56,,7.48,1.67,28,37671,32793,0.21,2.71,0,0,0.22,2,Poultry and Eggs Market Value Share
AR,Hot Spring County,05059,34.315177,-92.944147,county_centroid,614.944,7.23,2022,USDA NASS 2022 Ag Census Web Maps,Census Gazetteer 2024 county centroid,0.67,,73.95,0,18.920000000000002,,22,8746,6739,0,0,0,0.02,0.37,2,Poultry and Eggs Market Value Share
AR,Howard County,05061,34.083064,-93.990931,county_centroid,587.332,8.248,2022,USDA NASS 2022 Ag Census Web Maps,Census Gazetteer 2024 county centroid,,,91.74,0,3.34,4.26,27,19763,14487,,0,0,0,,4,Poultry and Eggs Market Value Share
AR,Independence County,05063,35.737499,-91.559942,county_centroid,763.712,7.819,2022,USDA NASS 2022 Ag Census Web Maps,Census Gazetteer 2024 county centroid,0.05,,77.55,,7.96,0,17,25821,25224,11.34,1.54,31.73,0,0.09,2,Poultry and Eggs Market Value Share
AR,Izard County,05065,36.094879,-91.913625,county_centroid,580.201,3.698,2022,USDA NASS 2022 Ag Census Web Maps,Census Gazetteer 2024 county centroid,,,71.569999999999993,,17.57,,18,17840,17215,0,,0,0,0.03,5,Poultry and Eggs Market Value Share
AR,Jackson County,05067,35.596467,-91.223205,county_centroid,633.611,7.832,2022,USDA NASS 2022 Ag Census Web Maps,Census Gazetteer 2024 county centroid,0.42,0.1,2.56,0,0.66,,1,1389,1508,8.5,5.15,51.17,0,0.11,1,Soybeans Harvested Share of Harvested Cropland
AR,Jefferson County,05069,34.277239,-91.929673,county_centroid,872.346,43.657,2022,USDA NASS 2022 Ag Census Web Maps,Census Gazetteer 2024 county centroid,0.24,0.17,4.87,0,1.02,0,2,1968,2837,16.61,6.26,45.34,0,0.05,0,Soybeans Harvested Share of Harvested Cropland
AR,Johnson County,05071,35.573359,-93.466322,county_centroid,660.99,22.984,2022,USDA NASS 2022 Ag Census Web Maps,Census Gazetteer 2024 county centroid,,0.18,92.52,0,4.63,,24,15394,13090,4.37,,17.53,0,0.06,3,Poultry and Eggs Market Value Share
AR,Lafayette County,05073,33.240629,-93.611514,county_centroid,529.472,16.613,2022,USDA NASS 2022 Ag Census Web Maps,Census Gazetteer 2024 county centroid,,,68.67,0,9.6199999999999992,0.02,22,11489,16052,23.92,4.92,21.97,0,,3,Poultry and Eggs Market Value Share
AR,Lawrence County,05075,36.041098,-91.101153,county_centroid,587.528,4.786,2022,USDA NASS 2022 Ag Census Web Maps,Census Gazetteer 2024 county centroid,7.0000000000000007E-2,,36.450000000000003,,2.13,,6,9462,6404,4.29,0.88,40.68,0,0.02,3,Soybeans Harvested Share of Harvested Cropland
AR,Lee County,05077,34.779505,-90.779717,county_centroid,599.807,22.339,2022,USDA NASS 2022 Ag Census Web Maps,Census Gazetteer 2024 county centroid,,,,0,,,0,523,434,14.74,3.75,57.75,,0.17,6,Soybeans Harvested Share of Harvested Cropland
AR,Lincoln County,05079,33.956385,-91.742355,county_centroid,559.466,10.306,2022,USDA NASS 2022 Ag Census Web Maps,Census Gazetteer 2024 county centroid,,0,44.37,,0.69,0,3,3619,2469,12.47,3.83,53.92,,,4,Soybeans Harvested Share of Harvested Cropland
AR,Little River County,05081,33.701941,-94.236287,county_centroid,531.255,32.091,2022,USDA NASS 2022 Ag Census Web Maps,Census Gazetteer 2024 county centroid,0.02,,75.69,0,10.18,0,17,12219,17745,13.34,5.41,24.39,,0.01,2,Poultry and Eggs Market Value Share
AR,Logan County,05083,35.218654,-93.72091,county_centroid,709.115,20.838,2022,USDA NASS 2022 Ag Census Web Maps,Census Gazetteer 2024 county centroid,0.11,0.02,86.56,,9.1,0.04,28,34607,31881,5.14,4.22,12.24,0,0.05,1,Poultry and Eggs Market Value Share
AR,Lonoke County,05085,34.755114,-91.894132,county_centroid,771.723,31.665,2022,USDA NASS 2022 Ag Census Web Maps,Census Gazetteer 2024 county centroid,,0.18,,0,2.0699999999999998,0,3,7664,6967,16.95,0.75,40.950000000000003,0,0.03,2,Soybeans Harvested Share of Harvested Cropland
AR,Madison County,05087,36.012545,-93.724053,county_centroid,834.238,2.879,2022,USDA NASS 2022 Ag Census Web Maps,Census Gazetteer 2024 county centroid,0.6,,90.61,0.54,6.43,,24,33974,31901,,0,,0.01,0.56999999999999995,4,Poultry and Eggs Market Value Share
AR,Marion County,05089,36.266664,-92.678577,county_centroid,596.598,43.611,2022,USDA NASS 2022 Ag Census Web Maps,Census Gazetteer 2024 county centroid,0.08,7.0000000000000007E-2,78.819999999999993,0.01,18.84,0.06,18,15634,13053,0,0,0,,,2,Poultry and Eggs Market Value Share
AR,Miller County,05091,33.305505,-93.901502,county_centroid,624.04,14.227,2022,USDA NASS 2022 Ag Census Web Maps,Census Gazetteer 2024 county centroid,7.0000000000000007E-2,1.24,21.18,0,7.48,,11,11154,7433,12.43,3.76,14.69,0,0.04,1,Poultry and Eggs Market Value Share
AR,Mississippi County,05093,35.766944,-90.052207,county_centroid,902.093,27.886,2022,USDA NASS 2022 Ag Census Web Maps,Census Gazetteer 2024 county centroid,,,0.5,0,0.05,0,0,724,324,4.4000000000000004,2.78,59.28,0,0.21,2,Soybeans Harvested Share of Harvested Cropland
AR,Monroe County,05095,34.679512,-91.20331,county_centroid,607.461,13.787,2022,USDA NASS 2022 Ag Census Web Maps,Census Gazetteer 2024 county centroid,,,0,0,,,0,354,247,18.329999999999998,7.15,49.22,0,,5,Soybeans Harvested Share of Harvested Cropland
AR,Montgomery County,05097,34.545656,-93.664153,county_centroid,780.453,20.455,2022,USDA NASS 2022 Ag Census Web Maps,Census Gazetteer 2024 county centroid,0.75,,59.56,,22.33,,22,10366,7077,0,0,0,0,0.14000000000000001,3,Poultry and Eggs Market Value Share
AR,Nevada County,05099,33.666699,-93.305072,county_centroid,617.79,2.892,2022,USDA NASS 2022 Ag Census Web Maps,Census Gazetteer 2024 county centroid,,0.02,88.93,0,6.39,0,24,12728,9671,0,,0,0,0.22,2,Poultry and Eggs Market Value Share
AR,Newton County,05101,35.910742,-93.215898,county_centroid,821.076,2.292,2022,USDA NASS 2022 Ag Census Web Maps,Census Gazetteer 2024 county centroid,,,83.41,0,14,0.05,17,9538,7700,0,0,0,,,4,Poultry and Eggs Market Value Share
AR,Ouachita County,05103,33.591168,-92.878413,county_centroid,732.721,7.021,2022,USDA NASS 2022 Ag Census Web Maps,Census Gazetteer 2024 county centroid,,,88.54,0,4.3899999999999997,0,5,1266,771,0,0,0,0,0.32,2,Poultry and Eggs Market Value Share
AR,Perry County,05105,34.946363,-92.926877,county_centroid,551.336,9.432,2022,USDA NASS 2022 Ag Census Web Maps,Census Gazetteer 2024 county centroid,0.09,0.13,69.540000000000006,0,6.73,0.28000000000000003,16,6704,5302,0,0,35.630000000000003,0,0.03,0,Poultry and Eggs Market Value Share
AR,Phillips County,05107,34.423687,-90.855593,county_centroid,690.36,37.053,2022,USDA NASS 2022 Ag Census Web Maps,Census Gazetteer 2024 county centroid,,,,0,,0,0,,1121,12.22,3.87,64.23,0,0,5,Soybeans Harvested Share of Harvested Cropland
AR,Pike County,05109,34.158191,-93.658659,county_centroid,600.335,13.624,2022,USDA NASS 2022 Ag Census Web Maps,Census Gazetteer 2024 county centroid,,,93.18,0,5.37,0.56999999999999995,19,10521,8538,0,0,0,,0.05,3,Poultry and Eggs Market Value Share
AR,Poinsett County,05111,35.56887,-90.681104,county_centroid,758.295,5.364,2022,USDA NASS 2022 Ag Census Web Maps,Census Gazetteer 2024 county centroid,0,,,0,0.25,,1,1074,897,9.64,1.97,51.71,0,0,3,Soybeans Harvested Share of Harvested Cropland
AR,Polk County,05113,34.49096,-94.230894,county_centroid,856.838,4.834,2022,USDA NASS 2022 Ag Census Web Maps,Census Gazetteer 2024 county centroid,,,93.2,,5.03,,25,14882,12995,0,0,,0,0.01,5,Poultry and Eggs Market Value Share
AR,Pope County,05115,35.456557,-93.026818,county_centroid,810.952,19.603,2022,USDA NASS 2022 Ag Census Web Maps,Census Gazetteer 2024 county centroid,0.03,0.03,83.7,0,6.36,1.82,22,23388,18790,,2.1,28.2,0.02,0.05,1,Poultry and Eggs Market Value Share
AR,Prairie County,05117,34.831116,-91.55362,county_centroid,647.516,28.046,2022,USDA NASS 2022 Ag Census Web Maps,Census Gazetteer 2024 county centroid,,,,0,1.5,0,2,2191,2133,11.14,1.17,55.7,0,,4,Soybeans Harvested Share of Harvested Cropland
AR,Pulaski County,05119,34.770311,-92.312996,county_centroid,758.369,49.028,2022,USDA NASS 2022 Ag Census Web Maps,Census Gazetteer 2024 county centroid,,2.6,24.74,0,8.42,0.66,8,3806,3019,9.23,,44.19,0,0.22,2,Soybeans Harvested Share of Harvested Cropland
AR,Randolph County,05121,36.341298,-91.028441,county_centroid,651.913,4.004,2022,USDA NASS 2022 Ag Census Web Maps,Census Gazetteer 2024 county centroid,0.04,0.01,75.97,0,4.32,0.01,14,19170,17678,3.11,,39.83,0,0.03,1,Poultry and Eggs Market Value Share
AR,St. Francis County,05123,35.022838,-90.751506,county_centroid,634.784,7.729,2022,USDA NASS 2022 Ag Census Web Maps,Census Gazetteer 2024 county centroid,,0,,0,0.16,,0,695,407,13.33,1.93,61.68,,,5,Soybeans Harvested Share of Harvested Cropland
AR,Saline County,05125,34.648525,-92.674463,county_centroid,723.516,6.933,2022,USDA NASS 2022 Ag Census Web Maps,Census Gazetteer 2024 county centroid,0.88,2.11,,,16.670000000000002,1.03,11,4332,2843,0,0,0,,0.06,3,Cattle and Calves Market Value Share
AR,Scott County,05127,34.858869,-94.063641,county_centroid,892.85,5.55,2022,USDA NASS 2022 Ag Census Web Maps,Census Gazetteer 2024 county centroid,0.04,0.01,95.09,0,3.92,0,24,16021,11704,0,0,,0,0.06,1,Poultry and Eggs Market Value Share
AR,Searcy County,05129,35.896387,-92.695888,county_centroid,665.879,2.495,2022,USDA NASS 2022 Ag Census Web Maps,Census Gazetteer 2024 county centroid,,0.68,54.58,,40.26,0.09,17,16888,15969,0,0,0,,,4,Poultry and Eggs Market Value Share
AR,Sebastian County,05131,35.196981,-94.274989,county_centroid,531.184,13.324,2022,USDA NASS 2022 Ag Census Web Maps,Census Gazetteer 2024 county centroid,0.21,0.06,84.44,0,10.37,0.01,26,16771,16353,6.72,,21.01,,0.1,2,Poultry and Eggs Market Value Share
AR,Sevier County,05133,33.994877,-94.243279,county_centroid,563.569,17.73,2022,USDA NASS 2022 Ag Census Web Maps,Census Gazetteer 2024 county centroid,,,93.01,,4.8,1.0900000000000001,29,19165,20136,,0,0,,0.05,5,Poultry and Eggs Market Value Share
AR,Sharp County,05135,36.173399,-91.471069,county_centroid,604.637,2.016,2022,USDA NASS 2022 Ag Census Web Maps,Census Gazetteer 2024 county centroid,0.48,,93.28,0,5.01,0.03,21,18034,13628,0,0,0,,0.82,2,Poultry and Eggs Market Value Share
AR,Stone County,05137,35.857001,-92.140482,county_centroid,606.44,3.145,2022,USDA NASS 2022 Ag Census Web Maps,Census Gazetteer 2024 county centroid,0.1,,87.29,0,9.8800000000000008,,15,11623,13580,0,0,0,0,0.06,2,Poultry and Eggs Market Value Share
AR,Union County,05139,33.168219,-92.598145,county_centroid,1039.067,16.256,2022,USDA NASS 2022 Ag Census Web Maps,Census Gazetteer 2024 county centroid,0.22,7.0000000000000007E-2,81.22,0,14.16,0.12,20,4801,3354,0,0,0,0.01,0.27,0,Poultry and Eggs Market Value Share
AR,Van Buren County,05141,35.582953,-92.515976,county_centroid,709.571,14.365,2022,USDA NASS 2022 Ag Census Web Maps,Census Gazetteer 2024 county centroid,0.31,0.37,,0,61.11,0.33,17,10221,11632,0,0,0,,0.03,2,Cattle and Calves Market Value Share
AR,Washington County,05143,35.978001,-94.217269,county_centroid,941.463,10.76,2022,USDA NASS 2022 Ag Census Web Maps,Census Gazetteer 2024 county centroid,0.31,0.12,91.68,0.13,5.47,0.81,28,48783,48871,0.7,0.28000000000000003,1.48,0.01,0.28999999999999998,0,Poultry and Eggs Market Value Share
AR,White County,05145,35.255118,-91.753034,county_centroid,1033.966,8.047,2022,USDA NASS 2022 Ag Census Web Maps,Census Gazetteer 2024 county centroid,1.55,1.36,64.86,,8.09,0.02,14,27060,24500,5.51,0.64,34.71,0,0.92,1,Poultry and Eggs Market Value Share
AR,Woodruff County,05147,35.192777,-91.244535,county_centroid,585.973,8.133,2022,USDA NASS 2022 Ag Census Web Maps,Census Gazetteer 2024 county centroid,,,0,0,0.05,,0,,89,10.06,2.5,59.23,0,0,4,Soybeans Harvested Share of Harvested Cropland
AR,Yell County,05149,34.997713,-93.408303,county_centroid,930.386,18.145,2022,USDA NASS 2022 Ag Census Web Maps,Census Gazetteer 2024 county centroid,0.05,,90.05,0,,,19,21230,17353,9.19,2.1800000000000002,19.59,,0.04,4,Poultry and Eggs Market Value Share
CA,Alameda County,06001,37.647139,-121.912488,county_centroid,737.459,83.749,2022,USDA NASS 2022 Ag Census Web Maps,Census Gazetteer 2024 county centroid,,16.850000000000001,,0,5.94,0,8,7611,7787,0,,0,0,0.28000000000000003,3,"Fruits, Tree Nuts, and Berries Market Value Share"
CA,Alpine County,06003,38.621783,-119.798352,county_centroid,738.34,4.848,2022,USDA NASS 2022 Ag Census Web Maps,Census Gazetteer 2024 county centroid,,,,,,,,,,,,,,,14,No dominant food signal
CA,Amador County,06005,38.443549,-120.653858,county_centroid,594.585,11.366,2022,USDA NASS 2022 Ag Census Web Maps,Census Gazetteer 2024 county centroid,,58.79,1.74,0,25.92,,10,7591,6413,0,,0,0,0.48,3,"Fruits, Tree Nuts, and Berries Market Value Share"
CA,Butte County,06007,39.665336,-121.603209,county_centroid,1636.512,40.62,2022,USDA NASS 2022 Ag Census Web Maps,Census Gazetteer 2024 county centroid,1.71,50.5,0.36,0.2,3.48,,5,9281,15609,0.9,0.3,0,0,0.64,1,"Fruits, Tree Nuts, and Berries Market Value Share"
CA,Calaveras County,06009,38.191068,-120.554107,county_centroid,1020.016,16.91,2022,USDA NASS 2022 Ag Census Web Maps,Census Gazetteer 2024 county centroid,,19.39,27.55,0,45.37,0.86,10,12510,13965,0,0,0,0.02,1.54,1,Cattle and Calves Market Value Share
CA,Colusa County,06011,39.177739,-122.237563,county_centroid,1150.679,5.674,2022,USDA NASS 2022 Ag Census Web Maps,Census Gazetteer 2024 county centroid,17.68,52.08,0,,2.75,,5,9812,14489,0.2,3.74,0,0,9.14,2,"Fruits, Tree Nuts, and Berries Market Value Share"
CA,Contra Costa County,06013,37.919479,-121.951543,county_centroid,716.897,87.013,2022,USDA NASS 2022 Ag Census Web Maps,Census Gazetteer 2024 county centroid,32.119999999999997,21.62,0.33,,16.29,,14,11375,12728,0,,0,0,34.54,3,Vegetables Harvested Share of Harvested Cropland
CA,Del Norte County,06015,41.749903,-123.980998,county_centroid,1006.202,223.48,2022,USDA NASS 2022 Ag Census Web Maps,Census Gazetteer 2024 county centroid,,,,,5.31,0.06,,5631,2915,0,0,0,0,0,5,Cattle and Calves Market Value Share
CA,El Dorado County,06017,38.785612,-120.534225,county_centroid,1707.841,78.519,2022,USDA NASS 2022 Ag Census Web Maps,Census Gazetteer 2024 county centroid,4.4400000000000004,57.15,1.59,,19.46,,8,4343,5354,0.06,0,0,0.02,1.78,2,"Fruits, Tree Nuts, and Berries Market Value Share"
CA,Fresno County,06019,36.761006,-119.655019,county_centroid,5958.582,52.756,2022,USDA NASS 2022 Ag Census Web Maps,Census Gazetteer 2024 county centroid,14.77,53.68,5.71,9.86,11.25,,28,151153,535177,0.09,1.45,0,0,11.68,1,"Fruits, Tree Nuts, and Berries Market Value Share"
CA,Glenn County,06021,39.602546,-122.4017,county_centroid,1313.976,13.001,2022,USDA NASS 2022 Ag Census Web Maps,Census Gazetteer 2024 county centroid,,52.51,7.0000000000000007E-2,13.5,7.63,,11,29197,44482,1.83,1,0,0,0.82,2,"Fruits, Tree Nuts, and Berries Market Value Share"
CA,Humboldt County,06023,40.706655,-123.926176,county_centroid,3568.024,484.231,2022,USDA NASS 2022 Ag Census Web Maps,Census Gazetteer 2024 county centroid,1.2,0.68,0.09,21.55,17.18,0.02,11,38030,29979,,0.25,0,0.15,1.96,1,Milk from Cows Market Value Share
CA,Imperial County,06025,33.040814,-115.3554,county_centroid,4175.528,305.073,2022,USDA NASS 2022 Ag Census Web Maps,Census Gazetteer 2024 county centroid,40.03,1.39,0,2.67,22.51,0,56,21804,378021,0.18,6.71,0,0.23,21.99,0,"Vegetables, Melons, Potatoes, and Sweet Potatoes Market Value Share"
CA,Inyo County,06027,36.56216,-117.404209,county_centroid,10197.261,29.838,2022,USDA NASS 2022 Ag Census Web Maps,Census Gazetteer 2024 county centroid,0.11,,,0,35.79,,4,8023,7510,0,0,0,,0.08,4,Cattle and Calves Market Value Share
CA,Kern County,06029,35.346629,-118.729506,county_centroid,8134.673,30.244,2022,USDA NASS 2022 Ag Census Web Maps,Census Gazetteer 2024 county centroid,10.61,61.07,,14.72,4.8099999999999996,0.01,14,165814,204840,,0.66,0,1.19,7.62,2,"Fruits, Tree Nuts, and Berries Market Value Share"
CA,Kings County,06031,36.072478,-119.81553,county_centroid,1390.972,1.222,2022,USDA NASS 2022 Ag Census Web Maps,Census Gazetteer 2024 county centroid,10.050000000000001,23.22,0.17,40.03,9.1999999999999993,0,55,170041,233925,0.08,1.18,0,0,9.09,0,Milk from Cows Market Value Share
CA,Lake County,06033,39.108009,-122.745217,county_centroid,1255.1,72.994,2022,USDA NASS 2022 Ag Census Web Maps,Census Gazetteer 2024 county centroid,0.51,92.1,7.0000000000000007E-2,0,2.33,,2,1626,1549,0,0.35,0,,0.28000000000000003,2,"Fruits, Tree Nuts, and Berries Market Value Share"
CA,Lassen County,06035,40.715287,-120.621223,county_centroid,4541.369,178.746,2022,USDA NASS 2022 Ag Census Web Maps,Census Gazetteer 2024 county centroid,6.46,0.98,,0,28.55,0.11,7,24862,25101,0.05,1.68,0,,1.98,2,Cattle and Calves Market Value Share
CA,Los Angeles County,06037,34.196398,-118.261862,county_centroid,4060.254,689.186,2022,USDA NASS 2022 Ag Census Web Maps,Census Gazetteer 2024 county centroid,,3.12,0.14000000000000001,,0.69,0.02,9,3735,1541,0,0,0,,12.74,3,Vegetables Harvested Share of Harvested Cropland
CA,Madera County,06039,37.209821,-119.749802,county_centroid,2136.709,16.319,2022,USDA NASS 2022 Ag Census Web Maps,Census Gazetteer 2024 county centroid,2.63,56.24,,22.75,4.05,0,28,98620,97387,,0.56000000000000005,0,0,1.43,2,"Fruits, Tree Nuts, and Berries Market Value Share"
CA,Marin County,06041,38.051367,-122.746396,county_centroid,520.141,308.036,2022,USDA NASS 2022 Ag Census Web Maps,Census Gazetteer 2024 county centroid,2.16,7.6,5.84,46.4,16.11,0.03,19,11280,9062,0,0,0,0.01,1.01,0,Milk from Cows Market Value Share
CA,Mariposa County,06043,37.574343,-119.911721,county_centroid,1448.84,13.985,2022,USDA NASS 2022 Ag Census Web Maps,Census Gazetteer 2024 county centroid,0.45,5.54,0.22,0,86.36,,14,11992,25919,0,0,0,0.03,,2,Cattle and Calves Market Value Share
CA,Mendocino County,06045,39.432388,-123.442881,county_centroid,3506.807,371.347,2022,USDA NASS 2022 Ag Census Web Maps,Census Gazetteer 2024 county centroid,1.06,89.25,0.15,0,5.16,0.04,2,9017,7282,0.01,,0,0.03,0.49,1,"Fruits, Tree Nuts, and Berries Market Value Share"
CA,Merced County,06047,37.194806,-120.722802,county_centroid,1938.004,40.648,2022,USDA NASS 2022 Ag Census Web Maps,Census Gazetteer 2024 county centroid,15.36,17.829999999999998,12.55,40.86,5.17,0,68,307873,231400,0.74,0.83,0,,13.01,1,Milk from Cows Market Value Share
CA,Modoc County,06049,41.592918,-120.71837,county_centroid,3948.233,255.022,2022,USDA NASS 2022 Ag Census Web Maps,Census Gazetteer 2024 county centroid,11.06,0.09,,0,17.73,0.02,11,32467,30890,0,2.11,0,1.74,3.48,1,Cattle and Calves Market Value Share
CA,Mono County,06051,37.915836,-118.875167,county_centroid,3048.904,82.894,2022,USDA NASS 2022 Ag Census Web Maps,Census Gazetteer 2024 county centroid,,,0.01,0,,,10,,,0,0,0,0,,7,Poultry and Eggs Market Value Share
CA,Monterey County,06053,36.240104,-121.315578,county_centroid,3281.718,489.503,2022,USDA NASS 2022 Ag Census Web Maps,Census Gazetteer 2024 county centroid,69.22,26.5,,,0.64,,4,25303,35745,0.14000000000000001,,0,0.01,110.17,4,Vegetables Harvested Share of Harvested Cropland
CA,Napa County,06055,38.5071,-122.325904,county_centroid,751.975,40.326,2022,USDA NASS 2022 Ag Census Web Maps,Census Gazetteer 2024 county centroid,0.09,98.36,0.04,,0.98,,5,5900,6231,0,0.28000000000000003,0,0,7.0000000000000007E-2,2,"Fruits, Tree Nuts, and Berries Market Value Share"
CA,Nevada County,06057,39.297508,-120.771343,county_centroid,957.76,16.036,2022,USDA NASS 2022 Ag Census Web Maps,Census Gazetteer 2024 county centroid,37.590000000000003,25.02,1.61,,15.44,1.31,8,2261,2028,0,0,0,0.73,12.07,1,"Vegetables, Melons, Potatoes, and Sweet Potatoes Market Value Share"
CA,Orange County,06059,33.675687,-117.777207,county_centroid,792.867,156.85,2022,USDA NASS 2022 Ag Census Web Maps,Census Gazetteer 2024 county centroid,33.78,35.53,7.0000000000000007E-2,0,,,,,,0,0,0,0,46.93,5,Vegetables Harvested Share of Harvested Cropland
CA,Placer County,06061,39.062032,-120.722718,county_centroid,1407.073,95.162,2022,USDA NASS 2022 Ag Census Web Maps,Census Gazetteer 2024 county centroid,3.52,20.83,,,23.93,,15,5151,10081,,,0,0.03,1.31,5,Cattle and Calves Market Value Share
CA,Plumas County,06063,39.992295,-120.824371,county_centroid,2553.062,60.382,2022,USDA NASS 2022 Ag Census Web Maps,Census Gazetteer 2024 county centroid,10.51,0.04,0.77,0,36.4,,10,4639,6188,0,,0,,1.83,3,Cattle and Calves Market Value Share
CA,Riverside County,06065,33.729828,-116.002239,county_centroid,7209.254,93.769,2022,USDA NASS 2022 Ag Census Web Maps,Census Gazetteer 2024 county centroid,29.71,28.56,3.06,6.13,0.75,0.01,7,15676,14815,,3.2,0,0.93,20.239999999999998,1,"Vegetables, Melons, Potatoes, and Sweet Potatoes Market Value Share"
CA,Sacramento County,06067,38.450136,-121.344329,county_centroid,965.28,29.083,2022,USDA NASS 2022 Ag Census Web Maps,Census Gazetteer 2024 county centroid,6.46,49.84,6.82,9.7200000000000006,2.99,,14,21429,21745,1.08,1.75,0,0,4.8600000000000003,1,"Fruits, Tree Nuts, and Berries Market Value Share"
CA,San Benito County,06069,36.611651,-121.085811,county_centroid,1388.652,1.822,2022,USDA NASS 2022 Ag Census Web Maps,Census Gazetteer 2024 county centroid,82.32,5.12,,0,6.53,0,5,11719,21003,0.03,0,0,,83.18,2,Vegetables Harvested Share of Harvested Cropland
CA,San Bernardino County,06071,34.856661,-116.181571,county_centroid,20068.167,37.227,2022,USDA NASS 2022 Ag Census Web Maps,Census Gazetteer 2024 county centroid,2.62,4.59,13.73,56.16,8.07,0.04,270,57432,41469,7.0000000000000007E-2,0,0,0,7.53,0,Milk from Cows Market Value Share
CA,San Diego County,06073,33.023604,-116.776117,county_centroid,4210.462,315.266,2022,USDA NASS 2022 Ag Census Web Maps,Census Gazetteer 2024 county centroid,6.56,12.63,2.46,3.18,0.4,0.15,8,9551,6758,0.09,0,0,0.03,6.98,0,"Fruits, Tree Nuts, and Berries Market Value Share"
CA,San Francisco County,06075,37.727239,-123.032229,county_centroid,46.685,185.214,2022,USDA NASS 2022 Ag Census Web Maps,Census Gazetteer 2024 county centroid,,,,,,,0,0,0,,,,,,11,No dominant food signal
CA,San Joaquin County,06077,37.934982,-121.272244,county_centroid,1392.238,34.363,2022,USDA NASS 2022 Ag Census Web Maps,Census Gazetteer 2024 county centroid,13.77,43.83,2.75,23.15,3.82,,35,152728,146983,2.67,1.34,0,0.82,9.33,1,"Fruits, Tree Nuts, and Berries Market Value Share"
CA,San Luis Obispo County,06079,35.388189,-120.448897,county_centroid,3300.842,314.924,2022,USDA NASS 2022 Ag Census Web Maps,Census Gazetteer 2024 county centroid,36.909999999999997,45.36,0.05,,1.99,0.03,4,20255,24860,,,0,,32.74,4,"Fruits, Tree Nuts, and Berries Market Value Share"
CA,San Mateo County,06081,37.414672,-122.371546,county_centroid,448.62,292.342,2022,USDA NASS 2022 Ag Census Web Maps,Census Gazetteer 2024 county centroid,7.9,4.18,0.4,0,1.69,,6,1430,1325,2.2400000000000002,0,0,0.18,22.45,1,Vegetables Harvested Share of Harvested Cropland
CA,Santa Barbara County,06083,34.536677,-120.038364,county_centroid,2733.941,1053.75,2022,USDA NASS 2022 Ag Census Web Maps,Census Gazetteer 2024 county centroid,32.869999999999997,54.42,0.01,,0.77,,4,15122,21448,,,0,,67.17,5,Vegetables Harvested Share of Harvested Cropland
CA,Santa Clara County,06085,37.221614,-121.68954,county_centroid,1291.084,12.972,2022,USDA NASS 2022 Ag Census Web Maps,Census Gazetteer 2024 county centroid,57.84,6.6,0.05,0,1.63,0.01,5,6680,5035,0.49,0,0,0,82.06,0,Vegetables Harvested Share of Harvested Cropland
CA,Santa Cruz County,06087,37.012347,-122.007789,county_centroid,445.106,162.055,2022,USDA NASS 2022 Ag Census Web Maps,Census Gazetteer 2024 county centroid,28.36,32.4,,0,0.08,0,2,556,477,0.03,0,0,0.2,66.540000000000006,1,Vegetables Harvested Share of Harvested Cropland
CA,Shasta County,06089,40.760514,-122.043556,county_centroid,3775.651,71.745,2022,USDA NASS 2022 Ag Census Web Maps,Census Gazetteer 2024 county centroid,1.23,3.73,0.27,0,21.36,,6,11314,20535,0.28999999999999998,0,0,,0.37,2,Cattle and Calves Market Value Share
CA,Sierra County,06091,39.576925,-120.521993,county_centroid,953.168,8.996,2022,USDA NASS 2022 Ag Census Web Maps,Census Gazetteer 2024 county centroid,,0.02,0,0,,0,10,4654,4051,,,,,,7,"Fruits, Tree Nuts, and Berries Market Value Share"
CA,Siskiyou County,06093,41.587986,-122.533287,county_centroid,6278.767,69.171,2022,USDA NASS 2022 Ag Census Web Maps,Census Gazetteer 2024 county centroid,14.72,,0.03,1.46,10.57,0.02,7,25939,28888,0,2.54,0,1.8,3.41,1,"Vegetables, Melons, Potatoes, and Sweet Potatoes Market Value Share"
CA,Solano County,06095,38.267226,-121.939594,county_centroid,821.736,84.408,2022,USDA NASS 2022 Ag Census Web Maps,Census Gazetteer 2024 county centroid,21.79,19.579999999999998,,,5.24,0.01,15,21152,22330,1.1200000000000001,3.82,0,0,10.86,2,"Vegetables, Melons, Potatoes, and Sweet Potatoes Market Value Share"
CA,Sonoma County,06097,38.525182,-122.92611,county_centroid,1575.337,192.005,2022,USDA NASS 2022 Ag Census Web Maps,Census Gazetteer 2024 county centroid,1.05,58.86,16.3,12.47,2.3199999999999998,,11,28034,22556,,0.32,0,0.01,0.61,2,"Fruits, Tree Nuts, and Berries Market Value Share"
CA,Stanislaus County,06099,37.562316,-121.002831,county_centroid,1496.15,17.907,2022,USDA NASS 2022 Ag Census Web Maps,Census Gazetteer 2024 county centroid,4.9800000000000004,33.56,12.63,31.21,6.31,0.09,59,188329,229458,0.08,0.09,0,0,3.18,0,"Fruits, Tree Nuts, and Berries Market Value Share"
CA,Sutter County,06101,39.03619,-121.70394,county_centroid,602.696,5.719,2022,USDA NASS 2022 Ag Census Web Maps,Census Gazetteer 2024 county centroid,21.1,36.04,0.01,0,0.56000000000000005,0.03,1,2077,2272,0.28999999999999998,2.41,0,0,9.75,0,"Fruits, Tree Nuts, and Berries Market Value Share"
CA,Tehama County,06103,40.126157,-122.232274,county_centroid,2949.137,13.038,2022,USDA NASS 2022 Ag Census Web Maps,Census Gazetteer 2024 county centroid,0.28000000000000003,70.819999999999993,1.39,,20.83,,7,21901,31595,,,0,0,0.03,4,"Fruits, Tree Nuts, and Berries Market Value Share"
CA,Trinity County,06105,40.647858,-123.114666,county_centroid,3179.268,28.343,2022,USDA NASS 2022 Ag Census Web Maps,Census Gazetteer 2024 county centroid,2.82,10.44,,0,32.79,2.65,7,2333,1122,0,0,0,0.24,1.66,1,Cattle and Calves Market Value Share
CA,Tulare County,06107,36.228834,-118.781055,county_centroid,4823.9,14.387,2022,USDA NASS 2022 Ag Census Web Maps,Census Gazetteer 2024 county centroid,0.21,39.36,1.1299999999999999,44.27,8.66,,82,515572,652928,0.24,1.33,0,,0.2,2,Milk from Cows Market Value Share
CA,Tuolumne County,06109,38.021434,-119.964733,county_centroid,2220.912,53.54,2022,USDA NASS 2022 Ag Census Web Maps,Census Gazetteer 2024 county centroid,1.1000000000000001,3,,0,22.09,0.06,12,8871,8380,0,0,0,0,3.67,1,Cattle and Calves Market Value Share
CA,Ventura County,06111,34.358748,-119.133145,county_centroid,1840.78,365.779,2022,USDA NASS 2022 Ag Census Web Maps,Census Gazetteer 2024 county centroid,18.04,69.430000000000007,0.03,0,0.11,,1,2152,2255,0,0,0,,35.39,2,"Fruits, Tree Nuts, and Berries Market Value Share"
CA,Yolo County,06113,38.679609,-121.90275,county_centroid,1012.988,8.837,2022,USDA NASS 2022 Ag Census Web Maps,Census Gazetteer 2024 county centroid,41.06,36.33,0.42,,4.87,,11,16764,26462,1.26,8.07,0,0.02,20.59,2,"Vegetables, Melons, Potatoes, and Sweet Potatoes Market Value Share"
CA,Yuba County,06115,39.27013,-121.344259,county_centroid,632.006,12.002,2022,USDA NASS 2022 Ag Census Web Maps,Census Gazetteer 2024 county centroid,2.46,34.94,0.06,,2.87,0.01,9,7851,8680,0,0,0,0,1.47,1,"Fruits, Tree Nuts, and Berries Market Value Share"
CO,Adams County,08001,39.874325,-104.331872,county_centroid,1166.792,16.821,2022,USDA NASS 2022 Ag Census Web Maps,Census Gazetteer 2024 county centroid,1.1399999999999999,0.19,0.19,,7.97,,2,7233,6932,,,,,,7,Cattle and Calves Market Value Share
CO,Alamosa County,08003,37.568442,-105.788041,county_centroid,722.645,0.645,2022,USDA NASS 2022 Ag Census Web Maps,Census Gazetteer 2024 county centroid,80.42,0,,0,5.18,0.01,7,6206,5679,0,2.46,0,34.75,38.07,1,"Vegetables, Melons, Potatoes, and Sweet Potatoes Market Value Share"
CO,Arapahoe County,08005,39.644554,-104.331706,county_centroid,797.887,7.642,2022,USDA NASS 2022 Ag Census Web Maps,Census Gazetteer 2024 county centroid,1.36,0.06,2.0499999999999998,0,45.66,,3,4888,5167,4.72,44.51,0,,0.11,2,Cattle and Calves Market Value Share
CO,Archuleta County,08007,37.202395,-107.050863,county_centroid,1350.088,5.305,2022,USDA NASS 2022 Ag Census Web Maps,Census Gazetteer 2024 county centroid,0.57999999999999996,0.47,0.23,,67.53,,4,4003,7479,0,0,0,0,0.08,2,Cattle and Calves Market Value Share
CO,Baca County,08009,37.30978,-102.543741,county_centroid,2554.993,2.372,2022,USDA NASS 2022 Ag Census Web Maps,Census Gazetteer 2024 county centroid,,,0.01,0,41.79,,3,19320,37582,,,,,,8,Cattle and Calves Market Value Share
CO,Bent County,08011,37.931891,-103.077584,county_centroid,1512.847,28.24,2022,USDA NASS 2022 Ag Census Web Maps,Census Gazetteer 2024 county centroid,,0,0.01,0,,,3,16061,15786,12.77,12.42,,0,,5,Corn Grain Harvested Share of Harvested Cropland
CO,Boulder County,08013,40.094971,-105.39771,county_centroid,726.408,14.063,2022,USDA NASS 2022 Ag Census Web Maps,Census Gazetteer 2024 county centroid,19.399999999999999,1.44,0.64,0.83,7.35,,5,2201,1715,7.59,10.86,0,0.05,1.7,1,"Vegetables, Melons, Potatoes, and Sweet Potatoes Market Value Share"
CO,Broomfield County,08014,39.953593,-105.050787,county_centroid,32.968,0.58,2022,USDA NASS 2022 Ag Census Web Maps,Census Gazetteer 2024 county centroid,,,,,,,,,0,,,,,,13,No dominant food signal
CO,Chaffee County,08015,38.734599,-106.300025,county_centroid,1013.408,1.544,2022,USDA NASS 2022 Ag Census Web Maps,Census Gazetteer 2024 county centroid,1.82,0.87,0.15,0,40.130000000000003,0.22,10,3854,3327,0,0,0,0.03,0.44,0,Cattle and Calves Market Value Share
CO,Cheyenne County,08017,38.835646,-102.601791,county_centroid,1778.276,3.153,2022,USDA NASS 2022 Ag Census Web Maps,Census Gazetteer 2024 county centroid,0,0,0,0,22.19,0,3,14851,19993,23.01,48.68,0.14000000000000001,0,0,0,All Wheat Harvested Share of Harvested Cropland
CO,Clear Creek County,08019,39.689403,-105.670783,county_centroid,395.073,1.264,2022,USDA NASS 2022 Ag Census Web Maps,Census Gazetteer 2024 county centroid,,,,,,,,,,,,,,,14,No dominant food signal
CO,Conejos County,08021,37.213406,-106.176447,county_centroid,1287.428,3.566,2022,USDA NASS 2022 Ag Census Web Maps,Census Gazetteer 2024 county centroid,,0.05,0.08,,24.48,0.18,12,14571,11806,0,1.28,0,,,4,Cattle and Calves Market Value Share
CO,Costilla County,08023,37.277547,-105.42894,county_centroid,1227.593,3.409,2022,USDA NASS 2022 Ag Census Web Maps,Census Gazetteer 2024 county centroid,65.099999999999994,,0.01,0,7.92,0,1,2130,2359,0,,0,,21.74,3,"Vegetables, Melons, Potatoes, and Sweet Potatoes Market Value Share"
CO,Crowley County,08025,38.30618,-103.772736,county_centroid,787.428,12.905,2022,USDA NASS 2022 Ag Census Web Maps,Census Gazetteer 2024 county centroid,,,,,,,27,,86621,,,,,,12,No dominant food signal
CO,Custer County,08027,38.101996,-105.373512,county_centroid,738.626,1.299,2022,USDA NASS 2022 Ag Census Web Maps,Census Gazetteer 2024 county centroid,,0,0.5,0,29.21,,3,1808,1629,0,0,0,0,,3,Cattle and Calves Market Value Share
CO,Delta County,08029,38.861423,-107.865043,county_centroid,1142.125,6.481,2022,USDA NASS 2022 Ag Census Web Maps,Census Gazetteer 2024 county centroid,12.09,18.52,4.97,17.48,23,,16,19663,17907,6.6,0.5,0,0.09,3.21,1,Cattle and Calves Market Value Share
CO,Denver County,08031,39.76185,-104.881105,county_centroid,153.074,1.651,2022,USDA NASS 2022 Ag Census Web Maps,Census Gazetteer 2024 county centroid,20.82,0,,0,0,0,,,0,0,0,0,,29.09,4,Vegetables Harvested Share of Harvested Cropland
CO,Dolores County,08033,37.733823,-108.506219,county_centroid,1067.17,1.049,2022,USDA NASS 2022 Ag Census Web Maps,Census Gazetteer 2024 county centroid,,,0.12,,32.14,0,3,2781,2256,0,44.4,0,0,0.03,3,All Wheat Harvested Share of Harvested Cropland
CO,Douglas County,08035,39.325414,-104.925987,county_centroid,840.888,2.624,2022,USDA NASS 2022 Ag Census Web Maps,Census Gazetteer 2024 county centroid,0.84,0.2,1.04,,33.369999999999997,,3,3837,4079,,9.7799999999999994,0,0.01,0.64,3,Cattle and Calves Market Value Share
CO,Eagle County,08037,39.626992,-106.695169,county_centroid,1684.47,7.323,2022,USDA NASS 2022 Ag Census Web Maps,Census Gazetteer 2024 county centroid,,0,0.38,0,32.44,0.35,5,3447,2653,0,,0,,0.03,3,Cattle and Calves Market Value Share
CO,Elbert County,08039,39.315157,-104.114076,county_centroid,1850.086,0.171,2022,USDA NASS 2022 Ag Census Web Maps,Census Gazetteer 2024 county centroid,0.23,0.16,,,57.77,0.3,4,21575,26158,11.96,43.3,0,0.01,0.03,2,Cattle and Calves Market Value Share
CO,El Paso County,08041,38.827383,-104.527472,county_centroid,2126.416,2.728,2022,USDA NASS 2022 Ag Census Web Maps,Census Gazetteer 2024 county centroid,1.05,0.41,1.29,,44.95,0.53,3,10304,10405,0.38,0,0,0.03,0.55000000000000004,1,Cattle and Calves Market Value Share
CO,Fremont County,08043,38.45517,-105.424958,county_centroid,1533.835,0.863,2022,USDA NASS 2022 Ag Census Web Maps,Census Gazetteer 2024 county centroid,,3.18,0.6,,47.8,0.1,3,4669,5447,,0,0,,0.62,4,Cattle and Calves Market Value Share
CO,Garfield County,08045,39.599352,-107.90978,county_centroid,2947.425,8.381,2022,USDA NASS 2022 Ag Census Web Maps,Census Gazetteer 2024 county centroid,,0.56999999999999995,0.5,0,55.74,,5,12113,12655,,0,0,0,0.05,3,Cattle and Calves Market Value Share
CO,Gilpin County,08047,39.861156,-105.528878,county_centroid,150.023,0.364,2022,USDA NASS 2022 Ag Census Web Maps,Census Gazetteer 2024 county centroid,0,0,0.31,0,64.37,0,2,40,,0,0,0,0,0,1,Cattle and Calves Market Value Share
CO,Grand County,08049,40.113065,-106.110837,county_centroid,1846.447,23.122,2022,USDA NASS 2022 Ag Census Web Maps,Census Gazetteer 2024 county centroid,,0,,0,80.25,,5,7986,8686,0,0,0,,0.02,4,Cattle and Calves Market Value Share
CO,Gunnison County,08051,38.670499,-107.05688,county_centroid,3239.14,20.491,2022,USDA NASS 2022 Ag Census Web Maps,Census Gazetteer 2024 county centroid,,0,0.25,0,63.85,0.49,7,9903,13387,0,0,0,0,0.03,1,Cattle and Calves Market Value Share
CO,Hinsdale County,08053,37.811519,-107.383974,county_centroid,1117.231,5.917,2022,USDA NASS 2022 Ag Census Web Maps,Census Gazetteer 2024 county centroid,0,0,0,0,,0,6,154,144,,,,,,6,"Vegetables, Melons, Potatoes, and Sweet Potatoes Market Value Share"
CO,Huerfano County,08055,37.687815,-104.959928,county_centroid,1591.033,2.236,2022,USDA NASS 2022 Ag Census Web Maps,Census Gazetteer 2024 county centroid,,0,0.21,,,0.09,3,8970,7464,0,0,0,,,5,Poultry and Eggs Market Value Share
CO,Jackson County,08057,40.663432,-106.329248,county_centroid,1613.726,7.239,2022,USDA NASS 2022 Ag Census Web Maps,Census Gazetteer 2024 county centroid,0,0,,0,82.23,,7,17229,33935,,0,0,0,0,3,Cattle and Calves Market Value Share
CO,Jefferson County,08059,39.579511,-105.245462,county_centroid,764.39,9.673,2022,USDA NASS 2022 Ag Census Web Maps,Census Gazetteer 2024 county centroid,1.74,0.13,0.3,0,4.03,0.04,4,1000,1013,0,0,0,0.08,1.07,0,Cattle and Calves Market Value Share
CO,Kiowa County,08061,38.387663,-102.756849,county_centroid,1767.809,18.16,2022,USDA NASS 2022 Ag Census Web Maps,Census Gazetteer 2024 county centroid,0,,0.02,0,,,2,9420,11418,7.6,51.58,,0,0,4,All Wheat Harvested Share of Harvested Cropland
CO,Kit Carson County,08063,39.30534,-102.603023,county_centroid,2160.822,0.869,2022,USDA NASS 2022 Ag Census Web Maps,Census Gazetteer 2024 county centroid,,0,,,,,17,25791,293384,42.35,39.479999999999997,0.24,0,,6,Corn Grain Harvested Share of Harvested Cropland
CO,Lake County,08065,39.205341,-106.350079,county_centroid,376.919,6.993,2022,USDA NASS 2022 Ag Census Web Maps,Census Gazetteer 2024 county centroid,0,0,0,0,54.09,0,5,609,655,,0,0,0,0,1,Cattle and Calves Market Value Share
CO,La Plata County,08067,37.287367,-107.839718,county_centroid,1689.682,9.901,2022,USDA NASS 2022 Ag Census Web Maps,Census Gazetteer 2024 county centroid,4.9800000000000004,1.0900000000000001,,0.49,36.18,0.22,3,9317,11000,,2.63,0,0.01,0.33,2,Cattle and Calves Market Value Share
CO,Larimer County,08069,40.658093,-105.486764,county_centroid,2595.746,38.243,2022,USDA NASS 2022 Ag Census Web Maps,Census Gazetteer 2024 county centroid,0.4,0.13,0.37,27.18,33.78,0.04,16,30433,62642,7.32,13.7,0,0.02,0.2,0,Cattle and Calves Market Value Share
CO,Las Animas County,08071,37.318831,-104.04411,county_centroid,4772.938,2.676,2022,USDA NASS 2022 Ag Census Web Maps,Census Gazetteer 2024 county centroid,,0,,,84.17,,2,25417,25475,,0.2,0,,0.03,6,Cattle and Calves Market Value Share
CO,Lincoln County,08073,38.99374,-103.507555,county_centroid,2577.73,8.796,2022,USDA NASS 2022 Ag Census Web Maps,Census Gazetteer 2024 county centroid,0,0,,,42.19,,2,21497,31850,6.56,50.32,0,0,0,3,All Wheat Harvested Share of Harvested Cropland
CO,Logan County,08075,40.728091,-103.090464,county_centroid,1838.599,6.318,2022,USDA NASS 2022 Ag Census Web Maps,Census Gazetteer 2024 county centroid,0.02,0,,0,83.08,,20,22088,364508,24.49,35.49,0.1,0,0.01,2,Cattle and Calves Market Value Share
CO,Mesa County,08077,39.019524,-108.460571,county_centroid,3328.721,12.352,2022,USDA NASS 2022 Ag Census Web Maps,Census Gazetteer 2024 county centroid,4.51,33.06,,,22.17,0.22,10,14449,17186,2.44,3.99,0,0.06,2.0699999999999998,2,"Fruits, Tree Nuts, and Berries Market Value Share"
CO,Mineral County,08079,37.549069,-107.003235,county_centroid,875.76,2.016,2022,USDA NASS 2022 Ag Census Web Maps,Census Gazetteer 2024 county centroid,0,0,0,0,70.239999999999995,0,2,217,604,0,0,0,0,0,0,Cattle and Calves Market Value Share
CO,Moffat County,08081,40.610864,-108.217154,county_centroid,4743.244,7.646,2022,USDA NASS 2022 Ag Census Web Maps,Census Gazetteer 2024 county centroid,,,,,61.33,0.16,3,19113,21690,,13.33,0,,,7,Cattle and Calves Market Value Share
CO,Montezuma County,08083,37.338025,-108.595786,county_centroid,2029.349,10.505,2022,USDA NASS 2022 Ag Census Web Maps,Census Gazetteer 2024 county centroid,,3.73,0.39,0.75,24.54,,2,9900,9447,3.57,12.24,,0.01,0.19,3,Cattle and Calves Market Value Share
CO,Montrose County,08085,38.407507,-108.266282,county_centroid,2240.946,1.901,2022,USDA NASS 2022 Ag Census Web Maps,Census Gazetteer 2024 county centroid,10.86,0.9,22.9,,27.64,0.39,13,19372,22895,11.02,,0.26,0.01,4.3499999999999996,2,Cattle and Calves Market Value Share
CO,Morgan County,08087,40.263159,-103.81221,county_centroid,1280.485,13.383,2022,USDA NASS 2022 Ag Census Web Maps,Census Gazetteer 2024 county centroid,,,0.03,32.26,54.09,0.03,41,54111,277430,33.67,21.29,,0,0.26,3,Cattle and Calves Market Value Share
CO,Otero County,08089,37.88417,-103.72126,county_centroid,1261.946,7.758,2022,USDA NASS 2022 Ag Census Web Maps,Census Gazetteer 2024 county centroid,14.14,,0.01,,65.38,,10,12699,55018,9.8800000000000008,1.19,0,1.69,6.13,3,Cattle and Calves Market Value Share
CO,Ouray County,08091,38.154731,-107.78848,county_centroid,540.671,1.539,2022,USDA NASS 2022 Ag Census Web Maps,Census Gazetteer 2024 county centroid,5.1100000000000003,0,,0,73.45,,4,2464,2474,0,0,0,,,4,Cattle and Calves Market Value Share
CO,Park County,08093,39.118914,-105.717648,county_centroid,2193.51,16.803,2022,USDA NASS 2022 Ag Census Web Maps,Census Gazetteer 2024 county centroid,0.05,0,0.46,0,70.75,0.26,3,4071,5295,0,0,0,0,,1,Cattle and Calves Market Value Share
CO,Phillips County,08095,40.594712,-102.345105,county_centroid,687.928,0.117,2022,USDA NASS 2022 Ag Census Web Maps,Census Gazetteer 2024 county centroid,0,0,0.01,,,,6,6268,38689,48.91,36.04,,0,0,4,Corn Grain Harvested Share of Harvested Cropland
CO,Pitkin County,08097,39.217541,-106.916162,county_centroid,970.701,2.499,2022,USDA NASS 2022 Ag Census Web Maps,Census Gazetteer 2024 county centroid,,0,1.28,0,,,11,2365,3149,0,0,0,0.26,0.45,3,Poultry and Eggs Market Value Share
CO,Prowers County,08099,37.958443,-102.391754,county_centroid,1638.407,5.915,2022,USDA NASS 2022 Ag Census Web Maps,Census Gazetteer 2024 county centroid,0,,0,,77.59,,14,9287,195497,,,,,,8,Cattle and Calves Market Value Share
CO,Pueblo County,08101,38.162765,-104.484668,county_centroid,2386.591,11.174,2022,USDA NASS 2022 Ag Census Web Maps,Census Gazetteer 2024 county centroid,22.86,0.32,0.16,,38.270000000000003,0.03,3,14343,19404,16.8,0.55000000000000004,,0.01,14.82,2,Cattle and Calves Market Value Share
CO,Rio Blanco County,08103,39.972622,-108.200716,county_centroid,3220.971,1.88,2022,USDA NASS 2022 Ag Census Web Maps,Census Gazetteer 2024 county centroid,,,0.06,0,68.12,7.0000000000000007E-2,5,14070,15433,0,,0,0,0.23,3,Cattle and Calves Market Value Share
CO,Rio Grande County,08105,37.485853,-106.453128,county_centroid,911.956,0.38,2022,USDA NASS 2022 Ag Census Web Maps,Census Gazetteer 2024 county centroid,71.36,0,0.01,0,4.93,,6,7184,6901,,1.74,0,,24.24,3,"Vegetables, Melons, Potatoes, and Sweet Potatoes Market Value Share"
CO,Routt County,08107,40.483664,-106.987702,county_centroid,2362.02,6.113,2022,USDA NASS 2022 Ag Census Web Maps,Census Gazetteer 2024 county centroid,,0,0.25,0,70.81,,5,14174,30136,0,,0,0,0.03,3,Cattle and Calves Market Value Share
CO,Saguache County,08109,38.031651,-106.234666,county_centroid,3168.566,1.72,2022,USDA NASS 2022 Ag Census Web Maps,Census Gazetteer 2024 county centroid,62.29,0.05,,1.62,9,,9,16578,13343,0,2.09,0,,21.63,3,"Vegetables, Melons, Potatoes, and Sweet Potatoes Market Value Share"
CO,San Juan County,08111,37.781049,-107.670257,county_centroid,387.516,0.786,2022,USDA NASS 2022 Ag Census Web Maps,Census Gazetteer 2024 county centroid,0,0,0,0,0,0,0,0,0,0,0,0,0,0,0,"Vegetables, Melons, Potatoes, and Sweet Potatoes Market Value Share"
CO,San Miguel County,08113,38.009319,-108.427263,county_centroid,1286.725,2.011,2022,USDA NASS 2022 Ag Census Web Maps,Census Gazetteer 2024 county centroid,2.37,,0.31,0,78.44,0.37,4,4297,4061,0,16.170000000000002,0,,0.31,2,Cattle and Calves Market Value Share
CO,Sedgwick County,08115,40.871568,-102.355358,county_centroid,548.041,1.363,2022,USDA NASS 2022 Ag Census Web Maps,Census Gazetteer 2024 county centroid,0,0,0.01,0,,,5,3798,13660,,,,,,7,Poultry and Eggs Market Value Share
CO,Summit County,08117,39.621023,-106.137555,county_centroid,608.328,10.931,2022,USDA NASS 2022 Ag Census Web Maps,Census Gazetteer 2024 county centroid,,0,,0,80.31,,3,171,2039,0,0,0,0,0.03,3,Cattle and Calves Market Value Share
CO,Teller County,08119,38.869976,-105.187365,county_centroid,557.141,1.915,2022,USDA NASS 2022 Ag Census Web Maps,Census Gazetteer 2024 county centroid,2.61,,1.79,0,75.430000000000007,,3,1140,1337,0,0,0,0.05,0.48,2,Cattle and Calves Market Value Share
CO,Washington County,08121,39.96579,-103.209744,county_centroid,2518.084,5.872,2022,USDA NASS 2022 Ag Census Web Maps,Census Gazetteer 2024 county centroid,,0,0.04,,,,5,21028,71559,23.89,39.32,0,,,6,All Wheat Harvested Share of Harvested Cropland
CO,Weld County,08123,40.555961,-104.383666,county_centroid,3984.958,31.788,2022,USDA NASS 2022 Ag Census Web Maps,Census Gazetteer 2024 county centroid,2.83,,3.03,34.479999999999997,41.2,,27,185693,596087,16.63,19.13,,,2,4,Cattle and Calves Market Value Share
CO,Yuma County,08125,40.00077,-102.421649,county_centroid,2364.399,4.299,2022,USDA NASS 2022 Ag Census Web Maps,Census Gazetteer 2024 county centroid,1.48,0,0,,63.08,9.06,17,37749,401029,52.61,27.33,0.97,,0.77,2,Cattle and Calves Market Value Share
DE,Kent County,10001,39.097088,-75.502982,county_centroid,586.061,212.27,2022,USDA NASS 2022 Ag Census Web Maps,Census Gazetteer 2024 county centroid,6.14,0.54,67.44,0.98,0.7,,3,1597,2639,43.98,11.55,43.54,,6.2,2,Poultry and Eggs Market Value Share
DE,New Castle County,10003,39.575915,-75.644132,county_centroid,426.338,67.689,2022,USDA NASS 2022 Ag Census Web Maps,Census Gazetteer 2024 county centroid,1.08,0.08,42.23,2.0499999999999998,0.56000000000000005,0.03,2,741,642,41.01,14.1,47.71,,0.24,1,Soybeans Harvested Share of Harvested Cropland
DE,Sussex County,10005,38.673227,-75.337024,county_centroid,936.14,260.283,2022,USDA NASS 2022 Ag Census Web Maps,Census Gazetteer 2024 county centroid,4.03,0.14000000000000001,82.12,0.44,0.09,,1,1752,1540,47.51,10.52,39.770000000000003,0,6.55,1,Poultry and Eggs Market Value Share
FL,Alachua County,12001,29.67574,-82.357221,county_centroid,875.646,93.163,2022,USDA NASS 2022 Ag Census Web Maps,Census Gazetteer 2024 county centroid,12.54,20.99,0.26,0.44,11.11,,23,28517,21411,9.49,0,,0.01,6.54,2,"Fruits, Tree Nuts, and Berries Market Value Share"
FL,Baker County,12003,30.324442,-82.302284,county_centroid,585.23,3.74,2022,USDA NASS 2022 Ag Census Web Maps,Census Gazetteer 2024 county centroid,0.6,0.3,2.17,0,4.42,1.79,19,2470,1591,3.29,0,0,,0.6,1,Cattle and Calves Market Value Share
FL,Bay County,12005,30.15914,-85.534395,county_centroid,758.622,708.099,2022,USDA NASS 2022 Ag Census Web Maps,Census Gazetteer 2024 county centroid,,,0.92,0,13.73,,1,533,641,0,0,0,0,0.2,3,Cattle and Calves Market Value Share
FL,Bradford County,12007,29.952386,-82.166698,county_centroid,293.966,6.525,2022,USDA NASS 2022 Ag Census Web Maps,Census Gazetteer 2024 county centroid,0.49,2.21,,0,10.71,,12,4745,3539,,0,,0,0.32,4,Cattle and Calves Market Value Share
FL,Brevard County,12009,28.298311,-80.700333,county_centroid,1014.967,542.069,2022,USDA NASS 2022 Ag Census Web Maps,Census Gazetteer 2024 county centroid,,1.24,,0,13.55,,16,15920,12157,0.02,0,0.02,,,5,Cattle and Calves Market Value Share
FL,Broward County,12011,26.193535,-80.476683,county_centroid,1202.9,105.528,2022,USDA NASS 2022 Ag Census Web Maps,Census Gazetteer 2024 county centroid,2.69,0.64,0.72,0,,0,,,,,0,0,0,13,5,Vegetables Harvested Share of Harvested Cropland
FL,Calhoun County,12013,30.388801,-85.197915,county_centroid,567.336,6.977,2022,USDA NASS 2022 Ag Census Web Maps,Census Gazetteer 2024 county centroid,0.1,0.08,0.08,0,2.09,,1,1124,784,0.47,0,1.96,,0.03,2,Cattle and Calves Market Value Share
FL,Charlotte County,12015,26.906396,-82.003657,county_centroid,681.117,266.119,2022,USDA NASS 2022 Ag Census Web Maps,Census Gazetteer 2024 county centroid,53.02,12.84,0.06,0,6.94,,13,8276,5724,,0,,,28.21,4,"Vegetables, Melons, Potatoes, and Sweet Potatoes Market Value Share"
FL,Citrus County,12017,28.850292,-82.595552,county_centroid,581.934,378.808,2022,USDA NASS 2022 Ag Census Web Maps,Census Gazetteer 2024 county centroid,0.31,29.3,,,13.53,0.2,20,6616,4320,1.06,0,0,0,0.22,2,"Fruits, Tree Nuts, and Berries Market Value Share"
FL,Clay County,12019,29.986584,-81.865036,county_centroid,604.598,38.946,2022,USDA NASS 2022 Ag Census Web Maps,Census Gazetteer 2024 county centroid,2.17,4.3499999999999996,1.87,0,42.72,0.38,18,4927,3193,0,0,0,0,3.52,0,Cattle and Calves Market Value Share
FL,Collier County,12021,26.118786,-81.400955,county_centroid,1996.995,608.045,2022,USDA NASS 2022 Ag Census Web Maps,Census Gazetteer 2024 county centroid,71.09,6.72,0.01,0,1.06,0,6,6100,4568,0.67,0,0.23,,57.23,1,"Vegetables, Melons, Potatoes, and Sweet Potatoes Market Value Share"
FL,Columbia County,12023,30.221651,-82.623371,county_centroid,797.377,3.941,2022,USDA NASS 2022 Ag Census Web Maps,Census Gazetteer 2024 county centroid,,2.16,,,13.1,7.0000000000000007E-2,33,10678,9794,8.64,2.4900000000000002,,0.03,1.59,4,Cattle and Calves Market Value Share
FL,DeSoto County,12027,27.190581,-81.806253,county_centroid,636.695,2.411,2022,USDA NASS 2022 Ag Census Web Maps,Census Gazetteer 2024 county centroid,15,41.24,0.04,2.56,11.83,0.01,22,40562,34130,0.45,0,0.45,0,5.88,0,"Fruits, Tree Nuts, and Berries Market Value Share"
FL,Dixie County,12029,29.552675,-83.236232,county_centroid,705.035,338.359,2022,USDA NASS 2022 Ag Census Web Maps,Census Gazetteer 2024 county centroid,,,,0,9.33,0.1,7,2501,1621,,0,0,,,6,Cattle and Calves Market Value Share
FL,Duval County,12031,30.335245,-81.648113,county_centroid,762.623,155.841,2022,USDA NASS 2022 Ag Census Web Maps,Census Gazetteer 2024 county centroid,4.08,5.12,1.38,0,14.39,,14,1937,1288,0,0,0,0.04,3.55,1,Cattle and Calves Market Value Share
FL,Escambia County,12033,30.529998,-87.320322,county_centroid,656.997,468.713,2022,USDA NASS 2022 Ag Census Web Maps,Census Gazetteer 2024 county centroid,3.03,1.98,0.19,,10.94,,12,2986,5252,5.93,,,0.01,0.72,4,Cattle and Calves Market Value Share
FL,Flagler County,12035,29.474891,-81.286253,county_centroid,486.191,84.637,2022,USDA NASS 2022 Ag Census Web Maps,Census Gazetteer 2024 county centroid,63.33,0.06,0.01,0,3.23,0,7,3413,2372,,0,0,14.57,55.91,1,"Vegetables, Melons, Potatoes, and Sweet Potatoes Market Value Share"
FL,Franklin County,12037,29.677794,-84.815213,county_centroid,544.999,876.606,2022,USDA NASS 2022 Ag Census Web Maps,Census Gazetteer 2024 county centroid,1.02,3.39,0,0,12.28,0,,,161,0,0,0,0,3.71,2,Cattle and Calves Market Value Share
FL,Gadsden County,12039,30.578687,-84.612607,county_centroid,516.375,12.153,2022,USDA NASS 2022 Ag Census Web Maps,Census Gazetteer 2024 county centroid,42.28,4.6500000000000004,,0.14000000000000001,,0.01,6,2907,1795,2.5499999999999998,0,0,,17.18,3,"Vegetables, Melons, Potatoes, and Sweet Potatoes Market Value Share"
FL,Gilchrist County,12041,29.723456,-82.795801,county_centroid,349.695,5.545,2022,USDA NASS 2022 Ag Census Web Maps,Census Gazetteer 2024 county centroid,24.58,0.33,0.05,59.26,5.39,,35,25102,19491,4.32,,,0,20.27,3,Milk from Cows Market Value Share
FL,Glades County,12043,26.95481,-81.19082,county_centroid,806.822,180.424,2022,USDA NASS 2022 Ag Census Web Maps,Census Gazetteer 2024 county centroid,15.04,,0.02,,,0.01,17,39945,29999,,0,0.04,0,13.35,4,"Vegetables, Melons, Potatoes, and Sweet Potatoes Market Value Share"
FL,Gulf County,12045,29.859238,-85.272013,county_centroid,553.467,241.083,2022,USDA NASS 2022 Ag Census Web Maps,Census Gazetteer 2024 county centroid,0.26,1.0900000000000001,,0,14.16,0,,1015,581,0,0,0,0,0.32,2,Cattle and Calves Market Value Share
FL,Hamilton County,12047,30.498438,-82.951116,county_centroid,514.295,4.761,2022,USDA NASS 2022 Ag Census Web Maps,Census Gazetteer 2024 county centroid,35.229999999999997,0.68,42.48,0,6.67,,10,3959,4128,2.0499999999999998,0,1.33,0,32.51,1,Poultry and Eggs Market Value Share
FL,Hardee County,12049,27.492846,-81.82158,county_centroid,637.569,0.569,2022,USDA NASS 2022 Ag Census Web Maps,Census Gazetteer 2024 county centroid,17.57,29.49,0.02,13.37,13.23,0,25,47196,41507,0,0,0,0,7.03,0,"Fruits, Tree Nuts, and Berries Market Value Share"
FL,Hendry County,12051,26.539967,-81.152114,county_centroid,1155.95,33.428,2022,USDA NASS 2022 Ag Census Web Maps,Census Gazetteer 2024 county centroid,33.78,15.17,,0,3.82,,11,42542,31735,,,,0,11.53,5,"Vegetables, Melons, Potatoes, and Sweet Potatoes Market Value Share"
FL,Hernando County,12053,28.555995,-82.525969,county_centroid,472.967,242.44,2022,USDA NASS 2022 Ag Census Web Maps,Census Gazetteer 2024 county centroid,5.89,4.79,1.1200000000000001,0,8.85,,14,6296,5224,0,0,0,0,,2,Cattle and Calves Market Value Share
FL,Highlands County,12055,27.34108,-81.342353,county_centroid,1017.664,89.057,2022,USDA NASS 2022 Ag Census Web Maps,Census Gazetteer 2024 county centroid,6.6,32.049999999999997,0.02,,11.51,0.01,19,46388,36564,0,0,0,,3.45,2,"Fruits, Tree Nuts, and Berries Market Value Share"
FL,Hillsborough County,12057,27.893154,-82.379991,county_centroid,1022.537,305.284,2022,USDA NASS 2022 Ag Census Web Maps,Census Gazetteer 2024 county centroid,11.96,62.57,,,1.39,0.05,16,20520,13950,0.12,,,,17.420000000000002,5,"Fruits, Tree Nuts, and Berries Market Value Share"
FL,Holmes County,12059,30.862007,-85.815939,county_centroid,478.858,10.189,2022,USDA NASS 2022 Ag Census Web Maps,Census Gazetteer 2024 county centroid,0.4,3.47,15.02,,18.72,0.06,15,7193,7493,7.33,,10.74,0,0.14000000000000001,2,Cattle and Calves Market Value Share
FL,Indian River County,12061,27.700528,-80.574789,county_centroid,502.553,114.073,2022,USDA NASS 2022 Ag Census Web Maps,Census Gazetteer 2024 county centroid,5.21,50.82,0.05,0,5.55,,14,14109,8166,0,0,0,0,4.87,1,"Fruits, Tree Nuts, and Berries Market Value Share"
FL,Jackson County,12063,30.789249,-85.208814,county_centroid,918.238,36.326,2022,USDA NASS 2022 Ag Census Web Maps,Census Gazetteer 2024 county centroid,17.440000000000001,1.05,8.1999999999999993,,14.58,0.04,13,20355,18405,8.0399999999999991,0,4.71,0.01,5.89,1,"Vegetables, Melons, Potatoes, and Sweet Potatoes Market Value Share"
FL,Jefferson County,12065,30.396898,-83.921761,county_centroid,598.079,74.542,2022,USDA NASS 2022 Ag Census Web Maps,Census Gazetteer 2024 county centroid,0.28999999999999998,5.69,0.22,,,0.03,15,17095,14403,2.54,0,7.52,0.02,0.33,2,Soybeans Harvested Share of Harvested Cropland
FL,Lafayette County,12067,29.990066,-83.17851,county_centroid,543.345,4.563,2022,USDA NASS 2022 Ag Census Web Maps,Census Gazetteer 2024 county centroid,14.07,4.0999999999999996,44.51,14.14,5.71,,16,12507,11182,27.27,0,,0.02,9.5,2,Poultry and Eggs Market Value Share
FL,Lake County,12069,28.764113,-81.712282,county_centroid,952.139,204.623,2022,USDA NASS 2022 Ag Census Web Maps,Census Gazetteer 2024 county centroid,3.61,7.18,,,2.72,0.03,16,16357,9822,,0,0,,3.58,4,"Fruits, Tree Nuts, and Berries Market Value Share"
FL,Lee County,12071,26.563273,-81.984182,county_centroid,781.154,733.675,2022,USDA NASS 2022 Ag Census Web Maps,Census Gazetteer 2024 county centroid,44.07,10.02,0.19,0,2.27,0.08,11,6464,4653,27.97,0,8.16,,27.58,1,"Vegetables, Melons, Potatoes, and Sweet Potatoes Market Value Share"
FL,Leon County,12073,30.45931,-84.2778,county_centroid,668.428,33.365,2022,USDA NASS 2022 Ag Census Web Maps,Census Gazetteer 2024 county centroid,,13.65,0.91,0,3.88,,3,1095,738,15.03,0,0,,0.48,3,Corn Grain Harvested Share of Harvested Cropland
FL,Levy County,12075,29.271854,-82.831233,county_centroid,1118.255,472.701,2022,USDA NASS 2022 Ag Census Web Maps,Census Gazetteer 2024 county centroid,15.97,2.14,0.1,,15.36,,23,26369,24667,2.06,0,0,0.01,6.16,2,"Vegetables, Melons, Potatoes, and Sweet Potatoes Market Value Share"
FL,Liberty County,12077,30.259849,-84.86858,county_centroid,835.563,7.561,2022,USDA NASS 2022 Ag Census Web Maps,Census Gazetteer 2024 county centroid,2.94,2.39,1.03,0,11.51,1.3,3,758,529,,,0,,4.7,3,Cattle and Calves Market Value Share
FL,Madison County,12079,30.447233,-83.470416,county_centroid,696.529,19.164,2022,USDA NASS 2022 Ag Census Web Maps,Census Gazetteer 2024 county centroid,20.12,,26.04,,,0.17,17,16495,14429,18.96,0,4.6399999999999997,,8.26,4,Poultry and Eggs Market Value Share
FL,Manatee County,12081,27.475556,-82.393144,county_centroid,742.762,221.268,2022,USDA NASS 2022 Ag Census Web Maps,Census Gazetteer 2024 county centroid,39.78,18.059999999999999,7.0000000000000007E-2,,3.61,0,18,25633,17938,,0,0,,50.49,3,Vegetables Harvested Share of Harvested Cropland
FL,Marion County,12083,29.202805,-82.0431,county_centroid,1588.434,74.228,2022,USDA NASS 2022 Ag Census Web Maps,Census Gazetteer 2024 county centroid,9.76,1.33,0.23,0,6.65,,14,25962,18717,0.03,0,0.2,,7.32,2,"Vegetables, Melons, Potatoes, and Sweet Potatoes Market Value Share"
FL,Martin County,12085,27.083604,-80.398201,county_centroid,543.823,209.301,2022,USDA NASS 2022 Ag Census Web Maps,Census Gazetteer 2024 county centroid,19.5,1.24,7.0000000000000007E-2,0,8.2200000000000006,0.01,14,16672,12924,0,0,,,8.6300000000000008,2,"Vegetables, Melons, Potatoes, and Sweet Potatoes Market Value Share"
FL,Miami-Dade County,12086,25.616009,-80.50375,county_centroid,1899.954,489.367,2022,USDA NASS 2022 Ag Census Web Maps,Census Gazetteer 2024 county centroid,7.77,6.24,0.33,0,0.18,0,11,3044,2634,0.11,0,0.04,,32.85,1,Vegetables Harvested Share of Harvested Cropland
FL,Monroe County,12087,25.58612,-81.022603,county_centroid,983.034,4306.531,2022,USDA NASS 2022 Ag Census Web Maps,Census Gazetteer 2024 county centroid,0,,0,0,,0,,,,57.53,0,24.66,0,0,5,Corn Grain Harvested Share of Harvested Cropland
FL,Nassau County,12089,30.605963,-81.765087,county_centroid,648.681,77.24,2022,USDA NASS 2022 Ag Census Web Maps,Census Gazetteer 2024 county centroid,,2.48,,,,0.31,10,3045,2018,0,0,0,0.02,0.69,4,"Fruits, Tree Nuts, and Berries Market Value Share"
FL,Okaloosa County,12091,30.614325,-86.59108,county_centroid,929.826,316.864,2022,USDA NASS 2022 Ag Census Web Maps,Census Gazetteer 2024 county centroid,3.3,19.41,0.68,0,11.87,0.56999999999999995,6,1544,1070,4.76,0,4.6900000000000004,0,0.33,0,"Fruits, Tree Nuts, and Berries Market Value Share"
FL,Okeechobee County,12093,27.385592,-80.887388,county_centroid,769.286,122.751,2022,USDA NASS 2022 Ag Census Web Maps,Census Gazetteer 2024 county centroid,1.61,0.68,,57.44,18.22,0.05,48,98198,71325,,0,0,0,2.66,2,Milk from Cows Market Value Share
FL,Orange County,12095,28.514391,-81.323284,county_centroid,903.032,100.403,2022,USDA NASS 2022 Ag Census Web Maps,Census Gazetteer 2024 county centroid,7.0000000000000007E-2,1.56,0.05,0,2.87,,14,12475,10035,0.06,0,0,0.01,0.46,1,Cattle and Calves Market Value Share
FL,Osceola County,12097,28.059027,-81.139312,county_centroid,1327.5,178.477,2022,USDA NASS 2022 Ag Census Web Maps,Census Gazetteer 2024 county centroid,,6.89,0.03,0,59.53,0.01,17,64821,54134,0,0.71,0,,,3,Cattle and Calves Market Value Share
FL,Palm Beach County,12099,26.649126,-80.448354,county_centroid,1964.32,418.88,2022,USDA NASS 2022 Ag Census Web Maps,Census Gazetteer 2024 county centroid,37.659999999999997,0.33,0.02,,0.22,,3,11345,3304,,0,0.01,0,23.02,3,"Vegetables, Melons, Potatoes, and Sweet Potatoes Market Value Share"
FL,Pasco County,12101,28.309823,-82.511006,county_centroid,746.606,267.984,2022,USDA NASS 2022 Ag Census Web Maps,Census Gazetteer 2024 county centroid,,32.71,37.93,0,7.21,,26,23340,12868,,0,0,0,0.09,3,Poultry and Eggs Market Value Share
FL,Pinellas County,12103,27.905342,-82.798066,county_centroid,273.789,593.039,2022,USDA NASS 2022 Ag Census Web Maps,Census Gazetteer 2024 county centroid,,30.49,0.59,0,0.56999999999999995,,,,58,53.21,0,,0,,6,Corn Grain Harvested Share of Harvested Cropland
FL,Polk County,12105,27.953686,-81.693493,county_centroid,1798.235,212.177,2022,USDA NASS 2022 Ag Census Web Maps,Census Gazetteer 2024 county centroid,6.07,52.04,,,10.039999999999999,0.06,20,58546,44675,,0,,,2.4300000000000002,5,"Fruits, Tree Nuts, and Berries Market Value Share"
FL,Putnam County,12107,29.593896,-81.732039,county_centroid,728.392,98.529,2022,USDA NASS 2022 Ag Census Web Maps,Census Gazetteer 2024 county centroid,44.56,2.1,,,6.87,0.12,10,8343,6670,0,0,0,28.84,44.09,2,"Vegetables, Melons, Potatoes, and Sweet Potatoes Market Value Share"
FL,St. Johns County,12109,29.890487,-81.40004,county_centroid,600.645,220.891,2022,USDA NASS 2022 Ag Census Web Maps,Census Gazetteer 2024 county centroid,66.930000000000007,,0.04,0,0.4,,3,584,295,16.68,0,0,44.46,81.209999999999994,2,Vegetables Harvested Share of Harvested Cropland
FL,St. Lucie County,12111,27.379814,-80.443536,county_centroid,571.874,116.126,2022,USDA NASS 2022 Ag Census Web Maps,Census Gazetteer 2024 county centroid,0.21,73.83,,0,8.49,7.0000000000000007E-2,20,18139,14016,0,0,0,0,0.19,1,"Fruits, Tree Nuts, and Berries Market Value Share"
FL,Santa Rosa County,12113,30.675348,-87.018919,county_centroid,1012.402,209.767,2022,USDA NASS 2022 Ag Census Web Maps,Census Gazetteer 2024 county centroid,1.47,1.48,0.3,0,3.34,7.0000000000000007E-2,8,3878,2910,6.11,0.89,1.07,0.01,0.3,0,Corn Grain Harvested Share of Harvested Cropland
FL,Sarasota County,12115,27.225329,-82.423714,county_centroid,556.026,419.526,2022,USDA NASS 2022 Ag Census Web Maps,Census Gazetteer 2024 county centroid,30.73,16.75,0.14000000000000001,0,12.16,,20,10092,7586,0,0,0,0,,2,"Vegetables, Melons, Potatoes, and Sweet Potatoes Market Value Share"
FL,Seminole County,12117,28.690065,-81.131975,county_centroid,309.368,35.971,2022,USDA NASS 2022 Ag Census Web Maps,Census Gazetteer 2024 county centroid,,3.7,,0,6.7,,23,2244,1618,0,0,0,,0.39,4,Cattle and Calves Market Value Share
FL,Sumter County,12119,28.713326,-82.069522,county_centroid,557.144,22.685,2022,USDA NASS 2022 Ag Census Web Maps,Census Gazetteer 2024 county centroid,2.87,7.34,,,13.07,0.02,23,22846,16709,,0,0,,1.96,4,Cattle and Calves Market Value Share
FL,Suwannee County,12121,30.189244,-82.992754,county_centroid,688.586,3.67,2022,USDA NASS 2022 Ag Census Web Maps,Census Gazetteer 2024 county centroid,3.93,0.56999999999999995,52.48,15.7,3.95,0.01,20,22006,15319,8.61,1.29,0.76,0.71,3.48,0,Poultry and Eggs Market Value Share
FL,Taylor County,12123,29.967146,-83.639573,county_centroid,1043.337,468.562,2022,USDA NASS 2022 Ag Census Web Maps,Census Gazetteer 2024 county centroid,0.26,2.39,85,0,6.64,0.11,9,2704,2187,0,0,0,,0.73,1,Poultry and Eggs Market Value Share
FL,Union County,12125,30.05428,-82.366918,county_centroid,243.555,6.197,2022,USDA NASS 2022 Ag Census Web Maps,Census Gazetteer 2024 county centroid,16.77,14.38,0.71,0,27.93,,20,4797,2954,0.41,0,4.09,,2.92,2,Cattle and Calves Market Value Share
FL,Volusia County,12127,29.057769,-81.161792,county_centroid,1101.116,331.321,2022,USDA NASS 2022 Ag Census Web Maps,Census Gazetteer 2024 county centroid,0.48,,0.12,0,1.1499999999999999,,10,6618,4308,,0,,,2.75,5,Vegetables Harvested Share of Harvested Cropland
FL,Wakulla County,12129,30.091335,-84.359111,county_centroid,606.418,310.469,2022,USDA NASS 2022 Ag Census Web Maps,Census Gazetteer 2024 county centroid,0.66,2.85,4.82,0,3.55,0.17,,675,590,0.92,0,0,,1.42,2,Poultry and Eggs Market Value Share
FL,Walton County,12131,30.571247,-86.162798,county_centroid,1038.304,371.145,2022,USDA NASS 2022 Ag Census Web Maps,Census Gazetteer 2024 county centroid,0.99,7.39,62.18,0,5.66,,8,4397,3149,4.12,0,4.1100000000000003,0,0.38,1,Poultry and Eggs Market Value Share
FL,Washington County,12133,30.602102,-85.655805,county_centroid,584.677,31.277,2022,USDA NASS 2022 Ag Census Web Maps,Census Gazetteer 2024 county centroid,,5.3,1.45,,28.02,0.11,18,5594,2850,4.21,,4.4800000000000004,0.02,0.38,3,Cattle and Calves Market Value Share
GA,Appling County,13001,31.739726,-82.290102,county_centroid,508.263,3.999,2022,USDA NASS 2022 Ag Census Web Maps,Census Gazetteer 2024 county centroid,0.12,8.35,65.92,0,0.99,,6,4837,2443,4.51,3.34,2.63,,0.06,2,Poultry and Eggs Market Value Share
GA,Atkinson County,13003,31.296806,-82.878151,county_centroid,342.721,1.813,2022,USDA NASS 2022 Ag Census Web Maps,Census Gazetteer 2024 county centroid,,14.39,42.28,0,3.46,,10,5063,4022,8.07,,,,0.03,5,Poultry and Eggs Market Value Share
GA,Bacon County,13005,31.55021,-82.451433,county_centroid,284.085,1.738,2022,USDA NASS 2022 Ag Census Web Maps,Census Gazetteer 2024 county centroid,0.11,40.5,40.18,0,1.91,0,10,4043,3134,4.17,,0.98,0,0.05,1,"Fruits, Tree Nuts, and Berries Market Value Share"
GA,Baker County,13007,31.31958,-84.454881,county_centroid,341.957,7.181,2022,USDA NASS 2022 Ag Census Web Maps,Census Gazetteer 2024 county centroid,0.03,,18.82,0,5.74,,6,3625,3143,26.14,0,0.61,,0.01,3,Corn Grain Harvested Share of Harvested Cropland
GA,Baldwin County,13009,33.05949,-83.255457,county_centroid,258.699,9.577,2022,USDA NASS 2022 Ag Census Web Maps,Census Gazetteer 2024 county centroid,,,0.3,0,37.409999999999997,0,8,1209,1018,0,0,0,0,,3,Cattle and Calves Market Value Share
GA,Banks County,13011,34.351922,-83.498441,county_centroid,232.657,1.79,2022,USDA NASS 2022 Ag Census Web Maps,Census Gazetteer 2024 county centroid,,,96.07,0.31,2.33,,25,7798,6411,2.44,0,,,0.05,5,Poultry and Eggs Market Value Share
GA,Barrow County,13013,33.992009,-83.712303,county_centroid,161.052,1.88,2022,USDA NASS 2022 Ag Census Web Maps,Census Gazetteer 2024 county centroid,0.35,0.03,96.3,0,2.5,0.01,33,4071,3227,0,0,0,,0.84,1,Poultry and Eggs Market Value Share
GA,Bartow County,13015,34.240917,-84.838188,county_centroid,458.912,10.566,2022,USDA NASS 2022 Ag Census Web Maps,Census Gazetteer 2024 county centroid,0.18,0.13,65.319999999999993,0,13.13,0,26,6698,13155,6.63,0,12.04,0,0.11,0,Poultry and Eggs Market Value Share
GA,Ben Hill County,13017,31.740772,-83.147197,county_centroid,250.118,3.789,2022,USDA NASS 2022 Ag Census Web Maps,Census Gazetteer 2024 county centroid,,4.18,28.25,0,2.36,,4,980,804,16.02,0,,0,2.33,3,Poultry and Eggs Market Value Share
GA,Berrien County,13019,31.288652,-83.22787,county_centroid,453.376,4.506,2022,USDA NASS 2022 Ag Census Web Maps,Census Gazetteer 2024 county centroid,,14.17,30.71,,4.25,,7,4418,5337,8.5500000000000007,1.01,0.49,,1.1499999999999999,4,Poultry and Eggs Market Value Share
GA,Bibb County,13021,32.80899,-83.69406,county_centroid,249.383,5.523,2022,USDA NASS 2022 Ag Census Web Maps,Census Gazetteer 2024 county centroid,0.02,0.75,96.5,0,1.8,0,15,566,412,0,0,0,0,0.53,0,Poultry and Eggs Market Value Share
GA,Bleckley County,13023,32.435403,-83.331717,county_centroid,215.878,3.253,2022,USDA NASS 2022 Ag Census Web Maps,Census Gazetteer 2024 county centroid,19.46,,,0,3.53,,4,840,793,9.44,,11.96,0,2.2799999999999998,4,"Vegetables, Melons, Potatoes, and Sweet Potatoes Market Value Share"
GA,Brantley County,13025,31.197334,-81.982978,county_centroid,443.235,3.974,2022,USDA NASS 2022 Ag Census Web Maps,Census Gazetteer 2024 county centroid,7.0000000000000007E-2,17.04,,,,0.1,6,1249,911,6.67,0,,0,0.27,4,"Fruits, Tree Nuts, and Berries Market Value Share"
GA,Brooks County,13027,30.822934,-83.581905,county_centroid,493.184,4.616,2022,USDA NASS 2022 Ag Census Web Maps,Census Gazetteer 2024 county centroid,15.39,1.72,13.1,22.91,3.04,,6,10266,7470,4.74,1.61,12.91,0,3.91,1,Milk from Cows Market Value Share
GA,Bryan County,13029,32.017969,-81.438543,county_centroid,437.564,16.892,2022,USDA NASS 2022 Ag Census Web Maps,Census Gazetteer 2024 county centroid,2.7,,3.11,0,14.43,,4,539,604,9.08,7.27,0.23,0,0.28999999999999998,2,Cattle and Calves Market Value Share
GA,Bulloch County,13031,32.394498,-81.741449,county_centroid,675.963,12.675,2022,USDA NASS 2022 Ag Census Web Maps,Census Gazetteer 2024 county centroid,,1.01,16.989999999999998,,1.47,,3,2848,2426,3.69,3.51,3.1,0,0.04,3,Poultry and Eggs Market Value Share
GA,Burke County,13033,33.060181,-82.000164,county_centroid,827.042,7.94,2022,USDA NASS 2022 Ag Census Web Maps,Census Gazetteer 2024 county centroid,0.61,0.48,0.11,37.869999999999997,4.7699999999999996,0.02,12,15353,9310,20.440000000000001,3.06,3.33,0.01,0.26,0,Milk from Cows Market Value Share
GA,Butts County,13035,33.290355,-83.958221,county_centroid,183.69,4.351,2022,USDA NASS 2022 Ag Census Web Maps,Census Gazetteer 2024 county centroid,,1.1599999999999999,,0,32.26,0,18,1943,2119,,,,0,,6,Cattle and Calves Market Value Share
GA,Calhoun County,13037,31.521279,-84.62629,county_centroid,280.384,3.194,2022,USDA NASS 2022 Ag Census Web Maps,Census Gazetteer 2024 county centroid,,,,0,,,4,2993,2341,29.3,4.01,0,,,7,Corn Grain Harvested Share of Harvested Cropland
GA,Camden County,13039,30.913358,-81.642019,county_centroid,630.272,151.636,2022,USDA NASS 2022 Ag Census Web Maps,Census Gazetteer 2024 county centroid,7.53,52.63,2.37,,11.84,,4,255,172,4.8899999999999997,0,0,0.51,10.31,2,"Fruits, Tree Nuts, and Berries Market Value Share"
GA,Candler County,13043,32.40395,-82.071266,county_centroid,243.059,5.799,2022,USDA NASS 2022 Ag Census Web Maps,Census Gazetteer 2024 county centroid,,5.32,8.84,,3.08,,4,1957,1408,4.2300000000000004,,1.64,,,6,Poultry and Eggs Market Value Share
GA,Carroll County,13045,33.582237,-85.080527,county_centroid,499.116,4.588,2022,USDA NASS 2022 Ag Census Web Maps,Census Gazetteer 2024 county centroid,,0.21,88.16,,2.35,0.01,23,12042,11584,10.49,0,6.89,0.01,0.3,2,Poultry and Eggs Market Value Share
GA,Catoosa County,13047,34.900212,-85.139385,county_centroid,162.162,0.298,2022,USDA NASS 2022 Ag Census Web Maps,Census Gazetteer 2024 county centroid,0.56999999999999995,0.2,92.73,,4.01,,23,2702,1931,0,0,1.1399999999999999,0,1.8,2,Poultry and Eggs Market Value Share
GA,Charlton County,13049,30.779904,-82.139644,county_centroid,780.087,2.302,2022,USDA NASS 2022 Ag Census Web Maps,Census Gazetteer 2024 county centroid,,,,0,22.61,,7,963,750,1.91,0,0,0,,5,Cattle and Calves Market Value Share
GA,Chatham County,13051,31.980404,-81.085184,county_centroid,432.719,197.255,2022,USDA NASS 2022 Ag Census Web Maps,Census Gazetteer 2024 county centroid,,,9.9600000000000009,0,0.59,0,3,104,74,0,0,0,0,2.82,2,Poultry and Eggs Market Value Share
GA,Chattahoochee County,13053,32.347445,-84.788021,county_centroid,248.737,2.424,2022,USDA NASS 2022 Ag Census Web Maps,Census Gazetteer 2024 county centroid,,,,,,,0,0,0,,,,,,11,No dominant food signal
GA,Chattooga County,13055,34.474178,-85.345289,county_centroid,313.327,0.22,2022,USDA NASS 2022 Ag Census Web Maps,Census Gazetteer 2024 county centroid,0.34,0.05,92.53,0,2.13,0.01,16,4309,2933,19.77,,5.62,0,0.22,1,Poultry and Eggs Market Value Share
GA,Cherokee County,13057,34.244317,-84.475057,county_centroid,420.955,13.286,2022,USDA NASS 2022 Ag Census Web Maps,Census Gazetteer 2024 county centroid,1,1.52,67.81,,3.71,0.02,11,1764,1315,4.03,0,0,,0.54,2,Poultry and Eggs Market Value Share
GA,Clarke County,13059,33.952185,-83.367152,county_centroid,119.3,1.844,2022,USDA NASS 2022 Ag Census Web Maps,Census Gazetteer 2024 county centroid,0.06,0.01,91.83,0,0.34,0,16,417,263,0,0,0,,0.7,1,Poultry and Eggs Market Value Share
GA,Clay County,13061,31.619831,-84.992583,county_centroid,195.404,21.833,2022,USDA NASS 2022 Ag Census Web Maps,Census Gazetteer 2024 county centroid,0,0.02,,,,,9,2159,1544,11.25,,10.33,0,0.01,5,Corn Grain Harvested Share of Harvested Cropland
GA,Clayton County,13063,33.552242,-84.412973,county_centroid,141.703,2.67,2022,USDA NASS 2022 Ag Census Web Maps,Census Gazetteer 2024 county centroid,,,2.4,0,,0,,,,0,0,0,,,8,Poultry and Eggs Market Value Share
GA,Clinch County,13065,30.917653,-82.702614,county_centroid,815.,8.993,2022,USDA NASS 2022 Ag Census Web Maps,Census Gazetteer 2024 county centroid,,83.71,,0,,0,9,1734,,8.7200000000000006,0,,0,,6,"Fruits, Tree Nuts, and Berries Market Value Share"
GA,Cobb County,13067,33.939926,-84.57411,county_centroid,339.69,4.647,2022,USDA NASS 2022 Ag Census Web Maps,Census Gazetteer 2024 county centroid,3.2,0.49,2.02,0,0.16,0,2,,,,,,,,7,"Vegetables, Melons, Potatoes, and Sweet Potatoes Market Value Share"
GA,Coffee County,13069,31.549245,-82.84494,county_centroid,592.249,10.401,2022,USDA NASS 2022 Ag Census Web Maps,Census Gazetteer 2024 county centroid,,4.62,62.29,0,1.51,1.08,7,6555,6276,8.66,0.21,1.77,,0.11,2,Poultry and Eggs Market Value Share
GA,Colquitt County,13071,31.189707,-83.769773,county_centroid,547.067,9.572,2022,USDA NASS 2022 Ag Census Web Maps,Census Gazetteer 2024 county centroid,21.96,1.25,49.72,0,0.82,,6,5781,4506,4.97,4.7,1.32,0,13.06,1,Poultry and Eggs Market Value Share
GA,Columbia County,13073,33.552075,-82.249608,county_centroid,290.194,17.508,2022,USDA NASS 2022 Ag Census Web Maps,Census Gazetteer 2024 county centroid,1.56,1.94,0.72,0,8.32,,5,712,644,0,0,,0,1.1000000000000001,2,Cattle and Calves Market Value Share
GA,Cook County,13075,31.152516,-83.429445,county_centroid,228.454,4.749,2022,USDA NASS 2022 Ag Census Web Maps,Census Gazetteer 2024 county centroid,11.51,2.09,48.4,0,2.14,0,8,3495,3081,12.04,2.2599999999999998,4.62,0,4.1500000000000004,0,Poultry and Eggs Market Value Share
GA,Coweta County,13077,33.352897,-84.762138,county_centroid,440.996,4.894,2022,USDA NASS 2022 Ag Census Web Maps,Census Gazetteer 2024 county centroid,2.59,3.52,0.53,0,12.1,0.01,11,3247,2398,,,4.43,0,0.41,2,Cattle and Calves Market Value Share
GA,Crawford County,13079,32.709448,-83.979168,county_centroid,324.914,1.539,2022,USDA NASS 2022 Ag Census Web Maps,Census Gazetteer 2024 county centroid,0.05,7.09,89.69,,1.25,0.01,9,1505,1430,,0,1.24,0,0.17,2,Poultry and Eggs Market Value Share
GA,Crisp County,13081,31.920268,-83.75653,county_centroid,272.68,8.266,2022,USDA NASS 2022 Ag Census Web Maps,Census Gazetteer 2024 county centroid,9.52,,,0,,,10,4262,8265,3.35,3.03,0.93,0,2.11,4,"Vegetables, Melons, Potatoes, and Sweet Potatoes Market Value Share"
GA,Dade County,13083,34.852424,-85.506201,county_centroid,174.076,0.189,2022,USDA NASS 2022 Ag Census Web Maps,Census Gazetteer 2024 county centroid,0.13,0.46,96.16,0,1.8,0.01,9,1490,1273,6.97,0,0,,0.24,1,Poultry and Eggs Market Value Share
GA,Dawson County,13085,34.442608,-84.173261,county_centroid,210.828,3.58,2022,USDA NASS 2022 Ag Census Web Maps,Census Gazetteer 2024 county centroid,,0.06,98.13,,1.01,,25,2429,1701,11.04,,,0,0.45,5,Poultry and Eggs Market Value Share
GA,Decatur County,13087,30.880643,-84.58389,county_centroid,597.239,25.929,2022,USDA NASS 2022 Ag Census Web Maps,Census Gazetteer 2024 county centroid,40.14,0.76,8.15,,,0,10,9068,6416,14.89,2.66,1.3,,13.84,3,"Vegetables, Melons, Potatoes, and Sweet Potatoes Market Value Share"
GA,DeKalb County,13089,33.770661,-84.226343,county_centroid,267.666,3.417,2022,USDA NASS 2022 Ag Census Web Maps,Census Gazetteer 2024 county centroid,5.13,4.51,0,0,0,0,0,0,0,0,0,0,0,18.97,0,Vegetables Harvested Share of Harvested Cropland
GA,Dodge County,13091,32.164369,-83.167866,county_centroid,495.969,7.148,2022,USDA NASS 2022 Ag Census Web Maps,Census Gazetteer 2024 county centroid,9.69,2.94,,0,,0.12,8,3893,2502,6.64,,,0.02,3.74,4,"Vegetables, Melons, Potatoes, and Sweet Potatoes Market Value Share"
GA,Dooly County,13093,32.151995,-83.807167,county_centroid,392.631,4.688,2022,USDA NASS 2022 Ag Census Web Maps,Census Gazetteer 2024 county centroid,1.5,2.02,9.9600000000000009,,0.77,,1,1853,1529,3.18,4.2699999999999996,2.62,,0.36,3,Poultry and Eggs Market Value Share
GA,Dougherty County,13095,31.532588,-84.20904,county_centroid,328.644,5.928,2022,USDA NASS 2022 Ag Census Web Maps,Census Gazetteer 2024 county centroid,,73.58,,0,,,4,1270,882,,,0,0,0.18,6,"Fruits, Tree Nuts, and Berries Market Value Share"
GA,Douglas County,13097,33.701242,-84.767314,county_centroid,200.136,0.919,2022,USDA NASS 2022 Ag Census Web Maps,Census Gazetteer 2024 county centroid,2.88,,1.66,36.51,30.34,0.12,34,1450,1807,,0,0,,1.06,3,Milk from Cows Market Value Share
GA,Early County,13099,31.324191,-84.906723,county_centroid,512.6,3.746,2022,USDA NASS 2022 Ag Census Web Maps,Census Gazetteer 2024 county centroid,0.98,,,0,,,9,7450,7921,13.53,2.41,3.09,0,0.23,4,Corn Grain Harvested Share of Harvested Cropland
GA,Echols County,13101,30.714008,-82.897376,county_centroid,420.407,0.313,2022,USDA NASS 2022 Ag Census Web Maps,Census Gazetteer 2024 county centroid,44.98,,5.86,0,12.12,0.09,29,4667,1728,3.49,0,7.08,0,21.6,1,"Vegetables, Melons, Potatoes, and Sweet Potatoes Market Value Share"
GA,Effingham County,13103,32.361688,-81.343355,county_centroid,478.83,4.074,2022,USDA NASS 2022 Ag Census Web Maps,Census Gazetteer 2024 county centroid,2.4,1.25,0.97,0,1.45,0.04,3,730,363,5.03,,2.31,0.02,0.13,1,Corn Grain Harvested Share of Harvested Cropland
GA,Elbert County,13105,34.116415,-82.841892,county_centroid,351.103,23.113,2022,USDA NASS 2022 Ag Census Web Maps,Census Gazetteer 2024 county centroid,0.02,0.01,95.34,0,1.38,0,12,5604,3710,,20.329999999999998,19.059999999999999,0,0.05,1,Poultry and Eggs Market Value Share
GA,Emanuel County,13107,32.5912,-82.300195,county_centroid,680.574,9.61,2022,USDA NASS 2022 Ag Census Web Maps,Census Gazetteer 2024 county centroid,,9.6300000000000008,0.31,0,3.18,0.2,3,2186,1449,4.26,12.31,6.56,0.01,0.1,1,All Wheat Harvested Share of Harvested Cropland
GA,Evans County,13109,32.153083,-81.890153,county_centroid,182.893,3.977,2022,USDA NASS 2022 Ag Census Web Maps,Census Gazetteer 2024 county centroid,11.37,,45.52,0,,0,9,2836,2934,13.8,0,0.78,,5.0599999999999996,3,Poultry and Eggs Market Value Share
GA,Fannin County,13111,34.866543,-84.317331,county_centroid,387.106,5.201,2022,USDA NASS 2022 Ag Census Web Maps,Census Gazetteer 2024 county centroid,1.61,12.29,74.790000000000006,0,2.2000000000000002,0.01,14,921,547,0.78,0,0,0.11,0.89,0,Poultry and Eggs Market Value Share
GA,Fayette County,13113,33.412717,-84.493941,county_centroid,194.695,4.935,2022,USDA NASS 2022 Ag Census Web Maps,Census Gazetteer 2024 county centroid,3.55,28.11,1.68,0,11.95,,10,433,302,0.37,0,0,,1.36,2,"Fruits, Tree Nuts, and Berries Market Value Share"
GA,Floyd County,13115,34.26369,-85.213685,county_centroid,509.833,8.632,2022,USDA NASS 2022 Ag Census Web Maps,Census Gazetteer 2024 county centroid,0.56000000000000005,0.16,81.44,,5.83,0.02,13,5782,4878,39.85,0,10.79,,0.22,2,Poultry and Eggs Market Value Share
GA,Forsyth County,13117,34.225143,-84.127408,county_centroid,224.617,22.55,2022,USDA NASS 2022 Ag Census Web Maps,Census Gazetteer 2024 county centroid,0.27,0.31,77.13,0,2.92,,19,1892,1535,0.23,0,0,0.01,0.5,1,Poultry and Eggs Market Value Share
GA,Franklin County,13119,34.375266,-83.227532,county_centroid,261.342,4.924,2022,USDA NASS 2022 Ag Census Web Maps,Census Gazetteer 2024 county centroid,0.01,0.05,97.56,,1.33,0.03,28,11997,9135,5.31,5.22,8.39,0,0.16,1,Poultry and Eggs Market Value Share
GA,Fulton County,13121,33.790034,-84.468182,county_centroid,526.83,7.969,2022,USDA NASS 2022 Ag Census Web Maps,Census Gazetteer 2024 county centroid,3.59,1.36,1.22,0,3.56,0,10,505,359,1.46,0,0,0,2.27,0,"Vegetables, Melons, Potatoes, and Sweet Potatoes Market Value Share"
GA,Gilmer County,13123,34.690523,-84.454811,county_centroid,426.181,4.763,2022,USDA NASS 2022 Ag Census Web Maps,Census Gazetteer 2024 county centroid,,1.1200000000000001,96.78,,0.7,0.01,16,3018,2298,9.9700000000000006,6.85,10.67,0.01,0.22,2,Poultry and Eggs Market Value Share
GA,Glascock County,13125,33.227491,-82.606913,county_centroid,143.746,0.708,2022,USDA NASS 2022 Ag Census Web Maps,Census Gazetteer 2024 county centroid,,,,0,11.76,0,14,1183,585,0,4.51,3.65,,,5,Cattle and Calves Market Value Share
GA,Glynn County,13127,31.21271,-81.49645,county_centroid,419.623,165.692,2022,USDA NASS 2022 Ag Census Web Maps,Census Gazetteer 2024 county centroid,7.85,20.58,18.850000000000001,0,15.58,0,12,144,90,52.63,0,0,3.68,22.11,0,Corn Grain Harvested Share of Harvested Cropland
GA,Gordon County,13129,34.509667,-84.873862,county_centroid,356.457,2.213,2022,USDA NASS 2022 Ag Census Web Maps,Census Gazetteer 2024 county centroid,0.09,0.02,92.85,,1.95,,22,9659,8646,10.54,,,,0.09,5,Poultry and Eggs Market Value Share
GA,Grady County,13131,30.8759,-84.244965,county_centroid,454.462,5.802,2022,USDA NASS 2022 Ag Census Web Maps,Census Gazetteer 2024 county centroid,9.74,1.63,48.61,,6.64,,20,12587,10601,10.65,0,4.0599999999999996,,3.97,3,Poultry and Eggs Market Value Share
GA,Greene County,13133,33.576704,-83.166625,county_centroid,387.517,18.694,2022,USDA NASS 2022 Ag Census Web Maps,Census Gazetteer 2024 county centroid,,0.14000000000000001,81.599999999999994,,3.1,,12,3290,3151,,,,0,,7,Poultry and Eggs Market Value Share
GA,Gwinnett County,13135,33.958756,-84.025735,county_centroid,431.126,6.059,2022,USDA NASS 2022 Ag Census Web Maps,Census Gazetteer 2024 county centroid,2.91,,,0,1.97,0,15,501,268,,0,0,,5.58,4,Vegetables Harvested Share of Harvested Cropland
GA,Habersham County,13137,34.634392,-83.525875,county_centroid,276.867,2.19,2022,USDA NASS 2022 Ag Census Web Maps,Census Gazetteer 2024 county centroid,0.35,0.34,93.76,,3.42,,34,4274,5376,4.03,1.91,4.04,,0.87,3,Poultry and Eggs Market Value Share
GA,Hall County,13139,34.317569,-83.8185,county_centroid,392.469,36.158,2022,USDA NASS 2022 Ag Census Web Maps,Census Gazetteer 2024 county centroid,,1.34,93.91,0,2.71,,30,6844,5937,7.87,0,0,0,0.91,2,Poultry and Eggs Market Value Share
GA,Hancock County,13141,33.26922,-83.000465,county_centroid,471.067,6.749,2022,USDA NASS 2022 Ag Census Web Maps,Census Gazetteer 2024 county centroid,,8.24,36.57,11.88,22.16,0,6,2265,1767,0,0,0,0.34,7.79,1,Poultry and Eggs Market Value Share
GA,Haralson County,13143,33.795165,-85.220063,county_centroid,282.165,1.01,2022,USDA NASS 2022 Ag Census Web Maps,Census Gazetteer 2024 county centroid,7.0000000000000007E-2,0.53,95.16,0.64,1.91,0,18,3065,2162,0,0,0,0,2.34,0,Poultry and Eggs Market Value Share
GA,Harris County,13145,32.731549,-84.912432,county_centroid,463.818,9.139,2022,USDA NASS 2022 Ag Census Web Maps,Census Gazetteer 2024 county centroid,11.94,,0.67,6.79,27.22,,7,1881,1557,,0,0,,1.38,4,Cattle and Calves Market Value Share
GA,Hart County,13147,34.348733,-82.96329,county_centroid,232.422,24.526,2022,USDA NASS 2022 Ag Census Web Maps,Census Gazetteer 2024 county centroid,,0.03,91.15,,1.24,,19,8538,6442,22.52,15.32,28.08,0,0.03,3,Poultry and Eggs Market Value Share
GA,Heard County,13149,33.291347,-85.137886,county_centroid,295.973,5.121,2022,USDA NASS 2022 Ag Census Web Maps,Census Gazetteer 2024 county centroid,0.75,0.2,91.96,,3.07,0,17,3258,2998,,0,,0,2.19,3,Poultry and Eggs Market Value Share
GA,Henry County,13151,33.452947,-84.154021,county_centroid,318.709,7.82,2022,USDA NASS 2022 Ag Census Web Maps,Census Gazetteer 2024 county centroid,6.93,2.21,0.8,0,17.899999999999999,0,14,1206,902,0,11.53,17.579999999999998,0,1.23,0,Cattle and Calves Market Value Share
GA,Houston County,13153,32.458147,-83.662309,county_centroid,376.155,3.749,2022,USDA NASS 2022 Ag Census Web Maps,Census Gazetteer 2024 county centroid,,13.97,,,5.75,0.17,11,3690,2142,,2.2200000000000002,9.27,0,0.08,4,"Fruits, Tree Nuts, and Berries Market Value Share"
GA,Irwin County,13155,31.604306,-83.277037,county_centroid,354.363,8.4,2022,USDA NASS 2022 Ag Census Web Maps,Census Gazetteer 2024 county centroid,,5.66,15.51,,2.54,,6,3658,2877,13.51,7.12,,0,0.03,4,Poultry and Eggs Market Value Share
GA,Jackson County,13157,34.130905,-83.562557,county_centroid,339.698,3.392,2022,USDA NASS 2022 Ag Census Web Maps,Census Gazetteer 2024 county centroid,0.28000000000000003,0.12,95.27,0,2.12,0.02,28,10665,8852,0,,0,0,1.41,1,Poultry and Eggs Market Value Share
GA,Jasper County,13159,33.316981,-83.689151,county_centroid,368.406,5.058,2022,USDA NASS 2022 Ag Census Web Maps,Census Gazetteer 2024 county centroid,0.05,0.14000000000000001,93.7,0,3.62,0.03,16,5127,3575,9.1,1.2,0,0,0.14000000000000001,0,Poultry and Eggs Market Value Share
GA,Jeff Davis County,13161,31.811615,-82.636825,county_centroid,330.919,4.479,2022,USDA NASS 2022 Ag Census Web Maps,Census Gazetteer 2024 county centroid,,2.4700000000000002,47.43,0,2.4,,9,3153,1745,9.23,,,0,0.13,4,Poultry and Eggs Market Value Share
GA,Jefferson County,13163,33.058176,-82.420004,county_centroid,526.555,3.112,2022,USDA NASS 2022 Ag Census Web Maps,Census Gazetteer 2024 county centroid,,4.3099999999999996,0.18,,5.66,,8,6401,5823,16.8,9.9,12.29,,0.4,4,Corn Grain Harvested Share of Harvested Cropland
GA,Jenkins County,13165,32.794563,-81.971524,county_centroid,347.378,5.095,2022,USDA NASS 2022 Ag Census Web Maps,Census Gazetteer 2024 county centroid,0.67,2.71,0.03,,6.99,,7,2927,2012,5.31,,,0,0.21,4,Cattle and Calves Market Value Share
GA,Johnson County,13167,32.694584,-82.66397,county_centroid,303.019,3.574,2022,USDA NASS 2022 Ag Census Web Maps,Census Gazetteer 2024 county centroid,,3.94,0.24,0,8.8800000000000008,0.01,7,2702,2588,15.8,12.14,11.05,,,3,Corn Grain Harvested Share of Harvested Cropland
GA,Jones County,13169,33.021664,-83.562196,county_centroid,393.942,1.475,2022,USDA NASS 2022 Ag Census Web Maps,Census Gazetteer 2024 county centroid,0.74,0.3,76.2,,,,10,1378,1773,0,0,0,0,0.47,3,Poultry and Eggs Market Value Share
GA,Lamar County,13171,33.07444,-84.146689,county_centroid,183.501,2.334,2022,USDA NASS 2022 Ag Census Web Maps,Census Gazetteer 2024 county centroid,,0.65,76.72,,3.52,0,11,2555,2249,,24.17,25.13,,0.11,4,Poultry and Eggs Market Value Share
GA,Lanier County,13173,31.038197,-83.063164,county_centroid,196.538,3.251,2022,USDA NASS 2022 Ag Census Web Maps,Census Gazetteer 2024 county centroid,,41.06,0.1,0,0.47,0.03,1,251,253,16.16,0,,,0.09,3,"Fruits, Tree Nuts, and Berries Market Value Share"
GA,Laurens County,13175,32.39322,-82.926317,county_centroid,807.336,11.135,2022,USDA NASS 2022 Ag Census Web Maps,Census Gazetteer 2024 county centroid,0.73,1.49,11.63,,10.85,0.32,6,4048,6125,21.6,9.24,13.24,0.02,0.18,1,Corn Grain Harvested Share of Harvested Cropland
GA,Lee County,13177,31.818419,-84.146681,county_centroid,355.844,5.949,2022,USDA NASS 2022 Ag Census Web Maps,Census Gazetteer 2024 county centroid,,6.39,0.01,,2.82,0,9,7116,3213,21.13,11.44,9.7899999999999991,,,4,Corn Grain Harvested Share of Harvested Cropland
GA,Liberty County,13179,31.807458,-81.457871,county_centroid,516.463,86.056,2022,USDA NASS 2022 Ag Census Web Maps,Census Gazetteer 2024 county centroid,0,,3.05,0,37.19,,7,337,127,,0,0,0,0,3,Cattle and Calves Market Value Share
GA,Lincoln County,13181,33.792151,-82.448299,county_centroid,210.381,46.917,2022,USDA NASS 2022 Ag Census Web Maps,Census Gazetteer 2024 county centroid,0.41,0.46,,0,25.81,,20,3255,2485,0,,0,0,7.0000000000000007E-2,3,Cattle and Calves Market Value Share
GA,Long County,13183,31.749563,-81.74287,county_centroid,400.399,3.422,2022,USDA NASS 2022 Ag Census Web Maps,Census Gazetteer 2024 county centroid,,3.82,77.64,0,1.84,0,7,656,423,21.37,10.42,8.06,0,,2,Poultry and Eggs Market Value Share
GA,Lowndes County,13185,30.833145,-83.268995,county_centroid,497.25,13.325,2022,USDA NASS 2022 Ag Census Web Maps,Census Gazetteer 2024 county centroid,38.4,7.2,0.11,0,1.62,,3,1410,1051,2.94,,5.55,0,7.68,2,"Vegetables, Melons, Potatoes, and Sweet Potatoes Market Value Share"
GA,Lumpkin County,13187,34.56814,-83.998925,county_centroid,282.944,1.265,2022,USDA NASS 2022 Ag Census Web Maps,Census Gazetteer 2024 county centroid,0.15,0.68,94.24,,2.27,0,26,3742,3069,4.08,,0,0.01,0.4,2,Poultry and Eggs Market Value Share
GA,McDuffie County,13189,33.48061,-82.479572,county_centroid,257.379,8.917,2022,USDA NASS 2022 Ag Census Web Maps,Census Gazetteer 2024 county centroid,0.44,0.06,0.14000000000000001,,6.66,,16,4979,4519,1.1499999999999999,1.6,1.23,0,0.44,2,Cattle and Calves Market Value Share
GA,McIntosh County,13191,31.485629,-81.372141,county_centroid,431.347,142.542,2022,USDA NASS 2022 Ag Census Web Maps,Census Gazetteer 2024 county centroid,,38.840000000000003,0.2,0,0.71,,,,90,,,,,,9,"Fruits, Tree Nuts, and Berries Market Value Share"
GA,Macon County,13193,32.362686,-84.051231,county_centroid,400.662,5.344,2022,USDA NASS 2022 Ag Census Web Maps,Census Gazetteer 2024 county centroid,,5,,,1.3,,25,,5151,11.46,1.79,6.37,0,,6,Corn Grain Harvested Share of Harvested Cropland
GA,Madison County,13195,34.12748,-83.208653,county_centroid,282.324,3.262,2022,USDA NASS 2022 Ag Census Web Maps,Census Gazetteer 2024 county centroid,7.0000000000000007E-2,0.04,95.74,,1.46,,27,12255,8674,0.11,8.65,7.54,,0.38,3,Poultry and Eggs Market Value Share
GA,Marion County,13197,32.359312,-84.528735,county_centroid,365.721,1.462,2022,USDA NASS 2022 Ag Census Web Maps,Census Gazetteer 2024 county centroid,,,58.92,0,6.77,0.03,6,2079,1900,6.54,0.83,14.18,0,,3,Poultry and Eggs Market Value Share
GA,Meriwether County,13199,33.029267,-84.667058,county_centroid,500.907,4.182,2022,USDA NASS 2022 Ag Census Web Maps,Census Gazetteer 2024 county centroid,,21.66,0.25,,15.7,0.06,7,4370,2939,3.05,,0,0,0.19,3,"Fruits, Tree Nuts, and Berries Market Value Share"
GA,Miller County,13201,31.162931,-84.730398,county_centroid,282.423,1.24,2022,USDA NASS 2022 Ag Census Web Maps,Census Gazetteer 2024 county centroid,,,,0,,,12,7391,5767,22.31,0,0.45,0,,6,Corn Grain Harvested Share of Harvested Cropland
GA,Mitchell County,13205,31.228997,-84.192038,county_centroid,512.158,1.666,2022,USDA NASS 2022 Ag Census Web Maps,Census Gazetteer 2024 county centroid,7.97,6.92,39.31,,,0.01,12,12161,15233,8.8800000000000008,0.34,0.44,0.01,5.04,2,Poultry and Eggs Market Value Share
GA,Monroe County,13207,33.018784,-83.921837,county_centroid,396.092,2.179,2022,USDA NASS 2022 Ag Census Web Maps,Census Gazetteer 2024 county centroid,,,,,,,13,3957,3539,0.06,56.64,0.26,0,0.06,6,All Wheat Harvested Share of Harvested Cropland
GA,Montgomery County,13209,32.172108,-82.533349,county_centroid,241.145,3.549,2022,USDA NASS 2022 Ag Census Web Maps,Census Gazetteer 2024 county centroid,56.69,5.83,,0,3.09,0.16,4,1350,1246,9.4,,1.21,,14.05,3,"Vegetables, Melons, Potatoes, and Sweet Potatoes Market Value Share"
GA,Morgan County,13211,33.598649,-83.499416,county_centroid,347.411,7.209,2022,USDA NASS 2022 Ag Census Web Maps,Census Gazetteer 2024 county centroid,0.18,0.19,75.87,13.39,4.9400000000000004,7.0000000000000007E-2,20,10967,8860,6.42,8.2799999999999994,,0,0.19,1,Poultry and Eggs Market Value Share
GA,Murray County,13213,34.797097,-84.73799,county_centroid,344.494,2.208,2022,USDA NASS 2022 Ag Census Web Maps,Census Gazetteer 2024 county centroid,,,92.26,0,1.65,0.01,22,5545,4559,14.81,,20.65,0,,4,Poultry and Eggs Market Value Share
GA,Muscogee County,13215,32.510191,-84.874946,county_centroid,216.5,4.511,2022,USDA NASS 2022 Ag Census Web Maps,Census Gazetteer 2024 county centroid,88.63,,0,0,0,,,,0,0,0,0,0,110.86,4,Vegetables Harvested Share of Harvested Cropland
GA,Newton County,13217,33.552751,-83.85136,county_centroid,273.814,5.385,2022,USDA NASS 2022 Ag Census Web Maps,Census Gazetteer 2024 county centroid,4.2,3.56,,0,18.82,0.11,15,3435,2781,2.34,0,0,,0.59,2,Cattle and Calves Market Value Share
GA,Oconee County,13219,33.834125,-83.437728,county_centroid,184.349,2.026,2022,USDA NASS 2022 Ag Census Web Maps,Census Gazetteer 2024 county centroid,0.43,2.91,45.07,,6.05,0.03,25,4700,3930,,0,,,0.35,4,Poultry and Eggs Market Value Share
GA,Oglethorpe County,13221,33.866806,-83.074081,county_centroid,439.062,2.976,2022,USDA NASS 2022 Ag Census Web Maps,Census Gazetteer 2024 county centroid,,0.13,91.04,,1.23,,17,8608,6363,,3.63,9.2100000000000009,0.01,0.39,4,Poultry and Eggs Market Value Share
GA,Paulding County,13223,33.92103,-84.867169,county_centroid,312.385,2.012,2022,USDA NASS 2022 Ag Census Web Maps,Census Gazetteer 2024 county centroid,4.2300000000000004,6.44,,0,,0.13,9,1043,1550,1.07,0,,,1.71,4,"Fruits, Tree Nuts, and Berries Market Value Share"
GA,Peach County,13225,32.571324,-83.831978,county_centroid,150.284,1.034,2022,USDA NASS 2022 Ag Census Web Maps,Census Gazetteer 2024 county centroid,,42.88,,0,,,3,823,593,4.18,1.73,7.88,,0.28999999999999998,5,"Fruits, Tree Nuts, and Berries Market Value Share"
GA,Pickens County,13227,34.456756,-84.490366,county_centroid,232.055,0.653,2022,USDA NASS 2022 Ag Census Web Maps,Census Gazetteer 2024 county centroid,0.25,0.27,95.67,,1.54,,24,2191,1565,0.41,0,0,,0.53,3,Poultry and Eggs Market Value Share
GA,Pierce County,13229,31.353998,-82.21037,county_centroid,340.464,2.766,2022,USDA NASS 2022 Ag Census Web Maps,Census Gazetteer 2024 county centroid,0.09,14.41,20.47,0,1.35,,2,1244,924,21.31,,5.39,0,0.03,2,Corn Grain Harvested Share of Harvested Cropland
GA,Pike County,13231,33.081149,-84.389462,county_centroid,216.086,3.319,2022,USDA NASS 2022 Ag Census Web Maps,Census Gazetteer 2024 county centroid,3.43,1.25,,0,9.1300000000000008,0.12,10,1959,1917,,0.42,,,1.25,4,Cattle and Calves Market Value Share
GA,Polk County,13233,33.996015,-85.188338,county_centroid,310.34,1.801,2022,USDA NASS 2022 Ag Census Web Maps,Census Gazetteer 2024 county centroid,0.16,0.18,65.83,,5.57,,12,3471,3788,20.22,2.31,4.63,,0.13,3,Poultry and Eggs Market Value Share
GA,Pulaski County,13235,32.238803,-83.481845,county_centroid,249.261,1.949,2022,USDA NASS 2022 Ag Census Web Maps,Census Gazetteer 2024 county centroid,,3.28,43.09,,0.36,0,1,554,267,2.91,5.17,4.3,,,4,Poultry and Eggs Market Value Share
GA,Putnam County,13237,33.32106,-83.37179,county_centroid,344.682,16.005,2022,USDA NASS 2022 Ag Census Web Maps,Census Gazetteer 2024 county centroid,,0,0.04,66.16,24.47,0.01,46,9209,9278,7.78,10.98,3.86,0,,2,Milk from Cows Market Value Share
GA,Quitman County,13239,31.862938,-85.004798,county_centroid,151.237,9.328,2022,USDA NASS 2022 Ag Census Web Maps,Census Gazetteer 2024 county centroid,,,,,,,13,1265,626,,,,,,11,No dominant food signal
GA,Rabun County,13241,34.883934,-83.40487,county_centroid,370.137,6.891,2022,USDA NASS 2022 Ag Census Web Maps,Census Gazetteer 2024 county centroid,,,36.57,0,2.66,0,18,791,573,,0,0,,,5,Poultry and Eggs Market Value Share
GA,Randolph County,13243,31.762651,-84.752311,county_centroid,428.236,2.637,2022,USDA NASS 2022 Ag Census Web Maps,Census Gazetteer 2024 county centroid,,,0,0,,,6,3933,2723,24.38,11.67,18.809999999999999,0,,5,Corn Grain Harvested Share of Harvested Cropland
GA,Richmond County,13245,33.361486,-82.074998,county_centroid,324.34,4.245,2022,USDA NASS 2022 Ag Census Web Maps,Census Gazetteer 2024 county centroid,,4.74,1.33,0,2.64,,2,226,169,17.920000000000002,12.01,20.65,,0.21,3,Soybeans Harvested Share of Harvested Cropland
GA,Rockdale County,13247,33.652081,-84.02637,county_centroid,129.819,2.278,2022,USDA NASS 2022 Ag Census Web Maps,Census Gazetteer 2024 county centroid,,1.63,,0,30.99,0,18,432,345,0,0,0,0,0.63,2,Cattle and Calves Market Value Share
GA,Schley County,13249,32.263444,-84.322708,county_centroid,166.909,0.915,2022,USDA NASS 2022 Ag Census Web Maps,Census Gazetteer 2024 county centroid,5.26,0.94,,0,2.84,0,6,1060,647,17.86,,,0,20.92,3,Vegetables Harvested Share of Harvested Cropland
GA,Screven County,13251,32.744751,-81.617585,county_centroid,645.821,10.048,2022,USDA NASS 2022 Ag Census Web Maps,Census Gazetteer 2024 county centroid,,9.39,,0,4.25,,5,4428,4130,13.48,3.02,0.76,0,0.02,3,Corn Grain Harvested Share of Harvested Cropland
GA,Seminole County,13253,30.93396,-84.867685,county_centroid,237.551,19.005,2022,USDA NASS 2022 Ag Census Web Maps,Census Gazetteer 2024 county centroid,,,,,1.64,,5,1938,1597,16.05,,4.3099999999999996,,4.54,7,Corn Grain Harvested Share of Harvested Cropland
GA,Spalding County,13255,33.262348,-84.284905,county_centroid,195.97,3.62,2022,USDA NASS 2022 Ag Census Web Maps,Census Gazetteer 2024 county centroid,3.51,6.43,,,9.4,0,11,1038,918,,,,0.01,1.1100000000000001,5,Cattle and Calves Market Value Share
GA,Stephens County,13257,34.553582,-83.290588,county_centroid,178.862,5.034,2022,USDA NASS 2022 Ag Census Web Maps,Census Gazetteer 2024 county centroid,0.32,,97.58,0,1.1599999999999999,,26,2268,1799,,0,,,0.78,5,Poultry and Eggs Market Value Share
GA,Stewart County,13259,32.073225,-84.834912,county_centroid,458.766,4.847,2022,USDA NASS 2022 Ag Census Web Maps,Census Gazetteer 2024 county centroid,,,0,0,3.23,,1,576,691,9.69,,,0,,6,Corn Grain Harvested Share of Harvested Cropland
GA,Sumter County,13261,32.042266,-84.204294,county_centroid,482.877,9.734,2022,USDA NASS 2022 Ag Census Web Maps,Census Gazetteer 2024 county centroid,7.54,5.51,,,3.18,,11,10591,7178,18.25,4.93,8.1999999999999993,,4.1500000000000004,4,Corn Grain Harvested Share of Harvested Cropland
GA,Talbot County,13263,32.704603,-84.530029,county_centroid,391.377,3.385,2022,USDA NASS 2022 Ag Census Web Maps,Census Gazetteer 2024 county centroid,,5.3,0,0,47.71,,4,889,565,0,,0,0,,4,Cattle and Calves Market Value Share
GA,Taliaferro County,13265,33.559319,-82.875272,county_centroid,194.607,0.74,2022,USDA NASS 2022 Ag Census Web Maps,Census Gazetteer 2024 county centroid,7.0000000000000007E-2,0.04,93.52,,,,18,1488,1041,0,0,0,0,0.56000000000000005,3,Poultry and Eggs Market Value Share
GA,Tattnall County,13267,32.043768,-82.059208,county_centroid,480.84,7.509,2022,USDA NASS 2022 Ag Census Web Maps,Census Gazetteer 2024 county centroid,21.27,0.63,69.23,,1.08,,9,6691,4767,6.59,2.04,4.3899999999999997,,19.62,3,Poultry and Eggs Market Value Share
GA,Taylor County,13269,32.554667,-84.251426,county_centroid,376.686,3.012,2022,USDA NASS 2022 Ag Census Web Maps,Census Gazetteer 2024 county centroid,0.05,,50.18,,,,6,2823,3629,2.1800000000000002,4.01,14.87,,0.02,5,Poultry and Eggs Market Value Share
GA,Telfair County,13271,31.913641,-82.931063,county_centroid,437.307,6.701,2022,USDA NASS 2022 Ag Census Web Maps,Census Gazetteer 2024 county centroid,10.6,,,0,7.13,,7,2282,2066,3.73,12.56,1.25,,1.56,4,All Wheat Harvested Share of Harvested Cropland
GA,Terrell County,13273,31.777191,-84.439446,county_centroid,335.791,1.912,2022,USDA NASS 2022 Ag Census Web Maps,Census Gazetteer 2024 county centroid,2.0699999999999998,3.91,,0,0.51,0,1,1018,589,26.12,4.8099999999999996,3.77,0,0.68,1,Corn Grain Harvested Share of Harvested Cropland
GA,Thomas County,13275,30.864619,-83.919815,county_centroid,544.633,7.585,2022,USDA NASS 2022 Ag Census Web Maps,Census Gazetteer 2024 county centroid,0.47,6.99,18.12,12.72,3.96,,7,7584,4994,7.31,1.82,6.65,,0.52,2,Poultry and Eggs Market Value Share
GA,Tift County,13277,31.457003,-83.525931,county_centroid,260.89,7.899,2022,USDA NASS 2022 Ag Census Web Maps,Census Gazetteer 2024 county centroid,37.65,3.12,0.02,,3.11,,7,3485,3278,6.42,1.1599999999999999,0.11,,12.76,3,"Vegetables, Melons, Potatoes, and Sweet Potatoes Market Value Share"
GA,Toombs County,13279,32.117753,-82.330597,county_centroid,364.015,6.977,2022,USDA NASS 2022 Ag Census Web Maps,Census Gazetteer 2024 county centroid,48.52,,35.11,0,2.36,,10,3504,3629,13.24,2.35,9.2200000000000006,0.03,22.02,2,"Vegetables, Melons, Potatoes, and Sweet Potatoes Market Value Share"
GA,Towns County,13281,34.902529,-83.732264,county_centroid,166.479,5.311,2022,USDA NASS 2022 Ag Census Web Maps,Census Gazetteer 2024 county centroid,1.98,,0.89,0,52.74,,20,687,423,0,0,0,0,0.4,2,Cattle and Calves Market Value Share
GA,Treutlen County,13283,32.409586,-82.570882,county_centroid,199.431,3.016,2022,USDA NASS 2022 Ag Census Web Maps,Census Gazetteer 2024 county centroid,,6.32,,0,,0,4,892,745,7.26,7.88,,0,1.48,4,All Wheat Harvested Share of Harvested Cropland
GA,Troup County,13285,33.034482,-85.02836,county_centroid,414.015,31.947,2022,USDA NASS 2022 Ag Census Web Maps,Census Gazetteer 2024 county centroid,3.65,21.98,1.1599999999999999,,31.55,0.28999999999999998,14,3434,2528,,0,0,0.02,0.5,2,Cattle and Calves Market Value Share
GA,Turner County,13287,31.7248,-83.620319,county_centroid,285.417,4.563,2022,USDA NASS 2022 Ag Census Web Maps,Census Gazetteer 2024 county centroid,19.89,0.63,,0,,0,7,3464,2763,10.73,2.7,,0,5.44,3,"Vegetables, Melons, Potatoes, and Sweet Potatoes Market Value Share"
GA,Twiggs County,13289,32.665847,-83.425879,county_centroid,359.26,3.375,2022,USDA NASS 2022 Ag Census Web Maps,Census Gazetteer 2024 county centroid,,0.39,,0,4.59,0.01,6,1357,1119,13.67,,6.09,0,0.03,3,Corn Grain Harvested Share of Harvested Cropland
GA,Union County,13291,34.833333,-83.989257,county_centroid,322.083,6.984,2022,USDA NASS 2022 Ag Census Web Maps,Census Gazetteer 2024 county centroid,7.77,0.24,76.94,0,4.87,,20,2098,2518,4.6399999999999997,0,,0.02,0.24,2,Poultry and Eggs Market Value Share
GA,Upson County,13293,32.881837,-84.292283,county_centroid,323.467,4.087,2022,USDA NASS 2022 Ag Census Web Maps,Census Gazetteer 2024 county centroid,0.48,1,91.32,0,3.04,,14,3147,2389,,,2.3199999999999998,0.01,0.34,3,Poultry and Eggs Market Value Share
GA,Walker County,13295,34.735802,-85.305456,county_centroid,446.286,0.646,2022,USDA NASS 2022 Ag Census Web Maps,Census Gazetteer 2024 county centroid,0.11,0.09,90.45,1.33,2.79,,20,8916,7155,19.920000000000002,2.2599999999999998,10.26,0,0.12,1,Poultry and Eggs Market Value Share
GA,Walton County,13297,33.783887,-83.731829,county_centroid,326.82,3.179,2022,USDA NASS 2022 Ag Census Web Maps,Census Gazetteer 2024 county centroid,5.18,,56.6,0,16.39,,21,5763,6689,2.8,2.44,,0.01,2.82,3,Poultry and Eggs Market Value Share
GA,Ware County,13299,31.050881,-82.421507,county_centroid,899.241,8.746,2022,USDA NASS 2022 Ag Census Web Maps,Census Gazetteer 2024 county centroid,,25.74,16.88,0,1.06,,2,786,581,10.65,0,13.31,,,4,"Fruits, Tree Nuts, and Berries Market Value Share"
GA,Warren County,13301,33.408381,-82.675685,county_centroid,284.368,2.319,2022,USDA NASS 2022 Ag Census Web Maps,Census Gazetteer 2024 county centroid,,4.33,0.54,0,27.91,0,12,1833,1573,0,,10.220000000000001,0,0.05,2,Cattle and Calves Market Value Share
GA,Washington County,13303,32.971843,-82.798112,county_centroid,678.526,5.83,2022,USDA NASS 2022 Ag Census Web Maps,Census Gazetteer 2024 county centroid,0.33,9.7899999999999991,0.09,,15.85,0.03,6,3236,4605,20.07,8.5,5.95,,0.04,2,Corn Grain Harvested Share of Harvested Cropland
GA,Wayne County,13305,31.547845,-81.912376,county_centroid,641.813,6.86,2022,USDA NASS 2022 Ag Census Web Maps,Census Gazetteer 2024 county centroid,3.51,,42.48,0,2.5,0.04,9,2322,1535,28.9,,,0.05,1.73,3,Poultry and Eggs Market Value Share
GA,Webster County,13307,32.046691,-84.553828,county_centroid,209.657,0.903,2022,USDA NASS 2022 Ag Census Web Maps,Census Gazetteer 2024 county centroid,0,,,0,,0,8,,2075,22.71,4.4000000000000004,0,0,0,4,Corn Grain Harvested Share of Harvested Cropland
GA,Wheeler County,13309,32.105258,-82.733849,county_centroid,295.49,4.779,2022,USDA NASS 2022 Ag Census Web Maps,Census Gazetteer 2024 county centroid,,0.18,0.08,0,,,3,831,445,,,0,0,0.32,5,Vegetables Harvested Share of Harvested Cropland
GA,White County,13311,34.644182,-83.743,county_centroid,240.773,1.483,2022,USDA NASS 2022 Ag Census Web Maps,Census Gazetteer 2024 county centroid,0.17,1.18,93.09,0,2.63,0.01,30,2678,2888,0.97,0,0,0.04,0.63,0,Poultry and Eggs Market Value Share
GA,Whitfield County,13313,34.801726,-84.968541,county_centroid,290.445,0.609,2022,USDA NASS 2022 Ag Census Web Maps,Census Gazetteer 2024 county centroid,0.05,0.22,92.53,,5.68,0,20,3749,8524,9.89,,,0.03,0.2,3,Poultry and Eggs Market Value Share
GA,Wilcox County,13315,31.96272,-83.438259,county_centroid,377.811,4.304,2022,USDA NASS 2022 Ag Census Web Maps,Census Gazetteer 2024 county centroid,8.92,5.05,45.36,11.08,2.42,,10,4928,3517,1.94,1.19,1.0900000000000001,,6.76,2,Poultry and Eggs Market Value Share
GA,Wilkes County,13317,33.779031,-82.747921,county_centroid,469.504,4.591,2022,USDA NASS 2022 Ag Census Web Maps,Census Gazetteer 2024 county centroid,0.34,0.06,86.63,,3.31,0,14,7080,5059,0,,,,0.47,4,Poultry and Eggs Market Value Share
GA,Wilkinson County,13319,32.804266,-83.175512,county_centroid,449.223,2.727,2022,USDA NASS 2022 Ag Census Web Maps,Census Gazetteer 2024 county centroid,,4.6500000000000004,,,7.28,0.1,5,748,515,,0,0,0.09,,5,Cattle and Calves Market Value Share
GA,Worth County,13321,31.551773,-83.84996,county_centroid,570.691,4.064,2022,USDA NASS 2022 Ag Census Web Maps,Census Gazetteer 2024 county centroid,19.43,3.4,10.53,,1.36,0,3,3713,2813,5.63,0.77,1.35,,3.38,2,"Vegetables, Melons, Potatoes, and Sweet Potatoes Market Value Share"
HI,Hawaii County,15001,19.597764,-155.502443,county_centroid,4028.431,1057.735,2022,USDA NASS 2022 Ag Census Web Maps,Census Gazetteer 2024 county centroid,6.93,33.54,0.13,,11.72,,17,58358,48037,0,0,0,0.28999999999999998,5.08,2,"Fruits, Tree Nuts, and Berries Market Value Share"
HI,Honolulu County,15003,21.461365,-158.201974,county_centroid,600.786,1565.437,2022,USDA NASS 2022 Ag Census Web Maps,Census Gazetteer 2024 county centroid,35.799999999999997,13.69,8.76,0,,0.31,6,1952,882,10.1,0,,,42.62,3,Vegetables Harvested Share of Harvested Cropland
HI,Kauai County,15007,22.012038,-159.705965,county_centroid,619.84,646.474,2022,USDA NASS 2022 Ag Census Web Maps,Census Gazetteer 2024 county centroid,16.72,26.78,0.16,0,,,11,8537,6430,,0,,0,13.28,4,"Fruits, Tree Nuts, and Berries Market Value Share"
HI,Maui County,15009,20.855931,-156.60155,county_centroid,1161.54,1236.789,2022,USDA NASS 2022 Ag Census Web Maps,Census Gazetteer 2024 county centroid,15.6,15.65,0.37,,,0.53,5,6799,6991,,0,,,6.98,5,"Fruits, Tree Nuts, and Berries Market Value Share"
ID,Ada County,16001,43.451476,-116.244376,county_centroid,1052.218,8.541,2022,USDA NASS 2022 Ag Census Web Maps,Census Gazetteer 2024 county centroid,4.67,0.28000000000000003,0.1,59.27,17.329999999999998,,52,22807,38011,9.49,18.38,0,0,2.2799999999999998,1,Milk from Cows Market Value Share
ID,Adams County,16003,44.876955,-116.461614,county_centroid,1362.805,6.703,2022,USDA NASS 2022 Ag Census Web Maps,Census Gazetteer 2024 county centroid,7.0000000000000007E-2,0.3,,0,81.33,0,11,8529,12032,,0,0,0,,3,Cattle and Calves Market Value Share
ID,Bannock County,16005,42.692921,-112.228982,county_centroid,1112.489,35.552,2022,USDA NASS 2022 Ag Census Web Maps,Census Gazetteer 2024 county centroid,18.46,,0.26,,25.58,,4,11374,11201,0,44.4,0,,2.87,4,All Wheat Harvested Share of Harvested Cropland
ID,Bear Lake County,16007,42.285892,-111.327517,county_centroid,975.728,73.886,2022,USDA NASS 2022 Ag Census Web Maps,Census Gazetteer 2024 county centroid,0.11,0,0.05,7.57,47.18,0.01,9,13285,13514,0.19,11.4,0,0,0.01,0,Cattle and Calves Market Value Share
ID,Benewah County,16009,47.218451,-116.633541,county_centroid,776.931,7.26,2022,USDA NASS 2022 Ag Census Web Maps,Census Gazetteer 2024 county centroid,,,0.17,0,1.47,0.05,1,613,372,0,53.28,0,,0.02,3,All Wheat Harvested Share of Harvested Cropland
ID,Bingham County,16011,43.216357,-112.399206,county_centroid,2093.732,26.499,2022,USDA NASS 2022 Ag Census Web Maps,Census Gazetteer 2024 county centroid,40.06,0.02,,5,10.94,0.05,8,34599,56394,0.74,42.21,0,17.100000000000001,17.100000000000001,1,All Wheat Harvested Share of Harvested Cropland
ID,Blaine County,16013,43.394192,-113.955371,county_centroid,2637.738,17.242,2022,USDA NASS 2022 Ag Census Web Maps,Census Gazetteer 2024 county centroid,5.55,,0.03,0,23.07,,4,7650,13433,0,,0,,,5,Cattle and Calves Market Value Share
ID,Boise County,16015,43.987275,-115.71511,county_centroid,1899.368,7.375,2022,USDA NASS 2022 Ag Census Web Maps,Census Gazetteer 2024 county centroid,0,0,,0,31.28,0,5,2134,2489,,,,,,6,Cattle and Calves Market Value Share
ID,Bonner County,16017,48.324634,-116.62745,county_centroid,1733.229,184.904,2022,USDA NASS 2022 Ag Census Web Maps,Census Gazetteer 2024 county centroid,3.09,2.16,1.67,3.75,12.34,,4,2044,1677,0,1.29,0,,0.2,2,Cattle and Calves Market Value Share
ID,Bonneville County,16019,43.395171,-111.621878,county_centroid,1865.96,34.329,2022,USDA NASS 2022 Ag Census Web Maps,Census Gazetteer 2024 county centroid,29.56,,,1.02,27.65,,18,21463,53553,0.56999999999999995,28.14,0,8.5500000000000007,8.6,3,"Vegetables, Melons, Potatoes, and Sweet Potatoes Market Value Share"
ID,Boundary County,16021,48.773131,-116.524668,county_centroid,1268.679,9.374,2022,USDA NASS 2022 Ag Census Web Maps,Census Gazetteer 2024 county centroid,0.09,0.28999999999999998,0.14000000000000001,,,0.09,6,2819,2655,,37.46,0,,0.01,4,All Wheat Harvested Share of Harvested Cropland
ID,Butte County,16023,43.685101,-113.177631,county_centroid,2236.487,2.031,2022,USDA NASS 2022 Ag Census Web Maps,Census Gazetteer 2024 county centroid,,0,,0,,0.02,8,4555,6440,1.7,15.61,0,,,5,All Wheat Harvested Share of Harvested Cropland
ID,Camas County,16025,43.502552,-114.772135,county_centroid,1074.234,4.459,2022,USDA NASS 2022 Ag Census Web Maps,Census Gazetteer 2024 county centroid,0.01,0,0.03,0,,0.02,3,4387,4470,,9.43,0,0,0,2,All Wheat Harvested Share of Harvested Cropland
ID,Canyon County,16027,43.625795,-116.709058,county_centroid,587.049,16.648,2022,USDA NASS 2022 Ag Census Web Maps,Census Gazetteer 2024 county centroid,16.72,2.89,0.34,33.67,9.91,,50,62329,85837,11.67,19.059999999999999,,1.75,11.07,2,Milk from Cows Market Value Share
ID,Caribou County,16029,42.786072,-111.544273,county_centroid,1764.194,34.447,2022,USDA NASS 2022 Ag Census Web Maps,Census Gazetteer 2024 county centroid,31.35,,0.03,,18.25,0.04,6,15224,22045,,30.21,0,,4.6399999999999997,4,"Vegetables, Melons, Potatoes, and Sweet Potatoes Market Value Share"
ID,Cassia County,16031,42.282313,-113.626328,county_centroid,2565.61,15.119,2022,USDA NASS 2022 Ag Census Web Maps,Census Gazetteer 2024 county centroid,,0,,34.119999999999997,28.66,,40,95513,248496,0.63,23.1,0,10.199999999999999,10.36,3,Milk from Cows Market Value Share
ID,Clark County,16033,44.290218,-112.354613,county_centroid,1763.145,0.956,2022,USDA NASS 2022 Ag Census Web Maps,Census Gazetteer 2024 county centroid,0,0,,0,16.95,,6,7003,7273,,13.6,0,0,0,3,Cattle and Calves Market Value Share
ID,Clearwater County,16035,46.67257,-115.6535,county_centroid,2457.314,30.731,2022,USDA NASS 2022 Ag Census Web Maps,Census Gazetteer 2024 county centroid,0.42,0.26,,0,,0.12,5,1776,1398,0,25.46,0,0.01,0.04,2,All Wheat Harvested Share of Harvested Cropland
ID,Custer County,16037,44.273351,-114.252267,county_centroid,4922.177,16.42,2022,USDA NASS 2022 Ag Census Web Maps,Census Gazetteer 2024 county centroid,,,,0,54.15,0.99,20,15928,14487,0,,0,0,,5,Cattle and Calves Market Value Share
ID,Elmore County,16039,43.394698,-115.471205,county_centroid,3075.079,26.383,2022,USDA NASS 2022 Ag Census Web Maps,Census Gazetteer 2024 county centroid,4.1100000000000003,0.01,0.01,,,0,61,40303,180556,9.1300000000000008,15.03,0,6.51,6.51,2,All Wheat Harvested Share of Harvested Cropland
ID,Franklin County,16041,42.173609,-111.822965,county_centroid,663.019,4.692,2022,USDA NASS 2022 Ag Census Web Maps,Census Gazetteer 2024 county centroid,,0.05,,47.37,,0.06,13,21141,16495,1.25,15.98,0,,,5,Milk from Cows Market Value Share
ID,Fremont County,16043,44.218091,-111.484429,county_centroid,1863.96,32.217,2022,USDA NASS 2022 Ag Census Web Maps,Census Gazetteer 2024 county centroid,59.3,0.01,0.02,,6.64,0,6,8925,15581,0,22.45,0,12.26,12.27,1,"Vegetables, Melons, Potatoes, and Sweet Potatoes Market Value Share"
ID,Gem County,16045,44.061473,-116.398784,county_centroid,559.774,4.819,2022,USDA NASS 2022 Ag Census Web Maps,Census Gazetteer 2024 county centroid,6.88,3.74,,6.82,30.1,0.13,8,10022,9614,16.37,14.42,0,0.04,3.29,1,Cattle and Calves Market Value Share
ID,Gooding County,16047,42.973185,-114.82142,county_centroid,729.322,4.814,2022,USDA NASS 2022 Ag Census Web Maps,Census Gazetteer 2024 county centroid,1.73,,,73.8,13.01,0,163,174992,177712,11.88,5.62,0,3.02,3.26,2,Milk from Cows Market Value Share
ID,Idaho County,16049,45.849644,-115.467337,county_centroid,8477.499,26.075,2022,USDA NASS 2022 Ag Census Web Maps,Census Gazetteer 2024 county centroid,0.05,0.09,0.93,,,0.31,5,15220,14177,,48.02,0,0,0,3,All Wheat Harvested Share of Harvested Cropland
ID,Jefferson County,16051,43.796965,-112.318588,county_centroid,1093.681,12.033,2022,USDA NASS 2022 Ag Census Web Maps,Census Gazetteer 2024 county centroid,23.82,0.03,0.01,22.3,19.57,0.02,28,30285,50323,1.05,14.32,,11.44,11.46,1,"Vegetables, Melons, Potatoes, and Sweet Potatoes Market Value Share"
ID,Jerome County,16053,42.691395,-114.262086,county_centroid,597.543,4.984,2022,USDA NASS 2022 Ag Census Web Maps,Census Gazetteer 2024 county centroid,,,,54.98,23.35,0,149,114219,200234,3.55,6.3,0,7.34,7.8,3,Milk from Cows Market Value Share
ID,Kootenai County,16055,47.675957,-116.695919,county_centroid,1237.78,71.215,2022,USDA NASS 2022 Ag Census Web Maps,Census Gazetteer 2024 county centroid,1.61,1.68,0.76,,9.69,0.62,3,1997,2016,0,22.29,0,0.01,0.13,1,All Wheat Harvested Share of Harvested Cropland
ID,Latah County,16057,46.81892,-116.730974,county_centroid,1075.867,0.915,2022,USDA NASS 2022 Ag Census Web Maps,Census Gazetteer 2024 county centroid,0.84,,,0.02,1.75,,1,2171,1683,0,50.37,,0,0.02,4,All Wheat Harvested Share of Harvested Cropland
ID,Lemhi County,16059,44.928506,-113.887042,county_centroid,4563.695,5.446,2022,USDA NASS 2022 Ag Census Web Maps,Census Gazetteer 2024 county centroid,0.16,0.23,,0,71.44,0.03,20,18302,18749,0,0,0,,0.04,2,Cattle and Calves Market Value Share
ID,Lewis County,16061,46.236328,-116.42376,county_centroid,478.822,0.904,2022,USDA NASS 2022 Ag Census Web Maps,Census Gazetteer 2024 county centroid,0,,0.01,0,,,2,2373,2704,,55.88,0,0,0,4,All Wheat Harvested Share of Harvested Cropland
ID,Lincoln County,16063,42.990782,-114.153089,county_centroid,1201.364,4.474,2022,USDA NASS 2022 Ag Census Web Maps,Census Gazetteer 2024 county centroid,,0,0.01,73.06,12.97,,61,34242,39040,2.78,10.26,0,,,4,Milk from Cows Market Value Share
ID,Madison County,16065,43.788614,-111.656993,county_centroid,469.267,4.054,2022,USDA NASS 2022 Ag Census Web Maps,Census Gazetteer 2024 county centroid,68.77,0.05,0,,,,5,4257,4266,,36.450000000000003,0,20.67,20.92,4,"Vegetables, Melons, Potatoes, and Sweet Potatoes Market Value Share"
ID,Minidoka County,16067,42.857211,-113.63984,county_centroid,757.227,5.147,2022,USDA NASS 2022 Ag Census Web Maps,Census Gazetteer 2024 county centroid,31.58,,0,18.07,3.79,,18,29034,21619,3.78,15.04,0,18.13,18.89,2,"Vegetables, Melons, Potatoes, and Sweet Potatoes Market Value Share"
ID,Nez Perce County,16069,46.333791,-116.760909,county_centroid,848.32,8.206,2022,USDA NASS 2022 Ag Census Web Maps,Census Gazetteer 2024 county centroid,0.05,0.22,0.03,0,,0.19,3,5476,4864,0,57.28,0,0,0.01,1,All Wheat Harvested Share of Harvested Cropland
ID,Oneida County,16071,42.183895,-112.520449,county_centroid,1198.951,1.543,2022,USDA NASS 2022 Ag Census Web Maps,Census Gazetteer 2024 county centroid,,,,,27.12,0.05,7,14808,14305,,37.4,0,,,7,All Wheat Harvested Share of Harvested Cropland
ID,Owyhee County,16073,42.572851,-116.18969,county_centroid,7668.204,28.623,2022,USDA NASS 2022 Ag Census Web Maps,Census Gazetteer 2024 county centroid,,,0,31.01,46.78,0,26,64184,194998,14.19,13.66,0,,,4,Cattle and Calves Market Value Share
ID,Payette County,16075,44.00243,-116.750238,county_centroid,406.88,3.439,2022,USDA NASS 2022 Ag Census Web Maps,Census Gazetteer 2024 county centroid,7.52,,0.12,32.81,40.39,,44,24748,73333,10.14,12.97,0,5.44,13.54,2,Cattle and Calves Market Value Share
ID,Power County,16077,42.694126,-112.844407,county_centroid,1403.826,38.303,2022,USDA NASS 2022 Ag Census Web Maps,Census Gazetteer 2024 county centroid,47.89,0,0,,11.09,0,7,8219,21204,2.75,52.06,0,19.510000000000002,19.52,1,All Wheat Harvested Share of Harvested Cropland
ID,Shoshone County,16079,47.347694,-115.885092,county_centroid,2637.425,5.391,2022,USDA NASS 2022 Ag Census Web Maps,Census Gazetteer 2024 county centroid,,3.46,,0,27.37,0,10,102,53,,,,,,7,Cattle and Calves Market Value Share
ID,Teton County,16081,43.760994,-111.211765,county_centroid,449.091,1.108,2022,USDA NASS 2022 Ag Census Web Maps,Census Gazetteer 2024 county centroid,30.28,,0.13,0.02,,0.13,6,3913,4348,,11.95,0,5.05,5.07,3,"Vegetables, Melons, Potatoes, and Sweet Potatoes Market Value Share"
ID,Twin Falls County,16083,42.352309,-114.665639,county_centroid,1921.714,6.973,2022,USDA NASS 2022 Ag Census Web Maps,Census Gazetteer 2024 county centroid,4.59,0.04,,59.48,11.46,,55,132625,143782,6.94,8.6999999999999993,,2.57,4.5999999999999996,3,Milk from Cows Market Value Share
ID,Valley County,16085,44.85596,-115.618061,county_centroid,3665.119,68.383,2022,USDA NASS 2022 Ag Census Web Maps,Census Gazetteer 2024 county centroid,,0,,0,82.6,,19,3106,10559,0,0,0,0,,4,Cattle and Calves Market Value Share
ID,Washington County,16087,44.448223,-116.797792,county_centroid,1452.852,20.551,2022,USDA NASS 2022 Ag Census Web Maps,Census Gazetteer 2024 county centroid,17.96,,7.0000000000000007E-2,,33.04,,7,15032,17070,5.47,14.06,0,0,4.33,3,Cattle and Calves Market Value Share
IL,Adams County,17001,39.986052,-91.194961,county_centroid,855.151,16.119,2022,USDA NASS 2022 Ag Census Web Maps,Census Gazetteer 2024 county centroid,,0.27,,0.66,6.97,20.010000000000002,7,13859,22463,46.82,1.3,45.69,0,0.01,2,Corn Grain Harvested Share of Harvested Cropland
IL,Alexander County,17003,37.183658,-89.349516,county_centroid,235.394,17.235,2022,USDA NASS 2022 Ag Census Web Maps,Census Gazetteer 2024 county centroid,0,,,0,,,2,792,447,10.62,4.9000000000000004,81.400000000000006,0,0,4,Soybeans Harvested Share of Harvested Cropland
IL,Bond County,17005,38.885924,-89.436592,county_centroid,380.336,2.495,2022,USDA NASS 2022 Ag Census Web Maps,Census Gazetteer 2024 county centroid,0.2,7.0000000000000007E-2,0.02,2.72,3.19,1.1299999999999999,5,3035,3299,42.53,5.37,51.51,0,0.02,0,Soybeans Harvested Share of Harvested Cropland
IL,Boone County,17007,42.318983,-88.824295,county_centroid,280.749,1.289,2022,USDA NASS 2022 Ag Census Web Maps,Census Gazetteer 2024 county centroid,0.98,,,7.25,1.1200000000000001,5.36,4,2305,1713,51.1,1.21,44.06,,0.05,3,Corn Grain Harvested Share of Harvested Cropland
IL,Brown County,17009,39.962069,-90.750309,county_centroid,305.727,1.6,2022,USDA NASS 2022 Ag Census Web Maps,Census Gazetteer 2024 county centroid,,0,,,2.81,21.05,3,3154,2775,42.68,0.94,44.66,0,0.01,3,Soybeans Harvested Share of Harvested Cropland
IL,Bureau County,17011,41.401304,-89.528377,county_centroid,869.071,4.449,2022,USDA NASS 2022 Ag Census Web Maps,Census Gazetteer 2024 county centroid,0.06,0.02,,,2.39,6.44,2,2323,7885,57.59,0.63,40.67,0,0.06,2,Corn Grain Harvested Share of Harvested Cropland
IL,Calhoun County,17013,39.164262,-90.666295,county_centroid,253.829,29.75,2022,USDA NASS 2022 Ag Census Web Maps,Census Gazetteer 2024 county centroid,0.17,3.58,0.02,0,,,5,2845,3074,36.99,2.41,54.38,,0.05,3,Soybeans Harvested Share of Harvested Cropland
IL,Carroll County,17015,42.0709,-89.924189,county_centroid,445.406,21.576,2022,USDA NASS 2022 Ag Census Web Maps,Census Gazetteer 2024 county centroid,,0.02,,,11.68,9.56,8,7517,22528,64.63,1.18,28.3,,,5,Corn Grain Harvested Share of Harvested Cropland
IL,Cass County,17017,39.969202,-90.245704,county_centroid,375.754,7.942,2022,USDA NASS 2022 Ag Census Web Maps,Census Gazetteer 2024 county centroid,0.32,,,0,1.24,12.9,2,1535,1582,58.02,0.6,38.409999999999997,,0.32,3,Corn Grain Harvested Share of Harvested Cropland
IL,Champaign County,17019,40.138985,-88.196975,county_centroid,996.104,2.359,2022,USDA NASS 2022 Ag Census Web Maps,Census Gazetteer 2024 county centroid,,,0.05,,0.97,1.02,1,2302,3190,51.18,0.49,47.57,,,5,Corn Grain Harvested Share of Harvested Cropland
IL,Christian County,17021,39.545524,-89.279593,county_centroid,709.483,6.265,2022,USDA NASS 2022 Ag Census Web Maps,Census Gazetteer 2024 county centroid,0.03,,0.02,0,0.52,8.25,1,1983,1785,50.56,0.86,47.7,,,3,Corn Grain Harvested Share of Harvested Cropland
IL,Clark County,17023,39.332334,-87.791683,county_centroid,501.39,3.371,2022,USDA NASS 2022 Ag Census Web Maps,Census Gazetteer 2024 county centroid,0.15,,,,0.41,18.54,1,1354,945,46.51,2,50.71,,0.17,4,Soybeans Harvested Share of Harvested Cropland
IL,Clay County,17025,38.746819,-88.482325,county_centroid,468.351,1.183,2022,USDA NASS 2022 Ag Census Web Maps,Census Gazetteer 2024 county centroid,0.03,0.02,0.02,,1.81,5.08,2,1909,3748,37.65,8.14,58.4,0,0.01,1,Soybeans Harvested Share of Harvested Cropland
IL,Clinton County,17027,38.606295,-89.426228,county_centroid,473.941,29.203,2022,USDA NASS 2022 Ag Census Web Maps,Census Gazetteer 2024 county centroid,0,,,17.809999999999999,5.87,14.35,16,17753,21015,43.47,11.8,47.03,0,0.01,2,Soybeans Harvested Share of Harvested Cropland
IL,Coles County,17029,39.51368,-88.220782,county_centroid,508.272,1.795,2022,USDA NASS 2022 Ag Census Web Maps,Census Gazetteer 2024 county centroid,0.13,,,0.31,0.64,5.37,1,1138,1014,49.75,0.4,48.99,0.01,0.09,2,Corn Grain Harvested Share of Harvested Cropland
IL,Cook County,17031,41.894294,-87.645455,county_centroid,944.924,689.711,2022,USDA NASS 2022 Ag Census Web Maps,Census Gazetteer 2024 county centroid,17.16,1.1200000000000001,,0,0.44,,,178,,,0,,0.03,4.16,6,"Vegetables, Melons, Potatoes, and Sweet Potatoes Market Value Share"
IL,Crawford County,17033,39.002787,-87.760619,county_centroid,443.643,2.218,2022,USDA NASS 2022 Ag Census Web Maps,Census Gazetteer 2024 county centroid,0.28000000000000003,,4.84,0,1.28,,1,998,993,46.75,4.07,49.87,0,0.24,2,Soybeans Harvested Share of Harvested Cropland
IL,Cumberland County,17035,39.273121,-88.240619,county_centroid,345.944,0.98,2022,USDA NASS 2022 Ag Census Web Maps,Census Gazetteer 2024 county centroid,0.01,0.13,0.01,4.83,,19.07,5,3012,3736,45.2,1.1100000000000001,51.07,0,0.01,1,Soybeans Harvested Share of Harvested Cropland
IL,DeKalb County,17037,41.894612,-88.768991,county_centroid,631.337,3.305,2022,USDA NASS 2022 Ag Census Web Maps,Census Gazetteer 2024 county centroid,0.65,0.2,,0.65,6.12,23.32,4,1896,16727,59.33,1.8,36.46,0,0.16,1,Corn Grain Harvested Share of Harvested Cropland
IL,De Witt County,17039,40.181499,-88.901853,county_centroid,397.561,7.526,2022,USDA NASS 2022 Ag Census Web Maps,Census Gazetteer 2024 county centroid,0.03,,,0,1.2,0.11,2,1773,1781,48.89,,49.59,,0.01,4,Soybeans Harvested Share of Harvested Cropland
IL,Douglas County,17041,39.766078,-88.222866,county_centroid,416.65,0.556,2022,USDA NASS 2022 Ag Census Web Maps,Census Gazetteer 2024 county centroid,0.15,0.01,0.3,0.78,0.59,,1,852,1123,48.41,0.35,50.33,0,0.02,1,Soybeans Harvested Share of Harvested Cropland
IL,DuPage County,17043,41.852058,-88.086039,county_centroid,327.847,8.542,2022,USDA NASS 2022 Ag Census Web Maps,Census Gazetteer 2024 county centroid,13.3,0.32,0.31,0,0,,2,,0,,0,,,28.94,5,Vegetables Harvested Share of Harvested Cropland
IL,Edgar County,17045,39.679037,-87.74711,county_centroid,623.324,0.604,2022,USDA NASS 2022 Ag Census Web Maps,Census Gazetteer 2024 county centroid,,,7.0000000000000007E-2,,,,2,2613,3435,48.64,0.39,50.14,0,0.01,5,Soybeans Harvested Share of Harvested Cropland
IL,Edwards County,17047,38.417095,-88.047941,county_centroid,222.4,0.302,2022,USDA NASS 2022 Ag Census Web Maps,Census Gazetteer 2024 county centroid,0,0,,0,1.65,6.39,2,1508,1502,43.36,3.75,51.81,0,0,1,Soybeans Harvested Share of Harvested Cropland
IL,Effingham County,17049,39.047945,-88.592849,county_centroid,478.769,1.226,2022,USDA NASS 2022 Ag Census Web Maps,Census Gazetteer 2024 county centroid,,,0.16,3.81,9.7100000000000009,18.05,10,7213,21596,45.94,2.98,49.26,0,0,2,Soybeans Harvested Share of Harvested Cropland
IL,Fayette County,17051,39.001125,-89.017923,county_centroid,716.443,8.85,2022,USDA NASS 2022 Ag Census Web Maps,Census Gazetteer 2024 county centroid,0.61,0.01,0.05,2.94,4.5199999999999996,3.67,4,5397,9488,41.02,4.62,52.95,0,0.15,0,Soybeans Harvested Share of Harvested Cropland
IL,Ford County,17053,40.596539,-88.224588,county_centroid,485.597,0.633,2022,USDA NASS 2022 Ag Census Web Maps,Census Gazetteer 2024 county centroid,0.03,,0.12,,2.5,11.66,2,575,4048,49.94,0.63,48.65,,0.01,3,Corn Grain Harvested Share of Harvested Cropland
IL,Franklin County,17055,37.991852,-88.926321,county_centroid,408.927,22.545,2022,USDA NASS 2022 Ag Census Web Maps,Census Gazetteer 2024 county centroid,0.22,,,,,10.74,4,3635,2873,24.5,9.26,68.42,0,0.04,4,Soybeans Harvested Share of Harvested Cropland
IL,Fulton County,17057,40.46524,-90.202269,county_centroid,865.683,16.96,2022,USDA NASS 2022 Ag Census Web Maps,Census Gazetteer 2024 county centroid,0.03,0.02,0.04,0,6.21,9.5,5,11286,14740,48.01,0.44,46.61,0,0.01,0,Corn Grain Harvested Share of Harvested Cropland
IL,Gallatin County,17059,37.768677,-88.227964,county_centroid,322.941,5.157,2022,USDA NASS 2022 Ag Census Web Maps,Census Gazetteer 2024 county centroid,,,0,0,,,1,1594,1952,44.9,3.04,51.09,,0,5,Soybeans Harvested Share of Harvested Cropland
IL,Greene County,17061,39.355439,-90.387682,county_centroid,543.144,3.252,2022,USDA NASS 2022 Ag Census Web Maps,Census Gazetteer 2024 county centroid,0.01,,0,,,,3,5252,4848,46.89,0.89,50.46,,0.02,5,Soybeans Harvested Share of Harvested Cropland
IL,Grundy County,17063,41.29241,-88.401054,county_centroid,418.128,12.404,2022,USDA NASS 2022 Ag Census Web Maps,Census Gazetteer 2024 county centroid,,7.0000000000000007E-2,0.04,,0.2,0.49,1,580,344,50.65,0.36,48.56,0,0.01,2,Corn Grain Harvested Share of Harvested Cropland
IL,Hamilton County,17065,38.085227,-88.539009,county_centroid,434.647,1.225,2022,USDA NASS 2022 Ag Census Web Maps,Census Gazetteer 2024 county centroid,0,7.0000000000000007E-2,0.01,,1.0900000000000001,,1,1521,1410,36.25,6.79,59.82,0,0,2,Soybeans Harvested Share of Harvested Cropland
IL,Hancock County,17067,40.401318,-91.168801,county_centroid,793.748,20.681,2022,USDA NASS 2022 Ag Census Web Maps,Census Gazetteer 2024 county centroid,,0.08,0.01,,4.79,20.45,5,8762,15309,49.31,0.61,46.12,,0,3,Corn Grain Harvested Share of Harvested Cropland
IL,Hardin County,17069,37.517852,-88.266148,county_centroid,177.389,4.049,2022,USDA NASS 2022 Ag Census Web Maps,Census Gazetteer 2024 county centroid,0.2,0,0.53,0,,,6,1249,1092,13.35,0,56.48,0,0.01,2,Soybeans Harvested Share of Harvested Cropland
IL,Henderson County,17071,40.814471,-90.941246,county_centroid,378.793,16.435,2022,USDA NASS 2022 Ag Census Web Maps,Census Gazetteer 2024 county centroid,,,0.01,,4.72,9.06,7,6712,9126,56.79,0.42,39.950000000000003,0,,4,Corn Grain Harvested Share of Harvested Cropland
IL,Henry County,17073,41.350021,-90.130838,county_centroid,823.061,2.627,2022,USDA NASS 2022 Ag Census Web Maps,Census Gazetteer 2024 county centroid,0.74,0.01,0.03,,6.36,6.8,3,4605,19016,54.75,0.23,42.99,0.09,0.28999999999999998,1,Corn Grain Harvested Share of Harvested Cropland
IL,Iroquois County,17075,40.748867,-87.833601,county_centroid,1117.395,1.638,2022,USDA NASS 2022 Ag Census Web Maps,Census Gazetteer 2024 county centroid,,0.03,,0.1,,6.42,2,2770,16214,49.8,0.7,48.47,0,0,3,Corn Grain Harvested Share of Harvested Cropland
IL,Jackson County,17077,37.786096,-89.381212,county_centroid,583.57,18.653,2022,USDA NASS 2022 Ag Census Web Maps,Census Gazetteer 2024 county centroid,0.16,0.93,2.97,3.2,2.04,0.33,3,5546,4507,21.38,8.91,71.209999999999994,0,0.03,0,Soybeans Harvested Share of Harvested Cropland
IL,Jasper County,17079,39.004886,-88.150725,county_centroid,494.614,3.604,2022,USDA NASS 2022 Ag Census Web Maps,Census Gazetteer 2024 county centroid,0,0.13,0,3.48,3.16,24.68,4,3812,6678,41.49,2.99,54.75,0,0,0,Soybeans Harvested Share of Harvested Cropland
IL,Jefferson County,17081,38.30078,-88.92421,county_centroid,571.235,12.568,2022,USDA NASS 2022 Ag Census Web Maps,Census Gazetteer 2024 county centroid,0.18,,3.8,,5.72,4.83,5,6617,7004,25.41,10.4,62.61,0,,3,Soybeans Harvested Share of Harvested Cropland
IL,Jersey County,17083,39.080195,-90.361385,county_centroid,369.556,7.85,2022,USDA NASS 2022 Ag Census Web Maps,Census Gazetteer 2024 county centroid,0.88,0.64,0.01,,3.55,0.01,4,2050,2818,46.46,2.64,49.31,,0.31,2,Soybeans Harvested Share of Harvested Cropland
IL,Jo Daviess County,17085,42.362391,-90.21147,county_centroid,600.924,17.68,2022,USDA NASS 2022 Ag Census Web Maps,Census Gazetteer 2024 county centroid,2.2200000000000002,0.37,0.3,10.5,15.19,,17,24746,30037,52.55,0.37,27.27,0,0.45,1,Corn Grain Harvested Share of Harvested Cropland
IL,Johnson County,17087,37.460709,-88.882131,county_centroid,343.737,4.947,2022,USDA NASS 2022 Ag Census Web Maps,Census Gazetteer 2024 county centroid,,,,0,23.74,,11,7742,7791,15.68,2.73,51.18,,0.18,5,Soybeans Harvested Share of Harvested Cropland
IL,Kane County,17089,41.939594,-88.42804,county_centroid,519.272,4.908,2022,USDA NASS 2022 Ag Census Web Maps,Census Gazetteer 2024 county centroid,1.1000000000000001,,0.92,1.26,9.49,,8,1622,13354,49.83,1.63,42.45,0,0.4,2,Corn Grain Harvested Share of Harvested Cropland
IL,Kankakee County,17091,41.13951,-87.861117,county_centroid,676.49,4.81,2022,USDA NASS 2022 Ag Census Web Maps,Census Gazetteer 2024 county centroid,4.3600000000000003,,,0,0.33,,1,918,862,55.39,0.65,41.26,,1.01,4,Corn Grain Harvested Share of Harvested Cropland
IL,Kendall County,17093,41.58814,-88.430626,county_centroid,320.238,1.984,2022,USDA NASS 2022 Ag Census Web Maps,Census Gazetteer 2024 county centroid,,0.02,0.02,0,0.46,0,1,836,872,51.58,0.99,42.22,,0.37,2,Corn Grain Harvested Share of Harvested Cropland
IL,Knox County,17095,40.930945,-90.213792,county_centroid,716.355,3.442,2022,USDA NASS 2022 Ag Census Web Maps,Census Gazetteer 2024 county centroid,0.02,,0.01,0,4.22,12.3,6,11239,13794,52.5,0.27,44.19,,0.01,2,Corn Grain Harvested Share of Harvested Cropland
IL,Lake County,17097,42.185968,-87.805939,county_centroid,443.679,924.651,2022,USDA NASS 2022 Ag Census Web Maps,Census Gazetteer 2024 county centroid,1.39,,0.09,,,0,,,,37.5,1.31,39.53,0.01,0.28000000000000003,6,Soybeans Harvested Share of Harvested Cropland
IL,LaSalle County,17099,41.343341,-88.885931,county_centroid,1135.138,13.041,2022,USDA NASS 2022 Ag Census Web Maps,Census Gazetteer 2024 county centroid,0.17,0.01,0.04,0,3.44,,2,4037,12003,52.21,0.74,45.87,0,0.13,1,Corn Grain Harvested Share of Harvested Cropland
IL,Lawrence County,17101,38.718954,-87.730221,county_centroid,372.179,1.96,2022,USDA NASS 2022 Ag Census Web Maps,Census Gazetteer 2024 county centroid,4.6900000000000004,0,10.82,0,0.11,18.68,0,429,291,45.58,6.34,51.86,,1.1399999999999999,1,Soybeans Harvested Share of Harvested Cropland
IL,Lee County,17103,41.747447,-89.299362,county_centroid,724.769,3.776,2022,USDA NASS 2022 Ag Census Web Maps,Census Gazetteer 2024 county centroid,0.75,0.04,0.87,0.02,1.48,3.84,2,2501,4124,61.07,0.41,37.46,,0.28000000000000003,1,Corn Grain Harvested Share of Harvested Cropland
IL,Livingston County,17105,40.894376,-88.552852,county_centroid,1043.628,2.307,2022,USDA NASS 2022 Ag Census Web Maps,Census Gazetteer 2024 county centroid,0.02,0,1.81,0.39,1.52,11.44,2,3281,8516,50.42,1.02,48.11,0,0.01,0,Corn Grain Harvested Share of Harvested Cropland
IL,Logan County,17107,40.129277,-89.365309,county_centroid,618.052,0.873,2022,USDA NASS 2022 Ag Census Web Maps,Census Gazetteer 2024 county centroid,0.33,0.02,,0.1,0.33,6.47,1,1360,1334,52.82,0.33,46.16,0,0.25,1,Corn Grain Harvested Share of Harvested Cropland
IL,McDonough County,17109,40.455808,-90.678954,county_centroid,589.305,0.795,2022,USDA NASS 2022 Ag Census Web Maps,Census Gazetteer 2024 county centroid,0.03,0,,0,2.39,11.97,4,5744,5650,50.71,,45.63,,0,3,Corn Grain Harvested Share of Harvested Cropland
IL,McHenry County,17111,42.324298,-88.452245,county_centroid,603.397,7.673,2022,USDA NASS 2022 Ag Census Web Maps,Census Gazetteer 2024 county centroid,5.31,2.1,,5.26,3.07,2.19,6,4181,6349,48.37,2.4300000000000002,39.67,0.01,1.24,1,Corn Grain Harvested Share of Harvested Cropland
IL,McLean County,17113,40.494559,-88.844539,county_centroid,1183.248,3.013,2022,USDA NASS 2022 Ag Census Web Maps,Census Gazetteer 2024 county centroid,0.09,0.02,0.02,,,10.47,3,7006,10096,49.74,0.19,48.81,,0.08,3,Corn Grain Harvested Share of Harvested Cropland
IL,Macon County,17115,39.860237,-88.961529,county_centroid,580.548,5.204,2022,USDA NASS 2022 Ag Census Web Maps,Census Gazetteer 2024 county centroid,0.27,,0.01,0,,,1,1377,1616,49.92,1.1000000000000001,48.38,0,0.04,3,Corn Grain Harvested Share of Harvested Cropland
IL,Macoupin County,17117,39.265914,-89.92633,county_centroid,862.974,4.73,2022,USDA NASS 2022 Ag Census Web Maps,Census Gazetteer 2024 county centroid,0.02,0.06,0.04,,,10.7,5,7991,14420,45.63,2.48,50.5,0,0,2,Soybeans Harvested Share of Harvested Cropland
IL,Madison County,17119,38.82712,-89.900227,county_centroid,715.519,24.522,2022,USDA NASS 2022 Ag Census Web Maps,Census Gazetteer 2024 county centroid,3.12,,0.04,2.34,,,3,4121,4806,43.35,8.24,48.78,,0.95,4,Soybeans Harvested Share of Harvested Cropland
IL,Marion County,17121,38.648236,-88.920362,county_centroid,572.538,3.565,2022,USDA NASS 2022 Ag Census Web Maps,Census Gazetteer 2024 county centroid,7.0000000000000007E-2,0.06,,0,,0.42,3,4761,4809,41.06,6.68,52.76,0,,3,Soybeans Harvested Share of Harvested Cropland
IL,Marshall County,17123,41.031119,-89.342371,county_centroid,386.822,11.716,2022,USDA NASS 2022 Ag Census Web Maps,Census Gazetteer 2024 county centroid,0.69,,0.01,,1.0900000000000001,0.03,2,1926,1600,53.32,0.13,44.43,,0.68,3,Corn Grain Harvested Share of Harvested Cropland
IL,Mason County,17125,40.236993,-89.913575,county_centroid,539.352,24.227,2022,USDA NASS 2022 Ag Census Web Maps,Census Gazetteer 2024 county centroid,7.74,,0,0,,,2,2846,2380,45.94,1.18,39.54,,5.07,4,Corn Grain Harvested Share of Harvested Cropland
IL,Massac County,17127,37.216119,-88.705658,county_centroid,237.151,4.936,2022,USDA NASS 2022 Ag Census Web Maps,Census Gazetteer 2024 county centroid,,,0.01,0,4.45,0,6,2383,2780,33.46,4.17,59.04,0,,3,Soybeans Harvested Share of Harvested Cropland
IL,Menard County,17129,40.022569,-89.794133,county_centroid,314.391,1.019,2022,USDA NASS 2022 Ag Census Web Maps,Census Gazetteer 2024 county centroid,,0.04,0.11,0,1.93,0.61,2,1607,2231,50.32,0.97,47.58,0,,2,Corn Grain Harvested Share of Harvested Cropland
IL,Mercer County,17131,41.205605,-90.74177,county_centroid,561.24,7.495,2022,USDA NASS 2022 Ag Census Web Maps,Census Gazetteer 2024 county centroid,,0,0.01,0,1.48,35.86,2,3267,4337,55.91,7.0000000000000007E-2,41.83,,,3,Corn Grain Harvested Share of Harvested Cropland
IL,Monroe County,17133,38.277983,-90.179078,county_centroid,385.301,13.033,2022,USDA NASS 2022 Ag Census Web Maps,Census Gazetteer 2024 county centroid,,0.05,0.05,,,8.82,3,3393,2582,30.16,16.100000000000001,56.15,0,,4,Soybeans Harvested Share of Harvested Cropland
IL,Montgomery County,17135,39.228068,-89.478141,county_centroid,703.766,5.974,2022,USDA NASS 2022 Ag Census Web Maps,Census Gazetteer 2024 county centroid,0.02,,0,,1.41,26.39,2,4135,6163,47.73,2.3199999999999998,48.74,,0.03,3,Soybeans Harvested Share of Harvested Cropland
IL,Morgan County,17137,39.717657,-90.204993,county_centroid,568.959,3.496,2022,USDA NASS 2022 Ag Census Web Maps,Census Gazetteer 2024 county centroid,7.0000000000000007E-2,0.03,0.08,0,1.56,4.43,3,3809,4020,47.05,1.1100000000000001,49.07,,0.04,1,Soybeans Harvested Share of Harvested Cropland
IL,Moultrie County,17139,39.636896,-88.625726,county_centroid,335.958,8.537,2022,USDA NASS 2022 Ag Census Web Maps,Census Gazetteer 2024 county centroid,0.19,,1.7,1.1399999999999999,1.83,1.1399999999999999,3,1022,3138,53.69,0.52,44.5,0,0.06,1,Corn Grain Harvested Share of Harvested Cropland
IL,Ogle County,17141,42.041884,-89.320176,county_centroid,758.654,4.78,2022,USDA NASS 2022 Ag Census Web Maps,Census Gazetteer 2024 county centroid,0.14000000000000001,0.01,,1.31,9.02,10.75,10,8118,26381,61.64,1.62,33.24,0,0.13,1,Corn Grain Harvested Share of Harvested Cropland
IL,Peoria County,17143,40.785972,-89.766993,county_centroid,618.695,11.552,2022,USDA NASS 2022 Ag Census Web Maps,Census Gazetteer 2024 county centroid,0.96,0.11,0.06,0,2.73,2.36,3,5228,5566,53.13,0.53,42.26,0,0.83,0,Corn Grain Harvested Share of Harvested Cropland
IL,Perry County,17145,38.084381,-89.368525,county_centroid,441.928,5.096,2022,USDA NASS 2022 Ag Census Web Maps,Census Gazetteer 2024 county centroid,,,0.02,,4.5199999999999996,0.12,3,3409,4603,29.7,18.8,61.19,0,,4,Soybeans Harvested Share of Harvested Cropland
IL,Piatt County,17147,40.009033,-88.592355,county_centroid,439.188,0.291,2022,USDA NASS 2022 Ag Census Web Maps,Census Gazetteer 2024 county centroid,,0.06,0.01,0,0.2,,0,285,398,50.68,0.81,48.36,,0,3,Corn Grain Harvested Share of Harvested Cropland
IL,Pike County,17149,39.625106,-90.889034,county_centroid,831.352,17.472,2022,USDA NASS 2022 Ag Census Web Maps,Census Gazetteer 2024 county centroid,,7.0000000000000007E-2,0,,1.86,23.3,2,7711,7213,47.27,1.82,47.75,0,,3,Soybeans Harvested Share of Harvested Cropland
IL,Pope County,17151,37.417169,-88.542374,county_centroid,368.867,5.661,2022,USDA NASS 2022 Ag Census Web Maps,Census Gazetteer 2024 county centroid,,0.27,0.18,0,12.8,,9,3640,2628,14.09,,57.46,0,,4,Soybeans Harvested Share of Harvested Cropland
IL,Pulaski County,17153,37.215615,-89.127755,county_centroid,199.268,3.772,2022,USDA NASS 2022 Ag Census Web Maps,Census Gazetteer 2024 county centroid,0,0.19,,0,,0,4,2118,1504,24.51,8.31,70.16,0,0,2,Soybeans Harvested Share of Harvested Cropland
IL,Putnam County,17155,41.198961,-89.298347,county_centroid,160.097,12.044,2022,USDA NASS 2022 Ag Census Web Maps,Census Gazetteer 2024 county centroid,0.06,0.04,0.04,0,0.27,9.08,,,136,53.35,0.55000000000000004,44.22,0,,3,Corn Grain Harvested Share of Harvested Cropland
IL,Randolph County,17157,38.056515,-89.82121,county_centroid,575.367,21.68,2022,USDA NASS 2022 Ag Census Web Maps,Census Gazetteer 2024 county centroid,,,7.0000000000000007E-2,,4.55,,5,6625,6428,30.45,17.25,59.6,0,,5,Soybeans Harvested Share of Harvested Cropland
IL,Richland County,17159,38.712187,-88.085452,county_centroid,360.034,1.882,2022,USDA NASS 2022 Ag Census Web Maps,Census Gazetteer 2024 county centroid,0.1,0.03,,,1.21,13.47,3,2547,2099,41.67,4.8099999999999996,54.79,0,0.09,2,Soybeans Harvested Share of Harvested Cropland
IL,Rock Island County,17161,41.468421,-90.572125,county_centroid,427.496,23.797,2022,USDA NASS 2022 Ag Census Web Maps,Census Gazetteer 2024 county centroid,0.24,,,2.27,2.4500000000000002,9.34,5,3538,3382,54.23,0.25,39.22,,0.11,3,Corn Grain Harvested Share of Harvested Cropland
IL,St. Clair County,17163,38.470198,-89.928546,county_centroid,657.748,16.143,2022,USDA NASS 2022 Ag Census Web Maps,Census Gazetteer 2024 county centroid,2.2000000000000002,,0.11,,2.88,,4,2861,4714,41.34,9.01,50.91,,0.31,4,Soybeans Harvested Share of Harvested Cropland
IL,Saline County,17165,37.751508,-88.545024,county_centroid,379.996,6.936,2022,USDA NASS 2022 Ag Census Web Maps,Census Gazetteer 2024 county centroid,0,,4.95,,4.01,25.6,5,4249,4710,35.82,0.91,55.75,0,0,2,Soybeans Harvested Share of Harvested Cropland
IL,Sangamon County,17167,39.756886,-89.662435,county_centroid,868.23,8.783,2022,USDA NASS 2022 Ag Census Web Maps,Census Gazetteer 2024 county centroid,0.09,0.02,,0,0.7,1.95,1,2960,3034,52.75,0.37,45.66,0,0.02,1,Corn Grain Harvested Share of Harvested Cropland
IL,Schuyler County,17169,40.156905,-90.613464,county_centroid,437.3,4.058,2022,USDA NASS 2022 Ag Census Web Maps,Census Gazetteer 2024 county centroid,,,,0,7.4,18.440000000000001,5,5966,8079,45.51,0.63,46.48,0,,4,Soybeans Harvested Share of Harvested Cropland
IL,Scott County,17171,39.637002,-90.477771,county_centroid,250.79,1.859,2022,USDA NASS 2022 Ag Census Web Maps,Census Gazetteer 2024 county centroid,,0.31,,0,1.5,15.27,3,1718,1626,48.14,0.14000000000000001,49.39,0,0,2,Soybeans Harvested Share of Harvested Cropland
IL,Shelby County,17173,39.384917,-88.798865,county_centroid,758.508,9.556,2022,USDA NASS 2022 Ag Census Web Maps,Census Gazetteer 2024 county centroid,0.05,,0.01,1.33,6.41,4.91,5,4713,15228,47.89,1.46,48.51,0,0.01,1,Soybeans Harvested Share of Harvested Cropland
IL,Stark County,17175,41.096908,-89.797411,county_centroid,288.106,0.264,2022,USDA NASS 2022 Ag Census Web Maps,Census Gazetteer 2024 county centroid,0.37,0,0.03,0,0.81,7.79,2,1748,1718,53.45,0.3,44.12,0,1.08,0,Corn Grain Harvested Share of Harvested Cropland
IL,Stephenson County,17177,42.349726,-89.665994,county_centroid,564.247,0.521,2022,USDA NASS 2022 Ag Census Web Maps,Census Gazetteer 2024 county centroid,,0.11,,13.29,,9.7200000000000006,13,15329,25303,59.04,1.57,30.4,0,0.03,3,Corn Grain Harvested Share of Harvested Cropland
IL,Tazewell County,17179,40.508074,-89.51626,county_centroid,646.469,11.472,2022,USDA NASS 2022 Ag Census Web Maps,Census Gazetteer 2024 county centroid,1.46,,0.42,0.98,1.1299999999999999,5.66,2,3990,3512,50.43,1.1599999999999999,45.27,0,1.88,1,Corn Grain Harvested Share of Harvested Cropland
IL,Union County,17181,37.485652,-89.244639,county_centroid,413.412,8.703,2022,USDA NASS 2022 Ag Census Web Maps,Census Gazetteer 2024 county centroid,3.17,8.0399999999999991,0.1,,5.82,0.05,6,5218,4140,17.8,4,60.28,0.01,0.44,1,Soybeans Harvested Share of Harvested Cropland
IL,Vermilion County,17183,40.186754,-87.726778,county_centroid,898.32,2.906,2022,USDA NASS 2022 Ag Census Web Maps,Census Gazetteer 2024 county centroid,,0.09,0.03,,1.57,1.26,1,1719,4167,50.28,1.06,47.89,0,0.01,2,Corn Grain Harvested Share of Harvested Cropland
IL,Wabash County,17185,38.445821,-87.839167,county_centroid,223.323,4.237,2022,USDA NASS 2022 Ag Census Web Maps,Census Gazetteer 2024 county centroid,0,,0.01,,0.25,,1,737,409,46.05,2.96,51.02,0,0,3,Soybeans Harvested Share of Harvested Cropland
IL,Warren County,17187,40.850441,-90.620223,county_centroid,542.322,0.708,2022,USDA NASS 2022 Ag Census Web Maps,Census Gazetteer 2024 county centroid,,,0.02,0,4.76,7.82,6,6320,10390,53.82,0.08,44.6,,0,3,Corn Grain Harvested Share of Harvested Cropland
IL,Washington County,17189,38.35314,-89.417187,county_centroid,562.597,1.307,2022,USDA NASS 2022 Ag Census Web Maps,Census Gazetteer 2024 county centroid,1.01,0.02,,7.57,1.87,13.99,5,7953,6430,36.9,16.96,52.17,,0.31,2,Soybeans Harvested Share of Harvested Cropland
IL,Wayne County,17191,38.431857,-88.43243,county_centroid,713.833,1.628,2022,USDA NASS 2022 Ag Census Web Maps,Census Gazetteer 2024 county centroid,,0.02,9.51,,1.53,17.760000000000002,3,5405,4117,43.27,3.77,51.71,0,,3,Soybeans Harvested Share of Harvested Cropland
IL,White County,17193,38.087326,-88.178623,county_centroid,494.983,6.886,2022,USDA NASS 2022 Ag Census Web Maps,Census Gazetteer 2024 county centroid,,,0.01,0,,,1,1125,1036,39.01,3.05,58.97,0,,5,Soybeans Harvested Share of Harvested Cropland
IL,Whiteside County,17195,41.750673,-89.911005,county_centroid,684.099,12.31,2022,USDA NASS 2022 Ag Census Web Maps,Census Gazetteer 2024 county centroid,0.74,0.02,1.64,1.69,9.85,10.18,6,4178,26002,69.760000000000005,0.28000000000000003,26.91,,0.63,1,Corn Grain Harvested Share of Harvested Cropland
IL,Will County,17197,41.448474,-87.978456,county_centroid,835.877,13.345,2022,USDA NASS 2022 Ag Census Web Maps,Census Gazetteer 2024 county centroid,0.89,,0.21,,0.18,2.12,0,526,329,44.73,1.41,50.86,0,0.14000000000000001,2,Soybeans Harvested Share of Harvested Cropland
IL,Williamson County,17199,37.730353,-88.930018,county_centroid,420.21,24.12,2022,USDA NASS 2022 Ag Census Web Maps,Census Gazetteer 2024 county centroid,0.62,,,0,14.48,,10,3613,6040,27.67,4.25,54.3,,0.17,4,Soybeans Harvested Share of Harvested Cropland
IL,Winnebago County,17201,42.337396,-89.161205,county_centroid,513.05,6.129,2022,USDA NASS 2022 Ag Census Web Maps,Census Gazetteer 2024 county centroid,0.32,0.72,,6.16,7.18,,6,2923,7481,55.37,2.29,36.47,0,0.13,2,Corn Grain Harvested Share of Harvested Cropland
IL,Woodford County,17203,40.789787,-89.210587,county_centroid,527.557,15.39,2022,USDA NASS 2022 Ag Census Web Maps,Census Gazetteer 2024 county centroid,0.79,,1.07,0,2.4,21.51,2,3113,5793,50.57,2.04,45.44,,0.49,2,Corn Grain Harvested Share of Harvested Cropland
IN,Adams County,18001,40.74573,-84.936134,county_centroid,338.925,1.04,2022,USDA NASS 2022 Ag Census Web Maps,Census Gazetteer 2024 county centroid,0.1,0.02,14.69,4.2,10.82,22.38,12,4406,40944,35.79,3.32,56.04,0,0.03,0,Soybeans Harvested Share of Harvested Cropland
IN,Allen County,18003,41.091909,-85.071791,county_centroid,657.146,2.837,2022,USDA NASS 2022 Ag Census Web Maps,Census Gazetteer 2024 county centroid,0.31,,1.33,2.44,4.5599999999999996,9.09,5,3264,18238,35.340000000000003,6.11,54.86,0,0.08,1,Soybeans Harvested Share of Harvested Cropland
IN,Bartholomew County,18005,39.205843,-85.897999,county_centroid,406.94,2.593,2022,USDA NASS 2022 Ag Census Web Maps,Census Gazetteer 2024 county centroid,2.2400000000000002,0.05,7.0000000000000007E-2,,1.06,12.36,2,1208,1035,42.94,4.6100000000000003,50.72,,1.51,2,Soybeans Harvested Share of Harvested Cropland
IN,Benton County,18007,40.600939,-87.314786,county_centroid,406.418,0.091,2022,USDA NASS 2022 Ag Census Web Maps,Census Gazetteer 2024 county centroid,,,0,21.53,2.68,,7,13598,14607,52.02,1.08,44.63,0,,4,Corn Grain Harvested Share of Harvested Cropland
IN,Blackford County,18009,40.472672,-85.32373,county_centroid,165.082,0.501,2022,USDA NASS 2022 Ag Census Web Maps,Census Gazetteer 2024 county centroid,0.03,0.02,0.03,0,2.2599999999999998,17.2,2,582,1032,38.15,1.37,58.5,0,,1,Soybeans Harvested Share of Harvested Cropland
IN,Boone County,18011,40.050892,-86.469014,county_centroid,422.882,0.339,2022,USDA NASS 2022 Ag Census Web Maps,Census Gazetteer 2024 county centroid,0.18,0.02,,0.49,1.33,3.22,1,1020,2074,46.83,1.42,49.9,0,0.02,1,Soybeans Harvested Share of Harvested Cropland
IN,Brown County,18013,39.195113,-86.230121,county_centroid,311.987,4.643,2022,USDA NASS 2022 Ag Census Web Maps,Census Gazetteer 2024 county centroid,2.2400000000000002,,0.95,0,2.69,,5,414,261,31.4,0,40.229999999999997,,0.57999999999999996,3,Soybeans Harvested Share of Harvested Cropland
IN,Carroll County,18015,40.58498,-86.565141,county_centroid,372.225,2.794,2022,USDA NASS 2022 Ag Census Web Maps,Census Gazetteer 2024 county centroid,0.09,0.03,0.54,0.2,3.43,32.590000000000003,6,1208,9185,50.73,2.88,44.69,,0.02,1,Corn Grain Harvested Share of Harvested Cropland
IN,Cass County,18017,40.753799,-86.355168,county_centroid,412.144,2.704,2022,USDA NASS 2022 Ag Census Web Maps,Census Gazetteer 2024 county centroid,,0.02,0.01,,,8.01,5,6249,6438,53.23,1.59,40.71,0,,4,Corn Grain Harvested Share of Harvested Cropland
IN,Clark County,18019,38.476217,-85.711122,county_centroid,372.487,4.132,2022,USDA NASS 2022 Ag Census Web Maps,Census Gazetteer 2024 county centroid,3.55,,,,8.19,7.0000000000000007E-2,7,3290,5980,30.54,8.66,53.2,0.01,1.03,3,Soybeans Harvested Share of Harvested Cropland
IN,Clay County,18021,39.393928,-87.115858,county_centroid,357.6,2.721,2022,USDA NASS 2022 Ag Census Web Maps,Census Gazetteer 2024 county centroid,0.09,0.18,0.02,,0.86,0.13,1,1283,1401,46.56,0.34,50.12,,0.02,2,Soybeans Harvested Share of Harvested Cropland
IN,Clinton County,18023,40.305944,-86.477567,county_centroid,405.067,0.178,2022,USDA NASS 2022 Ag Census Web Maps,Census Gazetteer 2024 county centroid,0.04,,,,,18.37,1,666,2329,49.34,0.71,49.32,0,0.01,4,Corn Grain Harvested Share of Harvested Cropland
IN,Crawford County,18025,38.289433,-86.440871,county_centroid,305.613,3.166,2022,USDA NASS 2022 Ag Census Web Maps,Census Gazetteer 2024 county centroid,0.35,,,,6.69,24.78,6,2554,1977,31.9,3.31,39.15,,0.13,4,Soybeans Harvested Share of Harvested Cropland
IN,Daviess County,18027,38.69609,-87.076943,county_centroid,429.514,7.36,2022,USDA NASS 2022 Ag Census Web Maps,Census Gazetteer 2024 county centroid,0.54,0.15,54.11,1.2,1,4.8099999999999996,4,3915,3429,49.51,0.97,41.35,0,0.32,0,Poultry and Eggs Market Value Share
IN,Dearborn County,18029,39.140897,-84.975868,county_centroid,305.087,2.324,2022,USDA NASS 2022 Ag Census Web Maps,Census Gazetteer 2024 county centroid,1,2.2000000000000002,0.21,,13.36,,9,2431,1979,22.86,2.27,29.91,,0.08,3,Soybeans Harvested Share of Harvested Cropland
IN,Decatur County,18031,39.30598,-85.499831,county_centroid,372.568,0.755,2022,USDA NASS 2022 Ag Census Web Maps,Census Gazetteer 2024 county centroid,0.09,0.02,0.01,,,23.79,10,9187,16369,45.49,3.47,48.07,0,0.04,2,Soybeans Harvested Share of Harvested Cropland
IN,DeKalb County,18033,41.39676,-85.002697,county_centroid,362.834,1.026,2022,USDA NASS 2022 Ag Census Web Maps,Census Gazetteer 2024 county centroid,0.06,0.17,0.03,9.41,14.66,0.14000000000000001,8,3619,18025,31.25,4.43,60.25,0,0.01,0,Soybeans Harvested Share of Harvested Cropland
IN,Delaware County,18035,40.227543,-85.399262,county_centroid,392.109,3.8,2022,USDA NASS 2022 Ag Census Web Maps,Census Gazetteer 2024 county centroid,,,,0.33,0.91,4.17,2,1371,1144,40.700000000000003,1.1299999999999999,55.01,,0.4,4,Soybeans Harvested Share of Harvested Cropland
IN,Dubois County,18037,38.373344,-86.873385,county_centroid,427.267,8.067,2022,USDA NASS 2022 Ag Census Web Maps,Census Gazetteer 2024 county centroid,0.13,0,72.010000000000005,2.3199999999999998,2.94,3.28,13,9664,11052,42.04,3.62,43.72,,0.08,1,Poultry and Eggs Market Value Share
IN,Elkhart County,18039,41.600693,-85.863986,county_centroid,463.158,4.813,2022,USDA NASS 2022 Ag Census Web Maps,Census Gazetteer 2024 county centroid,0.77,,38.31,17.14,6.69,5.19,24,18002,40201,44.67,1.29,36.53,0.01,0.87,1,Corn Grain Harvested Share of Harvested Cropland
IN,Fayette County,18041,39.639654,-85.185034,county_centroid,215.021,0.141,2022,USDA NASS 2022 Ag Census Web Maps,Census Gazetteer 2024 county centroid,,,0.01,0,1.2,0.11,2,1283,1131,48.09,2.2999999999999998,45.58,0,,3,Corn Grain Harvested Share of Harvested Cropland
IN,Floyd County,18043,38.318081,-85.911847,county_centroid,148.486,1.031,2022,USDA NASS 2022 Ag Census Web Maps,Census Gazetteer 2024 county centroid,2.3199999999999998,,9.4,0,8.07,,9,801,705,33.909999999999997,0.31,33.79,0.04,0.32,2,Corn Grain Harvested Share of Harvested Cropland
IN,Fountain County,18045,40.121237,-87.234872,county_centroid,395.668,2.212,2022,USDA NASS 2022 Ag Census Web Maps,Census Gazetteer 2024 county centroid,,,0.01,,,,2,1945,1699,49.49,0.28000000000000003,48.11,0,0.01,5,Corn Grain Harvested Share of Harvested Cropland
IN,Franklin County,18047,39.409762,-85.066964,county_centroid,384.426,6.623,2022,USDA NASS 2022 Ag Census Web Maps,Census Gazetteer 2024 county centroid,,0.41,,,5.76,4.32,7,4935,5455,39.51,2.99,43.55,,,5,Soybeans Harvested Share of Harvested Cropland
IN,Fulton County,18049,41.050384,-86.265006,county_centroid,368.393,2.872,2022,USDA NASS 2022 Ag Census Web Maps,Census Gazetteer 2024 county centroid,0.04,0.01,,7.55,5.71,10.83,8,4350,10181,53.49,0.81,41.02,0,0.02,1,Corn Grain Harvested Share of Harvested Cropland
IN,Gibson County,18051,38.317398,-87.580523,county_centroid,487.378,11.927,2022,USDA NASS 2022 Ag Census Web Maps,Census Gazetteer 2024 county centroid,,,,5.76,1.82,9.65,3,3917,3922,46.11,6.91,49.89,0,,4,Soybeans Harvested Share of Harvested Cropland
IN,Grant County,18053,40.515758,-85.654946,county_centroid,414.089,0.812,2022,USDA NASS 2022 Ag Census Web Maps,Census Gazetteer 2024 county centroid,3.53,0.02,0.03,,,7.83,1,1241,1391,40.590000000000003,0.76,56.23,0,0.94,2,Soybeans Harvested Share of Harvested Cropland
IN,Greene County,18055,39.047147,-87.004771,county_centroid,542.467,3.444,2022,USDA NASS 2022 Ag Census Web Maps,Census Gazetteer 2024 county centroid,,0.08,23.58,,3.57,,5,4999,7655,40.909999999999997,0.25,49.33,,0,4,Soybeans Harvested Share of Harvested Cropland
IN,Hamilton County,18057,40.053513,-86.021709,county_centroid,394.388,8.079,2022,USDA NASS 2022 Ag Census Web Maps,Census Gazetteer 2024 county centroid,0.75,,0.04,0,0.21,0.18,,,303,46.19,0.9,51.24,0,0.15,3,Soybeans Harvested Share of Harvested Cropland
IN,Hancock County,18059,39.822529,-85.77315,county_centroid,305.957,1.069,2022,USDA NASS 2022 Ag Census Web Maps,Census Gazetteer 2024 county centroid,0.14000000000000001,,0.51,,1.22,21.11,2,1048,1110,42.61,1.46,54.74,0,0.04,2,Soybeans Harvested Share of Harvested Cropland
IN,Harrison County,18061,38.186454,-86.103766,county_centroid,484.081,2.037,2022,USDA NASS 2022 Ag Census Web Maps,Census Gazetteer 2024 county centroid,0.23,0.32,25.69,1.99,11.63,0.03,11,8348,12206,31.86,3.54,42.64,,0.11,1,Soybeans Harvested Share of Harvested Cropland
IN,Hendricks County,18063,39.768963,-86.509908,county_centroid,406.894,1.884,2022,USDA NASS 2022 Ag Census Web Maps,Census Gazetteer 2024 county centroid,,0.57999999999999996,0.15,,0.78,7.36,2,1092,917,48.03,0.56999999999999995,47.56,0,0.14000000000000001,2,Corn Grain Harvested Share of Harvested Cropland
IN,Henry County,18065,39.929591,-85.397363,county_centroid,391.877,2.954,2022,USDA NASS 2022 Ag Census Web Maps,Census Gazetteer 2024 county centroid,1.36,0.14000000000000001,0.09,,,7.66,6,5473,8554,42.23,3.14,50.42,,0.37,3,Soybeans Harvested Share of Harvested Cropland
IN,Howard County,18067,40.483537,-86.114118,county_centroid,293.074,0.847,2022,USDA NASS 2022 Ag Census Web Maps,Census Gazetteer 2024 county centroid,,,,,0.63,6.78,1,612,761,48.44,1.3,48.89,,,6,Soybeans Harvested Share of Harvested Cropland
IN,Huntington County,18069,40.826394,-85.478597,county_centroid,382.639,5.068,2022,USDA NASS 2022 Ag Census Web Maps,Census Gazetteer 2024 county centroid,0.04,0.01,13.19,13.89,1.65,7.67,5,7557,6462,40.71,2.46,54.01,,0.01,1,Soybeans Harvested Share of Harvested Cropland
IN,Jackson County,18071,38.911957,-86.042516,county_centroid,509.978,3.928,2022,USDA NASS 2022 Ag Census Web Maps,Census Gazetteer 2024 county centroid,0.55000000000000004,,,,,8.6199999999999992,5,3662,4854,42.44,2,50.85,,0.16,5,Soybeans Harvested Share of Harvested Cropland
IN,Jasper County,18073,41.017688,-87.118814,county_centroid,559.68,1.71,2022,USDA NASS 2022 Ag Census Web Maps,Census Gazetteer 2024 county centroid,0.22,,,31.8,,14.8,18,33824,55535,51.9,0.56000000000000005,40.39,,0.09,4,Corn Grain Harvested Share of Harvested Cropland
IN,Jay County,18075,40.434956,-85.002331,county_centroid,383.905,0.177,2022,USDA NASS 2022 Ag Census Web Maps,Census Gazetteer 2024 county centroid,0.01,0.01,50.05,0.63,3.22,19.190000000000001,9,1859,13917,40.11,3.66,52.01,0,0.01,0,Soybeans Harvested Share of Harvested Cropland
IN,Jefferson County,18077,38.783604,-85.44009,county_centroid,360.699,2.313,2022,USDA NASS 2022 Ag Census Web Maps,Census Gazetteer 2024 county centroid,0.78,,0.19,,6.85,0.28999999999999998,7,3378,3298,25.16,4.32,56.09,0.02,0.14000000000000001,2,Soybeans Harvested Share of Harvested Cropland
IN,Jennings County,18079,38.996229,-85.628103,county_centroid,376.597,1.748,2022,USDA NASS 2022 Ag Census Web Maps,Census Gazetteer 2024 county centroid,0.17,,,0,,4.04,4,2347,2201,30.63,3.14,60.6,0,0.04,3,Soybeans Harvested Share of Harvested Cropland
IN,Johnson County,18081,39.496092,-86.094264,county_centroid,320.415,1.376,2022,USDA NASS 2022 Ag Census Web Maps,Census Gazetteer 2024 county centroid,,0.46,,0,1.41,0.45,2,1043,1337,47.87,2.4900000000000002,48.29,0,0.05,2,Soybeans Harvested Share of Harvested Cropland
IN,Knox County,18083,38.688381,-87.420358,county_centroid,515.831,8.073,2022,USDA NASS 2022 Ag Census Web Maps,Census Gazetteer 2024 county centroid,14.45,,12.11,0.24,0.66,5.01,1,2161,2431,40.21,4.18,52.45,,3.1,2,Soybeans Harvested Share of Harvested Cropland
IN,Kosciusko County,18085,41.244293,-85.861575,county_centroid,531.446,22.947,2022,USDA NASS 2022 Ag Census Web Maps,Census Gazetteer 2024 county centroid,0.51,0.08,18.53,7.82,5.0199999999999996,12.83,7,7904,20508,45.43,1.82,42.26,0,0.1,0,Corn Grain Harvested Share of Harvested Cropland
IN,LaGrange County,18087,41.642462,-85.427845,county_centroid,379.632,7.07,2022,USDA NASS 2022 Ag Census Web Maps,Census Gazetteer 2024 county centroid,2.44,0.13,46.94,8.32,15.33,4.29,25,12539,78169,39.880000000000003,1.34,30.12,1.51,1.71,0,Poultry and Eggs Market Value Share
IN,Lake County,18089,41.472247,-87.374337,county_centroid,498.89,127.739,2022,USDA NASS 2022 Ag Census Web Maps,Census Gazetteer 2024 county centroid,1.08,0.45,7.0000000000000007E-2,0.93,0.47,7.0000000000000007E-2,1,627,585,52.17,0.69,42.23,0,0.27,0,Corn Grain Harvested Share of Harvested Cropland
IN,LaPorte County,18091,41.549013,-86.744739,county_centroid,598.288,14.971,2022,USDA NASS 2022 Ag Census Web Maps,Census Gazetteer 2024 county centroid,5.61,0.89,,7.17,2.72,1.55,3,4797,7004,51.3,2.84,41.98,0,0.76,1,Corn Grain Harvested Share of Harvested Cropland
IN,Lawrence County,18093,38.839815,-86.48782,county_centroid,449.146,2.783,2022,USDA NASS 2022 Ag Census Web Maps,Census Gazetteer 2024 county centroid,0.67,1.05,,0,24.97,0.1,13,7763,11948,29.45,,33.17,0.01,0.09,2,Soybeans Harvested Share of Harvested Cropland
IN,Madison County,18095,40.166203,-85.722454,county_centroid,451.921,0.983,2022,USDA NASS 2022 Ag Census Web Maps,Census Gazetteer 2024 county centroid,1.73,0.13,0.04,0,1.63,1.2,1,1165,2217,43.84,0.9,52.98,0,0.08,0,Soybeans Harvested Share of Harvested Cropland
IN,Marion County,18097,39.782976,-86.135794,county_centroid,395.996,7.013,2022,USDA NASS 2022 Ag Census Web Maps,Census Gazetteer 2024 county centroid,4.6500000000000004,0.35,0.7,,0.79,0,2,178,119,26.92,3.18,62.94,0.01,1.65,1,Soybeans Harvested Share of Harvested Cropland
IN,Marshall County,18099,41.325003,-86.269036,county_centroid,443.618,6.125,2022,USDA NASS 2022 Ag Census Web Maps,Census Gazetteer 2024 county centroid,0.36,0.13,6.74,21.88,8.65,1.18,12,11250,21315,50.54,0.98,39.770000000000003,0,0.1,0,Corn Grain Harvested Share of Harvested Cropland
IN,Martin County,18101,38.705322,-86.801847,county_centroid,335.761,4.646,2022,USDA NASS 2022 Ag Census Web Maps,Census Gazetteer 2024 county centroid,0,,56.97,0,2.1,14.64,6,1699,2479,41.24,2.46,45.46,0,0,1,Poultry and Eggs Market Value Share
IN,Miami County,18103,40.772883,-86.044258,county_centroid,373.842,3.546,2022,USDA NASS 2022 Ag Census Web Maps,Census Gazetteer 2024 county centroid,,,0.03,3.79,1.77,29.51,3,2854,5088,45.27,2.08,47.28,0,,3,Soybeans Harvested Share of Harvested Cropland
IN,Monroe County,18105,39.160729,-86.52331,county_centroid,394.523,16.798,2022,USDA NASS 2022 Ag Census Web Maps,Census Gazetteer 2024 county centroid,3.22,,,0.98,17.5,0.56000000000000005,8,2917,2822,25.48,0.82,29.4,0.01,0.36,2,Soybeans Harvested Share of Harvested Cropland
IN,Montgomery County,18107,40.040296,-86.892715,county_centroid,504.652,0.794,2022,USDA NASS 2022 Ag Census Web Maps,Census Gazetteer 2024 county centroid,0.11,0.08,2.42,,1.21,,2,1912,2294,47,1.74,50.53,0,0.02,2,Soybeans Harvested Share of Harvested Cropland
IN,Morgan County,18109,39.482646,-86.447457,county_centroid,403.831,5.598,2022,USDA NASS 2022 Ag Census Web Maps,Census Gazetteer 2024 county centroid,0.04,,0.05,0,1.83,5.53,3,2007,1911,47.85,0.57999999999999996,47.6,,0.01,2,Corn Grain Harvested Share of Harvested Cropland
IN,Newton County,18111,40.962399,-87.402172,county_centroid,401.755,1.679,2022,USDA NASS 2022 Ag Census Web Maps,Census Gazetteer 2024 county centroid,0,,,,,,,,,52.88,1,37.94,0,0,8,Corn Grain Harvested Share of Harvested Cropland
IN,Noble County,18113,41.404679,-85.417271,county_centroid,410.843,6.59,2022,USDA NASS 2022 Ag Census Web Maps,Census Gazetteer 2024 county centroid,0.09,0.39,13.39,10.93,4.28,10.96,8,6017,9306,45.34,1.44,41.97,0,0.06,0,Corn Grain Harvested Share of Harvested Cropland
IN,Ohio County,18115,38.940527,-84.964299,county_centroid,86.15,1.301,2022,USDA NASS 2022 Ag Census Web Maps,Census Gazetteer 2024 county centroid,0,,,,10,,10,1004,658,22.51,0,28.98,0,0,4,Soybeans Harvested Share of Harvested Cropland
IN,Orange County,18117,38.547381,-86.489257,county_centroid,398.379,9.813,2022,USDA NASS 2022 Ag Census Web Maps,Census Gazetteer 2024 county centroid,0.16,0.06,53.47,0,,,9,3892,3531,43.65,3.27,42.38,0.02,0.05,2,Poultry and Eggs Market Value Share
IN,Owen County,18119,39.317339,-86.838845,county_centroid,385.295,2.536,2022,USDA NASS 2022 Ag Census Web Maps,Census Gazetteer 2024 county centroid,0.32,1.03,0.18,0,6.64,0.14000000000000001,6,2757,2232,33.450000000000003,1.01,46.27,0,0.04,0,Soybeans Harvested Share of Harvested Cropland
IN,Parke County,18121,39.77425,-87.19695,county_centroid,444.725,5.268,2022,USDA NASS 2022 Ag Census Web Maps,Census Gazetteer 2024 county centroid,1.47,0.2,2.21,6.15,4.3,0.08,5,4173,5211,44.94,2.94,46.94,0,0.21,0,Soybeans Harvested Share of Harvested Cropland
IN,Perry County,18123,38.081436,-86.62654,county_centroid,381.74,4.57,2022,USDA NASS 2022 Ag Census Web Maps,Census Gazetteer 2024 county centroid,0.1,,18.03,8.6,8.35,18.940000000000001,13,4815,4693,31.33,1.45,40.450000000000003,0,0.02,1,Soybeans Harvested Share of Harvested Cropland
IN,Pike County,18125,38.397961,-87.232547,county_centroid,334.351,6.744,2022,USDA NASS 2022 Ag Census Web Maps,Census Gazetteer 2024 county centroid,0,0,29.86,0,0.65,2.85,,,,42,3.22,53.86,0,0,3,Soybeans Harvested Share of Harvested Cropland
IN,Porter County,18127,41.509914,-87.071313,county_centroid,418.113,103.715,2022,USDA NASS 2022 Ag Census Web Maps,Census Gazetteer 2024 county centroid,10.220000000000001,0.15,7.0000000000000007E-2,0.25,0.96,0.11,2,1153,844,47.86,1.03,45.51,,1.52,1,Corn Grain Harvested Share of Harvested Cropland
IN,Posey County,18129,38.027614,-87.868653,county_centroid,409.385,10.234,2022,USDA NASS 2022 Ag Census Web Maps,Census Gazetteer 2024 county centroid,0.02,0.13,0,,0.47,1.24,1,781,882,41.49,7.61,53.97,0,0,1,Soybeans Harvested Share of Harvested Cropland
IN,Pulaski County,18131,41.045272,-86.692538,county_centroid,433.678,0.856,2022,USDA NASS 2022 Ag Census Web Maps,Census Gazetteer 2024 county centroid,,,,,0.59,,2,2574,2552,51.16,0.48,35.659999999999997,,,7,Corn Grain Harvested Share of Harvested Cropland
IN,Putnam County,18133,39.665548,-86.853373,county_centroid,480.536,2.158,2022,USDA NASS 2022 Ag Census Web Maps,Census Gazetteer 2024 county centroid,0.1,0.24,7.0000000000000007E-2,0.44,1.52,9.16,3,2970,2428,45.14,2.68,48.1,,0.02,1,Soybeans Harvested Share of Harvested Cropland
IN,Randolph County,18135,40.164079,-85.00579,county_centroid,452.379,0.934,2022,USDA NASS 2022 Ag Census Web Maps,Census Gazetteer 2024 county centroid,1.6,,11.6,4.1900000000000004,1.65,18.309999999999999,3,4165,5320,47.27,1.25,49.22,0,0.54,1,Soybeans Harvested Share of Harvested Cropland
IN,Ripley County,18137,39.100226,-85.260494,county_centroid,446.431,1.63,2022,USDA NASS 2022 Ag Census Web Maps,Census Gazetteer 2024 county centroid,0.59,,,,3.82,7.74,5,4031,4408,37.549999999999997,4.13,55.16,0,0.18,3,Soybeans Harvested Share of Harvested Cropland
IN,Rush County,18139,39.622365,-85.466536,county_centroid,408.137,0.324,2022,USDA NASS 2022 Ag Census Web Maps,Census Gazetteer 2024 county centroid,,0,,,2.2999999999999998,17.71,3,1540,3899,48.88,2.21,47.56,,0.01,4,Corn Grain Harvested Share of Harvested Cropland
IN,St. Joseph County,18141,41.617723,-86.288048,county_centroid,457.781,3.605,2022,USDA NASS 2022 Ag Census Web Maps,Census Gazetteer 2024 county centroid,1.05,,0.1,5.23,1.31,11.9,3,2654,2362,51.6,1.81,41.34,0,0.23,1,Corn Grain Harvested Share of Harvested Cropland
IN,Scott County,18143,38.679431,-85.751898,county_centroid,190.403,2.346,2022,USDA NASS 2022 Ag Census Web Maps,Census Gazetteer 2024 county centroid,,0.38,0.14000000000000001,0,2.56,,4,1180,762,39.42,,50.68,,0.03,4,Soybeans Harvested Share of Harvested Cropland
IN,Shelby County,18145,39.524135,-85.792174,county_centroid,411.136,1.62,2022,USDA NASS 2022 Ag Census Web Maps,Census Gazetteer 2024 county centroid,,0.27,,0.56999999999999995,0.74,,1,1567,1235,47.54,2.2999999999999998,49.3,,0.02,4,Soybeans Harvested Share of Harvested Cropland
IN,Spencer County,18147,38.009697,-87.010375,county_centroid,396.888,4.621,2022,USDA NASS 2022 Ag Census Web Maps,Census Gazetteer 2024 county centroid,,0.16,15.02,1.07,4.24,3.92,7,5062,7342,43.08,0.55000000000000004,49.91,0,0.04,1,Soybeans Harvested Share of Harvested Cropland
IN,Starke County,18149,41.284478,-86.644636,county_centroid,309.144,3.061,2022,USDA NASS 2022 Ag Census Web Maps,Census Gazetteer 2024 county centroid,,0.71,0.01,,0.76,,,,338,52.19,0.74,40.64,0,0.01,5,Corn Grain Harvested Share of Harvested Cropland
IN,Steuben County,18151,41.643467,-85.002405,county_centroid,308.782,13.684,2022,USDA NASS 2022 Ag Census Web Maps,Census Gazetteer 2024 county centroid,0.81,,0.02,7.75,4.3,6.74,7,2432,3811,46.25,2.08,44,0,0.11,1,Corn Grain Harvested Share of Harvested Cropland
IN,Sullivan County,18153,39.089225,-87.415843,county_centroid,447.196,6.92,2022,USDA NASS 2022 Ag Census Web Maps,Census Gazetteer 2024 county centroid,4.72,0,11.04,,0.57999999999999996,7.0000000000000007E-2,1,1373,1115,47.35,0.26,49.56,,1.02,2,Soybeans Harvested Share of Harvested Cropland
IN,Switzerland County,18155,38.825854,-85.029681,county_centroid,220.668,2.908,2022,USDA NASS 2022 Ag Census Web Maps,Census Gazetteer 2024 county centroid,0.66,0.95,,,6.33,,7,2334,2072,30.99,,43.18,0,0.06,4,Soybeans Harvested Share of Harvested Cropland
IN,Tippecanoe County,18157,40.389133,-86.893554,county_centroid,498.898,4.346,2022,USDA NASS 2022 Ag Census Web Maps,Census Gazetteer 2024 county centroid,1.05,0.18,,,1.31,12.73,1,1849,2369,48.22,0.94,48.66,0,0.3,2,Soybeans Harvested Share of Harvested Cropland
IN,Tipton County,18159,40.310229,-86.056207,county_centroid,260.541,0.026,2022,USDA NASS 2022 Ag Census Web Maps,Census Gazetteer 2024 county centroid,,,,0,0.24,,0,263,333,51.88,0.68,47.32,,0.13,5,Corn Grain Harvested Share of Harvested Cropland
IN,Union County,18161,39.623094,-84.925145,county_centroid,161.191,3.986,2022,USDA NASS 2022 Ag Census Web Maps,Census Gazetteer 2024 county centroid,0,0,,0,1.31,11.6,2,932,979,47.28,0.83,49.58,0,0,1,Soybeans Harvested Share of Harvested Cropland
IN,Vanderburgh County,18163,38.02007,-87.586166,county_centroid,233.402,3.458,2022,USDA NASS 2022 Ag Census Web Maps,Census Gazetteer 2024 county centroid,,,,,0.24,,,,127,45.97,6.99,50.34,,,9,Soybeans Harvested Share of Harvested Cropland
IN,Vermillion County,18165,39.854045,-87.462071,county_centroid,256.894,3.018,2022,USDA NASS 2022 Ag Census Web Maps,Census Gazetteer 2024 county centroid,0,,0.01,0,,,2,626,1988,50.6,0.77,46.41,0,0,3,Corn Grain Harvested Share of Harvested Cropland
IN,Vigo County,18167,39.430874,-87.390989,county_centroid,403.631,6.819,2022,USDA NASS 2022 Ag Census Web Maps,Census Gazetteer 2024 county centroid,,7.0000000000000007E-2,,,,0.04,2,996,1112,45.38,0.82,51.23,,,6,Soybeans Harvested Share of Harvested Cropland
IN,Wabash County,18169,40.843747,-85.795192,county_centroid,412.539,8.437,2022,USDA NASS 2022 Ag Census Web Maps,Census Gazetteer 2024 county centroid,0.02,0.03,,,1.18,18.309999999999999,4,2866,5555,44.29,2.62,50.1,0,0.01,2,Soybeans Harvested Share of Harvested Cropland
IN,Warren County,18171,40.352498,-87.375163,county_centroid,364.69,1.715,2022,USDA NASS 2022 Ag Census Web Maps,Census Gazetteer 2024 county centroid,0,,0.02,,1.89,,5,7568,8011,49.51,,45.79,0,0,4,Corn Grain Harvested Share of Harvested Cropland
IN,Warrick County,18173,38.097728,-87.272049,county_centroid,384.63,6.422,2022,USDA NASS 2022 Ag Census Web Maps,Census Gazetteer 2024 county centroid,,,0.03,,1.93,,4,1769,1596,43.68,4.2300000000000004,50.57,0,,5,Soybeans Harvested Share of Harvested Cropland
IN,Washington County,18175,38.600613,-86.104751,county_centroid,513.689,2.907,2022,USDA NASS 2022 Ag Census Web Maps,Census Gazetteer 2024 county centroid,,0.05,51.26,0.43,2.66,2.46,9,9877,8092,36.119999999999997,1.07,46.1,,,3,Poultry and Eggs Market Value Share
IN,Wayne County,18177,39.863091,-85.006735,county_centroid,401.755,2.588,2022,USDA NASS 2022 Ag Census Web Maps,Census Gazetteer 2024 county centroid,0.43,0.15,0.45,7.31,3.17,6.9,6,4884,3920,44.05,1.72,45.57,0,0.08,0,Soybeans Harvested Share of Harvested Cropland
IN,Wells County,18179,40.735547,-85.213349,county_centroid,368.087,2.161,2022,USDA NASS 2022 Ag Census Web Maps,Census Gazetteer 2024 county centroid,0.03,,6.51,6.79,1.38,25.54,3,3931,4079,42.46,1.96,54.82,0,0.01,1,Soybeans Harvested Share of Harvested Cropland
IN,White County,18181,40.75095,-86.864293,county_centroid,505.14,3.539,2022,USDA NASS 2022 Ag Census Web Maps,Census Gazetteer 2024 county centroid,,0,0.01,0,2.96,27.84,2,1823,8371,51.15,1.32,40.76,,7.0000000000000007E-2,2,Corn Grain Harvested Share of Harvested Cropland
IN,Whitley County,18183,41.136426,-85.501892,county_centroid,335.622,2.345,2022,USDA NASS 2022 Ag Census Web Maps,Census Gazetteer 2024 county centroid,0.03,,,2.39,3.38,24.18,3,2050,5537,42.65,3.79,49.92,0,0.01,2,Soybeans Harvested Share of Harvested Cropland
IA,Adair County,19001,41.328528,-94.478164,county_centroid,569.271,1.003,2022,USDA NASS 2022 Ag Census Web Maps,Census Gazetteer 2024 county centroid,0.09,,,0,12.05,,10,17224,24120,46.09,,43.4,,0.02,5,Corn Grain Harvested Share of Harvested Cropland
IA,Adams County,19003,41.021656,-94.696906,county_centroid,423.433,2.073,2022,USDA NASS 2022 Ag Census Web Maps,Census Gazetteer 2024 county centroid,,0,,0,23.41,10.97,17,13797,38626,47.66,0,41.99,0,0,2,Corn Grain Harvested Share of Harvested Cropland
IA,Allamakee County,19005,43.274964,-91.382751,county_centroid,639.071,19.727,2022,USDA NASS 2022 Ag Census Web Maps,Census Gazetteer 2024 county centroid,0.02,0.03,,23.82,17.02,17.5,24,33383,42890,47.79,,22.94,0,0.02,2,Corn Grain Harvested Share of Harvested Cropland
IA,Appanoose County,19007,40.744249,-92.873062,county_centroid,497.299,18.955,2022,USDA NASS 2022 Ag Census Web Maps,Census Gazetteer 2024 county centroid,0.08,,7.0000000000000007E-2,,23.81,,14,16768,17223,24.17,0.13,47.34,,0.01,4,Soybeans Harvested Share of Harvested Cropland
IA,Audubon County,19009,41.679178,-94.904312,county_centroid,442.96,0.445,2022,USDA NASS 2022 Ag Census Web Maps,Census Gazetteer 2024 county centroid,0.01,0,0.01,0,12.49,35.29,11,6272,30706,52.44,0,44.97,0,0,0,Corn Grain Harvested Share of Harvested Cropland
IA,Benton County,19011,42.092547,-92.05763,county_centroid,716.102,2.262,2022,USDA NASS 2022 Ag Census Web Maps,Census Gazetteer 2024 county centroid,,,0.16,5.99,5,13.04,7,10479,17874,53.82,,42.46,0,,4,Corn Grain Harvested Share of Harvested Cropland
IA,Black Hawk County,19013,42.471132,-92.3076,county_centroid,565.773,6.906,2022,USDA NASS 2022 Ag Census Web Maps,Census Gazetteer 2024 county centroid,,0.22,,,5.23,31.1,5,3330,13960,57.13,,40.39,0,0.1,4,Corn Grain Harvested Share of Harvested Cropland
IA,Boone County,19015,42.038623,-93.938605,county_centroid,570.461,3.17,2022,USDA NASS 2022 Ag Census Web Maps,Census Gazetteer 2024 county centroid,,0.24,,0,3.72,17.03,4,3840,12057,57.91,,39.270000000000003,0,0.18,3,Corn Grain Harvested Share of Harvested Cropland
IA,Bremer County,19017,42.780895,-92.327356,county_centroid,435.479,3.925,2022,USDA NASS 2022 Ag Census Web Maps,Census Gazetteer 2024 county centroid,0.19,,8.73,4.55,4.38,15.62,7,6664,10075,61,0.01,35.369999999999997,0,0.05,1,Corn Grain Harvested Share of Harvested Cropland
IA,Buchanan County,19019,42.470328,-91.838666,county_centroid,571.084,2.011,2022,USDA NASS 2022 Ag Census Web Maps,Census Gazetteer 2024 county centroid,,,0.37,0.78,4.83,28.05,6,6448,16534,67.599999999999994,0.03,29.37,0,,3,Corn Grain Harvested Share of Harvested Cropland
IA,Buena Vista County,19021,42.741522,-95.141432,county_centroid,574.899,5.327,2022,USDA NASS 2022 Ag Census Web Maps,Census Gazetteer 2024 county centroid,0.01,0,27.89,0,4.0599999999999996,34.5,6,5300,20627,52.57,0.04,45.87,0,0,0,Corn Grain Harvested Share of Harvested Cropland
IA,Butler County,19023,42.734757,-92.780153,county_centroid,580.138,1.62,2022,USDA NASS 2022 Ag Census Web Maps,Census Gazetteer 2024 county centroid,0.02,,,2.76,3.26,31.59,5,6384,10937,60.27,0,36.85,0,0,2,Corn Grain Harvested Share of Harvested Cropland
IA,Calhoun County,19025,42.386061,-94.643602,county_centroid,569.846,2.268,2022,USDA NASS 2022 Ag Census Web Maps,Census Gazetteer 2024 county centroid,0,,,0,,34.75,6,3651,17839,53.56,0,44.99,,0,4,Corn Grain Harvested Share of Harvested Cropland
IA,Carroll County,19027,42.039502,-94.86765,county_centroid,569.453,0.828,2022,USDA NASS 2022 Ag Census Web Maps,Census Gazetteer 2024 county centroid,0.02,,,0,20.16,35.56,19,10779,80859,56.9,0,40.9,,0.01,3,Corn Grain Harvested Share of Harvested Cropland
IA,Cass County,19029,41.333824,-94.933302,county_centroid,564.258,0.69,2022,USDA NASS 2022 Ag Census Web Maps,Census Gazetteer 2024 county centroid,0.06,,,,18.2,15.97,15,16483,49162,47.81,0.02,45.81,0,0.01,3,Corn Grain Harvested Share of Harvested Cropland
IA,Cedar County,19031,41.77236,-91.132611,county_centroid,579.462,2.466,2022,USDA NASS 2022 Ag Census Web Maps,Census Gazetteer 2024 county centroid,0.08,,,,3.07,22.11,5,8105,11162,55.13,0.25,41.44,0,0.01,3,Corn Grain Harvested Share of Harvested Cropland
IA,Cerro Gordo County,19033,43.074975,-93.250965,county_centroid,568.302,6.816,2022,USDA NASS 2022 Ag Census Web Maps,Census Gazetteer 2024 county centroid,0.03,0.02,,,5.81,12.95,3,3722,14572,59.93,,38.630000000000003,,0.01,4,Corn Grain Harvested Share of Harvested Cropland
IA,Cherokee County,19035,42.742737,-95.633262,county_centroid,576.907,0.163,2022,USDA NASS 2022 Ag Census Web Maps,Census Gazetteer 2024 county centroid,0.01,0.01,12.97,,15.67,23.08,17,15616,54474,52.43,0,45.21,,0,2,Corn Grain Harvested Share of Harvested Cropland
IA,Chickasaw County,19037,43.059741,-92.31721,county_centroid,504.324,1.334,2022,USDA NASS 2022 Ag Census Web Maps,Census Gazetteer 2024 county centroid,0.09,7.0000000000000007E-2,,2.63,12.45,33.67,12,6587,35828,62.28,0.04,33.06,0,0.04,1,Corn Grain Harvested Share of Harvested Cropland
IA,Clarke County,19039,41.029726,-93.785259,county_centroid,431.111,0.589,2022,USDA NASS 2022 Ag Census Web Maps,Census Gazetteer 2024 county centroid,0.06,0.06,,0.01,,47.93,14,11981,18634,31.5,,31.32,0,0.02,3,Hogs and Pigs Market Value Share
IA,Clay County,19041,43.081224,-95.149875,county_centroid,567.238,5.354,2022,USDA NASS 2022 Ag Census Web Maps,Census Gazetteer 2024 county centroid,0.01,0.01,14.52,0,10.14,20.62,7,3408,25422,51.26,0,44.58,0,0,0,Corn Grain Harvested Share of Harvested Cropland
IA,Clayton County,19043,42.840985,-91.323576,county_centroid,778.464,14.167,2022,USDA NASS 2022 Ag Census Web Maps,Census Gazetteer 2024 county centroid,0.01,7.0000000000000007E-2,,11.18,14.87,22.48,16,25960,49663,59.34,0,26.98,,0.01,2,Corn Grain Harvested Share of Harvested Cropland
IA,Clinton County,19045,41.898073,-90.534243,county_centroid,694.959,15.217,2022,USDA NASS 2022 Ag Census Web Maps,Census Gazetteer 2024 county centroid,0.02,7.0000000000000007E-2,0.02,3.57,16.850000000000001,13.29,14,14001,48427,57.66,0.14000000000000001,36.74,,0.01,1,Corn Grain Harvested Share of Harvested Cropland
IA,Crawford County,19047,42.043119,-95.38909,county_centroid,714.198,0.839,2022,USDA NASS 2022 Ag Census Web Maps,Census Gazetteer 2024 county centroid,0,0.01,0.01,,6.87,34.409999999999997,11,16646,30007,57.12,0.18,39.85,0,0,1,Corn Grain Harvested Share of Harvested Cropland
IA,Dallas County,19049,41.68532,-94.040706,county_centroid,588.23,3.375,2022,USDA NASS 2022 Ag Census Web Maps,Census Gazetteer 2024 county centroid,0.28999999999999998,,5.99,,15.61,5.27,10,7136,29307,58.55,0,38.119999999999997,0,0.14000000000000001,2,Corn Grain Harvested Share of Harvested Cropland
IA,Davis County,19051,40.748089,-92.410345,county_centroid,502.188,2.666,2022,USDA NASS 2022 Ag Census Web Maps,Census Gazetteer 2024 county centroid,0.11,7.0000000000000007E-2,6.55,2.35,13.52,33.97,13,14797,20087,35.549999999999997,1.26,36.61,0,0.04,0,Soybeans Harvested Share of Harvested Cropland
IA,Decatur County,19053,40.736379,-93.78458,county_centroid,531.883,1.598,2022,USDA NASS 2022 Ag Census Web Maps,Census Gazetteer 2024 county centroid,0.1,0.05,2.04,1.85,31.46,23.22,17,17036,29717,33.409999999999997,0.56000000000000005,38.200000000000003,0,0.02,0,Soybeans Harvested Share of Harvested Cropland
IA,Delaware County,19055,42.473014,-91.366767,county_centroid,577.684,1.23,2022,USDA NASS 2022 Ag Census Web Maps,Census Gazetteer 2024 county centroid,0.01,0.01,0.01,5.91,23.27,29.55,30,23566,106878,69.75,,21.78,0,0.01,1,Corn Grain Harvested Share of Harvested Cropland
IA,Des Moines County,19057,40.915339,-91.186925,county_centroid,416.129,13.646,2022,USDA NASS 2022 Ag Census Web Maps,Census Gazetteer 2024 county centroid,0.02,0.33,,,1.99,16.79,3,2708,2678,50.6,0.22,45.36,0,0.01,2,Corn Grain Harvested Share of Harvested Cropland
IA,Dickinson County,19059,43.389611,-95.196057,county_centroid,380.532,23.429,2022,USDA NASS 2022 Ag Census Web Maps,Census Gazetteer 2024 county centroid,0.03,0.02,0.02,6.55,19.82,11.61,14,7427,28576,51.65,0,43.58,0,0.01,0,Corn Grain Harvested Share of Harvested Cropland
IA,Dubuque County,19061,42.463481,-90.878771,county_centroid,608.299,8.162,2022,USDA NASS 2022 Ag Census Web Maps,Census Gazetteer 2024 county centroid,0.04,0.11,0.16,17.13,32.090000000000003,9.68,38,37723,114972,66.150000000000006,0.13,17.52,0,0.02,0,Corn Grain Harvested Share of Harvested Cropland
IA,Emmet County,19063,43.377984,-94.66937,county_centroid,395.89,6.632,2022,USDA NASS 2022 Ag Census Web Maps,Census Gazetteer 2024 county centroid,,0,,0,,28.45,4,4526,6041,55.79,0,42.92,,,5,Corn Grain Harvested Share of Harvested Cropland
IA,Fayette County,19065,42.864122,-91.840376,county_centroid,730.817,0.523,2022,USDA NASS 2022 Ag Census Web Maps,Census Gazetteer 2024 county centroid,,0.01,,,8.83,25.37,13,20224,41567,57.78,0.02,35.090000000000003,0,,4,Corn Grain Harvested Share of Harvested Cropland
IA,Floyd County,19067,43.052741,-92.787367,county_centroid,500.571,0.781,2022,USDA NASS 2022 Ag Census Web Maps,Census Gazetteer 2024 county centroid,0.13,7.0000000000000007E-2,2.8,1.7,6.63,28.27,6,4303,16570,60.73,0.02,35.68,0,0.02,0,Corn Grain Harvested Share of Harvested Cropland
IA,Franklin County,19069,42.736545,-93.271415,county_centroid,581.972,0.555,2022,USDA NASS 2022 Ag Census Web Maps,Census Gazetteer 2024 county centroid,0,,,0,,41.43,3,3234,8553,59.47,0,33.69,0,0,3,Corn Grain Harvested Share of Harvested Cropland
IA,Fremont County,19071,40.74259,-95.599182,county_centroid,511.168,5.471,2022,USDA NASS 2022 Ag Census Web Maps,Census Gazetteer 2024 county centroid,,,,0,7.06,,4,2645,9786,50.53,,47.33,0,0.01,5,Corn Grain Harvested Share of Harvested Cropland
IA,Greene County,19073,42.042513,-94.388727,county_centroid,569.558,1.7,2022,USDA NASS 2022 Ag Census Web Maps,Census Gazetteer 2024 county centroid,,,,0,9.94,28.18,8,6053,25817,56.36,,41.09,0,,5,Corn Grain Harvested Share of Harvested Cropland
IA,Grundy County,19075,42.403339,-92.790244,county_centroid,501.855,0.036,2022,USDA NASS 2022 Ag Census Web Maps,Census Gazetteer 2024 county centroid,0.01,,,,3.66,23.88,3,2429,9384,52.9,0,46.29,0,0,3,Corn Grain Harvested Share of Harvested Cropland
IA,Guthrie County,19077,41.683573,-94.501272,county_centroid,590.614,2.444,2022,USDA NASS 2022 Ag Census Web Maps,Census Gazetteer 2024 county centroid,0.03,0.03,,,17.170000000000002,,10,15438,33440,49.25,0.12,42.83,0,0,3,Corn Grain Harvested Share of Harvested Cropland
IA,Hamilton County,19079,42.390789,-93.70913,county_centroid,576.731,0.755,2022,USDA NASS 2022 Ag Census Web Maps,Census Gazetteer 2024 county centroid,,,14.27,0,0.42,38.42,1,2023,3034,60.75,0,38.68,0,,3,Corn Grain Harvested Share of Harvested Cropland
IA,Hancock County,19081,43.075411,-93.743697,county_centroid,571.005,2.033,2022,USDA NASS 2022 Ag Census Web Maps,Census Gazetteer 2024 county centroid,0.01,0.01,18.420000000000002,0.56000000000000005,2.59,26.77,3,2748,9765,58.79,0,39.909999999999997,0,0,0,Corn Grain Harvested Share of Harvested Cropland
IA,Hardin County,19083,42.390208,-93.241669,county_centroid,569.307,0.689,2022,USDA NASS 2022 Ag Census Web Maps,Census Gazetteer 2024 county centroid,0.02,,,0,,54.05,5,6592,15179,63.12,0,34.729999999999997,0,0.04,3,Corn Grain Harvested Share of Harvested Cropland
IA,Harrison County,19085,41.688584,-95.827149,county_centroid,696.874,4.759,2022,USDA NASS 2022 Ag Census Web Maps,Census Gazetteer 2024 county centroid,,0.35,9.92,0,5.86,4.04,7,10310,15301,57.13,0,40.78,0,0.01,1,Corn Grain Harvested Share of Harvested Cropland
IA,Henry County,19087,40.984802,-91.547259,county_centroid,434.288,2.23,2022,USDA NASS 2022 Ag Census Web Maps,Census Gazetteer 2024 county centroid,0.01,0.13,11.36,,8.01,15.55,8,6225,12428,49.87,0.09,45.48,,0.01,2,Corn Grain Harvested Share of Harvested Cropland
IA,Howard County,19089,43.365312,-92.321908,county_centroid,473.247,0.36,2022,USDA NASS 2022 Ag Census Web Maps,Census Gazetteer 2024 county centroid,0.08,,1.54,3.27,8.59,40.950000000000003,11,7137,31996,58.69,0.02,36.14,,0.04,2,Corn Grain Harvested Share of Harvested Cropland
IA,Humboldt County,19091,42.782221,-94.202775,county_centroid,434.372,1.302,2022,USDA NASS 2022 Ag Census Web Maps,Census Gazetteer 2024 county centroid,,,7.34,0,3.72,15.78,3,2005,6581,56.58,0,42.38,,,4,Corn Grain Harvested Share of Harvested Cropland
IA,Ida County,19093,42.39186,-95.507421,county_centroid,431.513,0.537,2022,USDA NASS 2022 Ag Census Web Maps,Census Gazetteer 2024 county centroid,,,,,17.940000000000001,8.92,18,10343,36917,53.51,0,41.31,,,6,Corn Grain Harvested Share of Harvested Cropland
IA,Iowa County,19095,41.683918,-92.059123,county_centroid,586.455,1.037,2022,USDA NASS 2022 Ag Census Web Maps,Census Gazetteer 2024 county centroid,,0.17,0.02,2.29,11.6,12.74,9,12834,26491,52.73,0.02,41.28,,0,2,Corn Grain Harvested Share of Harvested Cropland
IA,Jackson County,19097,42.164226,-90.574582,county_centroid,636.047,13.56,2022,USDA NASS 2022 Ag Census Web Maps,Census Gazetteer 2024 county centroid,0.04,,2.65,2.14,32.49,8.5399999999999991,29,27630,67356,54.95,,26.3,0,0.01,2,Corn Grain Harvested Share of Harvested Cropland
IA,Jasper County,19099,41.685551,-93.054147,county_centroid,730.428,2.524,2022,USDA NASS 2022 Ag Census Web Maps,Census Gazetteer 2024 county centroid,0.01,0.17,,,6.4,17.45,6,11859,19912,54.92,0,40.729999999999997,0,,3,Corn Grain Harvested Share of Harvested Cropland
IA,Jefferson County,19101,41.006376,-91.966628,county_centroid,435.524,1.36,2022,USDA NASS 2022 Ag Census Web Maps,Census Gazetteer 2024 county centroid,0.1,0.18,0.41,,7.64,18.09,7,5466,8033,47.31,0.31,44.37,,0.01,2,Corn Grain Harvested Share of Harvested Cropland
IA,Johnson County,19103,41.670668,-91.590529,county_centroid,612.997,10.066,2022,USDA NASS 2022 Ag Census Web Maps,Census Gazetteer 2024 county centroid,,0.59,3.53,1.43,7.36,23.21,8,8326,15891,48.45,0.13,43.38,0,7.0000000000000007E-2,1,Corn Grain Harvested Share of Harvested Cropland
IA,Jones County,19105,42.125118,-91.116914,county_centroid,575.618,1.46,2022,USDA NASS 2022 Ag Census Web Maps,Census Gazetteer 2024 county centroid,0.04,0.06,,0.68,20.5,13.29,15,16676,52175,61,0.13,32.57,0,0.01,1,Corn Grain Harvested Share of Harvested Cropland
IA,Keokuk County,19107,41.331182,-92.167721,county_centroid,579.175,0.751,2022,USDA NASS 2022 Ag Census Web Maps,Census Gazetteer 2024 county centroid,,,0.17,0.6,5.73,40.08,8,11287,14445,46.91,0.39,45.03,0,,3,Corn Grain Harvested Share of Harvested Cropland
IA,Kossuth County,19109,43.212336,-94.213971,county_centroid,972.735,1.589,2022,USDA NASS 2022 Ag Census Web Maps,Census Gazetteer 2024 county centroid,0.11,0.01,,,3.91,31.63,4,6108,20216,58.06,0,40.54,0,0.18,2,Corn Grain Harvested Share of Harvested Cropland
IA,Lee County,19111,40.647588,-91.477157,county_centroid,517.55,21.339,2022,USDA NASS 2022 Ag Census Web Maps,Census Gazetteer 2024 county centroid,0.38,,,0.87,8.59,16.61,7,7124,11985,46.78,0.5,45.21,0,0.09,2,Corn Grain Harvested Share of Harvested Cropland
IA,Linn County,19113,42.077951,-91.597674,county_centroid,717.013,7.656,2022,USDA NASS 2022 Ag Census Web Maps,Census Gazetteer 2024 county centroid,0.25,0.41,0.05,,5.76,14.78,6,8174,15033,55.22,0.04,39.79,0,7.0000000000000007E-2,1,Corn Grain Harvested Share of Harvested Cropland
IA,Louisa County,19115,41.218211,-91.256994,county_centroid,401.777,15.747,2022,USDA NASS 2022 Ag Census Web Maps,Census Gazetteer 2024 county centroid,,7.0000000000000007E-2,,0,,43.05,2,1874,2316,53.71,,44.32,0,,5,Corn Grain Harvested Share of Harvested Cropland
IA,Lucas County,19117,41.033321,-93.331462,county_centroid,430.681,3.804,2022,USDA NASS 2022 Ag Census Web Maps,Census Gazetteer 2024 county centroid,0.04,,0.05,0,18.88,,15,14666,16534,31.13,0.64,39.020000000000003,,0.01,3,Soybeans Harvested Share of Harvested Cropland
IA,Lyon County,19119,43.38358,-96.207201,county_centroid,587.609,0.17,2022,USDA NASS 2022 Ag Census Web Maps,Census Gazetteer 2024 county centroid,0.01,,,11.25,20.190000000000001,46,56,38452,162204,51.65,0.4,36.72,0,0.01,2,Corn Grain Harvested Share of Harvested Cropland
IA,Madison County,19121,41.330622,-94.015184,county_centroid,561.006,1.152,2022,USDA NASS 2022 Ag Census Web Maps,Census Gazetteer 2024 county centroid,0.17,,,0,8.67,8.8000000000000007,10,16647,17497,44.54,0,40.65,,0.04,3,Corn Grain Harvested Share of Harvested Cropland
IA,Mahaska County,19123,41.330797,-92.636366,county_centroid,570.851,2.546,2022,USDA NASS 2022 Ag Census Web Maps,Census Gazetteer 2024 county centroid,,7.0000000000000007E-2,,,,36.24,8,7996,22683,52.81,0,43.2,0,,5,Corn Grain Harvested Share of Harvested Cropland
IA,Marion County,19125,41.331433,-93.093868,county_centroid,554.49,16.017,2022,USDA NASS 2022 Ag Census Web Maps,Census Gazetteer 2024 county centroid,,0.14000000000000001,,0,9.1300000000000008,7.25,8,10072,12465,44.28,0,45.57,0,0.05,2,Soybeans Harvested Share of Harvested Cropland
IA,Marshall County,19127,42.0417,-92.981403,county_centroid,572.503,0.696,2022,USDA NASS 2022 Ag Census Web Maps,Census Gazetteer 2024 county centroid,0.04,0.03,0.28000000000000003,,,14.86,8,11731,23489,55.01,0,40.700000000000003,0,0.01,2,Corn Grain Harvested Share of Harvested Cropland
IA,Mills County,19129,41.033703,-95.619101,county_centroid,437.431,3.212,2022,USDA NASS 2022 Ag Census Web Maps,Census Gazetteer 2024 county centroid,0.01,0.02,0.03,,1.01,0.04,1,1546,1591,48.52,0.2,48.84,0,0.01,1,Soybeans Harvested Share of Harvested Cropland
IA,Mitchell County,19131,43.348564,-92.784466,county_centroid,469.256,0.432,2022,USDA NASS 2022 Ag Census Web Maps,Census Gazetteer 2024 county centroid,0.2,,1.65,2.3199999999999998,23.54,23.88,23,11223,70287,60.89,0,33.42,,0.08,2,Corn Grain Harvested Share of Harvested Cropland
IA,Monona County,19133,42.049432,-95.956566,county_centroid,694.072,4.861,2022,USDA NASS 2022 Ag Census Web Maps,Census Gazetteer 2024 county centroid,,,,0,5,4.45,4,5811,12963,53.69,0.06,44.75,0,,4,Corn Grain Harvested Share of Harvested Cropland
IA,Monroe County,19135,41.028847,-92.869642,county_centroid,433.708,0.588,2022,USDA NASS 2022 Ag Census Web Maps,Census Gazetteer 2024 county centroid,0.21,0.22,0.02,0,,,12,12659,16830,31.96,,41.37,,0.03,4,Soybeans Harvested Share of Harvested Cropland
IA,Montgomery County,19137,41.021735,-95.15779,county_centroid,424.097,0.931,2022,USDA NASS 2022 Ag Census Web Maps,Census Gazetteer 2024 county centroid,0.01,0.05,,0,10.65,6.34,7,6859,15591,48.44,0,46.88,,0,2,Corn Grain Harvested Share of Harvested Cropland
IA,Muscatine County,19139,41.483776,-91.118699,county_centroid,437.44,11.684,2022,USDA NASS 2022 Ag Census Web Maps,Census Gazetteer 2024 county centroid,0.63,,11.77,,11.33,14.61,9,5323,17692,52.65,0,41.05,,0.37,3,Corn Grain Harvested Share of Harvested Cropland
IA,O'Brien County,19141,43.083746,-95.625624,county_centroid,573.035,0.173,2022,USDA NASS 2022 Ag Census Web Maps,Census Gazetteer 2024 county centroid,,,,,11.79,37.75,22,18144,46689,51.86,,45.13,0,0.01,5,Corn Grain Harvested Share of Harvested Cropland
IA,Osceola County,19143,43.378542,-95.633788,county_centroid,398.687,0.709,2022,USDA NASS 2022 Ag Census Web Maps,Census Gazetteer 2024 county centroid,,,,,17.899999999999999,39.18,35,6093,71034,52.83,0,42.63,,,6,Corn Grain Harvested Share of Harvested Cropland
IA,Page County,19145,40.739097,-95.144301,county_centroid,534.944,0.525,2022,USDA NASS 2022 Ag Census Web Maps,Census Gazetteer 2024 county centroid,,,,0,10.050000000000001,2.54,8,9481,15997,48.63,0.12,45.73,,,5,Corn Grain Harvested Share of Harvested Cropland
IA,Palo Alto County,19147,43.075337,-94.669055,county_centroid,563.864,5.571,2022,USDA NASS 2022 Ag Census Web Maps,Census Gazetteer 2024 county centroid,7.0000000000000007E-2,,,0,,50.57,7,2510,25339,60.42,0,36.53,,0.21,4,Corn Grain Harvested Share of Harvested Cropland
IA,Plymouth County,19149,42.737615,-96.215973,county_centroid,862.828,0.84,2022,USDA NASS 2022 Ag Census Web Maps,Census Gazetteer 2024 county centroid,0,0.01,0,8.82,13.63,41.02,19,31493,91008,48.44,0.05,46.95,0,0.01,0,Corn Grain Harvested Share of Harvested Cropland
IA,Pocahontas County,19151,42.734033,-94.678279,county_centroid,577.241,1.416,2022,USDA NASS 2022 Ag Census Web Maps,Census Gazetteer 2024 county centroid,0.01,0,5.38,,,31.95,8,5273,19045,54.11,0,44.7,,0,3,Corn Grain Harvested Share of Harvested Cropland
IA,Polk County,19153,41.684816,-93.568971,county_centroid,572.72,19.168,2022,USDA NASS 2022 Ag Census Web Maps,Census Gazetteer 2024 county centroid,0.61,,0.09,0,,,3,2412,4282,51.35,0,44.57,,0.26,4,Corn Grain Harvested Share of Harvested Cropland
IA,Pottawattamie County,19155,41.340184,-95.544905,county_centroid,951.274,7.87,2022,USDA NASS 2022 Ag Census Web Maps,Census Gazetteer 2024 county centroid,0.05,,0.73,0,13.53,5.0999999999999996,9,13314,47870,52.46,0,45.19,0,0.01,1,Corn Grain Harvested Share of Harvested Cropland
IA,Poweshiek County,19157,41.684642,-92.522934,county_centroid,584.932,1.135,2022,USDA NASS 2022 Ag Census Web Maps,Census Gazetteer 2024 county centroid,0.02,0.01,,,4.9000000000000004,11.08,9,11540,14249,48.71,0,45.85,,0,3,Corn Grain Harvested Share of Harvested Cropland
IA,Ringgold County,19159,40.735334,-94.244251,county_centroid,535.494,3.372,2022,USDA NASS 2022 Ag Census Web Maps,Census Gazetteer 2024 county centroid,0,,0.02,,16.7,42.01,14,23803,32298,34.86,,40.83,0,0,3,Hogs and Pigs Market Value Share
IA,Sac County,19161,42.387526,-95.105224,county_centroid,575.022,3.309,2022,USDA NASS 2022 Ag Census Web Maps,Census Gazetteer 2024 county centroid,0.02,0.01,9.65,,15.66,27.27,14,6189,56718,53.82,0.02,43.38,0,0,1,Corn Grain Harvested Share of Harvested Cropland
IA,Scott County,19163,41.642079,-90.622289,county_centroid,458.101,10.11,2022,USDA NASS 2022 Ag Census Web Maps,Census Gazetteer 2024 county centroid,0.06,0.05,0.12,0.92,6.41,26.87,7,3930,11693,55.57,0.27,41.19,0,0.02,0,Corn Grain Harvested Share of Harvested Cropland
IA,Shelby County,19165,41.679014,-95.308917,county_centroid,590.776,0.574,2022,USDA NASS 2022 Ag Census Web Maps,Census Gazetteer 2024 county centroid,,0.02,0.01,,,22.23,12,16397,29342,53.22,,44.55,,0,5,Corn Grain Harvested Share of Harvested Cropland
IA,Sioux County,19167,43.082618,-96.17798,county_centroid,767.911,1.082,2022,USDA NASS 2022 Ag Census Web Maps,Census Gazetteer 2024 county centroid,0.01,0.01,6.02,7.44,35.04,32.15,79,47838,459682,50.87,0,37.61,0,0.01,0,Corn Grain Harvested Share of Harvested Cropland
IA,Story County,19169,42.037538,-93.466093,county_centroid,572.544,1.105,2022,USDA NASS 2022 Ag Census Web Maps,Census Gazetteer 2024 county centroid,,0.31,,,6.22,13.91,6,4192,13825,55.96,,41.68,0,0.04,4,Corn Grain Harvested Share of Harvested Cropland
IA,Tama County,19171,42.074848,-92.529411,county_centroid,721.011,1.069,2022,USDA NASS 2022 Ag Census Web Maps,Census Gazetteer 2024 county centroid,0.03,0.09,,0.17,10.72,15.09,9,12194,27403,51.35,,44.05,0,0.01,2,Corn Grain Harvested Share of Harvested Cropland
IA,Taylor County,19173,40.737949,-94.697108,county_centroid,531.902,2.754,2022,USDA NASS 2022 Ag Census Web Maps,Census Gazetteer 2024 county centroid,,,,0,9.6999999999999993,14.39,9,12529,19168,44.07,,45.95,0,0,4,Soybeans Harvested Share of Harvested Cropland
IA,Union County,19175,41.02855,-94.245091,county_centroid,423.645,2.153,2022,USDA NASS 2022 Ag Census Web Maps,Census Gazetteer 2024 county centroid,,,9.1300000000000008,0,9.73,38.630000000000003,13,15166,17228,40.26,,42.07,0,,4,Soybeans Harvested Share of Harvested Cropland
IA,Van Buren County,19177,40.754117,-91.952943,county_centroid,484.792,5.745,2022,USDA NASS 2022 Ag Census Web Maps,Census Gazetteer 2024 county centroid,,0.08,0.06,1.72,8.44,36.81,9,8905,12593,41.7,0.68,40.1,,,3,Corn Grain Harvested Share of Harvested Cropland
IA,Wapello County,19179,41.031275,-92.409466,county_centroid,431.843,4.179,2022,USDA NASS 2022 Ag Census Web Maps,Census Gazetteer 2024 county centroid,,,,,6.01,23.7,7,5954,7585,39.39,,48.46,0,,6,Soybeans Harvested Share of Harvested Cropland
IA,Warren County,19181,41.332446,-93.568751,county_centroid,569.658,3.338,2022,USDA NASS 2022 Ag Census Web Maps,Census Gazetteer 2024 county centroid,0.31,,,0,8.74,1.01,7,12046,12799,42.48,0.13,43.28,0,0.06,2,Soybeans Harvested Share of Harvested Cropland
IA,Washington County,19183,41.329401,-91.725052,county_centroid,568.828,2.061,2022,USDA NASS 2022 Ag Census Web Maps,Census Gazetteer 2024 county centroid,0.09,,4.6100000000000003,0.12,1.33,72.39,5,7427,9543,52.3,0.12,42.72,0,0.03,1,Hogs and Pigs Market Value Share
IA,Wayne County,19185,40.739983,-93.332613,county_centroid,525.469,1.65,2022,USDA NASS 2022 Ag Census Web Maps,Census Gazetteer 2024 county centroid,0.01,7.0000000000000007E-2,0.02,0.48,12.52,3.69,8,14862,18200,37.700000000000003,0.15,48.47,0,0,0,Soybeans Harvested Share of Harvested Cropland
IA,Webster County,19187,42.433579,-94.175831,county_centroid,715.704,2.807,2022,USDA NASS 2022 Ag Census Web Maps,Census Gazetteer 2024 county centroid,0.09,0.18,,0,2.79,23.73,3,2620,8792,55.47,0,43.36,0,0.01,1,Corn Grain Harvested Share of Harvested Cropland
IA,Winnebago County,19189,43.378124,-93.743488,county_centroid,400.489,1.229,2022,USDA NASS 2022 Ag Census Web Maps,Census Gazetteer 2024 county centroid,,0.03,,0,,34.5,2,1031,4459,58.05,,40.67,0,,5,Corn Grain Harvested Share of Harvested Cropland
IA,Winneshiek County,19191,43.292989,-91.850788,county_centroid,689.844,0.288,2022,USDA NASS 2022 Ag Census Web Maps,Census Gazetteer 2024 county centroid,0.08,0.15,,20.13,13.15,15.82,22,32430,49128,55.97,0.14000000000000001,25.76,0,0.02,1,Corn Grain Harvested Share of Harvested Cropland
IA,Woodbury County,19193,42.39322,-96.053296,county_centroid,872.896,4.94,2022,USDA NASS 2022 Ag Census Web Maps,Census Gazetteer 2024 county centroid,0.05,0.03,0.01,,22.64,,15,21812,78183,53.61,0.03,41.42,0,0.01,2,Corn Grain Harvested Share of Harvested Cropland
IA,Worth County,19195,43.373491,-93.248533,county_centroid,400.123,1.818,2022,USDA NASS 2022 Ag Census Web Maps,Census Gazetteer 2024 county centroid,,0.18,7.0000000000000007E-2,,2.5499999999999998,11.16,2,1518,2945,53.1,0.02,44.82,,,4,Corn Grain Harvested Share of Harvested Cropland
IA,Wright County,19197,42.733007,-93.734735,county_centroid,580.412,1.816,2022,USDA NASS 2022 Ag Census Web Maps,Census Gazetteer 2024 county centroid,0.02,,27.65,0,0.68,19.809999999999999,1,1741,3195,56.88,0,42.47,0,0.01,1,Corn Grain Harvested Share of Harvested Cropland
KS,Allen County,20001,37.884228,-95.300945,county_centroid,500.297,5.028,2022,USDA NASS 2022 Ag Census Web Maps,Census Gazetteer 2024 county centroid,0.11,0,0.01,7.94,29.85,,11,12914,15841,26.63,9.83,47.6,,0,2,Soybeans Harvested Share of Harvested Cropland
KS,Anderson County,20003,38.215114,-95.292046,county_centroid,579.641,4.093,2022,USDA NASS 2022 Ag Census Web Maps,Census Gazetteer 2024 county centroid,,0,0.52,0,29.25,,9,13540,22435,28.37,4.99,49.39,0,,3,Soybeans Harvested Share of Harvested Cropland
KS,Atchison County,20005,39.532544,-95.313397,county_centroid,431.174,2.645,2022,USDA NASS 2022 Ag Census Web Maps,Census Gazetteer 2024 county centroid,0.28000000000000003,0.12,0.09,0.56999999999999995,16.420000000000002,0.67,10,7406,13121,42.66,0.66,45.79,0,0.04,0,Soybeans Harvested Share of Harvested Cropland
KS,Barber County,20007,37.222906,-98.685052,county_centroid,1134.075,2.089,2022,USDA NASS 2022 Ag Census Web Maps,Census Gazetteer 2024 county centroid,,0,0,0,57.11,0,8,26278,69431,4.12,63.98,8.9700000000000006,,,3,All Wheat Harvested Share of Harvested Cropland
KS,Barton County,20009,38.481239,-98.767837,county_centroid,895.257,5.377,2022,USDA NASS 2022 Ag Census Web Maps,Census Gazetteer 2024 county centroid,,,0.01,0,74.84,0.57999999999999996,18,15496,198386,8.68,40.17,15.21,,,4,Cattle and Calves Market Value Share
KS,Bourbon County,20011,37.8561,-94.850928,county_centroid,635.461,3.63,2022,USDA NASS 2022 Ag Census Web Maps,Census Gazetteer 2024 county centroid,,0.03,0.08,2.56,64.87,0.57999999999999996,19,26768,44797,12.5,10.17,33.119999999999997,,,3,Cattle and Calves Market Value Share
KS,Brown County,20013,39.825931,-95.569905,county_centroid,570.871,1.234,2022,USDA NASS 2022 Ag Census Web Maps,Census Gazetteer 2024 county centroid,0,,,0,10.199999999999999,2.27,7,6749,18522,47.95,0.78,46.21,0,,3,Corn Grain Harvested Share of Harvested Cropland
KS,Butler County,20015,37.773649,-96.83884,county_centroid,1429.716,16.811,2022,USDA NASS 2022 Ag Census Web Maps,Census Gazetteer 2024 county centroid,0.13,0.03,0.04,0,69.37,3.42,17,25653,166422,25.12,15.17,32.340000000000003,0,0.02,0,Cattle and Calves Market Value Share
KS,Chase County,20017,38.299475,-96.594029,county_centroid,773.053,4.668,2022,USDA NASS 2022 Ag Census Web Maps,Census Gazetteer 2024 county centroid,,,,0,79.010000000000005,0,13,19473,70952,18.78,16.2,32.65,0,,4,Cattle and Calves Market Value Share
KS,Chautauqua County,20019,37.154259,-96.245396,county_centroid,638.881,5.886,2022,USDA NASS 2022 Ag Census Web Maps,Census Gazetteer 2024 county centroid,0,,0.05,,76.709999999999994,0.67,11,18561,34622,20.239999999999998,13.29,42.81,0,0,2,Cattle and Calves Market Value Share
KS,Cherokee County,20021,37.169392,-94.845698,county_centroid,587.567,3.456,2022,USDA NASS 2022 Ag Census Web Maps,Census Gazetteer 2024 county centroid,,0.47,18,,13.13,,9,13514,13096,27.84,28.78,49.28,0,,4,Soybeans Harvested Share of Harvested Cropland
KS,Cheyenne County,20023,39.789901,-101.727317,county_centroid,1019.89,1.057,2022,USDA NASS 2022 Ag Census Web Maps,Census Gazetteer 2024 county centroid,,0,0.02,,,0.04,6,13643,53187,24.31,53.29,2.98,0,0,3,All Wheat Harvested Share of Harvested Cropland
KS,Clark County,20025,37.233831,-99.813869,county_centroid,974.638,2.55,2022,USDA NASS 2022 Ag Census Web Maps,Census Gazetteer 2024 county centroid,0,0,0.01,0,91.11,,12,13344,100072,1.77,59.41,0.55000000000000004,0,0,1,Cattle and Calves Market Value Share
KS,Clay County,20027,39.344964,-97.168853,county_centroid,645.298,10.309,2022,USDA NASS 2022 Ag Census Web Maps,Census Gazetteer 2024 county centroid,0.01,,0.02,1.26,15.57,12.36,10,13995,17618,20.71,19.96,45.57,,0,2,Soybeans Harvested Share of Harvested Cropland
KS,Cloud County,20029,39.487329,-97.64139,county_centroid,715.342,2.649,2022,USDA NASS 2022 Ag Census Web Maps,Census Gazetteer 2024 county centroid,,,,0,15.4,0.04,6,11783,14087,17.84,23.13,42.25,,,5,Soybeans Harvested Share of Harvested Cropland
KS,Coffey County,20031,38.23645,-95.729137,county_centroid,626.885,27.209,2022,USDA NASS 2022 Ag Census Web Maps,Census Gazetteer 2024 county centroid,0.03,0.2,0.03,1.44,40.06,0,8,10671,27013,18.149999999999999,9.0500000000000007,49.55,0,0,0,Soybeans Harvested Share of Harvested Cropland
KS,Comanche County,20033,37.181442,-99.251293,county_centroid,788.298,1.392,2022,USDA NASS 2022 Ag Census Web Maps,Census Gazetteer 2024 county centroid,0,0,,0,61.5,0.08,9,17129,30634,2.82,62.12,3.07,0,0,1,All Wheat Harvested Share of Harvested Cropland
KS,Cowley County,20035,37.234507,-96.837247,county_centroid,1125.738,6.688,2022,USDA NASS 2022 Ag Census Web Maps,Census Gazetteer 2024 county centroid,0.03,0.13,0.92,1.85,48.13,0.09,10,27852,49552,13.9,37.270000000000003,39.020000000000003,,0.01,1,Cattle and Calves Market Value Share
KS,Crawford County,20037,37.505821,-94.853897,county_centroid,589.771,5.241,2022,USDA NASS 2022 Ag Census Web Maps,Census Gazetteer 2024 county centroid,,0.25,,0,41.91,,13,23512,39709,23.91,20.25,46.94,0,0,3,Soybeans Harvested Share of Harvested Cropland
KS,Decatur County,20039,39.783542,-100.459708,county_centroid,893.517,0.63,2022,USDA NASS 2022 Ag Census Web Maps,Census Gazetteer 2024 county centroid,0,0,,,81.69,0,13,11223,128805,37.58,45.6,0.78,0,0,2,Cattle and Calves Market Value Share
KS,Dickinson County,20041,38.867735,-97.157943,county_centroid,847.068,4.877,2022,USDA NASS 2022 Ag Census Web Maps,Census Gazetteer 2024 county centroid,0.05,,0.03,,47.58,0.02,11,19430,60094,7.1,36.68,42.51,0,0.01,2,Cattle and Calves Market Value Share
KS,Doniphan County,20043,39.788502,-95.147225,county_centroid,393.475,4.801,2022,USDA NASS 2022 Ag Census Web Maps,Census Gazetteer 2024 county centroid,,,0.01,1.05,2.0099999999999998,0.04,4,,2776,55,,40.74,0,,5,Corn Grain Harvested Share of Harvested Cropland
KS,Douglas County,20045,38.896417,-95.290947,county_centroid,455.764,18.872,2022,USDA NASS 2022 Ag Census Web Maps,Census Gazetteer 2024 county centroid,3.01,,0.27,0.44,14.31,,8,8140,11959,31.81,2.84,46.75,0.01,0.22,2,Soybeans Harvested Share of Harvested Cropland
KS,Edwards County,20047,37.883595,-99.304746,county_centroid,621.894,0.08,2022,USDA NASS 2022 Ag Census Web Maps,Census Gazetteer 2024 county centroid,,0,0,0,63.45,,16,6523,122142,33.07,38.08,12.71,,,4,Cattle and Calves Market Value Share
KS,Elk County,20049,37.456026,-96.244642,county_centroid,644.264,6.201,2022,USDA NASS 2022 Ag Census Web Maps,Census Gazetteer 2024 county centroid,,,,0,71.150000000000006,,17,14613,24138,15,8.99,29.61,,0.02,5,Cattle and Calves Market Value Share
KS,Ellis County,20051,38.914597,-99.317313,county_centroid,899.934,0.44,2022,USDA NASS 2022 Ag Census Web Maps,Census Gazetteer 2024 county centroid,,0,0.03,0,34.409999999999997,0.3,5,15892,30073,5.27,48.72,0.91,0,0.01,1,All Wheat Harvested Share of Harvested Cropland
KS,Ellsworth County,20053,38.700845,-98.205355,county_centroid,715.575,7.71,2022,USDA NASS 2022 Ag Census Web Maps,Census Gazetteer 2024 county centroid,0,0,0.03,0,43.14,,8,14669,18864,1.78,49.62,15.36,0,0,1,All Wheat Harvested Share of Harvested Cropland
KS,Finney County,20055,38.049808,-100.739967,county_centroid,1301.997,0.663,2022,USDA NASS 2022 Ag Census Web Maps,Census Gazetteer 2024 county centroid,,0,,,79.7,0.02,33,9656,467586,23.31,38.5,1.24,,,5,Cattle and Calves Market Value Share
KS,Ford County,20057,37.68851,-99.884743,county_centroid,1098.271,0.81,2022,USDA NASS 2022 Ag Census Web Maps,Census Gazetteer 2024 county centroid,,0,0,0,80.05,,25,9442,294295,13.95,46.84,3.58,,,4,Cattle and Calves Market Value Share
KS,Franklin County,20059,38.558019,-95.278962,county_centroid,571.772,5.364,2022,USDA NASS 2022 Ag Census Web Maps,Census Gazetteer 2024 county centroid,0.09,0.18,0.13,1.01,40.81,4.5,18,12799,34870,21.09,4.3,50.53,,0.02,1,Soybeans Harvested Share of Harvested Cropland
KS,Geary County,20061,39.002139,-96.7681,county_centroid,384.652,19.945,2022,USDA NASS 2022 Ag Census Web Maps,Census Gazetteer 2024 county centroid,0.31,,0.12,,16.350000000000001,21.79,8,7299,8361,26.23,11.03,30.22,,0.02,3,Soybeans Harvested Share of Harvested Cropland
KS,Gove County,20063,38.917239,-100.48736,county_centroid,1071.666,0.095,2022,USDA NASS 2022 Ag Census Web Maps,Census Gazetteer 2024 county centroid,0,0,0,1.23,,,12,13025,134575,33.14,45.92,0.52,0,0,2,All Wheat Harvested Share of Harvested Cropland
KS,Graham County,20065,39.354972,-99.879894,county_centroid,898.527,0.231,2022,USDA NASS 2022 Ag Census Web Maps,Census Gazetteer 2024 county centroid,0,0,0.05,0,23.2,0.03,4,9447,11341,30.18,35.92,3.2,0,0,0,All Wheat Harvested Share of Harvested Cropland
KS,Grant County,20067,37.547537,-101.299362,county_centroid,574.808,0.336,2022,USDA NASS 2022 Ag Census Web Maps,Census Gazetteer 2024 county centroid,,0,0,,77.900000000000006,,66,10606,428856,24.04,38.58,,,,6,Cattle and Calves Market Value Share
KS,Gray County,20069,37.744513,-100.451716,county_centroid,868.867,0.43,2022,USDA NASS 2022 Ag Census Web Maps,Census Gazetteer 2024 county centroid,,0,,12.61,74.78,,52,37752,585312,24.76,35.04,3.44,0,,4,Cattle and Calves Market Value Share
KS,Greeley County,20071,38.480404,-101.80597,county_centroid,778.404,0.,2022,USDA NASS 2022 Ag Census Web Maps,Census Gazetteer 2024 county centroid,0,0,0,,27.39,,7,11377,41973,20.41,53.05,0,0,0,2,All Wheat Harvested Share of Harvested Cropland
KS,Greenwood County,20073,37.879347,-96.241732,county_centroid,1143.304,9.322,2022,USDA NASS 2022 Ag Census Web Maps,Census Gazetteer 2024 county centroid,,0.05,0.2,0,83.84,,15,28177,116435,12.86,6.05,38.409999999999997,,,4,Cattle and Calves Market Value Share
KS,Hamilton County,20075,37.995244,-101.793689,county_centroid,996.514,1.117,2022,USDA NASS 2022 Ag Census Web Maps,Census Gazetteer 2024 county centroid,0,0,,60.89,27.88,,23,61855,97440,9.1199999999999992,50.88,0,0,0,2,Milk from Cows Market Value Share
KS,Harper County,20077,37.188184,-98.06659,county_centroid,801.274,1.506,2022,USDA NASS 2022 Ag Census Web Maps,Census Gazetteer 2024 county centroid,0.01,0,0.02,,47.15,0,11,12392,40177,,73.94,6.24,0,0,2,All Wheat Harvested Share of Harvested Cropland
KS,Harvey County,20079,38.050144,-97.436706,county_centroid,539.756,0.967,2022,USDA NASS 2022 Ag Census Web Maps,Census Gazetteer 2024 county centroid,0.14000000000000001,0.05,0.44,0.97,31.48,4.1500000000000004,11,11865,40201,29.05,31.21,38.24,0,0.01,0,Soybeans Harvested Share of Harvested Cropland
KS,Haskell County,20081,37.554979,-100.879952,county_centroid,577.521,0.352,2022,USDA NASS 2022 Ag Census Web Maps,Census Gazetteer 2024 county centroid,,0,0,0,91.41,,124,867,815128,43.76,22.31,2.9,0,,3,Cattle and Calves Market Value Share
KS,Hodgeman County,20083,38.087493,-99.898407,county_centroid,859.992,0.319,2022,USDA NASS 2022 Ag Census Web Maps,Census Gazetteer 2024 county centroid,0,0,,,,0,14,13979,92238,12.29,58.52,0.28000000000000003,0,0,3,All Wheat Harvested Share of Harvested Cropland
KS,Jackson County,20085,39.411096,-95.794492,county_centroid,656.219,1.802,2022,USDA NASS 2022 Ag Census Web Maps,Census Gazetteer 2024 county centroid,,,,0,44.7,1.83,19,18816,33934,27.26,1.89,32.43,0,0.01,3,Cattle and Calves Market Value Share
KS,Jefferson County,20087,39.239644,-95.375314,county_centroid,532.626,24.052,2022,USDA NASS 2022 Ag Census Web Maps,Census Gazetteer 2024 county centroid,0.45,,,,31.86,0.05,15,13064,20983,31.75,,34.700000000000003,0,7.0000000000000007E-2,4,Soybeans Harvested Share of Harvested Cropland
KS,Jewell County,20089,39.777005,-98.222619,county_centroid,909.971,4.389,2022,USDA NASS 2022 Ag Census Web Maps,Census Gazetteer 2024 county centroid,,,,0,17.09,0.04,7,14713,22018,24.86,25.05,36.799999999999997,0,,4,Soybeans Harvested Share of Harvested Cropland
KS,Johnson County,20091,38.883907,-94.82233,county_centroid,473.62,6.304,2022,USDA NASS 2022 Ag Census Web Maps,Census Gazetteer 2024 county centroid,1.79,4.01,0.59,0,13.13,,10,3106,2560,14.24,4.1900000000000004,42.32,,0.13,2,Soybeans Harvested Share of Harvested Cropland
KS,Kearny County,20093,37.994461,-101.308136,county_centroid,870.543,0.438,2022,USDA NASS 2022 Ag Census Web Maps,Census Gazetteer 2024 county centroid,,0,0,,55.2,,13,15103,115623,18.09,37.68,1.01,,,5,Cattle and Calves Market Value Share
KS,Kingman County,20095,37.552951,-98.144529,county_centroid,863.419,3.24,2022,USDA NASS 2022 Ag Census Web Maps,Census Gazetteer 2024 county centroid,,0,0.08,0,31.3,0.02,8,19468,24037,5.88,62.08,8.73,0,,2,All Wheat Harvested Share of Harvested Cropland
KS,Kiowa County,20097,37.561231,-99.286539,county_centroid,722.64,0.23,2022,USDA NASS 2022 Ag Census Web Maps,Census Gazetteer 2024 county centroid,0,,,0,38.68,,6,11305,23100,19.45,40.090000000000003,18.79,0,0,3,All Wheat Harvested Share of Harvested Cropland
KS,Labette County,20099,37.191468,-95.297473,county_centroid,645.393,7.725,2022,USDA NASS 2022 Ag Census Web Maps,Census Gazetteer 2024 county centroid,0.14000000000000001,0.09,0.13,0.04,69.69,0.23,21,27950,80285,21.52,27.22,39.83,,0.02,1,Cattle and Calves Market Value Share
KS,Lane County,20101,38.481286,-100.466185,county_centroid,717.409,0.213,2022,USDA NASS 2022 Ag Census Web Maps,Census Gazetteer 2024 county centroid,0,0,0,0,,0.08,19,,,7.43,56.2,0.35,0,0,3,All Wheat Harvested Share of Harvested Cropland
KS,Leavenworth County,20103,39.189511,-95.038977,county_centroid,463.408,5.535,2022,USDA NASS 2022 Ag Census Web Maps,Census Gazetteer 2024 county centroid,1.27,1.44,,11.91,13.33,0.49,11,9336,7997,22.75,1.67,45.09,0.01,0.11,1,Soybeans Harvested Share of Harvested Cropland
KS,Lincoln County,20105,39.04728,-98.214284,county_centroid,719.4,1.061,2022,USDA NASS 2022 Ag Census Web Maps,Census Gazetteer 2024 county centroid,0.06,0,0.01,0,50.07,,13,16660,25150,1.97,44.06,21.29,,0,2,Cattle and Calves Market Value Share
KS,Linn County,20107,38.216549,-94.844932,county_centroid,594.081,12.314,2022,USDA NASS 2022 Ag Census Web Maps,Census Gazetteer 2024 county centroid,,0.32,,3.29,31.93,0.32,9,15270,17124,14.99,3.27,57.84,0,0.02,2,Soybeans Harvested Share of Harvested Cropland
KS,Logan County,20109,38.91327,-101.157402,county_centroid,1072.993,0.106,2022,USDA NASS 2022 Ag Census Web Maps,Census Gazetteer 2024 county centroid,0,0,0.02,0,32.5,0,5,13151,23362,36.89,45.29,0.6,0,0,0,All Wheat Harvested Share of Harvested Cropland
KS,Lyon County,20111,38.455403,-96.161641,county_centroid,847.478,7.939,2022,USDA NASS 2022 Ag Census Web Maps,Census Gazetteer 2024 county centroid,0.1,0.1,0.04,0,63.39,,14,14673,69885,15.17,5.94,46.49,0,0,1,Cattle and Calves Market Value Share
KS,McPherson County,20113,38.395812,-97.647489,county_centroid,898.285,2.318,2022,USDA NASS 2022 Ag Census Web Maps,Census Gazetteer 2024 county centroid,,0,2.42,0.16,30.22,8.6,9,11611,56064,17.2,45.9,31.34,,0,2,All Wheat Harvested Share of Harvested Cropland
KS,Marion County,20115,38.359647,-97.102771,county_centroid,944.299,9.434,2022,USDA NASS 2022 Ag Census Web Maps,Census Gazetteer 2024 county centroid,0.02,0.05,,,31.37,10.33,10,23451,45403,20.22,34.14,32.909999999999997,,0,3,All Wheat Harvested Share of Harvested Cropland
KS,Marshall County,20117,39.782709,-96.521243,county_centroid,900.178,4.917,2022,USDA NASS 2022 Ag Census Web Maps,Census Gazetteer 2024 county centroid,,,0.01,3.59,15.29,2.08,9,17402,27402,40.64,3.43,45.9,0,0,2,Soybeans Harvested Share of Harvested Cropland
KS,Meade County,20119,37.243886,-100.360094,county_centroid,978.083,1.258,2022,USDA NASS 2022 Ag Census Web Maps,Census Gazetteer 2024 county centroid,,,0,,,0.21,11,28884,82650,36.200000000000003,35.450000000000003,10.85,0,,5,Corn Grain Harvested Share of Harvested Cropland
KS,Miami County,20121,38.566772,-94.832963,county_centroid,575.88,14.375,2022,USDA NASS 2022 Ag Census Web Maps,Census Gazetteer 2024 county centroid,0.32,0.69,0.25,1.27,27.82,0.31,12,19273,21439,16.96,3.52,49.42,0,0.05,0,Soybeans Harvested Share of Harvested Cropland
KS,Mitchell County,20123,39.393026,-98.207362,county_centroid,701.792,17.367,2022,USDA NASS 2022 Ag Census Web Maps,Census Gazetteer 2024 county centroid,0,0,0.13,0,,,9,16612,37821,12.45,36.75,29.37,0,0,2,All Wheat Harvested Share of Harvested Cropland
KS,Montgomery County,20125,37.189537,-95.742403,county_centroid,643.594,7.888,2022,USDA NASS 2022 Ag Census Web Maps,Census Gazetteer 2024 county centroid,0.12,0.28000000000000003,0.27,,,,11,19343,22948,21.22,28,43.35,,0.01,4,Soybeans Harvested Share of Harvested Cropland
KS,Morris County,20127,38.688204,-96.651448,county_centroid,695.343,7.546,2022,USDA NASS 2022 Ag Census Web Maps,Census Gazetteer 2024 county centroid,,,0.02,0,55.13,0.01,14,18572,46539,13.55,13.68,43.93,,,4,Cattle and Calves Market Value Share
KS,Morton County,20129,37.185249,-101.809516,county_centroid,729.731,0.196,2022,USDA NASS 2022 Ag Census Web Maps,Census Gazetteer 2024 county centroid,0,0,,0,,,3,4453,8406,19.14,28.79,,0,0,4,All Wheat Harvested Share of Harvested Cropland
KS,Nemaha County,20131,39.791043,-96.005381,county_centroid,717.427,2.01,2022,USDA NASS 2022 Ag Census Web Maps,Census Gazetteer 2024 county centroid,,,0.01,7.73,23.68,26.64,21,25732,79760,39.75,0.79,47.27,,,4,Soybeans Harvested Share of Harvested Cropland
KS,Neosho County,20133,37.564283,-95.315682,county_centroid,571.481,6.313,2022,USDA NASS 2022 Ag Census Web Maps,Census Gazetteer 2024 county centroid,0.28000000000000003,0.05,0.22,0.12,61.81,0.28000000000000003,13,19293,40834,25.09,21.4,45,0,0.03,0,Cattle and Calves Market Value Share
KS,Ness County,20135,38.480437,-99.908745,county_centroid,1074.739,0.258,2022,USDA NASS 2022 Ag Census Web Maps,Census Gazetteer 2024 county centroid,0,0,,0,32.29,,3,12964,25081,8.0299999999999994,46.35,,0,0,3,All Wheat Harvested Share of Harvested Cropland
KS,Norton County,20137,39.783867,-99.899235,county_centroid,878.044,3.252,2022,USDA NASS 2022 Ag Census Web Maps,Census Gazetteer 2024 county centroid,0,0,0.03,0,54.82,,9,15804,43558,41.66,30.09,8.98,0,0,1,Cattle and Calves Market Value Share
KS,Osage County,20139,38.650215,-95.708255,county_centroid,705.506,14.339,2022,USDA NASS 2022 Ag Census Web Maps,Census Gazetteer 2024 county centroid,0.1,,0.1,,24.52,,9,14605,18406,18.57,3.59,52.77,0,0.01,3,Soybeans Harvested Share of Harvested Cropland
KS,Osborne County,20141,39.348261,-98.767942,county_centroid,892.516,1.856,2022,USDA NASS 2022 Ag Census Web Maps,Census Gazetteer 2024 county centroid,0,0,0.02,0,18.5,,6,12840,16327,12.69,34.380000000000003,25.95,0,0,1,All Wheat Harvested Share of Harvested Cropland
KS,Ottawa County,20143,39.137963,-97.654802,county_centroid,720.73,0.605,2022,USDA NASS 2022 Ag Census Web Maps,Census Gazetteer 2024 county centroid,,0,,0,38.67,,10,12534,36274,12.64,28.24,35.36,0,,4,Cattle and Calves Market Value Share
KS,Pawnee County,20145,38.181477,-99.234772,county_centroid,754.263,0.383,2022,USDA NASS 2022 Ag Census Web Maps,Census Gazetteer 2024 county centroid,0,0,0,0,,,17,5116,,20.63,42.76,6.59,0,0,3,All Wheat Harvested Share of Harvested Cropland
KS,Phillips County,20147,39.784506,-99.34215,county_centroid,885.871,8.685,2022,USDA NASS 2022 Ag Census Web Maps,Census Gazetteer 2024 county centroid,0,,0.02,,23.9,12.85,9,18450,29226,34.270000000000003,27.06,16.149999999999999,0,0,2,Corn Grain Harvested Share of Harvested Cropland
KS,Pottawatomie County,20149,39.382187,-96.337113,county_centroid,840.735,20.907,2022,USDA NASS 2022 Ag Census Web Maps,Census Gazetteer 2024 county centroid,0.33,0.06,,0,45.49,3.28,16,24339,55374,27.59,3.91,35.72,,7.0000000000000007E-2,2,Cattle and Calves Market Value Share
KS,Pratt County,20151,37.647594,-98.74012,county_centroid,735.039,0.684,2022,USDA NASS 2022 Ag Census Web Maps,Census Gazetteer 2024 county centroid,0,0,0,0,54.27,1.73,11,4320,94662,21.17,46.7,14.2,0,0,0,Cattle and Calves Market Value Share
KS,Rawlins County,20153,39.786198,-101.076738,county_centroid,1069.416,0.16,2022,USDA NASS 2022 Ag Census Web Maps,Census Gazetteer 2024 county centroid,0,0,,0,31.91,0,3,12177,22127,29.57,49.2,1.9,0,0,1,All Wheat Harvested Share of Harvested Cropland
KS,Reno County,20155,37.948185,-98.078346,county_centroid,1255.308,16.802,2022,USDA NASS 2022 Ag Census Web Maps,Census Gazetteer 2024 county centroid,,0.01,0.14000000000000001,2.82,51.96,2.14,10,23245,117111,11.74,44.43,23.51,0,0.03,1,Cattle and Calves Market Value Share
KS,Republic County,20157,39.828906,-97.650883,county_centroid,717.377,3.07,2022,USDA NASS 2022 Ag Census Web Maps,Census Gazetteer 2024 county centroid,,,,0.01,38.549999999999997,0,15,10152,54616,42.17,10.66,40.159999999999997,,,5,Corn Grain Harvested Share of Harvested Cropland
KS,Rice County,20159,38.347178,-98.201415,county_centroid,726.235,1.729,2022,USDA NASS 2022 Ag Census Web Maps,Census Gazetteer 2024 county centroid,,0.03,,0,,,16,7746,87952,14.04,45.25,23.88,0,0,4,All Wheat Harvested Share of Harvested Cropland
KS,Riley County,20161,39.29121,-96.727488,county_centroid,609.66,12.391,2022,USDA NASS 2022 Ag Census Web Maps,Census Gazetteer 2024 county centroid,,,0.09,,27.61,,11,8690,14126,23.16,4.57,47.99,,0.27,5,Soybeans Harvested Share of Harvested Cropland
KS,Rooks County,20163,39.346006,-99.324492,county_centroid,890.527,4.619,2022,USDA NASS 2022 Ag Census Web Maps,Census Gazetteer 2024 county centroid,,0,,0,27.22,,7,20607,25025,13.14,40.31,14.02,0,,4,All Wheat Harvested Share of Harvested Cropland
KS,Rush County,20165,38.523596,-99.309184,county_centroid,717.763,0.21,2022,USDA NASS 2022 Ag Census Web Maps,Census Gazetteer 2024 county centroid,,,0.02,0,,,7,7869,17282,5.81,49.24,1.87,0,,5,All Wheat Harvested Share of Harvested Cropland
KS,Russell County,20167,38.91604,-98.770949,county_centroid,886.26,13.176,2022,USDA NASS 2022 Ag Census Web Maps,Census Gazetteer 2024 county centroid,,0,0.01,,34.64,0.18,6,14058,19182,5.21,49.02,10.39,,0.01,3,All Wheat Harvested Share of Harvested Cropland
KS,Saline County,20169,38.791804,-97.651478,county_centroid,720.242,1.066,2022,USDA NASS 2022 Ag Census Web Maps,Census Gazetteer 2024 county centroid,,,7.0000000000000007E-2,,18.48,,6,9605,11859,4.3600000000000003,45.55,29.62,0,,5,All Wheat Harvested Share of Harvested Cropland
KS,Scott County,20171,38.481877,-100.90636,county_centroid,717.585,0.118,2022,USDA NASS 2022 Ag Census Web Maps,Census Gazetteer 2024 county centroid,0,0,0,,90.32,,68,8844,675019,22.88,35.92,0.37,0,0,2,Cattle and Calves Market Value Share
KS,Sedgwick County,20173,37.681045,-97.461054,county_centroid,997.001,12.12,2022,USDA NASS 2022 Ag Census Web Maps,Census Gazetteer 2024 county centroid,0.22,0.21,,3.93,12.65,,7,15307,19892,14.64,43.39,32.06,0,0.02,2,All Wheat Harvested Share of Harvested Cropland
KS,Seward County,20175,37.18096,-100.855257,county_centroid,639.653,0.757,2022,USDA NASS 2022 Ag Census Web Maps,Census Gazetteer 2024 county centroid,0,0,,,,,25,9618,148912,38.99,21.12,6.63,0,0,4,Corn Grain Harvested Share of Harvested Cropland
KS,Shawnee County,20177,39.041805,-95.755664,county_centroid,544.012,11.718,2022,USDA NASS 2022 Ag Census Web Maps,Census Gazetteer 2024 county centroid,0.53,,0.37,0,11.07,0.12,6,6346,6410,32.19,1.67,38.25,0.01,0.09,1,Soybeans Harvested Share of Harvested Cropland
KS,Sheridan County,20179,39.350547,-100.441228,county_centroid,895.957,0.25,2022,USDA NASS 2022 Ag Census Web Maps,Census Gazetteer 2024 county centroid,,0,,0,77.13,0,19,11406,162404,51.69,27.68,7.84,0,,3,Cattle and Calves Market Value Share
KS,Sherman County,20181,39.351352,-101.719859,county_centroid,1056.064,0.212,2022,USDA NASS 2022 Ag Census Web Maps,Census Gazetteer 2024 county centroid,0,0,0.02,0,22.06,,3,6864,28421,43.2,35.54,2.72,0,0,1,Corn Grain Harvested Share of Harvested Cropland
KS,Smith County,20183,39.78466,-98.785429,county_centroid,895.464,1.5,2022,USDA NASS 2022 Ag Census Web Maps,Census Gazetteer 2024 county centroid,0.01,0,0.04,,31.58,,8,18164,40578,29.23,27.54,28.47,,0,3,Cattle and Calves Market Value Share
KS,Stafford County,20185,38.03563,-98.719889,county_centroid,792.046,2.871,2022,USDA NASS 2022 Ag Census Web Maps,Census Gazetteer 2024 county centroid,0.65,,0,0,55.9,,10,9225,79426,23.29,49.99,10.119999999999999,0,0.06,2,Cattle and Calves Market Value Share
KS,Stanton County,20187,37.565932,-101.789383,county_centroid,680.352,0.069,2022,USDA NASS 2022 Ag Census Web Maps,Census Gazetteer 2024 county centroid,0,0,0,,,,5,6180,31686,30.3,44.71,0,0,0,3,All Wheat Harvested Share of Harvested Cropland
KS,Stevens County,20189,37.2017,-101.317268,county_centroid,727.26,0.18,2022,USDA NASS 2022 Ag Census Web Maps,Census Gazetteer 2024 county centroid,0,0,0,,,,10,9278,83092,45.6,27.89,3.95,0,0,3,Corn Grain Harvested Share of Harvested Cropland
KS,Sumner County,20191,37.236662,-97.493352,county_centroid,1181.668,3.287,2022,USDA NASS 2022 Ag Census Web Maps,Census Gazetteer 2024 county centroid,0.05,0.04,0.05,0,7.27,0.01,3,8113,12556,10.3,55.21,31.91,0,0,0,All Wheat Harvested Share of Harvested Cropland
KS,Thomas County,20193,39.357713,-101.083386,county_centroid,1074.687,0.111,2022,USDA NASS 2022 Ag Census Web Maps,Census Gazetteer 2024 county centroid,,,0.02,,,0.01,8,8731,79421,47.45,36.32,3.98,,0,5,Corn Grain Harvested Share of Harvested Cropland
KS,Trego County,20195,38.921302,-99.865423,county_centroid,889.474,10.148,2022,USDA NASS 2022 Ag Census Web Maps,Census Gazetteer 2024 county centroid,0,0,,0,28.88,0,4,10283,17514,9.19,47.51,0.61,0,0,1,All Wheat Harvested Share of Harvested Cropland
KS,Wabaunsee County,20197,38.955154,-96.201262,county_centroid,794.336,5.346,2022,USDA NASS 2022 Ag Census Web Maps,Census Gazetteer 2024 county centroid,0.03,0.06,0.04,,59.78,,10,16773,41395,23.37,1.37,34.4,0,,3,Cattle and Calves Market Value Share
KS,Wallace County,20199,38.926626,-101.771103,county_centroid,913.652,0.054,2022,USDA NASS 2022 Ag Census Web Maps,Census Gazetteer 2024 county centroid,,0,0.01,,,,4,10453,16925,45.49,32.44,0,0,,5,Corn Grain Harvested Share of Harvested Cropland
KS,Washington County,20201,39.776714,-97.095611,county_centroid,894.759,3.915,2022,USDA NASS 2022 Ag Census Web Maps,Census Gazetteer 2024 county centroid,0,0,,10.48,20.61,14.85,17,27590,48691,33.54,9.66,45.7,0,0,1,Soybeans Harvested Share of Harvested Cropland
KS,Wichita County,20203,38.481922,-101.347434,county_centroid,718.566,0.024,2022,USDA NASS 2022 Ag Census Web Maps,Census Gazetteer 2024 county centroid,0,0,0,0,,,21,3778,205382,35,48.58,0,0,0,2,All Wheat Harvested Share of Harvested Cropland
KS,Wilson County,20205,37.558515,-95.745175,county_centroid,570.423,4.651,2022,USDA NASS 2022 Ag Census Web Maps,Census Gazetteer 2024 county centroid,0.17,0.04,0.03,0,24.71,0.1,8,12667,15180,27.6,25.33,51.12,,0.01,1,Soybeans Harvested Share of Harvested Cropland
KS,Woodson County,20207,37.888193,-95.758469,county_centroid,497.819,7.434,2022,USDA NASS 2022 Ag Census Web Maps,Census Gazetteer 2024 county centroid,,0,0.75,0,53.67,0.02,10,10035,31285,23.94,12.88,42.9,0,,2,Cattle and Calves Market Value Share
KS,Wyandotte County,20209,39.115384,-94.763087,county_centroid,151.638,4.557,2022,USDA NASS 2022 Ag Census Web Maps,Census Gazetteer 2024 county centroid,8.5399999999999991,6.2,,0,11.13,0,6,294,606,,0,63.91,0.15,1.1100000000000001,2,Soybeans Harvested Share of Harvested Cropland
KY,Adair County,21001,37.105559,-85.28138,county_centroid,405.292,7.101,2022,USDA NASS 2022 Ag Census Web Maps,Census Gazetteer 2024 county centroid,0.19,0.26,30.09,21.73,28.17,,29,21905,24539,14.84,2.3199999999999998,17.66,0,7.0000000000000007E-2,1,Poultry and Eggs Market Value Share
KY,Allen County,21003,36.75077,-86.192458,county_centroid,343.724,8.139,2022,USDA NASS 2022 Ag Census Web Maps,Census Gazetteer 2024 county centroid,4.18,0.71,4.12,1.53,65.150000000000006,0.88,30,17768,49747,9.52,1.54,7.45,0.02,0.95,0,Cattle and Calves Market Value Share
KY,Anderson County,21005,38.005396,-84.986417,county_centroid,202.26,2.025,2022,USDA NASS 2022 Ag Census Web Maps,Census Gazetteer 2024 county centroid,2.5299999999999998,1.41,1.29,8.99,56.34,0.19,19,5813,5683,2.0099999999999998,0,3.27,,0.32,1,Cattle and Calves Market Value Share
KY,Ballard County,21007,37.051323,-89.010367,county_centroid,247.095,26.887,2022,USDA NASS 2022 Ag Census Web Maps,Census Gazetteer 2024 county centroid,0.03,0.11,38.49,,,0,4,2110,1910,37.72,15.29,53.82,0,0.01,2,Soybeans Harvested Share of Harvested Cropland
KY,Barren County,21009,36.962805,-85.932108,county_centroid,487.365,12.635,2022,USDA NASS 2022 Ag Census Web Maps,Census Gazetteer 2024 county centroid,0.4,,25.19,20.99,23.33,,35,41538,48194,15.57,1.92,18.690000000000001,0,0.13,2,Poultry and Eggs Market Value Share
KY,Bath County,21011,38.152249,-83.737641,county_centroid,277.992,6.012,2022,USDA NASS 2022 Ag Census Web Maps,Census Gazetteer 2024 county centroid,1.63,0.25,0.15,2.41,45.51,0.05,21,14930,14334,4.74,0.44,19.04,0.02,0.24,0,Cattle and Calves Market Value Share
KY,Bell County,21013,36.728928,-83.680718,county_centroid,358.999,2.117,2022,USDA NASS 2022 Ag Census Web Maps,Census Gazetteer 2024 county centroid,,12.26,0.74,0,14.76,,3,469,416,,0,0,,1.48,4,Cattle and Calves Market Value Share
KY,Boone County,21015,38.9589,-84.736371,county_centroid,246.268,10.237,2022,USDA NASS 2022 Ag Census Web Maps,Census Gazetteer 2024 county centroid,8.67,,0.71,,21.92,,12,4875,3518,7.02,,9.8000000000000007,0.02,0.78,4,Cattle and Calves Market Value Share
KY,Bourbon County,21017,38.202562,-84.20986,county_centroid,289.75,1.861,2022,USDA NASS 2022 Ag Census Web Maps,Census Gazetteer 2024 county centroid,0.14000000000000001,,,0,16.399999999999999,,23,20704,38033,12.76,1.28,21.05,0.01,0.11,3,Soybeans Harvested Share of Harvested Cropland
KY,Boyd County,21019,38.360003,-82.681406,county_centroid,159.866,2.151,2022,USDA NASS 2022 Ag Census Web Maps,Census Gazetteer 2024 county centroid,,,2.2200000000000002,0,46.07,,7,953,585,2.79,0,0,,0.17,4,Cattle and Calves Market Value Share
KY,Boyle County,21021,37.618104,-84.868352,county_centroid,180.336,2.505,2022,USDA NASS 2022 Ag Census Web Maps,Census Gazetteer 2024 county centroid,0.27,0.1,7.0000000000000007E-2,,55.35,,31,9209,26346,21.08,11.74,21.27,0.02,0.05,2,Cattle and Calves Market Value Share
KY,Bracken County,21023,38.680365,-84.115235,county_centroid,202.665,6.286,2022,USDA NASS 2022 Ag Census Web Maps,Census Gazetteer 2024 county centroid,,0.04,0.27,,30.62,0.83,14,7126,4788,3.28,0.4,4.03,,0.22,3,Cattle and Calves Market Value Share
KY,Breathitt County,21025,37.517807,-83.317158,county_centroid,492.422,2.846,2022,USDA NASS 2022 Ag Census Web Maps,Census Gazetteer 2024 county centroid,20.440000000000001,0.81,1.42,0,40.29,0.57999999999999996,3,512,885,11.61,0,0,0.05,1.41,0,Cattle and Calves Market Value Share
KY,Breckinridge County,21027,37.777988,-86.432919,county_centroid,569.725,15.868,2022,USDA NASS 2022 Ag Census Web Maps,Census Gazetteer 2024 county centroid,0.83,0.06,36.880000000000003,,10.64,0.33,12,17133,15390,25.47,3.25,38.049999999999997,0,0.13,1,Soybeans Harvested Share of Harvested Cropland
KY,Bullitt County,21029,37.969945,-85.702635,county_centroid,297.085,3.18,2022,USDA NASS 2022 Ag Census Web Maps,Census Gazetteer 2024 county centroid,4.58,1.97,1.1599999999999999,0,9.85,,12,2239,1330,6.64,1.34,32.880000000000003,0.06,0.47,1,Soybeans Harvested Share of Harvested Cropland
KY,Butler County,21031,37.207013,-86.682471,county_centroid,426.112,5.363,2022,USDA NASS 2022 Ag Census Web Maps,Census Gazetteer 2024 county centroid,0.21,,23.56,,8.02,0.04,9,8751,7549,31.73,0.63,45.22,,7.0000000000000007E-2,3,Soybeans Harvested Share of Harvested Cropland
KY,Caldwell County,21033,37.148642,-87.870509,county_centroid,344.835,3.314,2022,USDA NASS 2022 Ag Census Web Maps,Census Gazetteer 2024 county centroid,0.19,0.09,0.04,2.09,5.95,0.01,8,5754,4971,34.869999999999997,14.95,43.15,,0.02,1,Soybeans Harvested Share of Harvested Cropland
KY,Calloway County,21035,36.620978,-88.274086,county_centroid,384.862,25.834,2022,USDA NASS 2022 Ag Census Web Maps,Census Gazetteer 2024 county centroid,,,30.23,,7.67,,5,3917,10964,36.78,11.75,49.23,0,,5,Soybeans Harvested Share of Harvested Cropland
KY,Campbell County,21037,38.946981,-84.379583,county_centroid,151.32,8.087,2022,USDA NASS 2022 Ag Census Web Maps,Census Gazetteer 2024 county centroid,5.62,3.45,1.65,,28.78,,12,2715,2097,3.89,,,0.01,0.71,4,Cattle and Calves Market Value Share
KY,Carlisle County,21039,36.85718,-88.976614,county_centroid,189.463,9.517,2022,USDA NASS 2022 Ag Census Web Maps,Census Gazetteer 2024 county centroid,0,,32.82,0,0.46,9.1,2,1086,855,32.17,19.77,64.02,0,0,1,Soybeans Harvested Share of Harvested Cropland
KY,Carroll County,21041,38.668394,-85.124024,county_centroid,128.7,8.566,2022,USDA NASS 2022 Ag Census Web Maps,Census Gazetteer 2024 county centroid,0.79,,0.48,0,40.35,,10,2569,2218,4.21,0,12.78,0,0.04,2,Cattle and Calves Market Value Share
KY,Carter County,21043,38.314094,-83.038988,county_centroid,409.497,2.619,2022,USDA NASS 2022 Ag Census Web Maps,Census Gazetteer 2024 county centroid,3.28,,1.54,,34.25,0.88,9,4249,3500,3.94,,,0.03,0.32,4,Cattle and Calves Market Value Share
KY,Casey County,21045,37.321962,-84.92822,county_centroid,444.258,1.483,2022,USDA NASS 2022 Ag Census Web Maps,Census Gazetteer 2024 county centroid,1.23,,6.15,16.510000000000002,28.4,0.11,21,21746,16739,15.93,0.42,16.52,0.02,0.13,1,Cattle and Calves Market Value Share
KY,Christian County,21047,36.892059,-87.492986,county_centroid,717.66,6.382,2022,USDA NASS 2022 Ag Census Web Maps,Census Gazetteer 2024 county centroid,0.94,0.1,7.88,4.57,5.28,0.06,6,9419,15224,39.159999999999997,30.04,43.14,0,0.15,0,Soybeans Harvested Share of Harvested Cropland
KY,Clark County,21049,37.970314,-84.145115,county_centroid,252.482,2.681,2022,USDA NASS 2022 Ag Census Web Maps,Census Gazetteer 2024 county centroid,1.65,,0.23,,51.21,,28,16946,22841,5.41,,11.97,0,0.18,4,Cattle and Calves Market Value Share
KY,Clay County,21051,37.164273,-83.715454,county_centroid,469.296,1.836,2022,USDA NASS 2022 Ag Census Web Maps,Census Gazetteer 2024 county centroid,18.170000000000002,0.53,1.1100000000000001,0,21.45,,5,1098,861,4.32,0,8.35,0.12,1.64,1,Cattle and Calves Market Value Share
KY,Clinton County,21053,36.727258,-85.136098,county_centroid,197.063,8.354,2022,USDA NASS 2022 Ag Census Web Maps,Census Gazetteer 2024 county centroid,,0.08,71.25,,17.22,,33,10623,9715,8.1999999999999993,,8.9499999999999993,,,6,Poultry and Eggs Market Value Share
KY,Crittenden County,21055,37.358149,-88.10501,county_centroid,359.566,11.729,2022,USDA NASS 2022 Ag Census Web Maps,Census Gazetteer 2024 county centroid,0.48,0.2,,,5.19,0.05,7,5944,4484,33.32,10.84,43.67,,7.0000000000000007E-2,3,Soybeans Harvested Share of Harvested Cropland
KY,Cumberland County,21057,36.782372,-85.388484,county_centroid,305.147,5.761,2022,USDA NASS 2022 Ag Census Web Maps,Census Gazetteer 2024 county centroid,2.3199999999999998,2.5,,,33.880000000000003,0.02,9,5288,4592,8.6199999999999992,2.99,7.22,0,0.13,2,Cattle and Calves Market Value Share
KY,Daviess County,21059,37.731671,-87.087139,county_centroid,458.398,18.073,2022,USDA NASS 2022 Ag Census Web Maps,Census Gazetteer 2024 county centroid,0.13,,23.21,,,,5,7597,6820,40.51,2.4900000000000002,53.24,0,0.03,4,Soybeans Harvested Share of Harvested Cropland
KY,Edmonson County,21061,37.227514,-86.218015,county_centroid,302.806,5.198,2022,USDA NASS 2022 Ag Census Web Maps,Census Gazetteer 2024 county centroid,0.52,0.45,14.88,,44.71,0.04,19,7084,26843,23.04,2.4,44.79,0,0.1,1,Soybeans Harvested Share of Harvested Cropland
KY,Elliott County,21063,38.116883,-83.096116,county_centroid,234.321,1.002,2022,USDA NASS 2022 Ag Census Web Maps,Census Gazetteer 2024 county centroid,4.41,1.23,1.51,,38.9,0.13,10,2488,1541,1.84,0,,0.01,0.83,2,Cattle and Calves Market Value Share
KY,Estill County,21065,37.692449,-83.963983,county_centroid,253.081,2.529,2022,USDA NASS 2022 Ag Census Web Maps,Census Gazetteer 2024 county centroid,5.89,,2.12,0,48.88,,10,2740,2115,5.21,0,3.07,0.05,0.39,2,Cattle and Calves Market Value Share
KY,Fayette County,21067,38.040678,-84.458272,county_centroid,283.854,1.713,2022,USDA NASS 2022 Ag Census Web Maps,Census Gazetteer 2024 county centroid,0.25,,0.02,0,1.97,,10,5056,7125,7.54,2.6,12.14,0.02,0.44,2,Soybeans Harvested Share of Harvested Cropland
KY,Fleming County,21069,38.367848,-83.699205,county_centroid,348.672,2.643,2022,USDA NASS 2022 Ag Census Web Maps,Census Gazetteer 2024 county centroid,,0.98,,11.36,43.73,,25,19311,23847,6.68,,18.18,0,0.04,4,Cattle and Calves Market Value Share
KY,Floyd County,21071,37.552456,-82.739724,county_centroid,393.3,2.405,2022,USDA NASS 2022 Ag Census Web Maps,Census Gazetteer 2024 county centroid,38.409999999999997,,4.47,0,21.37,,4,176,96,,0,0,,2.83,4,"Vegetables, Melons, Potatoes, and Sweet Potatoes Market Value Share"
KY,Franklin County,21073,38.234919,-84.868786,county_centroid,207.91,4.099,2022,USDA NASS 2022 Ag Census Web Maps,Census Gazetteer 2024 county centroid,1.75,,,,46.31,0.04,18,6049,8732,1.54,0,10.54,0.02,0.31,3,Cattle and Calves Market Value Share
KY,Fulton County,21075,36.552511,-89.187659,county_centroid,205.932,24.742,2022,USDA NASS 2022 Ag Census Web Maps,Census Gazetteer 2024 county centroid,,,22.08,0,,,1,154,245,31.06,9.39,67.03,0,,5,Soybeans Harvested Share of Harvested Cropland
KY,Gallatin County,21077,38.755663,-84.865143,county_centroid,98.282,6.352,2022,USDA NASS 2022 Ag Census Web Maps,Census Gazetteer 2024 county centroid,7.48,0.28999999999999998,0.24,,5.34,,16,2350,795,8.52,4.12,22.62,,1.2,3,Soybeans Harvested Share of Harvested Cropland
KY,Garrard County,21079,37.630162,-84.545856,county_centroid,229.925,4.021,2022,USDA NASS 2022 Ag Census Web Maps,Census Gazetteer 2024 county centroid,0.81,,0.12,,52.68,,31,16931,22034,11.67,2.2599999999999998,2.92,,0.14000000000000001,4,Cattle and Calves Market Value Share
KY,Grant County,21081,38.649167,-84.625924,county_centroid,257.976,2.798,2022,USDA NASS 2022 Ag Census Web Maps,Census Gazetteer 2024 county centroid,1.81,0.2,1.3,3.04,39.92,0.1,14,8207,5015,0.87,,1.43,0.01,0.16,1,Cattle and Calves Market Value Share
KY,Graves County,21083,36.723344,-88.649897,county_centroid,551.757,5.031,2022,USDA NASS 2022 Ag Census Web Maps,Census Gazetteer 2024 county centroid,0.52,7.0000000000000007E-2,66.099999999999994,,1.86,2.04,6,5504,9420,35.1,12.66,55.43,,7.0000000000000007E-2,2,Poultry and Eggs Market Value Share
KY,Grayson County,21085,37.458577,-86.344011,county_centroid,499.536,11.493,2022,USDA NASS 2022 Ag Census Web Maps,Census Gazetteer 2024 county centroid,0.18,0.11,25.24,7.8,23.99,0.14000000000000001,19,23669,23134,17.54,1.64,31.21,0,0.03,0,Soybeans Harvested Share of Harvested Cropland
KY,Green County,21087,37.278065,-85.537925,county_centroid,285.963,2.83,2022,USDA NASS 2022 Ag Census Web Maps,Census Gazetteer 2024 county centroid,0.19,7.0000000000000007E-2,12.01,6.58,16.11,0.02,18,14618,15921,26.48,1.9,32.049999999999997,,0.05,1,Soybeans Harvested Share of Harvested Cropland
KY,Greenup County,21089,38.563562,-82.93382,county_centroid,344.455,9.987,2022,USDA NASS 2022 Ag Census Web Maps,Census Gazetteer 2024 county centroid,,8.32,0.94,,31.45,,8,3706,2630,19.91,0,9.68,0.01,0.28000000000000003,3,Cattle and Calves Market Value Share
KY,Hancock County,21091,37.843325,-86.792761,county_centroid,187.675,11.248,2022,USDA NASS 2022 Ag Census Web Maps,Census Gazetteer 2024 county centroid,,,18.059999999999999,0,8.3699999999999992,7.0000000000000007E-2,12,3105,2625,22.89,,55.9,0,0.05,3,Soybeans Harvested Share of Harvested Cropland
KY,Hardin County,21093,37.695836,-85.963183,county_centroid,623.904,6.221,2022,USDA NASS 2022 Ag Census Web Maps,Census Gazetteer 2024 county centroid,0.64,0.42,,0.94,14.02,9.81,14,17615,14389,25.4,3.41,40.1,,0.08,2,Soybeans Harvested Share of Harvested Cropland
KY,Harlan County,21095,36.859223,-83.221497,county_centroid,465.83,2.322,2022,USDA NASS 2022 Ag Census Web Maps,Census Gazetteer 2024 county centroid,,,0.35,0,8.48,0,1,77,34,,,,,,7,Cattle and Calves Market Value Share
KY,Harrison County,21097,38.444578,-84.334131,county_centroid,306.458,3.419,2022,USDA NASS 2022 Ag Census Web Maps,Census Gazetteer 2024 county centroid,3,1.87,0.62,,38.9,,18,17945,15384,7.53,1.64,11.06,0,0.13,2,Cattle and Calves Market Value Share
KY,Hart County,21099,37.305827,-85.878443,county_centroid,412.67,5.178,2022,USDA NASS 2022 Ag Census Web Maps,Census Gazetteer 2024 county centroid,1.76,0.84,0.91,5.61,24.81,0.03,17,16085,14751,11.05,1.7,24.4,,0.19,1,Cattle and Calves Market Value Share
KY,Henderson County,21101,37.792542,-87.572577,county_centroid,436.361,29.192,2022,USDA NASS 2022 Ag Census Web Maps,Census Gazetteer 2024 county centroid,0.33,,,0,2.02,,3,3136,2993,43.77,2.34,52.5,,0.05,4,Soybeans Harvested Share of Harvested Cropland
KY,Henry County,21103,38.451383,-85.119647,county_centroid,286.251,4.871,2022,USDA NASS 2022 Ag Census Web Maps,Census Gazetteer 2024 county centroid,2.04,1.32,0.59,2.82,28.15,0.27,18,12709,9901,11.97,1.57,15,0,0.15,0,Cattle and Calves Market Value Share
KY,Hickman County,21105,36.675896,-88.972084,county_centroid,242.331,10.709,2022,USDA NASS 2022 Ag Census Web Maps,Census Gazetteer 2024 county centroid,,0.14000000000000001,60.25,0,0.23,4.76,1,698,572,39.49,15.96,53.31,,0.02,2,Poultry and Eggs Market Value Share
KY,Hopkins County,21107,37.31107,-87.542196,county_centroid,542.187,12.228,2022,USDA NASS 2022 Ag Census Web Maps,Census Gazetteer 2024 county centroid,0.28000000000000003,0.01,38.53,0,,,4,3878,5076,38.090000000000003,2.76,52.9,0,7.0000000000000007E-2,2,Soybeans Harvested Share of Harvested Cropland
KY,Jackson County,21109,37.403458,-84.020576,county_centroid,345.227,1.285,2022,USDA NASS 2022 Ag Census Web Maps,Census Gazetteer 2024 county centroid,,2.11,1.36,0,48.16,0.03,12,6068,4111,,0,0,0,0.22,2,Cattle and Calves Market Value Share
KY,Jefferson County,21111,38.189532,-85.657624,county_centroid,380.83,16.771,2022,USDA NASS 2022 Ag Census Web Maps,Census Gazetteer 2024 county centroid,7.35,2.2799999999999998,4.29,0,8.9,,10,945,509,7.06,0,9.6999999999999993,0.05,1.4,1,Soybeans Harvested Share of Harvested Cropland
KY,Jessamine County,21113,37.873291,-84.58396,county_centroid,172.113,2.363,2022,USDA NASS 2022 Ag Census Web Maps,Census Gazetteer 2024 county centroid,0.39,,0.13,,9,0.01,19,8346,7711,9.57,,13.2,0,0.15,3,Soybeans Harvested Share of Harvested Cropland
KY,Johnson County,21115,37.847756,-82.830121,county_centroid,261.966,2.17,2022,USDA NASS 2022 Ag Census Web Maps,Census Gazetteer 2024 county centroid,9.57,24.15,2.5099999999999998,,26.45,,5,751,647,4.12,0,0,,1.49,3,Cattle and Calves Market Value Share
KY,Kenton County,21117,38.930503,-84.533438,county_centroid,160.374,3.934,2022,USDA NASS 2022 Ag Census Web Maps,Census Gazetteer 2024 county centroid,15.54,2.9,8.69,0,,,15,2706,1775,3.51,0,,,0.8,4,"Vegetables, Melons, Potatoes, and Sweet Potatoes Market Value Share"
KY,Knott County,21119,37.354368,-82.952546,county_centroid,351.524,1.327,2022,USDA NASS 2022 Ag Census Web Maps,Census Gazetteer 2024 county centroid,2.96,,1.93,0,80.25,0,9,503,558,,,,,,6,Cattle and Calves Market Value Share
KY,Knox County,21121,36.8885,-83.855551,county_centroid,386.33,1.419,2022,USDA NASS 2022 Ag Census Web Maps,Census Gazetteer 2024 county centroid,12.73,,4.5999999999999996,,28.29,,10,1857,1092,3.06,0,,0.03,0.56999999999999995,4,Cattle and Calves Market Value Share
KY,Larue County,21123,37.544462,-85.696841,county_centroid,261.04,2.595,2022,USDA NASS 2022 Ag Census Web Maps,Census Gazetteer 2024 county centroid,0.32,0.39,0.22,2.15,10.08,0.06,12,8178,7033,31.72,6.06,48.85,,0.03,1,Soybeans Harvested Share of Harvested Cropland
KY,Laurel County,21125,37.113268,-84.119395,county_centroid,433.703,9.99,2022,USDA NASS 2022 Ag Census Web Maps,Census Gazetteer 2024 county centroid,21.95,3.67,0.69,1.35,35.85,,23,9137,7363,2,,1.1399999999999999,0.06,1.74,2,Cattle and Calves Market Value Share
KY,Lawrence County,21127,38.074453,-82.73829,county_centroid,415.598,4.47,2022,USDA NASS 2022 Ag Census Web Maps,Census Gazetteer 2024 county centroid,5.94,2.67,1.1299999999999999,0,39.909999999999997,0.59,6,1627,1018,0.39,0,0.26,0.03,0.33,0,Cattle and Calves Market Value Share
KY,Lee County,21129,37.608116,-83.719248,county_centroid,208.821,2.436,2022,USDA NASS 2022 Ag Census Web Maps,Census Gazetteer 2024 county centroid,15.08,7.36,2.81,0,23.34,0.56999999999999995,3,634,323,0.93,0,0,,0.56000000000000005,1,Cattle and Calves Market Value Share
KY,Leslie County,21131,37.087846,-83.388617,county_centroid,400.878,3.523,2022,USDA NASS 2022 Ag Census Web Maps,Census Gazetteer 2024 county centroid,84.2,0,,0,,0,0,,,0,0,0,4.9000000000000004,20.2,4,"Vegetables, Melons, Potatoes, and Sweet Potatoes Market Value Share"
KY,Letcher County,21133,37.118536,-82.861251,county_centroid,337.934,1.099,2022,USDA NASS 2022 Ag Census Web Maps,Census Gazetteer 2024 county centroid,43.57,,13.07,0,14.94,,3,124,109,,0,0,1.62,11.56,3,"Vegetables, Melons, Potatoes, and Sweet Potatoes Market Value Share"
KY,Lewis County,21135,38.535047,-83.370143,county_centroid,482.858,12.306,2022,USDA NASS 2022 Ag Census Web Maps,Census Gazetteer 2024 county centroid,1.41,1.03,0.46,0,19.62,0.27,8,5625,4244,10.25,1.92,30.09,,0.14000000000000001,1,Soybeans Harvested Share of Harvested Cropland
KY,Lincoln County,21137,37.457174,-84.658335,county_centroid,332.904,3.489,2022,USDA NASS 2022 Ag Census Web Maps,Census Gazetteer 2024 county centroid,0.72,0.11,0.55000000000000004,16.7,36.270000000000003,0.04,31,21820,30049,14.9,2.68,22.88,0.01,0.23,0,Cattle and Calves Market Value Share
KY,Livingston County,21139,37.209517,-88.363426,county_centroid,312.96,29.195,2022,USDA NASS 2022 Ag Census Web Maps,Census Gazetteer 2024 county centroid,,,,0,10.87,,10,7758,5850,33.07,3.88,44.72,0,,5,Soybeans Harvested Share of Harvested Cropland
KY,Logan County,21141,36.859607,-86.881288,county_centroid,552.216,4.815,2022,USDA NASS 2022 Ag Census Web Maps,Census Gazetteer 2024 county centroid,0.04,,6.23,9.16,,,12,15553,15013,36.93,33.76,44.98,0,0.01,3,Soybeans Harvested Share of Harvested Cropland
KY,Lyon County,21143,37.023976,-88.083391,county_centroid,213.785,42.744,2022,USDA NASS 2022 Ag Census Web Maps,Census Gazetteer 2024 county centroid,,,0.11,0,14.07,0,10,2255,2149,24.69,,41.52,0,,4,Soybeans Harvested Share of Harvested Cropland
KY,McCracken County,21145,37.054111,-88.712454,county_centroid,248.786,19.151,2022,USDA NASS 2022 Ag Census Web Maps,Census Gazetteer 2024 county centroid,0.72,1.36,,0,3.32,,3,1134,1634,32.64,14,58.68,,0.14000000000000001,3,Soybeans Harvested Share of Harvested Cropland
KY,McCreary County,21147,36.731136,-84.491052,county_centroid,426.709,4.238,2022,USDA NASS 2022 Ag Census Web Maps,Census Gazetteer 2024 county centroid,10.55,5.77,7.42,0,46.35,0,14,1498,1049,0,0,,0.1,1.1399999999999999,1,Cattle and Calves Market Value Share
KY,McLean County,21149,37.526707,-87.265597,county_centroid,252.525,3.711,2022,USDA NASS 2022 Ag Census Web Maps,Census Gazetteer 2024 county centroid,0.06,,67.72,0,0.53,0.1,3,2052,1700,36.53,7.67,56.06,,0.03,2,Poultry and Eggs Market Value Share
KY,Madison County,21151,37.725511,-84.278362,county_centroid,437.934,5.323,2022,USDA NASS 2022 Ag Census Web Maps,Census Gazetteer 2024 county centroid,0.84,0.66,0.33,,69.72,0.16,29,21120,42131,4.3899999999999997,,3.41,0.01,0.17,2,Cattle and Calves Market Value Share
KY,Magoffin County,21153,37.698983,-83.069721,county_centroid,308.443,0.714,2022,USDA NASS 2022 Ag Census Web Maps,Census Gazetteer 2024 county centroid,25.77,1.0900000000000001,0.96,0,33.86,,3,1283,978,2.11,,0,0.09,1.26,2,Cattle and Calves Market Value Share
KY,Marion County,21155,37.552604,-85.268959,county_centroid,343.551,3.306,2022,USDA NASS 2022 Ag Census Web Maps,Census Gazetteer 2024 county centroid,0.37,,,6.42,31.8,,26,22846,29424,22.3,5.64,30.84,,0.06,4,Cattle and Calves Market Value Share
KY,Marshall County,21157,36.882017,-88.332752,county_centroid,302.126,38.045,2022,USDA NASS 2022 Ag Census Web Maps,Census Gazetteer 2024 county centroid,,0.18,30.22,0,28.35,,16,4655,21771,28.44,16.16,44.92,,0.05,3,Soybeans Harvested Share of Harvested Cropland
KY,Martin County,21159,37.796774,-82.506623,county_centroid,229.644,0.989,2022,USDA NASS 2022 Ag Census Web Maps,Census Gazetteer 2024 county centroid,,,,0,24.79,,2,105,73,,,,,,9,Cattle and Calves Market Value Share
KY,Mason County,21161,38.594137,-83.828125,county_centroid,240.127,6.284,2022,USDA NASS 2022 Ag Census Web Maps,Census Gazetteer 2024 county centroid,0.17,0.54,0.05,2.25,33.630000000000003,0.11,26,13207,16498,15.15,1.3,25.02,0,0.04,0,Cattle and Calves Market Value Share
KY,Meade County,21163,37.967476,-86.200863,county_centroid,305.463,18.942,2022,USDA NASS 2022 Ag Census Web Maps,Census Gazetteer 2024 county centroid,0.46,,16.62,0,9.35,0.17,10,7731,6326,30.81,3.08,43.83,0,0.08,1,Soybeans Harvested Share of Harvested Cropland
KY,Menifee County,21165,37.935485,-83.589355,county_centroid,203.538,2.396,2022,USDA NASS 2022 Ag Census Web Maps,Census Gazetteer 2024 county centroid,14.18,,,0,42.46,,12,1764,1252,1.1599999999999999,0,,0.02,0.97,4,Cattle and Calves Market Value Share
KY,Mercer County,21167,37.812085,-84.879695,county_centroid,249.383,3.925,2022,USDA NASS 2022 Ag Census Web Maps,Census Gazetteer 2024 county centroid,0.57999999999999996,,0.18,,37.07,,26,13324,21298,13.63,6.75,22.74,0.02,0.23,3,Cattle and Calves Market Value Share
KY,Metcalfe County,21169,36.99243,-85.633456,county_centroid,289.651,1.539,2022,USDA NASS 2022 Ag Census Web Maps,Census Gazetteer 2024 county centroid,0.24,0.53,12.22,21.08,25.12,0.08,24,18687,15020,18.79,1.36,15.47,,0.06,1,Cattle and Calves Market Value Share
KY,Monroe County,21171,36.714077,-85.713508,county_centroid,329.475,2.582,2022,USDA NASS 2022 Ag Census Web Maps,Census Gazetteer 2024 county centroid,0.04,0.02,41.89,9.06,29.11,0.01,34,25343,33279,15.25,2.2400000000000002,9.0399999999999991,,0.01,1,Poultry and Eggs Market Value Share
KY,Montgomery County,21173,38.038109,-83.912416,county_centroid,197.376,1.462,2022,USDA NASS 2022 Ag Census Web Maps,Census Gazetteer 2024 county centroid,1.46,1.42,0.24,0,58.14,,29,9662,11458,7.17,0.61,5.25,,0.13,2,Cattle and Calves Market Value Share
KY,Morgan County,21175,37.92294,-83.258944,county_centroid,381.104,2.684,2022,USDA NASS 2022 Ag Census Web Maps,Census Gazetteer 2024 county centroid,2.06,,0.51,,46.98,,7,4026,3254,1.0900000000000001,,,0.04,0.1,5,Cattle and Calves Market Value Share
KY,Muhlenberg County,21177,37.213816,-87.134092,county_centroid,467.28,12.119,2022,USDA NASS 2022 Ag Census Web Maps,Census Gazetteer 2024 county centroid,0.06,0.06,44.34,,3.21,22.55,10,6538,7119,24.7,5.46,44.86,0,0.02,1,Soybeans Harvested Share of Harvested Cropland
KY,Nelson County,21179,37.80312,-85.465931,county_centroid,418.686,5.39,2022,USDA NASS 2022 Ag Census Web Maps,Census Gazetteer 2024 county centroid,0.53,0.37,0.2,,25.4,,22,15532,19555,26.74,6.78,32.4,0,0.08,2,Soybeans Harvested Share of Harvested Cropland
KY,Nicholas County,21181,38.338031,-84.026223,county_centroid,195.306,1.52,2022,USDA NASS 2022 Ag Census Web Maps,Census Gazetteer 2024 county centroid,0.8,,6.2,0.56999999999999995,46.21,,22,8533,16043,9.74,1.1299999999999999,11.63,,0.1,3,Cattle and Calves Market Value Share
KY,Ohio County,21183,37.477859,-86.844871,county_centroid,587.095,9.132,2022,USDA NASS 2022 Ag Census Web Maps,Census Gazetteer 2024 county centroid,0.06,,64.87,0,2.82,0.01,9,7708,5852,33.700000000000003,0.74,46.74,0,0.02,1,Poultry and Eggs Market Value Share
KY,Oldham County,21185,38.400127,-85.45615,county_centroid,187.294,9.05,2022,USDA NASS 2022 Ag Census Web Maps,Census Gazetteer 2024 county centroid,4.3099999999999996,,0.59,,4.72,,7,2164,1871,11.15,,27.23,0.01,0.79,4,Soybeans Harvested Share of Harvested Cropland
KY,Owen County,21187,38.499395,-84.84159,county_centroid,350.487,3.759,2022,USDA NASS 2022 Ag Census Web Maps,Census Gazetteer 2024 county centroid,1.08,0.6,,,35.43,0.03,16,10274,12237,1.63,0.5,6.97,,0.12,3,Cattle and Calves Market Value Share
KY,Owsley County,21189,37.423622,-83.691637,county_centroid,197.402,0.888,2022,USDA NASS 2022 Ag Census Web Maps,Census Gazetteer 2024 county centroid,34.340000000000003,0.42,0.89,0,48.64,0.46,6,772,743,0.48,0,0,0.17,3.99,0,Cattle and Calves Market Value Share
KY,Pendleton County,21191,38.696284,-84.351943,county_centroid,277.148,4.762,2022,USDA NASS 2022 Ag Census Web Maps,Census Gazetteer 2024 county centroid,1.35,0.59,1.1200000000000001,,30.7,0.19,10,5688,4107,2.77,0,7.48,0.01,0.12,1,Cattle and Calves Market Value Share
KY,Perry County,21193,37.241282,-83.217772,county_centroid,339.724,2.886,2022,USDA NASS 2022 Ag Census Web Maps,Census Gazetteer 2024 county centroid,25.6,2.19,,0,3.38,0.09,1,,,,,,,,8,"Vegetables, Melons, Potatoes, and Sweet Potatoes Market Value Share"
KY,Pike County,21195,37.486031,-82.410912,county_centroid,786.222,2.345,2022,USDA NASS 2022 Ag Census Web Maps,Census Gazetteer 2024 county centroid,11.82,,0.72,0,70,,14,1256,1125,8.67,0,0,0.02,0.56000000000000005,2,Cattle and Calves Market Value Share
KY,Powell County,21197,37.809567,-83.831235,county_centroid,178.962,1.16,2022,USDA NASS 2022 Ag Census Web Maps,Census Gazetteer 2024 county centroid,,,0.47,0,14.54,,9,1332,1425,23.36,,40.950000000000003,,0.41,5,Soybeans Harvested Share of Harvested Cropland
KY,Pulaski County,21199,37.107428,-84.576969,county_centroid,658.1,19.055,2022,USDA NASS 2022 Ag Census Web Maps,Census Gazetteer 2024 county centroid,1.82,0.81,4.03,5.19,44.49,,32,28504,36732,10.09,3.96,28.78,0.01,0.25,1,Cattle and Calves Market Value Share
KY,Robertson County,21201,38.513473,-84.06423,county_centroid,99.591,0.515,2022,USDA NASS 2022 Ag Census Web Maps,Census Gazetteer 2024 county centroid,,,0.6,,43.84,,14,1953,1509,2.39,,,0.02,0.24,6,Cattle and Calves Market Value Share
KY,Rockcastle County,21203,37.36105,-84.314368,county_centroid,316.567,1.529,2022,USDA NASS 2022 Ag Census Web Maps,Census Gazetteer 2024 county centroid,1.53,,1.1000000000000001,5.51,45.58,,17,9727,6765,7.13,0,6.95,0.01,0.13,2,Cattle and Calves Market Value Share
KY,Rowan County,21205,38.204266,-83.428079,county_centroid,279.881,6.385,2022,USDA NASS 2022 Ag Census Web Maps,Census Gazetteer 2024 county centroid,9.09,7.98,,0,35.729999999999997,1.34,9,1970,2074,5.74,0,,0.17,0.93,2,Cattle and Calves Market Value Share
KY,Russell County,21207,36.990587,-85.05495,county_centroid,253.26,29.615,2022,USDA NASS 2022 Ag Census Web Maps,Census Gazetteer 2024 county centroid,0.33,,,18.79,37.119999999999997,0.01,31,15647,19814,15.31,1.69,33.880000000000003,,0.06,3,Cattle and Calves Market Value Share
KY,Scott County,21209,38.28571,-84.57834,county_centroid,282.194,3.221,2022,USDA NASS 2022 Ag Census Web Maps,Census Gazetteer 2024 county centroid,2.5,0.95,0.15,0,21.96,0.04,22,10629,17985,9.32,2.5299999999999998,12.74,0.03,0.93,0,Cattle and Calves Market Value Share
KY,Shelby County,21211,38.239011,-85.228247,county_centroid,379.79,5.873,2022,USDA NASS 2022 Ag Census Web Maps,Census Gazetteer 2024 county centroid,2.5099999999999998,0.41,0.39,0.63,11,,16,11862,12089,24.68,2.5099999999999998,35.200000000000003,0,0.33,1,Soybeans Harvested Share of Harvested Cropland
KY,Simpson County,21213,36.740929,-86.581787,county_centroid,234.175,2.29,2022,USDA NASS 2022 Ag Census Web Maps,Census Gazetteer 2024 county centroid,0.16,0.11,,,4.46,,8,4949,5523,40.39,30,47.78,0,0.03,3,Soybeans Harvested Share of Harvested Cropland
KY,Spencer County,21215,38.025313,-85.317312,county_centroid,186.671,4.987,2022,USDA NASS 2022 Ag Census Web Maps,Census Gazetteer 2024 county centroid,1.29,0.46,0.65,0,19.38,0.28000000000000003,14,5006,3432,15.11,,27.36,0.02,0.2,1,Soybeans Harvested Share of Harvested Cropland
KY,Taylor County,21217,37.36621,-85.328059,county_centroid,266.414,10.407,2022,USDA NASS 2022 Ag Census Web Maps,Census Gazetteer 2024 county centroid,0.98,,27.58,15.88,12.2,,20,9992,8577,27.21,2.39,26.77,0.01,0.3,2,Poultry and Eggs Market Value Share
KY,Todd County,21219,36.840338,-87.183642,county_centroid,374.513,2.543,2022,USDA NASS 2022 Ag Census Web Maps,Census Gazetteer 2024 county centroid,1.53,0.2,25.99,5.2,4.79,8.56,10,8444,11842,38.93,28.52,42.45,0.04,0.42,0,Soybeans Harvested Share of Harvested Cropland
KY,Trigg County,21221,36.807681,-87.858652,county_centroid,441.433,39.899,2022,USDA NASS 2022 Ag Census Web Maps,Census Gazetteer 2024 county centroid,1.56,0.32,0.5,1.7,37.83,0.43,16,5608,25049,28.61,24.1,39.78,0,0.32,0,Soybeans Harvested Share of Harvested Cropland
KY,Trimble County,21223,38.62004,-85.351208,county_centroid,147.771,8.207,2022,USDA NASS 2022 Ag Census Web Maps,Census Gazetteer 2024 county centroid,3.26,7.06,0.55000000000000004,0,19.96,0.05,12,3727,2374,15.98,,28.06,0.02,0.67,1,Soybeans Harvested Share of Harvested Cropland
KY,Union County,21225,37.658029,-87.95165,county_centroid,342.878,20.335,2022,USDA NASS 2022 Ag Census Web Maps,Census Gazetteer 2024 county centroid,,0.01,,0,1.56,,3,3059,2999,46.26,3.45,49.74,,,5,Soybeans Harvested Share of Harvested Cropland
KY,Warren County,21227,36.995634,-86.423579,county_centroid,541.73,5.835,2022,USDA NASS 2022 Ag Census Web Maps,Census Gazetteer 2024 county centroid,,0.98,10.53,5.71,11.89,5.69,17,22014,23186,32.68,17.66,34.76,0.01,0.1,1,Soybeans Harvested Share of Harvested Cropland
KY,Washington County,21229,37.754209,-85.175416,county_centroid,297.284,3.915,2022,USDA NASS 2022 Ag Census Web Maps,Census Gazetteer 2024 county centroid,0.35,,0.44,8.11,44.17,,27,19532,22043,10.98,4.8600000000000003,15.49,0,0.04,2,Cattle and Calves Market Value Share
KY,Wayne County,21231,36.800772,-84.82659,county_centroid,458.043,26.119,2022,USDA NASS 2022 Ag Census Web Maps,Census Gazetteer 2024 county centroid,0.44,,64.44,,12.85,,18,10890,10821,19.260000000000002,2.72,27.74,0.01,0.2,3,Poultry and Eggs Market Value Share
KY,Webster County,21233,37.520375,-87.685206,county_centroid,332.026,3.629,2022,USDA NASS 2022 Ag Census Web Maps,Census Gazetteer 2024 county centroid,,,53.04,0,2.15,0.01,4,2922,5732,42.49,3.93,50.21,0,,3,Poultry and Eggs Market Value Share
KY,Whitley County,21235,36.758024,-84.144648,county_centroid,437.922,7.197,2022,USDA NASS 2022 Ag Census Web Maps,Census Gazetteer 2024 county centroid,10.63,1.45,1.42,,48.18,,13,5110,3727,2.25,,,0.04,0.65,4,Cattle and Calves Market Value Share
KY,Wolfe County,21237,37.743893,-83.49511,county_centroid,222.159,0.592,2022,USDA NASS 2022 Ag Census Web Maps,Census Gazetteer 2024 county centroid,6.25,0,1.92,0,33.24,0.04,7,1576,1273,1.18,0,,0.02,0.4,1,Cattle and Calves Market Value Share
KY,Woodford County,21239,38.043103,-84.748855,county_centroid,189.573,2.464,2022,USDA NASS 2022 Ag Census Web Maps,Census Gazetteer 2024 county centroid,0.26,0.32,,0,3.43,,14,7153,8574,11.31,3.63,16.37,0,0.25,2,Soybeans Harvested Share of Harvested Cropland
LA,Acadia Parish,22001,30.291497,-92.411037,county_centroid,655.244,2.291,2022,USDA NASS 2022 Ag Census Web Maps,Census Gazetteer 2024 county centroid,,0.01,0.04,0,1.71,0.02,4,7305,4576,,0,19.8,,,4,Soybeans Harvested Share of Harvested Cropland
LA,Allen Parish,22003,30.652744,-92.819605,county_centroid,762.085,4.037,2022,USDA NASS 2022 Ag Census Web Maps,Census Gazetteer 2024 county centroid,0.78,0.23,0.25,1.27,7.61,0.04,10,4358,3427,,0,7.59,,0.21,2,Cattle and Calves Market Value Share
LA,Ascension Parish,22005,30.206444,-90.912502,county_centroid,290.003,12.696,2022,USDA NASS 2022 Ag Census Web Maps,Census Gazetteer 2024 county centroid,0.48,,0.24,0,9.8699999999999992,0.22,13,4065,3626,0,0,20.99,0,0.08,1,Soybeans Harvested Share of Harvested Cropland
LA,Assumption Parish,22007,29.9033,-91.065219,county_centroid,344.021,25.909,2022,USDA NASS 2022 Ag Census Web Maps,Census Gazetteer 2024 county centroid,,0,,0,7.0000000000000007E-2,,1,244,,0,0,11.8,0,,5,Soybeans Harvested Share of Harvested Cropland
LA,Avoyelles Parish,22009,31.088503,-91.983275,county_centroid,831.363,34.271,2022,USDA NASS 2022 Ag Census Web Maps,Census Gazetteer 2024 county centroid,1.89,0.35,0.05,,4.33,,9,15323,9431,12.12,1.43,50.36,,0.37,3,Soybeans Harvested Share of Harvested Cropland
LA,Beauregard Parish,22011,30.645018,-93.340253,county_centroid,1157.478,8.472,2022,USDA NASS 2022 Ag Census Web Maps,Census Gazetteer 2024 county centroid,3.63,2.74,1,3.2,44.17,0.21,18,15919,13536,1.86,5.57,17.829999999999998,0.01,0.45,0,Cattle and Calves Market Value Share
LA,Bienville Parish,22013,32.340952,-93.041151,county_centroid,811.344,10.8,2022,USDA NASS 2022 Ag Census Web Maps,Census Gazetteer 2024 county centroid,2.23,,94.7,0,1.68,0.02,15,1653,867,0,0,0,,4.9000000000000004,2,Poultry and Eggs Market Value Share
LA,Bossier Parish,22015,32.698481,-93.626561,county_centroid,839.621,27.294,2022,USDA NASS 2022 Ag Census Web Maps,Census Gazetteer 2024 county centroid,,2.4500000000000002,,,71.28,0.32,18,11007,9928,,,16.95,0,0.18,5,Cattle and Calves Market Value Share
LA,Caddo Parish,22017,32.580106,-93.88497,county_centroid,879.535,57.501,2022,USDA NASS 2022 Ag Census Web Maps,Census Gazetteer 2024 county centroid,2.11,1.07,0.22,0.53,20.04,0.01,20,18772,14059,18.28,3.31,25.61,0,0.4,0,Soybeans Harvested Share of Harvested Cropland
LA,Calcasieu Parish,22019,30.229559,-93.358015,county_centroid,1064.085,30.08,2022,USDA NASS 2022 Ag Census Web Maps,Census Gazetteer 2024 county centroid,1.17,,1.19,,48.96,,14,26879,16455,0,0,0,0.04,0.54,3,Cattle and Calves Market Value Share
LA,Caldwell Parish,22021,32.101219,-92.114231,county_centroid,529.77,11.237,2022,USDA NASS 2022 Ag Census Web Maps,Census Gazetteer 2024 county centroid,,4.7699999999999996,0.44,0,12.74,0.08,7,3045,1863,42.35,5.71,14.97,0,,2,Corn Grain Harvested Share of Harvested Cropland
LA,Cameron Parish,22023,29.871812,-93.164948,county_centroid,1284.639,652.084,2022,USDA NASS 2022 Ag Census Web Maps,Census Gazetteer 2024 county centroid,0,0,,0,63.81,,10,11015,7653,,,,,,7,Cattle and Calves Market Value Share
LA,Catahoula Parish,22025,31.666517,-91.846703,county_centroid,709.252,30.185,2022,USDA NASS 2022 Ag Census Web Maps,Census Gazetteer 2024 county centroid,,0.39,0.04,0,0.72,,2,3359,1429,19.25,0.28999999999999998,60.96,0,0.02,2,Soybeans Harvested Share of Harvested Cropland
LA,Claiborne Parish,22027,32.82716,-92.989728,county_centroid,754.794,12.538,2022,USDA NASS 2022 Ag Census Web Maps,Census Gazetteer 2024 county centroid,,0.04,95.72,0,3.42,0.01,15,6607,5119,0,0,0,,,3,Poultry and Eggs Market Value Share
LA,Concordia Parish,22029,31.469805,-91.626315,county_centroid,695.706,51.666,2022,USDA NASS 2022 Ag Census Web Maps,Census Gazetteer 2024 county centroid,0,,0,0,0.95,0.02,1,1103,1351,6.71,,80.7,0,0,2,Soybeans Harvested Share of Harvested Cropland
LA,De Soto Parish,22031,32.059248,-93.740797,county_centroid,876.449,18.143,2022,USDA NASS 2022 Ag Census Web Maps,Census Gazetteer 2024 county centroid,,1.86,22.66,,55.94,,22,20165,13502,,0,0,0,7.0000000000000007E-2,4,Cattle and Calves Market Value Share
LA,East Baton Rouge Parish,22033,30.54393,-91.093131,county_centroid,455.502,14.843,2022,USDA NASS 2022 Ag Census Web Maps,Census Gazetteer 2024 county centroid,4.46,0.36,,0,33.32,,27,9334,5861,1.95,1.76,15.77,0.05,0.93,2,Cattle and Calves Market Value Share
LA,East Carroll Parish,22035,32.73017,-91.234141,county_centroid,420.887,21.781,2022,USDA NASS 2022 Ag Census Web Maps,Census Gazetteer 2024 county centroid,0,,,0,7.0000000000000007E-2,0,0,97,97,20.43,,74.69,0,0,3,Soybeans Harvested Share of Harvested Cropland
LA,East Feliciana Parish,22037,30.839784,-91.043434,county_centroid,453.293,2.375,2022,USDA NASS 2022 Ag Census Web Maps,Census Gazetteer 2024 county centroid,,3.25,0.36,0,68.02,,21,16199,13569,8.42,0,18.93,0,0.03,2,Cattle and Calves Market Value Share
LA,Evangeline Parish,22039,30.720693,-92.404086,county_centroid,662.431,17.244,2022,USDA NASS 2022 Ag Census Web Maps,Census Gazetteer 2024 county centroid,,,,,6.24,0.05,9,9641,6642,0.48,0,18.559999999999999,0,,5,Soybeans Harvested Share of Harvested Cropland
LA,Franklin Parish,22041,32.139076,-91.672371,county_centroid,624.298,10.83,2022,USDA NASS 2022 Ag Census Web Maps,Census Gazetteer 2024 county centroid,7.85,0.02,0.03,,3.63,0,8,13714,7416,40.57,1.04,41.59,,2.14,2,Soybeans Harvested Share of Harvested Cropland
LA,Grant Parish,22043,31.597787,-92.561716,county_centroid,643.75,21.061,2022,USDA NASS 2022 Ag Census Web Maps,Census Gazetteer 2024 county centroid,,6.26,0.59,3.69,17.79,,15,3670,2629,13.02,,52.2,0,0.01,3,Soybeans Harvested Share of Harvested Cropland
LA,Iberia Parish,22045,29.606013,-91.842706,county_centroid,574.74,465.624,2022,USDA NASS 2022 Ag Census Web Maps,Census Gazetteer 2024 county centroid,0.09,0.02,0.01,,0.56999999999999995,,4,2663,1785,,0,8.02,,0.04,4,Soybeans Harvested Share of Harvested Cropland
LA,Iberville Parish,22047,30.270658,-91.36587,county_centroid,617.275,35.676,2022,USDA NASS 2022 Ag Census Web Maps,Census Gazetteer 2024 county centroid,,0,,0,2.46,0,4,4483,2696,0,0,23.6,0,,3,Soybeans Harvested Share of Harvested Cropland
LA,Jackson Parish,22049,32.30429,-92.5617,county_centroid,569.468,10.971,2022,USDA NASS 2022 Ag Census Web Maps,Census Gazetteer 2024 county centroid,,0.21,97.05,0,1.69,0.03,12,2012,1444,0,0,0,0,0.53,1,Poultry and Eggs Market Value Share
LA,Jefferson Parish,22051,29.5033,-90.036231,county_centroid,300.864,341.172,2022,USDA NASS 2022 Ag Census Web Maps,Census Gazetteer 2024 county centroid,,0,0,0,3.81,0,0,62,80,,,,,,6,Cattle and Calves Market Value Share
LA,Jefferson Davis Parish,22053,30.269529,-92.816221,county_centroid,651.52,7.207,2022,USDA NASS 2022 Ag Census Web Maps,Census Gazetteer 2024 county centroid,,0.01,0.05,0,4.07,0.01,6,13609,8177,0.01,0,10.220000000000001,,0.05,2,Soybeans Harvested Share of Harvested Cropland
LA,Lafayette Parish,22055,30.206507,-92.06417,county_centroid,268.827,0.444,2022,USDA NASS 2022 Ag Census Web Maps,Census Gazetteer 2024 county centroid,,1.18,0.52,,9.92,,17,5103,3449,,,,0,0.21,6,Cattle and Calves Market Value Share
LA,Lafourche Parish,22057,29.491992,-90.394849,county_centroid,1067.793,400.636,2022,USDA NASS 2022 Ag Census Web Maps,Census Gazetteer 2024 county centroid,0.3,,0.09,0,7.16,0.02,8,10829,6588,0,0,,,0.13,3,Cattle and Calves Market Value Share
LA,LaSalle Parish,22059,31.680083,-92.161596,county_centroid,624.854,37.705,2022,USDA NASS 2022 Ag Census Web Maps,Census Gazetteer 2024 county centroid,8.9600000000000009,4.03,2.68,,27.54,1.08,16,1889,1134,8.6300000000000008,0,25.26,0,0.82,1,Cattle and Calves Market Value Share
LA,Lincoln Parish,22061,32.601823,-92.662303,county_centroid,471.636,0.733,2022,USDA NASS 2022 Ag Census Web Maps,Census Gazetteer 2024 county centroid,0.04,0.43,95.94,0,2.61,,18,7616,5002,0,0,0,,,3,Poultry and Eggs Market Value Share
LA,Livingston Parish,22063,30.440419,-90.727474,county_centroid,648.131,43.311,2022,USDA NASS 2022 Ag Census Web Maps,Census Gazetteer 2024 county centroid,2.38,6.4,0.56000000000000005,0,7.18,,18,2856,1863,0,0,0,,1.93,2,Cattle and Calves Market Value Share
LA,Madison Parish,22065,32.346878,-91.231932,county_centroid,623.885,26.433,2022,USDA NASS 2022 Ag Census Web Maps,Census Gazetteer 2024 county centroid,0,0.22,0.01,0,0.8,,1,1382,1250,20.7,0.57999999999999996,60.4,0,0,1,Soybeans Harvested Share of Harvested Cropland
LA,Morehouse Parish,22067,32.820008,-91.800399,county_centroid,794.95,11.154,2022,USDA NASS 2022 Ag Census Web Maps,Census Gazetteer 2024 county centroid,,,0.08,0,1.6,0,3,3854,3252,27.97,0.35,47.52,0,,3,Soybeans Harvested Share of Harvested Cropland
LA,Natchitoches Parish,22069,31.732509,-93.082546,county_centroid,1253.008,46.544,2022,USDA NASS 2022 Ag Census Web Maps,Census Gazetteer 2024 county centroid,0.32,0.47,58.2,0,10.220000000000001,0,15,14279,13838,23.13,2.34,34.06,,0.08,1,Poultry and Eggs Market Value Share
LA,Orleans Parish,22071,30.05342,-89.934502,county_centroid,169.5,180.349,2022,USDA NASS 2022 Ag Census Web Maps,Census Gazetteer 2024 county centroid,60.08,2.87,,0,0,0,0,0,0,0,0,0,3.75,56.75,1,"Vegetables, Melons, Potatoes, and Sweet Potatoes Market Value Share"
LA,Ouachita Parish,22073,32.480932,-92.151581,county_centroid,610.35,21.362,2022,USDA NASS 2022 Ag Census Web Maps,Census Gazetteer 2024 county centroid,0.7,0.91,14.81,0,,0.14000000000000001,5,3454,2003,21.87,7.9,38.93,,0.21,2,Soybeans Harvested Share of Harvested Cropland
LA,Plaquemines Parish,22075,29.282447,-89.576068,county_centroid,780.595,1786.642,2022,USDA NASS 2022 Ag Census Web Maps,Census Gazetteer 2024 county centroid,6.59,8.08,0.57999999999999996,0,5.93,,1,1314,1129,0,0,0,0,15.73,1,Vegetables Harvested Share of Harvested Cropland
LA,Pointe Coupee Parish,22077,30.708319,-91.604621,county_centroid,555.495,34.862,2022,USDA NASS 2022 Ag Census Web Maps,Census Gazetteer 2024 county centroid,0.26,0.54,0.02,0,3.21,0,7,9066,7505,5.09,2.16,42.56,0,7.0000000000000007E-2,0,Soybeans Harvested Share of Harvested Cropland
LA,Rapides Parish,22079,31.193204,-92.535953,county_centroid,1324.11,37.411,2022,USDA NASS 2022 Ag Census Web Maps,Census Gazetteer 2024 county centroid,0.24,0.55000000000000004,0.03,0,3.83,0,9,9597,9059,11.25,2.34,35.03,0,7.0000000000000007E-2,0,Soybeans Harvested Share of Harvested Cropland
LA,Red River Parish,22081,32.101213,-93.34905,county_centroid,388.98,13.228,2022,USDA NASS 2022 Ag Census Web Maps,Census Gazetteer 2024 county centroid,3.35,2.96,0.1,0,44.97,0,20,14699,14176,22.78,,20.170000000000002,,0.54,2,Cattle and Calves Market Value Share
LA,Richland Parish,22083,32.413158,-91.748353,county_centroid,555.613,8.792,2022,USDA NASS 2022 Ag Census Web Maps,Census Gazetteer 2024 county centroid,0.46,,,0,,,7,8653,6735,32.1,,40.409999999999997,,0.11,6,Soybeans Harvested Share of Harvested Cropland
LA,Sabine Parish,22085,31.560402,-93.559579,county_centroid,866.631,144.903,2022,USDA NASS 2022 Ag Census Web Maps,Census Gazetteer 2024 county centroid,0.05,,93.96,0.66,4.53,0.02,22,9413,9020,,0,,,0.11,4,Poultry and Eggs Market Value Share
LA,St. Bernard Parish,22087,29.91811,-89.263494,county_centroid,377.517,1777.688,2022,USDA NASS 2022 Ag Census Web Maps,Census Gazetteer 2024 county centroid,0.16,2.1,0.26,0,13.21,0,4,1012,581,0,0,0,0,0.11,0,Cattle and Calves Market Value Share
LA,St. Charles Parish,22089,29.905722,-90.357855,county_centroid,277.742,119.165,2022,USDA NASS 2022 Ag Census Web Maps,Census Gazetteer 2024 county centroid,,,,0,,,19,1725,829,0,0,0,0,0.44,5,Vegetables Harvested Share of Harvested Cropland
LA,St. Helena Parish,22091,30.822539,-90.708307,county_centroid,408.527,1.08,2022,USDA NASS 2022 Ag Census Web Maps,Census Gazetteer 2024 county centroid,0.5,0.2,80.64,7.64,7.89,0,18,7057,5407,0,0,0,,0.54,1,Poultry and Eggs Market Value Share
LA,St. James Parish,22093,30.024777,-90.793956,county_centroid,237.861,14.971,2022,USDA NASS 2022 Ag Census Web Maps,Census Gazetteer 2024 county centroid,,0,,0,0.42,0,2,697,373,,,,,,7,Cattle and Calves Market Value Share
LA,St. John the Baptist Parish,22095,30.144068,-90.49096,county_centroid,214.474,195.538,2022,USDA NASS 2022 Ag Census Web Maps,Census Gazetteer 2024 county centroid,,0,,0,,0,0,10,,0,0,,,,7,"Fruits, Tree Nuts, and Berries Market Value Share"
LA,St. Landry Parish,22097,30.583441,-91.989274,county_centroid,923.378,15.715,2022,USDA NASS 2022 Ag Census Web Maps,Census Gazetteer 2024 county centroid,0.23,0.19,0.1,0,5.86,0,11,17575,11630,4.82,0.93,48.32,0.01,0.05,0,Soybeans Harvested Share of Harvested Cropland
LA,St. Martin Parish,22099,30.121433,-91.611481,county_centroid,737.549,79.186,2022,USDA NASS 2022 Ag Census Web Maps,Census Gazetteer 2024 county centroid,0.3,0.87,0.06,0,0.48,0.01,3,1844,788,0,0,12.78,0,7.0000000000000007E-2,0,Soybeans Harvested Share of Harvested Cropland
LA,St. Mary Parish,22101,29.629349,-91.463804,county_centroid,558.528,561.195,2022,USDA NASS 2022 Ag Census Web Maps,Census Gazetteer 2024 county centroid,,,,0,1.33,0,4,1430,1769,0,0,11.42,0,,4,Soybeans Harvested Share of Harvested Cropland
LA,St. Tammany Parish,22103,30.410022,-89.951962,county_centroid,845.267,250.355,2022,USDA NASS 2022 Ag Census Web Maps,Census Gazetteer 2024 county centroid,4.2,11.08,,0,13.71,0.05,14,5362,3427,25.03,0,0,0.1,0.79,1,Corn Grain Harvested Share of Harvested Cropland
LA,Tangipahoa Parish,22105,30.621348,-90.40649,county_centroid,791.18,52.768,2022,USDA NASS 2022 Ag Census Web Maps,Census Gazetteer 2024 county centroid,5.38,4.96,0.28999999999999998,29.74,15.9,0.1,30,17307,10918,4.8499999999999996,0,4.62,0,1.2,0,Milk from Cows Market Value Share
LA,Tensas Parish,22107,32.001489,-91.342576,county_centroid,603.302,38.391,2022,USDA NASS 2022 Ag Census Web Maps,Census Gazetteer 2024 county centroid,0,,0,0,,0,0,245,250,28.75,0.49,45.38,0,0,2,Soybeans Harvested Share of Harvested Cropland
LA,Terrebonne Parish,22109,29.33413,-90.843674,county_centroid,1229.888,852.355,2022,USDA NASS 2022 Ag Census Web Maps,Census Gazetteer 2024 county centroid,0.27,0.52,0.11,0,,0,3,977,602,0,0,,0,0.28000000000000003,2,"Fruits, Tree Nuts, and Berries Market Value Share"
LA,Union Parish,22111,32.829349,-92.37565,county_centroid,876.913,28.423,2022,USDA NASS 2022 Ag Census Web Maps,Census Gazetteer 2024 county centroid,,0.1,94.06,,3.81,,26,12764,9299,0,0,0,,0.06,4,Poultry and Eggs Market Value Share
LA,Vermilion Parish,22113,29.806638,-92.321394,county_centroid,1172.055,359.914,2022,USDA NASS 2022 Ag Census Web Maps,Census Gazetteer 2024 county centroid,0.04,0.05,0.04,,3.66,,7,16049,10302,,0,8.16,0,0.01,3,Soybeans Harvested Share of Harvested Cropland
LA,Vernon Parish,22115,31.102841,-93.18833,county_centroid,1326.728,13.559,2022,USDA NASS 2022 Ag Census Web Maps,Census Gazetteer 2024 county centroid,2.0299999999999998,0.3,88.17,0,5.91,7.0000000000000007E-2,23,4856,3671,0,0,0,0.06,1.91,0,Poultry and Eggs Market Value Share
LA,Washington Parish,22117,30.852144,-90.046253,county_centroid,669.637,6.232,2022,USDA NASS 2022 Ag Census Web Maps,Census Gazetteer 2024 county centroid,,0.61,,28.98,13.17,0.04,27,15860,9391,17.29,,13.4,0.01,1.08,3,Milk from Cows Market Value Share
LA,Webster Parish,22119,32.732152,-93.339825,county_centroid,593.319,21.601,2022,USDA NASS 2022 Ag Census Web Maps,Census Gazetteer 2024 county centroid,1.17,0.4,74.2,0,,0.01,18,3621,2572,0,0,0,,0.3,2,Poultry and Eggs Market Value Share
LA,West Baton Rouge Parish,22121,30.464052,-91.309808,county_centroid,192.346,11.43,2022,USDA NASS 2022 Ag Census Web Maps,Census Gazetteer 2024 county centroid,,0.17,0.02,0,,0.01,3,511,462,0,0,34.89,0,,3,Soybeans Harvested Share of Harvested Cropland
LA,West Carroll Parish,22123,32.79248,-91.451998,county_centroid,359.686,0.921,2022,USDA NASS 2022 Ag Census Web Maps,Census Gazetteer 2024 county centroid,7,,,,3.28,0,4,2766,2113,34.82,,49.74,0,,5,Soybeans Harvested Share of Harvested Cropland
LA,West Feliciana Parish,22125,30.873364,-91.421776,county_centroid,403.217,22.783,2022,USDA NASS 2022 Ag Census Web Maps,Census Gazetteer 2024 county centroid,,,0.4,,75.260000000000005,0,29,4136,4591,,0,,0.05,0.22,5,Cattle and Calves Market Value Share
LA,Winn Parish,22127,31.941187,-92.641269,county_centroid,950.004,6.737,2022,USDA NASS 2022 Ag Census Web Maps,Census Gazetteer 2024 county centroid,0.18,0.15,93.53,0,3.91,0.11,17,2697,1670,0,0,0,0,1.07,0,Poultry and Eggs Market Value Share
ME,Androscoggin County,23001,44.167681,-70.207435,county_centroid,467.954,29.167,2022,USDA NASS 2022 Ag Census Web Maps,Census Gazetteer 2024 county centroid,10.3,6.56,,31.3,6.86,0.53,11,2388,2419,,0,0,,5.85,3,Milk from Cows Market Value Share
ME,Aroostook County,23003,46.709193,-68.612409,county_centroid,6671.172,156.366,2022,USDA NASS 2022 Ag Census Web Maps,Census Gazetteer 2024 county centroid,86.82,0.72,,1.91,2.61,0.04,2,2389,5018,1.59,1.29,0.61,,44.69,2,"Vegetables, Melons, Potatoes, and Sweet Potatoes Market Value Share"
ME,Cumberland County,23005,43.808348,-70.330375,county_centroid,836.198,381.264,2022,USDA NASS 2022 Ag Census Web Maps,Census Gazetteer 2024 county centroid,14.21,6.59,0.72,14.1,3.99,0.28000000000000003,9,2661,1792,2.46,0,0,0.1,4.5199999999999996,0,"Vegetables, Melons, Potatoes, and Sweet Potatoes Market Value Share"
ME,Franklin County,23007,44.976724,-70.414935,county_centroid,1697.007,46.828,2022,USDA NASS 2022 Ag Census Web Maps,Census Gazetteer 2024 county centroid,4.58,4.53,7.25,,6.91,1.04,5,1425,772,4.37,0,,0.02,0.67,2,Poultry and Eggs Market Value Share
ME,Hancock County,23009,44.564906,-68.370703,county_centroid,1587.129,757.801,2022,USDA NASS 2022 Ag Census Web Maps,Census Gazetteer 2024 county centroid,10.09,45.68,,0,0.28000000000000003,0.46,0,135,76,0,0,0,7.0000000000000007E-2,3.7,1,"Fruits, Tree Nuts, and Berries Market Value Share"
ME,Kennebec County,23011,44.417012,-69.765764,county_centroid,867.471,83.704,2022,USDA NASS 2022 Ag Census Web Maps,Census Gazetteer 2024 county centroid,5.9,8.08,0.49,65.53,4.58,0.28999999999999998,20,7971,4162,0.49,,,7.0000000000000007E-2,1.1599999999999999,2,Milk from Cows Market Value Share
ME,Knox County,23013,44.042045,-69.038514,county_centroid,364.9,767.375,2022,USDA NASS 2022 Ag Census Web Maps,Census Gazetteer 2024 county centroid,,42.17,11.2,0,2.46,0.59,3,385,288,0.08,0,0,0.13,2.04,1,"Fruits, Tree Nuts, and Berries Market Value Share"
ME,Lincoln County,23015,43.994781,-69.513624,county_centroid,455.867,243.746,2022,USDA NASS 2022 Ag Census Web Maps,Census Gazetteer 2024 county centroid,12.3,7.66,2.34,,2.11,1.51,5,562,496,0,0,0,,7.8,2,"Vegetables, Melons, Potatoes, and Sweet Potatoes Market Value Share"
ME,Oxford County,23017,44.4945,-70.734421,county_centroid,2076.958,98.797,2022,USDA NASS 2022 Ag Census Web Maps,Census Gazetteer 2024 county centroid,44.7,12.67,4.99,5.77,2.77,0.61,3,1281,676,16.93,0,0,13.2,15.12,0,"Vegetables, Melons, Potatoes, and Sweet Potatoes Market Value Share"
ME,Penobscot County,23019,45.409284,-68.666616,county_centroid,3397.186,159.851,2022,USDA NASS 2022 Ag Census Web Maps,Census Gazetteer 2024 county centroid,31.89,6.01,1.1000000000000001,39.950000000000003,10.53,0.15,11,5146,6742,,0.1,0,10.72,12.67,1,Milk from Cows Market Value Share
ME,Piscataquis County,23021,45.915639,-69.102231,county_centroid,3960.847,417.19,2022,USDA NASS 2022 Ag Census Web Maps,Census Gazetteer 2024 county centroid,11.46,2.5,,57.44,6.49,0.15,6,1489,1075,0,,0,,3.71,3,Milk from Cows Market Value Share
ME,Sagadahoc County,23023,43.916845,-69.844227,county_centroid,253.979,116.051,2022,USDA NASS 2022 Ag Census Web Maps,Census Gazetteer 2024 county centroid,33.94,9.25,4.49,,4.63,0.11,11,593,332,,0,0,0.17,3.59,2,"Vegetables, Melons, Potatoes, and Sweet Potatoes Market Value Share"
ME,Somerset County,23025,45.503646,-69.95611,county_centroid,3924.27,169.091,2022,USDA NASS 2022 Ag Census Web Maps,Census Gazetteer 2024 county centroid,,0.99,,24.96,4.47,0.1,8,4973,3547,3.62,,0,0.06,1.45,3,Milk from Cows Market Value Share
ME,Waldo County,23027,44.475023,-69.117429,county_centroid,730.227,134.199,2022,USDA NASS 2022 Ag Census Web Maps,Census Gazetteer 2024 county centroid,9.1199999999999992,8.0500000000000007,2.48,51.45,3.81,0.34,9,2941,1431,0.02,0,0,0.09,1.55,0,Milk from Cows Market Value Share
ME,Washington County,23029,44.967009,-67.609354,county_centroid,2562.725,694.848,2022,USDA NASS 2022 Ag Census Web Maps,Census Gazetteer 2024 county centroid,,41.17,0.36,,0.06,0.02,0,209,81,0.03,0,0,0.01,7.0000000000000007E-2,2,"Fruits, Tree Nuts, and Berries Market Value Share"
ME,York County,23031,43.426019,-70.668425,county_centroid,991.195,278.518,2022,USDA NASS 2022 Ag Census Web Maps,Census Gazetteer 2024 county centroid,11.96,11.38,0.85,13.16,2.77,0.38,6,1586,838,0.43,,,0.16,5.49,2,Milk from Cows Market Value Share
MD,Allegany County,24001,39.612313,-78.703104,county_centroid,422.199,5.68,2022,USDA NASS 2022 Ag Census Web Maps,Census Gazetteer 2024 county centroid,15.86,,0.62,0,19.61,,10,2033,1634,4.6100000000000003,,4.71,,0.77,4,Cattle and Calves Market Value Share
MD,Anne Arundel County,24003,38.991617,-76.560894,county_centroid,414.806,172.995,2022,USDA NASS 2022 Ag Census Web Maps,Census Gazetteer 2024 county centroid,6.47,2.73,,,1.72,0.11,2,487,318,25.8,6.9,38.659999999999997,,1.08,3,Soybeans Harvested Share of Harvested Cropland
MD,Baltimore County,24005,39.443167,-76.616569,county_centroid,598.358,83.382,2022,USDA NASS 2022 Ag Census Web Maps,Census Gazetteer 2024 county centroid,8.48,1.06,0.79,1.41,1.83,0.33,6,2192,1461,39.64,6.16,34.11,0.12,2.85,0,Corn Grain Harvested Share of Harvested Cropland
MD,Calvert County,24009,38.522719,-76.529762,county_centroid,213.19,131.885,2022,USDA NASS 2022 Ag Census Web Maps,Census Gazetteer 2024 county centroid,5.74,2.64,17.71,0,,0.21,3,493,252,36.770000000000003,18.559999999999999,41.42,,0.67,2,Soybeans Harvested Share of Harvested Cropland
MD,Caroline County,24011,38.871531,-75.831662,county_centroid,319.442,6.478,2022,USDA NASS 2022 Ag Census Web Maps,Census Gazetteer 2024 county centroid,4.7699999999999996,0.21,70.84,,0.13,0.01,2,1450,481,37.35,17.39,47.44,0.82,5.1100000000000003,1,Poultry and Eggs Market Value Share
MD,Carroll County,24013,39.563328,-77.01533,county_centroid,447.615,5.062,2022,USDA NASS 2022 Ag Census Web Maps,Census Gazetteer 2024 county centroid,5.63,2.34,,17.89,,0.2,13,9486,6316,30.84,6.44,34.42,0,2.4900000000000002,2,Soybeans Harvested Share of Harvested Cropland
MD,Cecil County,24015,39.562354,-75.941585,county_centroid,346.3,71.537,2022,USDA NASS 2022 Ag Census Web Maps,Census Gazetteer 2024 county centroid,0.63,1.27,,7.31,,,9,3609,2969,36.159999999999997,13.95,34.479999999999997,0,0.25,3,Corn Grain Harvested Share of Harvested Cropland
MD,Charles County,24017,38.472853,-77.015427,county_centroid,457.819,185.117,2022,USDA NASS 2022 Ag Census Web Maps,Census Gazetteer 2024 county centroid,10.99,,1.67,,2.71,0.11,3,792,607,16.38,16.03,43.74,0.03,1.08,2,Soybeans Harvested Share of Harvested Cropland
MD,Dorchester County,24019,38.429196,-76.047433,county_centroid,540.765,442.223,2022,USDA NASS 2022 Ag Census Web Maps,Census Gazetteer 2024 county centroid,5.43,,71.59,0,0.03,,0,65,76,28.5,18.059999999999999,54.68,,5.3,3,Poultry and Eggs Market Value Share
MD,Frederick County,24021,39.470177,-77.397636,county_centroid,660.625,6.805,2022,USDA NASS 2022 Ag Census Web Maps,Census Gazetteer 2024 county centroid,1.31,2.08,6.4,28.09,8.9700000000000006,0.82,19,17914,14805,24.95,8.76,34.53,0.02,0.25,0,Soybeans Harvested Share of Harvested Cropland
MD,Garrett County,24023,39.547299,-79.274619,county_centroid,649.077,8.687,2022,USDA NASS 2022 Ag Census Web Maps,Census Gazetteer 2024 county centroid,2.1,0.67,0.39,15.93,28.5,0.54,13,6097,9032,23.93,,10.19,0.06,0.42,1,Cattle and Calves Market Value Share
MD,Harford County,24025,39.537429,-76.299789,county_centroid,437.125,89.533,2022,USDA NASS 2022 Ag Census Web Maps,Census Gazetteer 2024 county centroid,7.55,2.39,0.61,14.79,5.17,,11,4088,3574,35.72,8.7200000000000006,31.49,,1.64,2,Corn Grain Harvested Share of Harvested Cropland
MD,Howard County,24027,39.252264,-76.924406,county_centroid,250.95,2.446,2022,USDA NASS 2022 Ag Census Web Maps,Census Gazetteer 2024 county centroid,2.02,6.93,,4.8899999999999997,3.52,0.33,6,1259,912,31.68,8.9499999999999993,32.049999999999997,,0.66,2,Soybeans Harvested Share of Harvested Cropland
MD,Kent County,24029,39.241279,-76.125987,county_centroid,276.939,136.506,2022,USDA NASS 2022 Ag Census Web Maps,Census Gazetteer 2024 county centroid,0.82,0.11,26.27,13.14,,,6,4388,3466,36.74,17.22,50.39,,0.8,3,Soybeans Harvested Share of Harvested Cropland
MD,Montgomery County,24031,39.137381,-77.203063,county_centroid,493.145,13.761,2022,USDA NASS 2022 Ag Census Web Maps,Census Gazetteer 2024 county centroid,4.5999999999999996,,0.35,1.1299999999999999,1.49,,4,1401,1129,29.37,10.119999999999999,38.92,0.02,0.99,2,Soybeans Harvested Share of Harvested Cropland
MD,Prince George's County,24033,38.829278,-76.848188,county_centroid,482.595,16.237,2022,USDA NASS 2022 Ag Census Web Maps,Census Gazetteer 2024 county centroid,11.29,2.4700000000000002,1.9,5.01,2.09,0.4,4,825,550,22.46,17.29,44.56,7.0000000000000007E-2,1.9,0,Soybeans Harvested Share of Harvested Cropland
MD,Queen Anne's County,24035,39.040693,-76.082405,county_centroid,371.669,139.026,2022,USDA NASS 2022 Ag Census Web Maps,Census Gazetteer 2024 county centroid,1.83,0.42,44.72,2.78,0.64,0.17,2,1728,1906,43.28,13.49,48.29,0,0.83,0,Soybeans Harvested Share of Harvested Cropland
MD,St. Mary's County,24037,38.223077,-76.534487,county_centroid,358.564,405.688,2022,USDA NASS 2022 Ag Census Web Maps,Census Gazetteer 2024 county centroid,12.75,2.87,1.68,4.7300000000000004,3.1,0.86,5,1791,1093,24.75,10.26,52.14,0.04,1.77,0,Soybeans Harvested Share of Harvested Cropland
MD,Somerset County,24039,38.07445,-75.853323,county_centroid,319.749,290.601,2022,USDA NASS 2022 Ag Census Web Maps,Census Gazetteer 2024 county centroid,0.8,0.06,88.17,0,0.04,0,1,177,124,40.479999999999997,19.97,55.63,0,0.41,0,Poultry and Eggs Market Value Share
MD,Talbot County,24041,38.748349,-76.178476,county_centroid,268.556,208.252,2022,USDA NASS 2022 Ag Census Web Maps,Census Gazetteer 2024 county centroid,2.37,0.19,33.14,,0.27,,1,527,344,39.53,19.190000000000001,54.17,0,1.45,2,Soybeans Harvested Share of Harvested Cropland
MD,Washington County,24043,39.603621,-77.814671,county_centroid,457.784,9.583,2022,USDA NASS 2022 Ag Census Web Maps,Census Gazetteer 2024 county centroid,1.67,5.13,6.75,34.28,11.77,0.6,30,17883,19341,23.36,11.78,27.11,0.02,0.66,0,Milk from Cows Market Value Share
MD,Wicomico County,24045,38.367368,-75.632084,county_centroid,374.427,25.78,2022,USDA NASS 2022 Ag Census Web Maps,Census Gazetteer 2024 county centroid,2.86,,75.03,0,0.05,,1,330,258,35.94,4.6100000000000003,36.32,,3.19,3,Poultry and Eggs Market Value Share
MD,Worcester County,24047,38.222133,-75.309931,county_centroid,468.298,226.565,2022,USDA NASS 2022 Ag Census Web Maps,Census Gazetteer 2024 county centroid,0.59,,80.459999999999994,0,0.04,0.02,0,210,113,43.07,7.44,50.7,,0.77,2,Poultry and Eggs Market Value Share
MA,Barnstable County,25001,41.706123,-70.164823,county_centroid,394.2,911.341,2022,USDA NASS 2022 Ag Census Web Maps,Census Gazetteer 2024 county centroid,1.93,,0.45,0,,0.18,1,7,,0,0,0,0.87,7.64,3,Vegetables Harvested Share of Harvested Cropland
MA,Berkshire County,25003,42.371493,-73.217928,county_centroid,926.874,19.579,2022,USDA NASS 2022 Ag Census Web Maps,Census Gazetteer 2024 county centroid,,8.26,2.5499999999999998,53.28,6.04,,9,3667,3416,2.61,,,0.08,3.5,4,Milk from Cows Market Value Share
MA,Bristol County,25005,41.748588,-71.088894,county_centroid,553.113,138.013,2022,USDA NASS 2022 Ag Census Web Maps,Census Gazetteer 2024 county centroid,20.61,19.510000000000002,3.86,15.49,3.88,0.74,15,2288,1659,0.64,0.1,0,0.11,12.69,0,"Vegetables, Melons, Potatoes, and Sweet Potatoes Market Value Share"
MA,Dukes County,25007,41.38097,-70.701499,county_centroid,103.202,387.759,2022,USDA NASS 2022 Ag Census Web Maps,Census Gazetteer 2024 county centroid,15.43,,2.1800000000000002,0,,1.55,2,77,,0,0,0,,19.53,4,Vegetables Harvested Share of Harvested Cropland
MA,Essex County,25009,42.642708,-70.864909,county_centroid,492.514,335.976,2022,USDA NASS 2022 Ag Census Web Maps,Census Gazetteer 2024 county centroid,23.4,18.36,2.19,16.989999999999998,1.42,0.05,10,986,725,,,0,0.24,13.88,2,"Vegetables, Melons, Potatoes, and Sweet Potatoes Market Value Share"
MA,Franklin County,25011,42.584504,-72.591792,county_centroid,699.209,25.326,2022,USDA NASS 2022 Ag Census Web Maps,Census Gazetteer 2024 county centroid,25.77,11.02,1.89,9.49,2.0299999999999998,,7,2342,1903,3.52,0,0,4.04,16.239999999999998,1,"Vegetables, Melons, Potatoes, and Sweet Potatoes Market Value Share"
MA,Hampden County,25013,42.136198,-72.635648,county_centroid,617.005,17.149,2022,USDA NASS 2022 Ag Census Web Maps,Census Gazetteer 2024 county centroid,32.43,11.01,,,1.86,0.03,5,967,604,4.51,0,,0.16,19.2,3,"Vegetables, Melons, Potatoes, and Sweet Potatoes Market Value Share"
MA,Hampshire County,25015,42.339459,-72.663694,county_centroid,527.236,18.002,2022,USDA NASS 2022 Ag Census Web Maps,Census Gazetteer 2024 county centroid,51.64,8,0.76,13.61,1.65,,7,2340,1274,7.1,,,16.43,32.380000000000003,3,"Vegetables, Melons, Potatoes, and Sweet Potatoes Market Value Share"
MA,Middlesex County,25017,42.481718,-71.394916,county_centroid,817.878,29.07,2022,USDA NASS 2022 Ag Census Web Maps,Census Gazetteer 2024 county centroid,16.170000000000002,6.34,0.78,,3.71,,10,406,2028,3.16,0.03,,0.22,14.21,3,"Vegetables, Melons, Potatoes, and Sweet Potatoes Market Value Share"
MA,Nantucket County,25019,41.293392,-70.102164,county_centroid,46.192,257.463,2022,USDA NASS 2022 Ag Census Web Maps,Census Gazetteer 2024 county centroid,,0.15,,0,0,0.1,0,0,0,0,0,0,,73.69,3,Vegetables Harvested Share of Harvested Cropland
MA,Norfolk County,25021,42.171738,-71.18111,county_centroid,396.103,48.245,2022,USDA NASS 2022 Ag Census Web Maps,Census Gazetteer 2024 county centroid,50.97,15.29,1,0,,2.93,4,176,145,,0,0,,31.01,3,"Vegetables, Melons, Potatoes, and Sweet Potatoes Market Value Share"
MA,Plymouth County,25023,41.987196,-70.741942,county_centroid,658.502,434.795,2022,USDA NASS 2022 Ag Census Web Maps,Census Gazetteer 2024 county centroid,5.18,75.97,0.31,2.33,0.25,0.21,1,435,257,1.73,0,0,0.06,4.47,0,"Fruits, Tree Nuts, and Berries Market Value Share"
MA,Suffolk County,25025,42.338551,-71.018253,county_centroid,58.257,61.966,2022,USDA NASS 2022 Ag Census Web Maps,Census Gazetteer 2024 county centroid,25.23,17.77,0.11,0,2.25,0,20,42,42,0,0,0,0,30.65,0,Vegetables Harvested Share of Harvested Cropland
MA,Worcester County,25027,42.311693,-71.940282,county_centroid,1510.678,68.475,2022,USDA NASS 2022 Ag Census Web Maps,Census Gazetteer 2024 county centroid,20.170000000000002,18.37,11.2,9.7899999999999991,3.71,0.83,7,3881,3473,1.2,0.06,0,0.28999999999999998,6.77,0,"Vegetables, Melons, Potatoes, and Sweet Potatoes Market Value Share"
MI,Alcona County,26001,44.657509,-83.29458,county_centroid,674.655,1115.992,2022,USDA NASS 2022 Ag Census Web Maps,Census Gazetteer 2024 county centroid,1.1200000000000001,4.6100000000000003,0.31,,4.41,0.38,4,989,609,14.09,6.19,20.14,0.02,0.23,1,Soybeans Harvested Share of Harvested Cropland
MI,Alger County,26003,46.521736,-86.657119,county_centroid,915.034,4132.651,2022,USDA NASS 2022 Ag Census Web Maps,Census Gazetteer 2024 county centroid,,1.4,,35.18,7.67,,7,668,556,3.82,0,5.22,,0.09,4,Milk from Cows Market Value Share
MI,Allegan County,26005,42.421251,-86.261403,county_centroid,825.253,1008.037,2022,USDA NASS 2022 Ag Census Web Maps,Census Gazetteer 2024 county centroid,3.76,3.61,29.83,22.52,4,14.6,24,28208,29601,38.39,4.09,27.84,,4.17,1,Corn Grain Harvested Share of Harvested Cropland
MI,Alpena County,26007,44.894954,-83.426574,county_centroid,571.899,1123.027,2022,USDA NASS 2022 Ag Census Web Maps,Census Gazetteer 2024 county centroid,2.63,0.71,0.31,44,7.86,0.24,12,3856,3442,16.329999999999998,5.12,25.5,,0.31,1,Milk from Cows Market Value Share
MI,Antrim County,26009,45.005455,-85.175639,county_centroid,475.679,126.077,2022,USDA NASS 2022 Ag Census Web Maps,Census Gazetteer 2024 county centroid,23.5,43.94,1.6,15.16,3.05,0.41,6,1749,1794,5.47,1.71,0.68,,7.91,1,"Fruits, Tree Nuts, and Berries Market Value Share"
MI,Arenac County,26011,44.036833,-83.740675,county_centroid,363.178,317.497,2022,USDA NASS 2022 Ag Census Web Maps,Census Gazetteer 2024 county centroid,4.2300000000000004,0.21,0.03,36.270000000000003,4.71,0.06,13,5397,3602,29.97,9.3800000000000008,35.380000000000003,,3.73,1,Milk from Cows Market Value Share
MI,Baraga County,26013,46.695859,-88.36181,county_centroid,898.427,170.51,2022,USDA NASS 2022 Ag Census Web Maps,Census Gazetteer 2024 county centroid,,1.34,2.04,,24.86,0.09,9,793,863,,0.4,,,,6,Cattle and Calves Market Value Share
MI,Barry County,26015,42.582811,-85.31455,county_centroid,553.104,23.938,2022,USDA NASS 2022 Ag Census Web Maps,Census Gazetteer 2024 county centroid,,,,52.26,,0.1,26,18509,20630,27.87,4.12,31.61,0,,5,Milk from Cows Market Value Share
MI,Bay County,26017,43.699711,-83.978701,county_centroid,442.409,188.307,2022,USDA NASS 2022 Ag Census Web Maps,Census Gazetteer 2024 county centroid,13.6,,0.01,,1.44,,2,1221,1583,29.58,7.33,39.39,,4.67,4,Soybeans Harvested Share of Harvested Cropland
MI,Benzie County,26019,44.636844,-86.231999,county_centroid,319.697,539.867,2022,USDA NASS 2022 Ag Census Web Maps,Census Gazetteer 2024 county centroid,,63.34,0.21,0,4.22,0.59,4,84,443,21.64,,,,1.65,4,"Fruits, Tree Nuts, and Berries Market Value Share"
MI,Berrien County,26021,41.791382,-86.742543,county_centroid,567.795,1013.677,2022,USDA NASS 2022 Ag Census Web Maps,Census Gazetteer 2024 county centroid,26.36,25.35,0.08,0.5,0.81,4.4400000000000004,1,946,1337,40.17,1.08,35.369999999999997,0.02,7.32,0,Corn Grain Harvested Share of Harvested Cropland
MI,Branch County,26023,41.918455,-85.066885,county_centroid,506.411,13.293,2022,USDA NASS 2022 Ag Census Web Maps,Census Gazetteer 2024 county centroid,4.63,0.08,6,8.34,6.75,16.989999999999998,5,3080,16252,50.3,1.44,40.64,,1.56,1,Corn Grain Harvested Share of Harvested Cropland
MI,Calhoun County,26025,42.24299,-85.012385,county_centroid,706.259,12.069,2022,USDA NASS 2022 Ag Census Web Maps,Census Gazetteer 2024 county centroid,0.74,0.15,0.22,17.850000000000001,,,7,6699,6545,40.549999999999997,2.39,47.33,0,0.16,2,Soybeans Harvested Share of Harvested Cropland
MI,Cass County,26027,41.917243,-86.000142,county_centroid,490.125,18.184,2022,USDA NASS 2022 Ag Census Web Maps,Census Gazetteer 2024 county centroid,10.82,5.85,,,0.88,29.66,2,1731,1504,49.54,0.88,36.76,,5.48,3,Corn Grain Harvested Share of Harvested Cropland
MI,Charlevoix County,26029,45.618554,-85.543684,county_centroid,416.33,974.109,2022,USDA NASS 2022 Ag Census Web Maps,Census Gazetteer 2024 county centroid,,20.27,0.83,,5.46,0.08,8,1095,885,20.54,0.78,,0.02,0.46,3,Corn Grain Harvested Share of Harvested Cropland
MI,Cheboygan County,26031,45.476022,-84.495431,county_centroid,715.279,170.119,2022,USDA NASS 2022 Ag Census Web Maps,Census Gazetteer 2024 county centroid,3.12,,0.75,0,9.98,0.47,4,1033,934,,,,0.01,0.11,4,Cattle and Calves Market Value Share
MI,Chippewa County,26033,46.321819,-84.52063,county_centroid,1558.513,1139.963,2022,USDA NASS 2022 Ag Census Web Maps,Census Gazetteer 2024 county centroid,1.37,0.18,0.91,13.46,14.55,0.39,4,1889,2147,0.21,0.51,,0.03,0.1,1,Cattle and Calves Market Value Share
MI,Clare County,26035,43.991137,-84.838325,county_centroid,564.367,11.002,2022,USDA NASS 2022 Ag Census Web Maps,Census Gazetteer 2024 county centroid,0.5,0.32,0.38,53.48,12.14,,19,4457,3138,17.38,3.85,11.3,0,0.1,1,Milk from Cows Market Value Share
MI,Clinton County,26037,42.950455,-84.591695,county_centroid,567.349,7.215,2022,USDA NASS 2022 Ag Census Web Maps,Census Gazetteer 2024 county centroid,0.69,0.64,0.13,54.33,8.19,3.03,27,34592,34283,29.02,7.82,36.9,,0.28000000000000003,1,Milk from Cows Market Value Share
MI,Crawford County,26039,44.680175,-84.611343,county_centroid,556.415,6.906,2022,USDA NASS 2022 Ag Census Web Maps,Census Gazetteer 2024 county centroid,,,,,,,7,,72,,0,0,0,,9,All Wheat Harvested Share of Harvested Cropland
MI,Delta County,26041,45.805229,-86.901938,county_centroid,1171.094,820.238,2022,USDA NASS 2022 Ag Census Web Maps,Census Gazetteer 2024 county centroid,14.53,6.45,0.23,23.24,18.29,0.35,7,2842,3079,4.4000000000000004,0.91,4.66,,1.89,1,Milk from Cows Market Value Share
MI,Dickinson County,26043,46.012833,-87.866139,county_centroid,760.95,15.637,2022,USDA NASS 2022 Ag Census Web Maps,Census Gazetteer 2024 county centroid,17.97,2.21,0.31,,7.35,0.17,8,825,458,6.39,0,0,,,3,"Vegetables, Melons, Potatoes, and Sweet Potatoes Market Value Share"
MI,Eaton County,26045,42.58953,-84.84645,county_centroid,575.209,4.225,2022,USDA NASS 2022 Ag Census Web Maps,Census Gazetteer 2024 county centroid,0.86,0.05,0.1,5.21,2.94,0.05,4,4152,3961,30.6,9.5299999999999994,50.44,0,0.11,0,Soybeans Harvested Share of Harvested Cropland
MI,Emmet County,26047,45.590094,-84.986822,county_centroid,467.546,414.451,2022,USDA NASS 2022 Ag Census Web Maps,Census Gazetteer 2024 county centroid,5.76,10.25,2.21,13.59,7.19,0.66,6,1174,898,7.24,0.24,0,0.03,1.05,0,Milk from Cows Market Value Share
MI,Genesee County,26049,43.021077,-83.706372,county_centroid,636.944,12.643,2022,USDA NASS 2022 Ag Census Web Maps,Census Gazetteer 2024 county centroid,2.97,3.68,0.31,4.7699999999999996,4.05,0.13,4,1742,2508,34.07,3.68,51.17,,0.54,1,Soybeans Harvested Share of Harvested Cropland
MI,Gladwin County,26051,43.98975,-84.389816,county_centroid,501.787,14.16,2022,USDA NASS 2022 Ag Census Web Maps,Census Gazetteer 2024 county centroid,4.34,0.81,0.36,,8.23,0.28000000000000003,8,2325,2116,20.23,4.16,29.59,,0.65,2,Soybeans Harvested Share of Harvested Cropland
MI,Gogebic County,26053,46.488054,-89.788314,county_centroid,1102.136,374.578,2022,USDA NASS 2022 Ag Census Web Maps,Census Gazetteer 2024 county centroid,0.75,,0.55000000000000004,0,6.44,,5,135,83,0,0,0,,0.61,3,Cattle and Calves Market Value Share
MI,Grand Traverse County,26055,44.718688,-85.553848,county_centroid,464.336,136.978,2022,USDA NASS 2022 Ag Census Web Maps,Census Gazetteer 2024 county centroid,1.54,59.82,0.18,,5.41,7.23,5,843,1802,18.18,5.76,4.59,0,0.52,1,"Fruits, Tree Nuts, and Berries Market Value Share"
MI,Gratiot County,26057,43.292326,-84.60469,county_centroid,568.383,3.229,2022,USDA NASS 2022 Ag Census Web Maps,Census Gazetteer 2024 county centroid,1.03,0.17,1.68,37.340000000000003,9.6199999999999992,4.04,20,32844,49101,33.29,6.42,38.020000000000003,,0.64,1,Soybeans Harvested Share of Harvested Cropland
MI,Hillsdale County,26059,41.927461,-84.637479,county_centroid,598.152,8.857,2022,USDA NASS 2022 Ag Census Web Maps,Census Gazetteer 2024 county centroid,0.94,,,20.53,20.77,7,16,13624,96213,37.619999999999997,4,45.6,0,0.38,2,Soybeans Harvested Share of Harvested Cropland
MI,Houghton County,26061,46.998427,-88.651903,county_centroid,1009.103,492.415,2022,USDA NASS 2022 Ag Census Web Maps,Census Gazetteer 2024 county centroid,,18.829999999999998,,0,15.07,1.62,4,464,533,,0.67,1.44,7.0000000000000007E-2,0.35,3,"Fruits, Tree Nuts, and Berries Market Value Share"
MI,Huron County,26063,43.907616,-82.857045,county_centroid,836.018,1300.785,2022,USDA NASS 2022 Ag Census Web Maps,Census Gazetteer 2024 county centroid,0.21,,,31.55,17.57,,26,47151,115880,19.760000000000002,17.32,14.83,,0.08,4,Milk from Cows Market Value Share
MI,Ingham County,26065,42.603534,-84.373811,county_centroid,556.081,4.633,2022,USDA NASS 2022 Ag Census Web Maps,Census Gazetteer 2024 county centroid,0.83,0.43,0.88,18.239999999999998,6.61,1.21,9,6622,9359,38.6,9.82,41.71,0.01,0.13,0,Soybeans Harvested Share of Harvested Cropland
MI,Ionia County,26067,42.94465,-85.073766,county_centroid,571.32,8.722,2022,USDA NASS 2022 Ag Census Web Maps,Census Gazetteer 2024 county centroid,1.01,0.18,,26.3,,,20,26111,38929,34.69,7.54,36.99,,0.81,4,Soybeans Harvested Share of Harvested Cropland
MI,Iosco County,26069,44.386912,-83.380141,county_centroid,549.477,1340.587,2022,USDA NASS 2022 Ag Census Web Maps,Census Gazetteer 2024 county centroid,,2.42,0.27,60.18,13.13,0.3,21,3071,2943,13.22,1.55,13.31,,0.13,2,Milk from Cows Market Value Share
MI,Iron County,26071,46.170254,-88.540526,county_centroid,1166.096,45.097,2022,USDA NASS 2022 Ag Census Web Maps,Census Gazetteer 2024 county centroid,,,,0,8.08,1.31,3,278,180,,0,0,,,6,Cattle and Calves Market Value Share
MI,Isabella County,26073,43.645233,-84.839424,county_centroid,572.7,4.998,2022,USDA NASS 2022 Ag Census Web Maps,Census Gazetteer 2024 county centroid,0.82,0.32,0.05,36.479999999999997,12.71,0.01,13,10517,16561,22.52,7.15,45.58,0,0.59,0,Soybeans Harvested Share of Harvested Cropland
MI,Jackson County,26075,42.248474,-84.420868,county_centroid,701.903,21.59,2022,USDA NASS 2022 Ag Census Web Maps,Census Gazetteer 2024 county centroid,1.28,0.44,0.37,16.34,5.79,0.21,7,5817,6138,45.1,4.78,35.090000000000003,0,0.23,0,Corn Grain Harvested Share of Harvested Cropland
MI,Kalamazoo County,26077,42.246266,-85.532854,county_centroid,561.959,18.342,2022,USDA NASS 2022 Ag Census Web Maps,Census Gazetteer 2024 county centroid,0.37,1.05,0.03,18.579999999999998,2.14,6.75,10,9859,8957,42.65,1.98,30.52,0,0.61,0,Corn Grain Harvested Share of Harvested Cropland
MI,Kalkaska County,26079,44.678881,-85.088992,county_centroid,559.744,10.819,2022,USDA NASS 2022 Ag Census Web Maps,Census Gazetteer 2024 county centroid,65.3,1.68,0.38,,2.19,0.56999999999999995,4,408,384,4.07,12.19,,19.809999999999999,30.6,2,"Vegetables, Melons, Potatoes, and Sweet Potatoes Market Value Share"
MI,Kent County,26081,43.032497,-85.547446,county_centroid,848.931,23.011,2022,USDA NASS 2022 Ag Census Web Maps,Census Gazetteer 2024 county centroid,3.18,26.75,2.04,15.05,2.59,4.4000000000000004,15,11301,9270,30.16,3.51,23.16,0.01,2.2200000000000002,0,Corn Grain Harvested Share of Harvested Cropland
MI,Keweenaw County,26083,47.367297,-88.351332,county_centroid,540.112,5426.154,2022,USDA NASS 2022 Ag Census Web Maps,Census Gazetteer 2024 county centroid,0,55.68,0,0,0,0,0,0,0,0,0,0,0,0,0,"Fruits, Tree Nuts, and Berries Market Value Share"
MI,Lake County,26085,43.995187,-85.8114,county_centroid,567.595,6.749,2022,USDA NASS 2022 Ag Census Web Maps,Census Gazetteer 2024 county centroid,,24.63,4.37,0,24.36,0.91,6,657,423,5.25,,0,0,0.19,2,"Fruits, Tree Nuts, and Berries Market Value Share"
MI,Lapeer County,26087,43.088633,-83.224325,county_centroid,646.983,15.861,2022,USDA NASS 2022 Ag Census Web Maps,Census Gazetteer 2024 county centroid,19.239999999999998,1.54,0.28000000000000003,4.28,9.58,,6,3179,7549,31.27,4.47,39.71,0.01,2.99,1,Soybeans Harvested Share of Harvested Cropland
MI,Leelanau County,26089,45.146182,-86.051574,county_centroid,347.2,2184.992,2022,USDA NASS 2022 Ag Census Web Maps,Census Gazetteer 2024 county centroid,1.46,82.65,,,2.42,0.4,3,347,1180,12.88,0.35,0.5,0.02,0.6,2,"Fruits, Tree Nuts, and Berries Market Value Share"
MI,Lenawee County,26091,41.896022,-84.074356,county_centroid,749.638,11.765,2022,USDA NASS 2022 Ag Census Web Maps,Census Gazetteer 2024 county centroid,6.16,2.74,0.27,23.06,6.47,0.96,10,17617,25596,32.6,6.85,50.77,,1.32,1,Soybeans Harvested Share of Harvested Cropland
MI,Livingston County,26093,42.602532,-83.911718,county_centroid,565.284,20.122,2022,USDA NASS 2022 Ag Census Web Maps,Census Gazetteer 2024 county centroid,2.99,2.94,0.45,18.899999999999999,5.0999999999999996,0.16,8,3395,3169,33.56,7.7,37.35,0.01,1.84,0,Soybeans Harvested Share of Harvested Cropland
MI,Luce County,26095,46.510988,-85.517552,county_centroid,899.075,1013.407,2022,USDA NASS 2022 Ag Census Web Maps,Census Gazetteer 2024 county centroid,,,,,,,6,64,411,0,0,0,,,8,Corn Grain Harvested Share of Harvested Cropland
MI,Mackinac County,26097,46.167868,-85.303762,county_centroid,1021.879,1078.675,2022,USDA NASS 2022 Ag Census Web Maps,Census Gazetteer 2024 county centroid,,1.52,0.27,,14.35,,12,1118,1250,,,0,0.1,0.52,5,Cattle and Calves Market Value Share
MI,Macomb County,26099,42.671553,-82.911456,county_centroid,479.35,91.571,2022,USDA NASS 2022 Ag Census Web Maps,Census Gazetteer 2024 county centroid,5.1100000000000003,5.33,0.25,4.43,4.3499999999999996,,6,1463,4798,21,4.6100000000000003,60.44,0,1.91,1,Soybeans Harvested Share of Harvested Cropland
MI,Manistee County,26101,44.245268,-86.327537,county_centroid,542.325,738.397,2022,USDA NASS 2022 Ag Census Web Maps,Census Gazetteer 2024 county centroid,8.4,39.590000000000003,2.2000000000000002,,11.28,,8,838,1197,33.28,3.02,2.09,0.02,1.94,2,"Fruits, Tree Nuts, and Berries Market Value Share"
MI,Marquette County,26103,46.656596,-87.584028,county_centroid,1809.068,1615.952,2022,USDA NASS 2022 Ag Census Web Maps,Census Gazetteer 2024 county centroid,20.54,,8.52,,10.79,2.9,2,396,275,,0,0,0.05,1.46,3,"Vegetables, Melons, Potatoes, and Sweet Potatoes Market Value Share"
MI,Mason County,26105,43.957196,-86.442937,county_centroid,494.969,747.346,2022,USDA NASS 2022 Ag Census Web Maps,Census Gazetteer 2024 county centroid,4.92,28.05,0.15,13.89,4.53,10,7,2461,3049,32.22,8.94,17.010000000000002,,4.24,1,Corn Grain Harvested Share of Harvested Cropland
MI,Mecosta County,26107,43.635295,-85.332751,county_centroid,555.155,16.087,2022,USDA NASS 2022 Ag Census Web Maps,Census Gazetteer 2024 county centroid,,0.24,0.15,5.63,,,10,5043,5759,34.99,4.25,10.63,,,5,Corn Grain Harvested Share of Harvested Cropland
MI,Menominee County,26109,45.535568,-87.501457,county_centroid,1044.041,294.132,2022,USDA NASS 2022 Ag Census Web Maps,Census Gazetteer 2024 county centroid,0.16,0.13,0.05,75.31,10.31,0.02,22,9496,7059,15.74,,6.77,,0.1,2,Milk from Cows Market Value Share
MI,Midland County,26111,43.648203,-84.379414,county_centroid,518.434,9.635,2022,USDA NASS 2022 Ag Census Web Maps,Census Gazetteer 2024 county centroid,2.78,0.16,0.22,,3.09,,9,6229,7076,22.54,5.41,50.28,,0.85,3,Soybeans Harvested Share of Harvested Cropland
MI,Missaukee County,26113,44.325424,-85.085471,county_centroid,564.788,9.108,2022,USDA NASS 2022 Ag Census Web Maps,Census Gazetteer 2024 county centroid,,,0.09,65.41,13.12,0,50,29450,45186,13.41,,,,,6,Milk from Cows Market Value Share
MI,Monroe County,26115,41.916097,-83.487106,county_centroid,549.362,130.572,2022,USDA NASS 2022 Ag Census Web Maps,Census Gazetteer 2024 county centroid,10.89,0.95,0.17,,1.87,,1,973,2214,31.18,7.42,56.13,,2.19,3,Soybeans Harvested Share of Harvested Cropland
MI,Montcalm County,26117,43.312782,-85.149468,county_centroid,705.329,15.423,2022,USDA NASS 2022 Ag Census Web Maps,Census Gazetteer 2024 county centroid,24.76,1.28,0.12,22.84,2.79,6.91,9,12802,13098,35.090000000000003,9.76,21.66,8.7100000000000009,10.4,0,Corn Grain Harvested Share of Harvested Cropland
MI,Montmorency County,26119,45.024134,-84.130107,county_centroid,546.675,15.966,2022,USDA NASS 2022 Ag Census Web Maps,Census Gazetteer 2024 county centroid,,1.25,0.4,,,0.11,8,536,622,18.079999999999998,3.93,25.53,0,,4,Soybeans Harvested Share of Harvested Cropland
MI,Muskegon County,26121,43.428739,-86.420908,county_centroid,503.914,956.11,2022,USDA NASS 2022 Ag Census Web Maps,Census Gazetteer 2024 county centroid,5,24.04,1.23,28.56,4.3899999999999997,1.94,14,6269,5903,28,6.6,18.739999999999998,,,2,Milk from Cows Market Value Share
MI,Newaygo County,26123,43.562712,-85.791372,county_centroid,838.887,22.812,2022,USDA NASS 2022 Ag Census Web Maps,Census Gazetteer 2024 county centroid,11.62,10.63,,45.31,11.77,0.17,30,17589,21604,26.83,6.44,12.61,,6.24,2,Milk from Cows Market Value Share
MI,Oakland County,26125,42.660452,-83.38421,county_centroid,867.399,39.838,2022,USDA NASS 2022 Ag Census Web Maps,Census Gazetteer 2024 county centroid,2.41,1.47,0.77,,1.27,0.59,4,519,518,16.649999999999999,5.84,28.63,0.02,2.06,1,Soybeans Harvested Share of Harvested Cropland
MI,Oceana County,26127,43.603954,-86.467177,county_centroid,538.105,767.845,2022,USDA NASS 2022 Ag Census Web Maps,Census Gazetteer 2024 county centroid,23.52,27.89,,4.88,1.1499999999999999,23.7,5,2582,2320,25.51,5.05,8.14,0.01,18.54,1,"Fruits, Tree Nuts, and Berries Market Value Share"
MI,Ogemaw County,26129,44.33328,-84.128073,county_centroid,563.506,11.442,2022,USDA NASS 2022 Ag Census Web Maps,Census Gazetteer 2024 county centroid,,,7.0000000000000007E-2,60.8,7.9,0.19,17,7161,6257,26.88,11.56,18.45,0,,3,Milk from Cows Market Value Share
MI,Ontonagon County,26131,46.835203,-89.276943,county_centroid,1310.978,2429.463,2022,USDA NASS 2022 Ag Census Web Maps,Census Gazetteer 2024 county centroid,0,7.13,0.13,,20.399999999999999,,6,677,600,0,0,0,0,0,2,Cattle and Calves Market Value Share
MI,Osceola County,26133,43.997552,-85.322283,county_centroid,566.286,6.728,2022,USDA NASS 2022 Ag Census Web Maps,Census Gazetteer 2024 county centroid,0.36,,,53.51,11.04,10.74,22,10907,11469,16.2,1.89,1.97,0,0.22,2,Milk from Cows Market Value Share
MI,Oscoda County,26135,44.687257,-84.126905,county_centroid,565.674,5.844,2022,USDA NASS 2022 Ag Census Web Maps,Census Gazetteer 2024 county centroid,0.85,1.38,0.53,38.020000000000003,24.06,0.24,24,1302,1757,9.93,,5.41,,0.11,2,Milk from Cows Market Value Share
MI,Otsego County,26137,45.021787,-84.576603,county_centroid,515.006,11.216,2022,USDA NASS 2022 Ag Census Web Maps,Census Gazetteer 2024 county centroid,,2.04,0.39,0,2.37,,2,495,604,9.91,7.32,,,,5,Corn Grain Harvested Share of Harvested Cropland
MI,Ottawa County,26139,43.054969,-86.219349,county_centroid,563.52,1067.891,2022,USDA NASS 2022 Ag Census Web Maps,Census Gazetteer 2024 county centroid,4.57,12.46,22.46,12.15,4.2300000000000004,3.47,26,16860,26685,33.130000000000003,3.06,21.32,7.0000000000000007E-2,3.84,0,Corn Grain Harvested Share of Harvested Cropland
MI,Presque Isle County,26141,45.252397,-83.432283,county_centroid,658.718,1914.034,2022,USDA NASS 2022 Ag Census Web Maps,Census Gazetteer 2024 county centroid,23.46,2.23,0.24,10.210000000000001,10.9,0.06,4,1182,3684,17.82,11.05,29.88,4.46,4.57,0,Soybeans Harvested Share of Harvested Cropland
MI,Roscommon County,26143,44.339517,-84.611271,county_centroid,519.897,60.125,2022,USDA NASS 2022 Ag Census Web Maps,Census Gazetteer 2024 county centroid,2.83,,0.25,0,14.32,,3,,58,,0,0,0,0.32,4,Cattle and Calves Market Value Share
MI,Saginaw County,26145,43.328267,-84.05541,county_centroid,800.807,15.159,2022,USDA NASS 2022 Ag Census Web Maps,Census Gazetteer 2024 county centroid,7.04,0.39,0.12,5.29,1.45,,2,2849,3124,33.42,6.35,49.1,0.45,1.99,1,Soybeans Harvested Share of Harvested Cropland
MI,St. Clair County,26147,42.928803,-82.668913,county_centroid,721.501,114.995,2022,USDA NASS 2022 Ag Census Web Maps,Census Gazetteer 2024 county centroid,1.39,0.36,0.67,6.84,7.4,0.06,5,2609,5368,20.34,6.17,62.57,0.02,0.22,0,Soybeans Harvested Share of Harvested Cropland
MI,St. Joseph County,26149,41.911488,-85.52287,county_centroid,500.639,20.387,2022,USDA NASS 2022 Ag Census Web Maps,Census Gazetteer 2024 county centroid,19.920000000000002,,9.15,9.43,2.46,7.81,5,6480,9274,51.52,2.21,32.17,5.46,6.69,1,Corn Grain Harvested Share of Harvested Cropland
MI,Sanilac County,26151,43.449155,-82.642815,county_centroid,962.571,627.369,2022,USDA NASS 2022 Ag Census Web Maps,Census Gazetteer 2024 county centroid,0.42,0.12,0.04,27.7,10.27,0.04,14,30801,58689,23.2,13.22,35.07,0,0.18,0,Soybeans Harvested Share of Harvested Cropland
MI,Schoolcraft County,26153,46.021122,-86.197029,county_centroid,1171.876,712.054,2022,USDA NASS 2022 Ag Census Web Maps,Census Gazetteer 2024 county centroid,,3.28,,0,,0.21,10,496,953,0,0,0,0,0.1,3,"Fruits, Tree Nuts, and Berries Market Value Share"
MI,Shiawassee County,26155,42.951545,-84.146352,county_centroid,530.967,9.974,2022,USDA NASS 2022 Ag Census Web Maps,Census Gazetteer 2024 county centroid,0.36,0.35,0.1,22.25,4.67,0.35,9,7343,8054,25.89,6.51,54.79,0,7.0000000000000007E-2,0,Soybeans Harvested Share of Harvested Cropland
MI,Tuscola County,26157,43.487902,-83.436618,county_centroid,804.84,109.07,2022,USDA NASS 2022 Ag Census Web Maps,Census Gazetteer 2024 county centroid,4.04,0.05,5.87,12.47,4.37,2.76,7,8971,15056,29.78,11.45,29.18,,1.45,1,Corn Grain Harvested Share of Harvested Cropland
MI,Van Buren County,26159,42.28215,-86.306076,county_centroid,607.793,482.11,2022,USDA NASS 2022 Ag Census Web Maps,Census Gazetteer 2024 county centroid,11.3,37.270000000000003,0.11,19.899999999999999,3.09,,9,8606,10647,37.729999999999997,0.85,24.47,0,5.99,1,Corn Grain Harvested Share of Harvested Cropland
MI,Washtenaw County,26161,42.252217,-83.843423,county_centroid,706.003,16.418,2022,USDA NASS 2022 Ag Census Web Maps,Census Gazetteer 2024 county centroid,3.07,0.97,0.43,18.89,6.77,0.76,8,6079,7609,27.74,7.52,43.09,0.05,0.49,0,Soybeans Harvested Share of Harvested Cropland
MI,Wayne County,26163,42.284664,-83.261953,county_centroid,611.84,60.551,2022,USDA NASS 2022 Ag Census Web Maps,Census Gazetteer 2024 county centroid,12.66,1.1000000000000001,0.67,0,0.24,,2,166,86,14,6.21,33.17,0.08,18.27,1,Soybeans Harvested Share of Harvested Cropland
MI,Wexford County,26165,44.331375,-85.570046,county_centroid,564.924,10.496,2022,USDA NASS 2022 Ag Census Web Maps,Census Gazetteer 2024 county centroid,,,2.78,25.31,9.27,0.26,10,1656,2881,29.46,,,0,,5,Corn Grain Harvested Share of Harvested Cropland
MN,Aitkin County,27001,46.602409,-93.419694,county_centroid,1821.317,173.458,2022,USDA NASS 2022 Ag Census Web Maps,Census Gazetteer 2024 county centroid,,5.45,20.45,,16.64,0.24,7,3744,3418,1.87,,8.19,0.01,0.11,3,Poultry and Eggs Market Value Share
MN,Anoka County,27003,45.27411,-93.242723,county_centroid,421.973,24.108,2022,USDA NASS 2022 Ag Census Web Maps,Census Gazetteer 2024 county centroid,12.76,1.1299999999999999,0.1,0,0.55000000000000004,0.03,3,475,413,21.02,0,23.52,,9.85,1,Soybeans Harvested Share of Harvested Cropland
MN,Becker County,27005,46.937629,-95.741757,county_centroid,1315.037,130.113,2022,USDA NASS 2022 Ag Census Web Maps,Census Gazetteer 2024 county centroid,,,9.42,15.09,8.81,3.93,8,15693,20809,30.08,9.68,33.94,,,4,Soybeans Harvested Share of Harvested Cropland
MN,Beltrami County,27007,47.879508,-95.00505,county_centroid,2504.643,550.487,2022,USDA NASS 2022 Ag Census Web Maps,Census Gazetteer 2024 county centroid,0.46,,0.17,,27.69,0.12,8,7090,7762,2.67,13.37,22.07,0,0.04,2,Cattle and Calves Market Value Share
MN,Benton County,27009,45.701225,-94.00144,county_centroid,408.303,4.744,2022,USDA NASS 2022 Ag Census Web Maps,Census Gazetteer 2024 county centroid,7.31,,24.31,32.65,6.81,5.49,33,20960,20763,37.770000000000003,0.21,29.03,2.78,4.33,1,Corn Grain Harvested Share of Harvested Cropland
MN,Big Stone County,27011,45.419925,-96.402226,county_centroid,499.129,28.937,2022,USDA NASS 2022 Ag Census Web Maps,Census Gazetteer 2024 county centroid,0.04,,,0,1.97,11.17,2,1562,3656,41.75,1.17,52.16,0,0.01,2,Soybeans Harvested Share of Harvested Cropland
MN,Blue Earth County,27013,44.03371,-94.064012,county_centroid,747.836,17.745,2022,USDA NASS 2022 Ag Census Web Maps,Census Gazetteer 2024 county centroid,0.22,,,,0.85,42.39,1,897,4370,50.13,0.02,48.62,0,0.31,3,Corn Grain Harvested Share of Harvested Cropland
MN,Brown County,27015,44.246541,-94.733647,county_centroid,611.109,7.156,2022,USDA NASS 2022 Ag Census Web Maps,Census Gazetteer 2024 county centroid,0.59,,2.2000000000000002,5.24,10.53,26.89,11,8754,32017,50.4,0.36,42.86,0,1.25,1,Corn Grain Harvested Share of Harvested Cropland
MN,Carlton County,27017,46.603818,-92.671044,county_centroid,861.191,13.967,2022,USDA NASS 2022 Ag Census Web Maps,Census Gazetteer 2024 county centroid,3.52,4.08,1.55,,33.51,,6,3955,4283,0.8,,,0.01,0.15,4,Cattle and Calves Market Value Share
MN,Carver County,27019,44.82132,-93.800091,county_centroid,353.879,22.035,2022,USDA NASS 2022 Ag Census Web Maps,Census Gazetteer 2024 county centroid,0.41,0.62,0.31,17.43,7.93,5.0999999999999996,12,8367,10832,46.99,0.41,40.56,0,0.06,0,Corn Grain Harvested Share of Harvested Cropland
MN,Cass County,27021,46.951745,-94.333705,county_centroid,2021.462,392.511,2022,USDA NASS 2022 Ag Census Web Maps,Census Gazetteer 2024 county centroid,,,,1.69,28.88,7.0000000000000007E-2,11,8872,8179,5.23,1.51,3.34,,,5,Cattle and Calves Market Value Share
MN,Chippewa County,27023,45.028625,-95.564108,county_centroid,581.225,6.656,2022,USDA NASS 2022 Ag Census Web Maps,Census Gazetteer 2024 county centroid,0.66,7.0000000000000007E-2,,,2.98,9.9600000000000009,4,,15913,51.69,0.37,31.5,0,0.66,3,Corn Grain Harvested Share of Harvested Cropland
MN,Chisago County,27025,45.505444,-92.903849,county_centroid,414.901,27.483,2022,USDA NASS 2022 Ag Census Web Maps,Census Gazetteer 2024 county centroid,0.9,2.5,0.42,12.16,4.5,0.54,7,2860,2340,36.71,0.26,39.72,0,0.14000000000000001,0,Soybeans Harvested Share of Harvested Cropland
MN,Clay County,27027,46.898377,-96.494901,county_centroid,1045.176,7.453,2022,USDA NASS 2022 Ag Census Web Maps,Census Gazetteer 2024 county centroid,2.54,0,11.44,0.61,0.82,0.9,1,3949,3987,30.42,13.83,40.65,0.37,0.38,0,Soybeans Harvested Share of Harvested Cropland
MN,Clearwater County,27029,47.575873,-95.371117,county_centroid,999.003,31.131,2022,USDA NASS 2022 Ag Census Web Maps,Census Gazetteer 2024 county centroid,16.36,,,,20.67,0.54,10,9602,10267,5.35,5.41,21.6,1.68,2.2599999999999998,3,Soybeans Harvested Share of Harvested Cropland
MN,Cook County,27031,47.758556,-90.344319,county_centroid,1452.576,1887.231,2022,USDA NASS 2022 Ag Census Web Maps,Census Gazetteer 2024 county centroid,15.66,27.64,,0,34.36,,3,49,224,0,0,0,0.35,3.51,2,Cattle and Calves Market Value Share
MN,Cottonwood County,27033,44.010639,-95.183152,county_centroid,639.973,8.591,2022,USDA NASS 2022 Ag Census Web Maps,Census Gazetteer 2024 county centroid,,,2.08,0.7,7.96,30.07,5,2983,25392,51.63,0.26,45.86,,0.13,3,Corn Grain Harvested Share of Harvested Cropland
MN,Crow Wing County,27035,46.491653,-94.070718,county_centroid,998.41,158.237,2022,USDA NASS 2022 Ag Census Web Maps,Census Gazetteer 2024 county centroid,0.69,0.4,16.04,12.78,12.89,0.05,7,3823,4168,19.47,1.26,15.45,,0.15,1,Corn Grain Harvested Share of Harvested Cropland
MN,Dakota County,27037,44.670893,-93.062481,county_centroid,562.557,24.323,2022,USDA NASS 2022 Ag Census Web Maps,Census Gazetteer 2024 county centroid,8.52,0.46,0.57999999999999996,7.18,13.28,1.0900000000000001,16,6912,27808,49.99,0.37,31.1,,10.69,1,Corn Grain Harvested Share of Harvested Cropland
MN,Dodge County,27039,44.020706,-92.869353,county_centroid,439.396,0.311,2022,USDA NASS 2022 Ag Census Web Maps,Census Gazetteer 2024 county centroid,2.2000000000000002,0.13,,8.92,,18.010000000000002,8,8365,14323,54.82,,40.01,,1.81,4,Corn Grain Harvested Share of Harvested Cropland
MN,Douglas County,27041,45.936835,-95.462155,county_centroid,636.878,83.3,2022,USDA NASS 2022 Ag Census Web Maps,Census Gazetteer 2024 county centroid,,0.66,,9.0299999999999994,6.28,0.28000000000000003,5,6522,8560,41.6,3.3,42.51,0,7.0000000000000007E-2,2,Soybeans Harvested Share of Harvested Cropland
MN,Faribault County,27043,43.676522,-93.947234,county_centroid,712.479,9.425,2022,USDA NASS 2022 Ag Census Web Maps,Census Gazetteer 2024 county centroid,0.89,,0.01,,1.86,32.01,2,2645,7211,49.64,,48.13,,1.28,4,Corn Grain Harvested Share of Harvested Cropland
MN,Fillmore County,27045,43.679187,-92.093937,county_centroid,861.333,0.794,2022,USDA NASS 2022 Ag Census Web Maps,Census Gazetteer 2024 county centroid,0.82,0.34,3.43,9.4700000000000006,8.66,13.23,13,27182,34707,52.45,0.18,33.799999999999997,0,0.28000000000000003,0,Corn Grain Harvested Share of Harvested Cropland
MN,Freeborn County,27047,43.674202,-93.350289,county_centroid,707.245,15.176,2022,USDA NASS 2022 Ag Census Web Maps,Census Gazetteer 2024 county centroid,1.85,0.01,3.09,0.51,2.29,26.5,3,3654,7607,51.9,,44.37,,1.81,2,Corn Grain Harvested Share of Harvested Cropland
MN,Goodhue County,27049,44.406178,-92.716,county_centroid,756.713,22.824,2022,USDA NASS 2022 Ag Census Web Maps,Census Gazetteer 2024 county centroid,0.76,0.12,,17.2,9.61,14.58,16,26891,45736,53.57,0.27,34.75,0,1.04,1,Corn Grain Harvested Share of Harvested Cropland
MN,Grant County,27051,45.930743,-96.010699,county_centroid,547.8,27.686,2022,USDA NASS 2022 Ag Census Web Maps,Census Gazetteer 2024 county centroid,,,0.01,,1.89,,4,,12043,47.52,2.83,42.44,,,7,Corn Grain Harvested Share of Harvested Cropland
MN,Hennepin County,27053,45.006121,-93.475228,county_centroid,554.019,52.73,2022,USDA NASS 2022 Ag Census Web Maps,Census Gazetteer 2024 county centroid,3.85,2.0099999999999998,0.2,4.53,2.82,0.04,10,1114,1357,24.36,0.63,39.99,0.02,2.1800000000000002,0,Soybeans Harvested Share of Harvested Cropland
MN,Houston County,27055,43.66699,-91.501556,county_centroid,552.115,16.722,2022,USDA NASS 2022 Ag Census Web Maps,Census Gazetteer 2024 county centroid,,,,34.11,19.64,3.84,21,21209,37367,44.22,0.26,23.25,,,5,Corn Grain Harvested Share of Harvested Cropland
MN,Hubbard County,27057,47.095551,-94.91329,county_centroid,926.021,73.479,2022,USDA NASS 2022 Ag Census Web Maps,Census Gazetteer 2024 county centroid,,0.65,,,6.11,0.02,6,3055,3312,25.73,0.66,4.66,,,5,Corn Grain Harvested Share of Harvested Cropland
MN,Isanti County,27059,45.562431,-93.296339,county_centroid,435.781,15.909,2022,USDA NASS 2022 Ag Census Web Maps,Census Gazetteer 2024 county centroid,0.65,1.2,,,4.32,15.35,7,3689,2831,37.69,1.05,34.49,0,0.13,2,Corn Grain Harvested Share of Harvested Cropland
MN,Itasca County,27061,47.490817,-93.611102,county_centroid,2667.516,260.273,2022,USDA NASS 2022 Ag Census Web Maps,Census Gazetteer 2024 county centroid,7.04,1.19,0.74,0,,0.37,6,2736,2625,3.48,,11.13,0.62,0.75,2,Soybeans Harvested Share of Harvested Cropland
MN,Jackson County,27063,43.671111,-95.149731,county_centroid,702.972,16.263,2022,USDA NASS 2022 Ag Census Web Maps,Census Gazetteer 2024 county centroid,,,,,5.36,22.87,4,3312,19896,50.65,7.0000000000000007E-2,47.92,0,,5,Corn Grain Harvested Share of Harvested Cropland
MN,Kanabec County,27065,45.94776,-93.297788,county_centroid,521.61,12.067,2022,USDA NASS 2022 Ag Census Web Maps,Census Gazetteer 2024 county centroid,1.75,1.18,3.76,,10.06,,6,3495,3081,23.4,4.18,29.42,0.01,0.13,2,Soybeans Harvested Share of Harvested Cropland
MN,Kandiyohi County,27067,45.152714,-95.004981,county_centroid,797.368,65.009,2022,USDA NASS 2022 Ag Census Web Maps,Census Gazetteer 2024 county centroid,1.31,,25.1,12.81,3.33,5.17,8,20014,28697,48.97,0.75,34.159999999999997,,2.42,2,Corn Grain Harvested Share of Harvested Cropland
MN,Kittson County,27069,48.77604,-96.780349,county_centroid,1099.,4.795,2022,USDA NASS 2022 Ag Census Web Maps,Census Gazetteer 2024 county centroid,,0,0,,1.87,0,1,4879,4761,3.34,40.71,33.53,0.31,0.31,2,All Wheat Harvested Share of Harvested Cropland
MN,Koochiching County,27071,48.245374,-93.782896,county_centroid,3104.706,51.258,2022,USDA NASS 2022 Ag Census Web Maps,Census Gazetteer 2024 county centroid,,,0.47,,14.89,0.14000000000000001,5,1770,1527,1.83,5.45,28.83,0,,4,Soybeans Harvested Share of Harvested Cropland
MN,Lac qui Parle County,27073,44.999826,-96.176851,county_centroid,765.021,12.992,2022,USDA NASS 2022 Ag Census Web Maps,Census Gazetteer 2024 county centroid,,0.02,,,1.42,23.83,2,4027,4486,48.54,0.28000000000000003,48.28,,,5,Corn Grain Harvested Share of Harvested Cropland
MN,Lake County,27075,47.517111,-91.411704,county_centroid,2109.108,881.821,2022,USDA NASS 2022 Ag Census Web Maps,Census Gazetteer 2024 county centroid,9.1,2.52,5.96,0,3.15,3.86,4,20,6,0,0,0,0.21,7.15,0,"Vegetables, Melons, Potatoes, and Sweet Potatoes Market Value Share"
MN,Lake of the Woods County,27077,48.7681,-94.904633,county_centroid,1297.653,482.174,2022,USDA NASS 2022 Ag Census Web Maps,Census Gazetteer 2024 county centroid,,,0.05,0,,0.01,2,1109,928,1.95,19.350000000000001,37.9,,,5,Soybeans Harvested Share of Harvested Cropland
MN,Le Sueur County,27079,44.373421,-93.730106,county_centroid,448.776,25.182,2022,USDA NASS 2022 Ag Census Web Maps,Census Gazetteer 2024 county centroid,0.51,,3.42,3.32,4.3600000000000003,22.57,6,3659,6788,47.49,0.64,47.03,,0.81,2,Corn Grain Harvested Share of Harvested Cropland
MN,Lincoln County,27081,44.408238,-96.272032,county_centroid,536.786,11.646,2022,USDA NASS 2022 Ag Census Web Maps,Census Gazetteer 2024 county centroid,,0.1,,6.99,9.39,28.67,8,7953,16073,48.28,1.29,43.8,0,0,2,Corn Grain Harvested Share of Harvested Cropland
MN,Lyon County,27083,44.409195,-95.847268,county_centroid,714.411,7.257,2022,USDA NASS 2022 Ag Census Web Maps,Census Gazetteer 2024 county centroid,,,6.92,0.24,13.76,37.97,13,6032,56835,50.1,0.38,45.81,0,,3,Corn Grain Harvested Share of Harvested Cropland
MN,McLeod County,27085,44.821657,-94.272323,county_centroid,491.51,14.067,2022,USDA NASS 2022 Ag Census Web Maps,Census Gazetteer 2024 county centroid,1.1000000000000001,,0.05,9.1,12.71,0.85,7,5909,51962,52.11,0.45,40.35,0,1.31,1,Corn Grain Harvested Share of Harvested Cropland
MN,Mahnomen County,27087,47.328387,-95.811089,county_centroid,557.867,25.039,2022,USDA NASS 2022 Ag Census Web Maps,Census Gazetteer 2024 county centroid,,0,0.17,,,0,2,2645,2334,24.96,18.82,39.299999999999997,,,5,Soybeans Harvested Share of Harvested Cropland
MN,Marshall County,27089,48.362728,-96.357761,county_centroid,1775.06,37.843,2022,USDA NASS 2022 Ag Census Web Maps,Census Gazetteer 2024 county centroid,0.14000000000000001,0,,,1.46,0,1,5860,5985,4.37,33.700000000000003,39.44,0.05,0.06,2,Soybeans Harvested Share of Harvested Cropland
MN,Martin County,27091,43.677173,-94.547096,county_centroid,712.331,17.247,2022,USDA NASS 2022 Ag Census Web Maps,Census Gazetteer 2024 county centroid,0.34,,,0.32,3.45,47.26,3,2362,19542,52.91,,45.46,0,0.8,3,Corn Grain Harvested Share of Harvested Cropland
MN,Meeker County,27093,45.123155,-94.527346,county_centroid,607.968,36.646,2022,USDA NASS 2022 Ag Census Web Maps,Census Gazetteer 2024 county centroid,0.56999999999999995,,42.02,12.11,5.7,0.13,11,14678,21012,47.04,0.21,41.32,0,1.1599999999999999,1,Corn Grain Harvested Share of Harvested Cropland
MN,Mille Lacs County,27095,45.929266,-93.632748,county_centroid,572.306,109.241,2022,USDA NASS 2022 Ag Census Web Maps,Census Gazetteer 2024 county centroid,1.03,0.82,32.43,8.44,16.46,,13,4258,9039,26.93,0.78,31.28,0,0.15,1,Poultry and Eggs Market Value Share
MN,Morrison County,27097,46.020484,-94.266619,county_centroid,1125.094,28.292,2022,USDA NASS 2022 Ag Census Web Maps,Census Gazetteer 2024 county centroid,2.4300000000000002,0.01,44.24,18.71,7.97,6.25,20,34827,36149,39.19,0.93,18.010000000000002,1.4,1.92,0,Poultry and Eggs Market Value Share
MN,Mower County,27099,43.666249,-92.759514,county_centroid,711.273,0.238,2022,USDA NASS 2022 Ag Census Web Maps,Census Gazetteer 2024 county centroid,2.19,0.03,,3.78,3.43,25.5,6,6002,15338,52.25,0.11,40.82,0,3.53,1,Corn Grain Harvested Share of Harvested Cropland
MN,Murray County,27101,44.015594,-95.761581,county_centroid,704.667,14.839,2022,USDA NASS 2022 Ag Census Web Maps,Census Gazetteer 2024 county centroid,,,,3.79,16.399999999999999,23.1,15,9586,52003,48.45,0.1,46.11,0,0.01,3,Corn Grain Harvested Share of Harvested Cropland
MN,Nicollet County,27103,44.35882,-94.245684,county_centroid,448.504,18.329,2022,USDA NASS 2022 Ag Census Web Maps,Census Gazetteer 2024 county centroid,0.19,0.01,8.01,11.63,1.95,34.57,8,13221,19612,50.01,0.25,44,0,0.39,0,Corn Grain Harvested Share of Harvested Cropland
MN,Nobles County,27105,43.677686,-95.763132,county_centroid,715.117,7.434,2022,USDA NASS 2022 Ag Census Web Maps,Census Gazetteer 2024 county centroid,,0.02,,5.23,20.54,35.4,20,14534,91598,50,0.15,44.27,,0,3,Corn Grain Harvested Share of Harvested Cropland
MN,Norman County,27107,47.329453,-96.463776,county_centroid,872.789,3.941,2022,USDA NASS 2022 Ag Census Web Maps,Census Gazetteer 2024 county centroid,0.08,,,0.13,0.57999999999999996,,1,1740,2024,20.69,23.61,40.21,,0.03,4,Soybeans Harvested Share of Harvested Cropland
MN,Olmsted County,27109,43.9995,-92.410096,county_centroid,653.509,1.246,2022,USDA NASS 2022 Ag Census Web Maps,Census Gazetteer 2024 county centroid,3.42,0.3,,17.809999999999999,8.3699999999999992,,15,20078,24718,50.92,0.04,33.07,0.01,4.42,2,Corn Grain Harvested Share of Harvested Cropland
MN,Otter Tail County,27111,46.405727,-95.714581,county_centroid,1971.635,252.693,2022,USDA NASS 2022 Ag Census Web Maps,Census Gazetteer 2024 county centroid,4.51,0.08,16.7,11.83,9.44,0.05,9,29256,45931,36.64,4.26,33.76,,,2,Corn Grain Harvested Share of Harvested Cropland
MN,Pennington County,27113,48.069247,-96.037725,county_centroid,616.52,1.675,2022,USDA NASS 2022 Ag Census Web Maps,Census Gazetteer 2024 county centroid,0.04,,,0,3.93,,3,3706,4427,3.74,30.46,46.85,,0.01,4,Soybeans Harvested Share of Harvested Cropland
MN,Pine County,27115,46.10094,-92.763094,county_centroid,1411.337,23.271,2022,USDA NASS 2022 Ag Census Web Maps,Census Gazetteer 2024 county centroid,0.42,1.3,0.21,27.88,17.11,,12,9833,9186,16.8,0.46,15.4,0,7.0000000000000007E-2,1,Milk from Cows Market Value Share
MN,Pipestone County,27117,44.015361,-96.257015,county_centroid,465.053,0.906,2022,USDA NASS 2022 Ag Census Web Maps,Census Gazetteer 2024 county centroid,,,,14.64,17.07,31.58,27,20611,44970,47.2,0.27,40.53,,,5,Corn Grain Harvested Share of Harvested Cropland
MN,Polk County,27119,47.774254,-96.400027,county_centroid,1970.999,26.792,2022,USDA NASS 2022 Ag Census Web Maps,Census Gazetteer 2024 county centroid,3.5,0.01,0.01,0.44,1,0.02,1,6939,7065,10,30.8,35.96,0.54,0.57999999999999996,0,Soybeans Harvested Share of Harvested Cropland
MN,Pope County,27121,45.589623,-95.446705,county_centroid,674.559,42.358,2022,USDA NASS 2022 Ag Census Web Maps,Census Gazetteer 2024 county centroid,3.31,,,6.75,7.59,11.69,6,8701,13420,46.38,1.45,37.799999999999997,,2,3,Corn Grain Harvested Share of Harvested Cropland
MN,Ramsey County,27123,45.015204,-93.099965,county_centroid,152.257,17.756,2022,USDA NASS 2022 Ag Census Web Maps,Census Gazetteer 2024 county centroid,16.68,,0,0,0,0,0,0,0,0,,0,0.28000000000000003,45.65,2,Vegetables Harvested Share of Harvested Cropland
MN,Red Lake County,27125,47.865487,-96.08718,county_centroid,432.407,0.088,2022,USDA NASS 2022 Ag Census Web Maps,Census Gazetteer 2024 county centroid,0,0,,7.03,8.94,,6,3554,6935,9,35.64,42.39,0,0,2,Soybeans Harvested Share of Harvested Cropland
MN,Redwood County,27127,44.403536,-95.254241,county_centroid,878.573,3.174,2022,USDA NASS 2022 Ag Census Web Maps,Census Gazetteer 2024 county centroid,0.33,,3.78,0.53,12.57,25.45,9,8645,58478,50.42,0.1,45.48,0,0.56999999999999995,1,Corn Grain Harvested Share of Harvested Cropland
MN,Renville County,27129,44.723697,-94.955617,county_centroid,982.896,4.198,2022,USDA NASS 2022 Ag Census Web Maps,Census Gazetteer 2024 county centroid,3.04,,4.7699999999999996,2.14,7.09,14.09,4,5026,35071,47.48,0.53,38.71,0,4.47,1,Corn Grain Harvested Share of Harvested Cropland
MN,Rice County,27131,44.350775,-93.298513,county_centroid,495.845,20.102,2022,USDA NASS 2022 Ag Census Web Maps,Census Gazetteer 2024 county centroid,0.42,0.62,9.01,8.14,2.36,16.73,6,7443,7377,48.98,0.19,42.85,0,0.35,0,Corn Grain Harvested Share of Harvested Cropland
MN,Rock County,27133,43.669587,-96.263238,county_centroid,482.459,0.27,2022,USDA NASS 2022 Ag Census Web Maps,Census Gazetteer 2024 county centroid,0.01,0,,4.1100000000000003,23.98,35.5,27,9522,81116,51.24,,41.62,0,0.01,2,Corn Grain Harvested Share of Harvested Cropland
MN,Roseau County,27135,48.761068,-95.821504,county_centroid,1671.739,6.534,2022,USDA NASS 2022 Ag Census Web Maps,Census Gazetteer 2024 county centroid,0.01,0,7.77,0.64,5.14,0.3,3,9477,9593,3.57,26.36,38.61,0,0,0,Soybeans Harvested Share of Harvested Cropland
MN,St. Louis County,27137,47.578635,-92.514585,county_centroid,6248.121,612.422,2022,USDA NASS 2022 Ag Census Web Maps,Census Gazetteer 2024 county centroid,2.35,2.0099999999999998,1.07,17.47,21.25,0.4,7,5950,5763,0,0.09,,0.02,0.16,1,Cattle and Calves Market Value Share
MN,Scott County,27139,44.651811,-93.533733,county_centroid,356.11,12.278,2022,USDA NASS 2022 Ag Census Web Maps,Census Gazetteer 2024 county centroid,1.04,0.88,1.05,15.34,11.35,,11,3604,8139,45.64,0.16,42.01,0,0.22,1,Corn Grain Harvested Share of Harvested Cropland
MN,Sherburne County,27141,45.453166,-93.769164,county_centroid,432.948,18.168,2022,USDA NASS 2022 Ag Census Web Maps,Census Gazetteer 2024 county centroid,43.78,0.27,,0.57999999999999996,13.13,1.19,13,1207,9353,43.13,,24.24,15.89,16.190000000000001,2,"Vegetables, Melons, Potatoes, and Sweet Potatoes Market Value Share"
MN,Sibley County,27143,44.575734,-94.230123,county_centroid,588.809,11.722,2022,USDA NASS 2022 Ag Census Web Maps,Census Gazetteer 2024 county centroid,,,,9.39,,9.98,8,11222,20460,53.11,0.39,39.6,0,1.76,4,Corn Grain Harvested Share of Harvested Cropland
MN,Stearns County,27145,45.555235,-94.610482,county_centroid,1342.882,47.017,2022,USDA NASS 2022 Ag Census Web Maps,Census Gazetteer 2024 county centroid,0.4,0.11,23.18,29.7,13.33,2.41,29,73991,109820,40.1,0.56000000000000005,24.75,0.02,0.76,0,Corn Grain Harvested Share of Harvested Cropland
MN,Steele County,27147,44.015261,-93.220453,county_centroid,429.548,2.692,2022,USDA NASS 2022 Ag Census Web Maps,Census Gazetteer 2024 county centroid,0.78,0.01,4.99,1.78,0.88,24.42,3,3038,3156,54.77,0.47,41.13,,1.21,1,Corn Grain Harvested Share of Harvested Cropland
MN,Stevens County,27149,45.593461,-95.992315,county_centroid,563.662,11.713,2022,USDA NASS 2022 Ag Census Web Maps,Census Gazetteer 2024 county centroid,0,,0,,,20.96,16,27960,39461,44.41,2.76,36.299999999999997,0,0,3,Corn Grain Harvested Share of Harvested Cropland
MN,Swift County,27151,45.27581,-95.690124,county_centroid,742.016,10.133,2022,USDA NASS 2022 Ag Census Web Maps,Census Gazetteer 2024 county centroid,,,14.37,,4.75,,8,15216,24850,52.22,0.64,35.619999999999997,0,0.28000000000000003,4,Corn Grain Harvested Share of Harvested Cropland
MN,Todd County,27153,46.066569,-94.900576,county_centroid,945.098,34.416,2022,USDA NASS 2022 Ag Census Web Maps,Census Gazetteer 2024 county centroid,2.48,,39.5,18.73,7.72,1.44,16,22274,23937,33.04,1.55,26.54,,0.74,2,Poultry and Eggs Market Value Share
MN,Traverse County,27155,45.769935,-96.474832,county_centroid,573.872,11.979,2022,USDA NASS 2022 Ag Census Web Maps,Census Gazetteer 2024 county centroid,,,,,,,4,,11481,44.84,1.46,45.8,0,,8,Soybeans Harvested Share of Harvested Cropland
MN,Wabasha County,27157,44.289634,-92.233454,county_centroid,522.933,26.583,2022,USDA NASS 2022 Ag Census Web Maps,Census Gazetteer 2024 county centroid,1.74,0.96,,44.97,8.92,5.44,28,34034,32247,45.69,7.0000000000000007E-2,23.66,0,3.27,1,Corn Grain Harvested Share of Harvested Cropland
MN,Wadena County,27159,46.586986,-94.988608,county_centroid,536.347,6.954,2022,USDA NASS 2022 Ag Census Web Maps,Census Gazetteer 2024 county centroid,18.059999999999999,,,,5.51,0.03,8,4833,6057,27.49,1.73,23.22,4.1500000000000004,4.18,3,Corn Grain Harvested Share of Harvested Cropland
MN,Waseca County,27161,44.01846,-93.589844,county_centroid,423.361,9.612,2022,USDA NASS 2022 Ag Census Web Maps,Census Gazetteer 2024 county centroid,0.92,0.06,3.31,0.17,3.87,25.67,4,1927,9701,51,0.04,46.07,0,1.46,0,Corn Grain Harvested Share of Harvested Cropland
MN,Washington County,27163,45.037929,-92.890117,county_centroid,384.753,38.557,2022,USDA NASS 2022 Ag Census Web Maps,Census Gazetteer 2024 county centroid,14.07,11.09,0.61,2.77,2.1800000000000002,,4,1016,1231,38.01,0.7,32.85,0.04,2.75,1,Corn Grain Harvested Share of Harvested Cropland
MN,Watonwan County,27165,43.978109,-94.613798,county_centroid,434.947,4.783,2022,USDA NASS 2022 Ag Census Web Maps,Census Gazetteer 2024 county centroid,0.78,0,,0,1.89,33.06,2,587,6691,55.9,0.24,41.85,0,1.32,1,Corn Grain Harvested Share of Harvested Cropland
MN,Wilkin County,27167,46.362335,-96.476657,county_centroid,751.038,0.186,2022,USDA NASS 2022 Ag Census Web Maps,Census Gazetteer 2024 county centroid,,0,,0,0.79,,1,1800,1716,30.34,14.96,41.52,0,,4,Soybeans Harvested Share of Harvested Cropland
MN,Winona County,27169,43.981353,-91.777044,county_centroid,626.191,15.45,2022,USDA NASS 2022 Ag Census Web Maps,Census Gazetteer 2024 county centroid,0.88,0.66,,46.12,9.85,2.25,29,41145,40872,45.15,0.11,23.15,0,1.28,1,Milk from Cows Market Value Share
MN,Wright County,27171,45.175091,-93.966396,county_centroid,661.144,53.244,2022,USDA NASS 2022 Ag Census Web Maps,Census Gazetteer 2024 county centroid,1.71,1.28,,14.89,8.48,,12,10278,23909,39.9,0.97,42.86,0,0.51,2,Soybeans Harvested Share of Harvested Cropland
MN,Yellow Medicine County,27173,44.715736,-95.862756,county_centroid,759.101,4.127,2022,USDA NASS 2022 Ag Census Web Maps,Census Gazetteer 2024 county centroid,,,,3.29,5.51,24.66,5,6509,18823,49.39,0.64,44.31,0,0.01,3,Corn Grain Harvested Share of Harvested Cropland
MS,Adams County,28001,31.486224,-91.351797,county_centroid,462.344,25.202,2022,USDA NASS 2022 Ag Census Web Maps,Census Gazetteer 2024 county centroid,0,0.04,0.13,0,10.31,0,4,1326,999,7.69,6.02,67.98,0,0,0,Soybeans Harvested Share of Harvested Cropland
MS,Alcorn County,28003,34.886569,-88.581109,county_centroid,400.044,1.316,2022,USDA NASS 2022 Ag Census Web Maps,Census Gazetteer 2024 county centroid,,0.13,21.27,0,9.44,0.06,8,3835,3710,10.67,,48.18,0,0.14000000000000001,2,Soybeans Harvested Share of Harvested Cropland
MS,Amite County,28005,31.203933,-90.795542,county_centroid,730.1,1.497,2022,USDA NASS 2022 Ag Census Web Maps,Census Gazetteer 2024 county centroid,0.38,0.15,84.41,,8.92,0.03,16,6135,6872,,0,0,0,0.45,2,Poultry and Eggs Market Value Share
MS,Attala County,28007,33.090468,-89.588622,county_centroid,734.957,1.709,2022,USDA NASS 2022 Ag Census Web Maps,Census Gazetteer 2024 county centroid,1.1299999999999999,0.5,,,,0,4,3304,1925,13.54,2.16,14.88,0,0.28999999999999998,3,Soybeans Harvested Share of Harvested Cropland
MS,Benton County,28009,34.809593,-89.200213,county_centroid,406.616,2.038,2022,USDA NASS 2022 Ag Census Web Maps,Census Gazetteer 2024 county centroid,0.63,,0.04,0,23.28,0.11,6,2633,4420,12.54,2.36,73.5,,0.06,2,Soybeans Harvested Share of Harvested Cropland
MS,Bolivar County,28011,33.799139,-90.88412,county_centroid,876.507,31.447,2022,USDA NASS 2022 Ag Census Web Maps,Census Gazetteer 2024 county centroid,0.06,0.1,0,0,0.26,0,1,1610,1676,4.5999999999999996,1.07,83.39,,0.02,1,Soybeans Harvested Share of Harvested Cropland
MS,Calhoun County,28013,33.936634,-89.337114,county_centroid,586.573,1.386,2022,USDA NASS 2022 Ag Census Web Maps,Census Gazetteer 2024 county centroid,50.02,0.03,0.01,0,3.94,0.05,5,6505,5417,14.25,0.65,44.57,0,16.64,0,"Vegetables, Melons, Potatoes, and Sweet Potatoes Market Value Share"
MS,Carroll County,28015,33.440795,-89.918887,county_centroid,628.388,6.197,2022,USDA NASS 2022 Ag Census Web Maps,Census Gazetteer 2024 county centroid,2.1800000000000002,0.09,0.12,0,26.8,0.04,14,9387,9663,32.43,2.56,17.559999999999999,0,0.61,0,Corn Grain Harvested Share of Harvested Cropland
MS,Chickasaw County,28017,33.933277,-88.947558,county_centroid,501.782,2.464,2022,USDA NASS 2022 Ag Census Web Maps,Census Gazetteer 2024 county centroid,17.98,,28.42,0,8.5,17.989999999999998,15,7373,11186,14.72,0.75,47.9,0,8.75,1,Soybeans Harvested Share of Harvested Cropland
MS,Choctaw County,28019,33.345964,-89.251332,county_centroid,418.197,1.658,2022,USDA NASS 2022 Ag Census Web Maps,Census Gazetteer 2024 county centroid,4.32,0,0.3,0,,,10,2466,1693,,0,0,0,1.0900000000000001,3,"Vegetables, Melons, Potatoes, and Sweet Potatoes Market Value Share"
MS,Claiborne County,28021,31.97281,-90.915424,county_centroid,487.415,13.788,2022,USDA NASS 2022 Ag Census Web Maps,Census Gazetteer 2024 county centroid,,0.14000000000000001,7.0000000000000007E-2,0,,0,7,3149,1797,,0,31.09,0,,4,Soybeans Harvested Share of Harvested Cropland
MS,Clarke County,28023,32.045374,-88.687976,county_centroid,691.576,1.959,2022,USDA NASS 2022 Ag Census Web Maps,Census Gazetteer 2024 county centroid,,1.04,82.72,0,3.15,,13,4767,3452,20.22,0,29.24,0.03,0.12,2,Poultry and Eggs Market Value Share
MS,Clay County,28025,33.65967,-88.782468,county_centroid,410.078,5.931,2022,USDA NASS 2022 Ag Census Web Maps,Census Gazetteer 2024 county centroid,,1.02,,0,13.03,45.09,10,8674,7624,23.24,2,26.62,0,0.11,2,Hogs and Pigs Market Value Share
MS,Coahoma County,28027,34.230316,-90.60401,county_centroid,553.102,29.933,2022,USDA NASS 2022 Ag Census Web Maps,Census Gazetteer 2024 county centroid,0.01,0.09,,0,0.1,0,0,424,284,12.76,3.18,54.24,0,0.01,1,Soybeans Harvested Share of Harvested Cropland
MS,Copiah County,28029,31.866915,-90.448758,county_centroid,777.285,2.179,2022,USDA NASS 2022 Ag Census Web Maps,Census Gazetteer 2024 county centroid,0.32,0.24,84.5,,,,17,11283,10919,,0,10.61,0,1.95,4,Poultry and Eggs Market Value Share
MS,Covington County,28031,31.633331,-89.548897,county_centroid,413.819,1.112,2022,USDA NASS 2022 Ag Census Web Maps,Census Gazetteer 2024 county centroid,0.1,,80.63,0,16.38,,46,8021,42679,3.25,,16.3,0,0.66,3,Poultry and Eggs Market Value Share
MS,DeSoto County,28033,34.874922,-89.991211,county_centroid,476.394,19.395,2022,USDA NASS 2022 Ag Census Web Maps,Census Gazetteer 2024 county centroid,,0.82,,0,2.35,,3,2657,1818,11.91,4.32,65.2,,0.17,4,Soybeans Harvested Share of Harvested Cropland
MS,Forrest County,28035,31.18858,-89.259447,county_centroid,466.042,4.198,2022,USDA NASS 2022 Ag Census Web Maps,Census Gazetteer 2024 county centroid,4.07,,48.38,,11.93,,15,2870,2123,,0,0,0.05,3.44,4,Poultry and Eggs Market Value Share
MS,Franklin County,28037,31.477773,-90.895457,county_centroid,563.964,2.8,2022,USDA NASS 2022 Ag Census Web Maps,Census Gazetteer 2024 county centroid,6.36,,1.02,0,42.62,0.27,7,2345,1194,0,0,29.01,,0.81,2,Cattle and Calves Market Value Share
MS,George County,28039,30.855431,-88.642268,county_centroid,478.699,4.954,2022,USDA NASS 2022 Ag Census Web Maps,Census Gazetteer 2024 county centroid,10.85,2.19,0.73,0,13.29,0.45,14,5035,3623,8.2899999999999991,3.79,6.61,0.04,4.0199999999999996,0,Cattle and Calves Market Value Share
MS,Greene County,28041,31.212845,-88.634811,county_centroid,712.738,5.958,2022,USDA NASS 2022 Ag Census Web Maps,Census Gazetteer 2024 county centroid,1.69,,82.52,0,11.88,0,30,4095,15296,11.08,0,,0.41,10.36,2,Poultry and Eggs Market Value Share
MS,Grenada County,28043,33.770031,-89.80274,county_centroid,422.122,27.282,2022,USDA NASS 2022 Ag Census Web Maps,Census Gazetteer 2024 county centroid,,0,0.14000000000000001,0,14.83,0,6,2906,2792,17.41,,24.15,0,,3,Soybeans Harvested Share of Harvested Cropland
MS,Hancock County,28045,30.391641,-89.482791,county_centroid,473.965,78.801,2022,USDA NASS 2022 Ag Census Web Maps,Census Gazetteer 2024 county centroid,1.98,,,0,,0.05,35,3305,3834,,0,,0,1.1000000000000001,5,"Vegetables, Melons, Potatoes, and Sweet Potatoes Market Value Share"
MS,Harrison County,28047,30.416536,-89.083376,county_centroid,573.636,411.052,2022,USDA NASS 2022 Ag Census Web Maps,Census Gazetteer 2024 county centroid,5.42,4.95,1.23,,33.200000000000003,,28,2298,1896,,0,0,,2.96,4,Cattle and Calves Market Value Share
MS,Hinds County,28049,32.267788,-90.466017,county_centroid,869.845,7.436,2022,USDA NASS 2022 Ag Census Web Maps,Census Gazetteer 2024 county centroid,,1.72,,0,,0.03,13,15562,14217,28.09,0.44,14.06,0.01,0.32,3,Corn Grain Harvested Share of Harvested Cropland
MS,Holmes County,28051,33.125942,-90.091197,county_centroid,756.674,7.942,2022,USDA NASS 2022 Ag Census Web Maps,Census Gazetteer 2024 county centroid,0.03,0.01,0.06,0,4.6100000000000003,,3,5490,5672,26.29,6.18,42.93,0,0,1,Soybeans Harvested Share of Harvested Cropland
MS,Humphreys County,28053,33.130996,-90.523421,county_centroid,418.68,12.554,2022,USDA NASS 2022 Ag Census Web Maps,Census Gazetteer 2024 county centroid,,0,0,0,0,0,0,,0,15.62,1.07,74.819999999999993,0,,3,Soybeans Harvested Share of Harvested Cropland
MS,Issaquena County,28055,32.755539,-91.003535,county_centroid,412.98,28.442,2022,USDA NASS 2022 Ag Census Web Maps,Census Gazetteer 2024 county centroid,0,,,0,,0,,0,,21.44,2.39,71.42,0,0,5,Soybeans Harvested Share of Harvested Cropland
MS,Itawamba County,28057,34.281075,-88.363127,county_centroid,532.795,7.655,2022,USDA NASS 2022 Ag Census Web Maps,Census Gazetteer 2024 county centroid,,,0.16,0,10.39,,6,3203,2607,4.5599999999999996,,59.34,,0.12,5,Soybeans Harvested Share of Harvested Cropland
MS,Jackson County,28059,30.456005,-88.625101,county_centroid,722.825,320.578,2022,USDA NASS 2022 Ag Census Web Maps,Census Gazetteer 2024 county centroid,,3.24,1.58,0,36,1.81,27,2124,3823,,0,,0.16,1.1100000000000001,3,Cattle and Calves Market Value Share
MS,Jasper County,28061,32.016748,-89.119176,county_centroid,676.311,1.209,2022,USDA NASS 2022 Ag Census Web Maps,Census Gazetteer 2024 county centroid,0.01,,97.66,0,1.77,,18,7183,5562,1.01,,,0,0.1,4,Poultry and Eggs Market Value Share
MS,Jefferson County,28063,31.733633,-91.043878,county_centroid,519.933,7.331,2022,USDA NASS 2022 Ag Census Web Maps,Census Gazetteer 2024 county centroid,0.82,0.01,78.22,0,3.45,,6,2465,1697,12.64,0,28.59,,0.32,2,Poultry and Eggs Market Value Share
MS,Jefferson Davis County,28065,31.564808,-89.827086,county_centroid,408.446,0.692,2022,USDA NASS 2022 Ag Census Web Maps,Census Gazetteer 2024 county centroid,,,93.95,0,3.01,,13,4792,3737,2.16,0,0,0,1.25,3,Poultry and Eggs Market Value Share
MS,Jones County,28067,31.616601,-89.168532,county_centroid,694.845,4.896,2022,USDA NASS 2022 Ag Census Web Maps,Census Gazetteer 2024 county centroid,7.0000000000000007E-2,0.21,95.77,,2.4,,22,12709,9910,,4.79,,0,0.59,4,Poultry and Eggs Market Value Share
MS,Kemper County,28069,32.750136,-88.625631,county_centroid,766.182,0.843,2022,USDA NASS 2022 Ag Census Web Maps,Census Gazetteer 2024 county centroid,0.41,,55.84,0,,0.04,8,7856,4504,,0,0,0,0.14000000000000001,3,Poultry and Eggs Market Value Share
MS,Lafayette County,28071,34.353078,-89.485385,county_centroid,631.697,47.531,2022,USDA NASS 2022 Ag Census Web Maps,Census Gazetteer 2024 county centroid,,1.3,,0,27.52,0,7,4681,4533,6.67,0,41.49,0,0.14000000000000001,2,Soybeans Harvested Share of Harvested Cropland
MS,Lamar County,28073,31.197586,-89.506369,county_centroid,496.57,3.425,2022,USDA NASS 2022 Ag Census Web Maps,Census Gazetteer 2024 county centroid,,1.22,79.41,0,12.51,0,21,5649,8297,,0,,,0.69,4,Poultry and Eggs Market Value Share
MS,Lauderdale County,28075,32.404017,-88.660451,county_centroid,703.676,11.478,2022,USDA NASS 2022 Ag Census Web Maps,Census Gazetteer 2024 county centroid,2.0099999999999998,2.08,0.7,0,26.58,0,5,2484,2110,0.28000000000000003,0,0,,0.83,1,Cattle and Calves Market Value Share
MS,Lawrence County,28077,31.550009,-90.10753,county_centroid,430.602,5.092,2022,USDA NASS 2022 Ag Census Web Maps,Census Gazetteer 2024 county centroid,7.0000000000000007E-2,0.04,94.75,0,2.2400000000000002,,21,6574,5015,0,0,43.71,,0.11,2,Poultry and Eggs Market Value Share
MS,Leake County,28079,32.76063,-89.52225,county_centroid,582.897,2.462,2022,USDA NASS 2022 Ag Census Web Maps,Census Gazetteer 2024 county centroid,0.04,0.02,97.91,0,0.85,,14,7519,5317,2.98,0,,0,0.23,2,Poultry and Eggs Market Value Share
MS,Lee County,28081,34.29237,-88.682439,county_centroid,449.965,3.21,2022,USDA NASS 2022 Ag Census Web Maps,Census Gazetteer 2024 county centroid,0.91,,,0,,0.02,8,4466,3972,4.6399999999999997,2.11,67.41,0,0.15,3,Soybeans Harvested Share of Harvested Cropland
MS,Leflore County,28083,33.54979,-90.294934,county_centroid,594.074,12.304,2022,USDA NASS 2022 Ag Census Web Maps,Census Gazetteer 2024 county centroid,0.01,0,0.01,0,0.05,0,0,323,263,21.76,1.67,61.27,0,0.01,0,Soybeans Harvested Share of Harvested Cropland
MS,Lincoln County,28085,31.535216,-90.453566,county_centroid,586.207,2.043,2022,USDA NASS 2022 Ag Census Web Maps,Census Gazetteer 2024 county centroid,0.17,,92.43,0,5.66,,24,10658,8898,0.13,0,0,0.04,0.3,2,Poultry and Eggs Market Value Share
MS,Lowndes County,28087,33.471424,-88.439723,county_centroid,505.472,10.993,2022,USDA NASS 2022 Ag Census Web Maps,Census Gazetteer 2024 county centroid,1.3,0.09,36.25,0,6,,8,5090,4165,23.76,1.61,26.05,0.01,0.64,1,Poultry and Eggs Market Value Share
MS,Madison County,28089,32.63437,-90.03416,county_centroid,714.211,27.83,2022,USDA NASS 2022 Ag Census Web Maps,Census Gazetteer 2024 county centroid,0.36,1.84,0.09,0,7.04,0,5,5258,3260,25.37,1.77,39.15,0,0.03,0,Soybeans Harvested Share of Harvested Cropland
MS,Marion County,28091,31.23151,-89.822307,county_centroid,542.361,6.259,2022,USDA NASS 2022 Ag Census Web Maps,Census Gazetteer 2024 county centroid,0.05,7.0000000000000007E-2,88.59,,5.55,0.01,23,7140,8811,,0,,0.03,0.13,3,Poultry and Eggs Market Value Share
MS,Marshall County,28093,34.76619,-89.504231,county_centroid,706.192,3.542,2022,USDA NASS 2022 Ag Census Web Maps,Census Gazetteer 2024 county centroid,0.86,0.19,0.19,0,12.95,0,8,9239,5392,13.51,4.96,50.63,,0.09,1,Soybeans Harvested Share of Harvested Cropland
MS,Monroe County,28095,33.89003,-88.485038,county_centroid,765.163,6.933,2022,USDA NASS 2022 Ag Census Web Maps,Census Gazetteer 2024 county centroid,0.49,0.31,,,6.42,0.02,5,4800,3794,24.63,1.81,39.03,0,0.06,2,Soybeans Harvested Share of Harvested Cropland
MS,Montgomery County,28097,33.500714,-89.639625,county_centroid,406.981,0.908,2022,USDA NASS 2022 Ag Census Web Maps,Census Gazetteer 2024 county centroid,7.78,0.54,0.18,0,,,4,2843,3209,9.01,,14.49,0,,4,Soybeans Harvested Share of Harvested Cropland
MS,Neshoba County,28099,32.752518,-89.119274,county_centroid,570.134,1.479,2022,USDA NASS 2022 Ag Census Web Maps,Census Gazetteer 2024 county centroid,,0.12,95.54,0,2.35,0.01,19,11157,8905,,0,0,0,0.28000000000000003,2,Poultry and Eggs Market Value Share
MS,Newton County,28101,32.40197,-89.118412,county_centroid,577.77,1.747,2022,USDA NASS 2022 Ag Census Web Maps,Census Gazetteer 2024 county centroid,0.15,0.03,93.17,0,3.47,0.01,20,11383,8448,5.27,0,26.74,0,0.18,0,Poultry and Eggs Market Value Share
MS,Noxubee County,28103,33.106606,-88.566152,county_centroid,695.158,4.822,2022,USDA NASS 2022 Ag Census Web Maps,Census Gazetteer 2024 county centroid,,,30.04,,5.77,0.92,8,6733,12637,36.39,1.25,14.06,0,0.05,3,Corn Grain Harvested Share of Harvested Cropland
MS,Oktibbeha County,28105,33.422313,-88.876151,county_centroid,458.239,3.693,2022,USDA NASS 2022 Ag Census Web Maps,Census Gazetteer 2024 county centroid,,1.43,,,30.8,,13,5685,7388,,0,7.01,0,0.23,5,Cattle and Calves Market Value Share
MS,Panola County,28107,34.365205,-89.963065,county_centroid,685.18,19.952,2022,USDA NASS 2022 Ag Census Web Maps,Census Gazetteer 2024 county centroid,0.19,1.01,0.05,0,13.83,0,6,7155,8518,6.37,9.36,43.48,,0.02,1,Soybeans Harvested Share of Harvested Cropland
MS,Pearl River County,28109,30.774793,-89.586904,county_centroid,811.325,8.019,2022,USDA NASS 2022 Ag Census Web Maps,Census Gazetteer 2024 county centroid,1.93,9.2200000000000006,1.27,2.65,42.16,,21,13051,13556,2.73,,0.28999999999999998,0.01,0.64,2,Cattle and Calves Market Value Share
MS,Perry County,28111,31.169307,-88.988755,county_centroid,647.282,2.92,2022,USDA NASS 2022 Ag Census Web Maps,Census Gazetteer 2024 county centroid,2.2999999999999998,,60.6,0,10.58,,14,3622,2401,7.53,,0,0.02,1.57,3,Poultry and Eggs Market Value Share
MS,Pike County,28113,31.177516,-90.397725,county_centroid,409.185,1.509,2022,USDA NASS 2022 Ag Census Web Maps,Census Gazetteer 2024 county centroid,0.23,0.76,88.37,,5.28,,19,7140,6176,,,6.93,0.02,0.15,4,Poultry and Eggs Market Value Share
MS,Pontotoc County,28115,34.227081,-89.037239,county_centroid,497.813,3.208,2022,USDA NASS 2022 Ag Census Web Maps,Census Gazetteer 2024 county centroid,4.5599999999999996,0.13,0.52,0,14.72,0.06,9,6818,6967,4.17,1.1000000000000001,65.95,0,0.66,0,Soybeans Harvested Share of Harvested Cropland
MS,Prentiss County,28117,34.620566,-88.522184,county_centroid,414.985,3.214,2022,USDA NASS 2022 Ag Census Web Maps,Census Gazetteer 2024 county centroid,1.47,0,,0,29.69,,13,4900,10437,8.14,,67.75,0,0.74,3,Soybeans Harvested Share of Harvested Cropland
MS,Quitman County,28119,34.252833,-90.290171,county_centroid,405.012,1.419,2022,USDA NASS 2022 Ag Census Web Maps,Census Gazetteer 2024 county centroid,0.47,,0,0,0,0,,,0,8.94,3.54,66.48,0,0.04,3,Soybeans Harvested Share of Harvested Cropland
MS,Rankin County,28121,32.267123,-89.946063,county_centroid,775.498,30.587,2022,USDA NASS 2022 Ag Census Web Maps,Census Gazetteer 2024 county centroid,,0.08,85.19,0,,0.01,17,9739,6259,7.77,5.89,46.22,0,0.24,2,Poultry and Eggs Market Value Share
MS,Scott County,28123,32.411959,-89.533486,county_centroid,609.231,1.159,2022,USDA NASS 2022 Ag Census Web Maps,Census Gazetteer 2024 county centroid,,0.08,95.14,0,3.1,,24,13306,15164,,0,14.15,0,0.19,3,Poultry and Eggs Market Value Share
MS,Sharkey County,28125,32.892395,-90.827613,county_centroid,431.72,3.4,2022,USDA NASS 2022 Ag Census Web Maps,Census Gazetteer 2024 county centroid,0,,,0,,0,,,,19.920000000000002,1.59,73.78,0,0,6,Soybeans Harvested Share of Harvested Cropland
MS,Simpson County,28127,31.902505,-89.917709,county_centroid,589.165,1.304,2022,USDA NASS 2022 Ag Census Web Maps,Census Gazetteer 2024 county centroid,0.16,,84.65,0,14.51,0,26,8711,40510,7.6,0,,0,0.79,2,Poultry and Eggs Market Value Share
MS,Smith County,28129,32.019029,-89.494876,county_centroid,636.268,1.004,2022,USDA NASS 2022 Ag Census Web Maps,Census Gazetteer 2024 county centroid,0.56000000000000005,0.01,95.52,0,2.5099999999999998,,20,10858,10018,,0,4.28,0,3.17,2,Poultry and Eggs Market Value Share
MS,Stone County,28131,30.790184,-89.112297,county_centroid,445.485,2.592,2022,USDA NASS 2022 Ag Census Web Maps,Census Gazetteer 2024 county centroid,,1.01,0.32,0,,,22,4165,3871,7.12,0,,7.0000000000000007E-2,1.17,4,Corn Grain Harvested Share of Harvested Cropland
MS,Sunflower County,28133,33.605529,-90.59509,county_centroid,697.759,9.169,2022,USDA NASS 2022 Ag Census Web Maps,Census Gazetteer 2024 county centroid,,,0,0,,0,0,69,,12.51,1.75,81.5,0,,5,Soybeans Harvested Share of Harvested Cropland
MS,Tallahatchie County,28135,33.954529,-90.172243,county_centroid,645.59,6.552,2022,USDA NASS 2022 Ag Census Web Maps,Census Gazetteer 2024 county centroid,5.67,,0.01,0,0.76,0,1,2185,1712,19.79,3.88,59,0,1.46,1,Soybeans Harvested Share of Harvested Cropland
MS,Tate County,28137,34.649553,-89.943105,county_centroid,404.763,6.213,2022,USDA NASS 2022 Ag Census Web Maps,Census Gazetteer 2024 county centroid,7.77,0.06,0.14000000000000001,8.4700000000000006,20.46,0,16,14269,9630,13.1,2.63,29.02,0,1.79,0,Soybeans Harvested Share of Harvested Cropland
MS,Tippah County,28139,34.763618,-88.918819,county_centroid,457.822,2.132,2022,USDA NASS 2022 Ag Census Web Maps,Census Gazetteer 2024 county centroid,1.21,0.01,,0,18.350000000000001,0.04,7,3326,3940,6.38,,46.45,0,0.18,2,Soybeans Harvested Share of Harvested Cropland
MS,Tishomingo County,28141,34.738835,-88.234827,county_centroid,424.297,20.222,2022,USDA NASS 2022 Ag Census Web Maps,Census Gazetteer 2024 county centroid,6.73,,,0,,7.0000000000000007E-2,9,1803,1209,,0,,0,1.0900000000000001,5,"Vegetables, Melons, Potatoes, and Sweet Potatoes Market Value Share"
MS,Tunica County,28143,34.652201,-90.37177,county_centroid,454.13,22.013,2022,USDA NASS 2022 Ag Census Web Maps,Census Gazetteer 2024 county centroid,0.01,0.01,,0,0.26,0,0,455,519,5.46,0.8,59.07,0,0.01,1,Soybeans Harvested Share of Harvested Cropland
MS,Union County,28145,34.489533,-89.002339,county_centroid,415.607,1.301,2022,USDA NASS 2022 Ag Census Web Maps,Census Gazetteer 2024 county centroid,0.56000000000000005,7.0000000000000007E-2,0.03,0,10.3,0.01,6,5024,3658,2.27,,75.72,0,0.06,1,Soybeans Harvested Share of Harvested Cropland
MS,Walthall County,28147,31.164492,-90.103431,county_centroid,403.928,0.477,2022,USDA NASS 2022 Ag Census Web Maps,Census Gazetteer 2024 county centroid,0.26,0.04,85.72,6.48,5.74,,29,11803,7893,3.5,,,0,0.21,3,Poultry and Eggs Market Value Share
MS,Warren County,28149,32.356095,-90.852384,county_centroid,588.536,30.017,2022,USDA NASS 2022 Ag Census Web Maps,Census Gazetteer 2024 county centroid,,,0.08,0,6.07,,4,2480,2278,9.4499999999999993,3.71,71.72,,0.02,4,Soybeans Harvested Share of Harvested Cropland
MS,Washington County,28151,33.273174,-90.944446,county_centroid,724.146,36.218,2022,USDA NASS 2022 Ag Census Web Maps,Census Gazetteer 2024 county centroid,,0.03,0,0,0.04,0,0,457,274,16.66,1.06,78.28,0,,2,Soybeans Harvested Share of Harvested Cropland
MS,Wayne County,28153,31.642503,-88.678214,county_centroid,810.716,2.801,2022,USDA NASS 2022 Ag Census Web Maps,Census Gazetteer 2024 county centroid,,0.14000000000000001,97.46,0,1.1299999999999999,,13,7341,5485,15.61,0,,0.05,0.99,3,Poultry and Eggs Market Value Share
MS,Webster County,28155,33.612061,-89.283961,county_centroid,421.158,2.071,2022,USDA NASS 2022 Ag Census Web Maps,Census Gazetteer 2024 county centroid,38.25,0.03,0.02,0,,,4,1343,1007,12.27,0,15.84,,12.72,3,"Vegetables, Melons, Potatoes, and Sweet Potatoes Market Value Share"
MS,Wilkinson County,28157,31.161091,-91.324617,county_centroid,678.012,9.754,2022,USDA NASS 2022 Ag Census Web Maps,Census Gazetteer 2024 county centroid,,0.76,0.17,0,80.73,,9,4088,7375,1.34,0,42.93,0,,3,Cattle and Calves Market Value Share
MS,Winston County,28159,33.078724,-89.037391,county_centroid,607.251,2.835,2022,USDA NASS 2022 Ag Census Web Maps,Census Gazetteer 2024 county centroid,,0.39,92.88,0,4.07,,11,6347,4462,,0,,,0.59,5,Poultry and Eggs Market Value Share
MS,Yalobusha County,28161,34.030666,-89.703807,county_centroid,467.151,27.854,2022,USDA NASS 2022 Ag Census Web Maps,Census Gazetteer 2024 county centroid,34.04,0.25,0.34,0,10.83,0.21,9,5010,3782,3.2,,19.28,0,9.0399999999999991,1,"Vegetables, Melons, Potatoes, and Sweet Potatoes Market Value Share"
MS,Yazoo County,28163,32.765675,-90.387928,county_centroid,922.339,11.82,2022,USDA NASS 2022 Ag Census Web Maps,Census Gazetteer 2024 county centroid,0.04,,0.05,0,3.11,0.02,4,6837,5530,20.49,4.04,35.44,0,0.01,1,Soybeans Harvested Share of Harvested Cropland
MO,Adair County,29001,40.190666,-92.603592,county_centroid,567.324,2.111,2022,USDA NASS 2022 Ag Census Web Maps,Census Gazetteer 2024 county centroid,0.23,0.37,2.35,,30.83,,13,17440,20315,13.79,1.25,45.77,0,0.02,2,Soybeans Harvested Share of Harvested Cropland
MO,Andrew County,29003,39.988863,-94.803551,county_centroid,432.634,3.734,2022,USDA NASS 2022 Ag Census Web Maps,Census Gazetteer 2024 county centroid,,,0.04,0.82,10.35,,8,6117,7395,38.64,0.41,49.22,,,5,Soybeans Harvested Share of Harvested Cropland
MO,Atchison County,29005,40.431846,-95.437555,county_centroid,547.285,2.841,2022,USDA NASS 2022 Ag Census Web Maps,Census Gazetteer 2024 county centroid,,,,0,1.44,,2,3212,2959,49.96,,47.73,0,,6,Corn Grain Harvested Share of Harvested Cropland
MO,Audrain County,29007,39.214481,-91.843418,county_centroid,692.25,4.573,2022,USDA NASS 2022 Ag Census Web Maps,Census Gazetteer 2024 county centroid,0.22,0.04,3.42,0.33,9.98,19.71,9,9927,26640,34.4,5.64,53.69,0,0.04,0,Soybeans Harvested Share of Harvested Cropland
MO,Barry County,29009,36.699376,-93.834334,county_centroid,778.122,12.708,2022,USDA NASS 2022 Ag Census Web Maps,Census Gazetteer 2024 county centroid,0.1,0.02,83.93,5.25,7.73,0.04,34,55729,46936,10.44,7.57,10.119999999999999,,0.49,1,Poultry and Eggs Market Value Share
MO,Barton County,29011,37.500799,-94.344089,county_centroid,592.03,4.692,2022,USDA NASS 2022 Ag Census Web Maps,Census Gazetteer 2024 county centroid,0.37,0.1,3.93,1.23,16.600000000000001,33.46,17,23597,30518,24.31,12.94,52.39,0,0.02,0,Soybeans Harvested Share of Harvested Cropland
MO,Bates County,29013,38.257217,-94.339246,county_centroid,836.696,14.684,2022,USDA NASS 2022 Ag Census Web Maps,Census Gazetteer 2024 county centroid,0.8,0.2,,0.26,23.3,6.62,18,37726,38891,24.69,5.45,51.33,0,0.04,1,Soybeans Harvested Share of Harvested Cropland
MO,Benton County,29015,38.301036,-93.287942,county_centroid,704.033,48.497,2022,USDA NASS 2022 Ag Census Web Maps,Census Gazetteer 2024 county centroid,0.05,0.15,66.959999999999994,1.32,13.21,,21,23875,20721,16.8,2.56,21.64,0,0.02,1,Poultry and Eggs Market Value Share
MO,Bollinger County,29017,37.318427,-90.024645,county_centroid,617.904,3.293,2022,USDA NASS 2022 Ag Census Web Maps,Census Gazetteer 2024 county centroid,0.08,0.03,,,30.07,7.0000000000000007E-2,14,12938,11429,12.52,6.42,33.85,,0,3,Soybeans Harvested Share of Harvested Cropland
MO,Boone County,29019,38.989861,-92.310202,county_centroid,685.551,5.491,2022,USDA NASS 2022 Ag Census Web Maps,Census Gazetteer 2024 county centroid,0.56000000000000005,0.86,0.4,,,,8,8905,8875,21.83,4.8,51.07,0,7.0000000000000007E-2,3,Soybeans Harvested Share of Harvested Cropland
MO,Buchanan County,29021,39.660369,-94.808173,county_centroid,408.249,6.928,2022,USDA NASS 2022 Ag Census Web Maps,Census Gazetteer 2024 county centroid,0.66,0.76,0.04,0,5.35,7.0000000000000007E-2,6,4703,4766,39.67,1.18,48.13,,0.12,1,Soybeans Harvested Share of Harvested Cropland
MO,Butler County,29023,36.71518,-90.40313,county_centroid,694.754,4.323,2022,USDA NASS 2022 Ag Census Web Maps,Census Gazetteer 2024 county centroid,0.05,0.02,0.01,0,1.24,0,2,3079,2620,13.66,3.19,56.35,0,0.01,0,Soybeans Harvested Share of Harvested Cropland
MO,Caldwell County,29025,39.658998,-93.979179,county_centroid,426.393,3.243,2022,USDA NASS 2022 Ag Census Web Maps,Census Gazetteer 2024 county centroid,0.06,,0.08,,13.5,,11,13095,11256,19.239999999999998,4.59,54.79,0,0.03,3,Soybeans Harvested Share of Harvested Cropland
MO,Callaway County,29027,38.835547,-91.923446,county_centroid,834.565,12.816,2022,USDA NASS 2022 Ag Census Web Maps,Census Gazetteer 2024 county centroid,0.51,,,,8.89,54.36,11,14876,17772,17.68,5.43,46.99,0,0.12,3,Hogs and Pigs Market Value Share
MO,Camden County,29029,38.026504,-92.765328,county_centroid,656.036,52.628,2022,USDA NASS 2022 Ag Census Web Maps,Census Gazetteer 2024 county centroid,0.39,,0.19,,54.31,20.21,16,11509,15423,2.99,0,5.71,,0.06,3,Cattle and Calves Market Value Share
MO,Cape Girardeau County,29031,37.384141,-89.685658,county_centroid,578.517,7.832,2022,USDA NASS 2022 Ag Census Web Maps,Census Gazetteer 2024 county centroid,,0.04,0.09,5.93,17.82,0.34,13,18086,24721,18.73,8.06,62.03,,0,2,Soybeans Harvested Share of Harvested Cropland
MO,Carroll County,29033,39.427375,-93.500227,county_centroid,694.622,6.77,2022,USDA NASS 2022 Ag Census Web Maps,Census Gazetteer 2024 county centroid,7.0000000000000007E-2,,0.02,,,,6,10520,10173,33.270000000000003,1.53,55.83,0,0,4,Soybeans Harvested Share of Harvested Cropland
MO,Carter County,29035,36.944858,-90.945705,county_centroid,507.359,1.662,2022,USDA NASS 2022 Ag Census Web Maps,Census Gazetteer 2024 county centroid,,2.75,0.31,,,0.03,8,3408,3278,0,0,0,,,5,"Fruits, Tree Nuts, and Berries Market Value Share"
MO,Cass County,29037,38.646474,-94.354547,county_centroid,696.615,5.777,2022,USDA NASS 2022 Ag Census Web Maps,Census Gazetteer 2024 county centroid,0.11,0.21,0.12,1.43,11.68,,12,19073,17199,22.17,1.48,51.39,,0.01,2,Soybeans Harvested Share of Harvested Cropland
MO,Cedar County,29039,37.733655,-93.850014,county_centroid,474.47,24.185,2022,USDA NASS 2022 Ag Census Web Maps,Census Gazetteer 2024 county centroid,,0.75,21.22,3.12,54.49,0.77,30,33049,35853,9.65,3.15,19.38,0,0,1,Cattle and Calves Market Value Share
MO,Chariton County,29041,39.517968,-92.96162,county_centroid,751.178,15.58,2022,USDA NASS 2022 Ag Census Web Maps,Census Gazetteer 2024 county centroid,,,0.05,0,11.27,11.67,10,16859,19217,26.77,1.38,55.38,0,,3,Soybeans Harvested Share of Harvested Cropland
MO,Christian County,29043,36.969739,-93.187614,county_centroid,562.603,1.177,2022,USDA NASS 2022 Ag Census Web Maps,Census Gazetteer 2024 county centroid,,1.1000000000000001,,12.21,60.67,0.09,27,25532,25189,1.65,0.78,0.79,,0.03,3,Cattle and Calves Market Value Share
MO,Clark County,29045,40.407275,-91.729472,county_centroid,504.606,7.219,2022,USDA NASS 2022 Ag Census Web Maps,Census Gazetteer 2024 county centroid,0.05,0,0.02,,12.98,13.35,7,5918,13644,41.73,1,47.05,0,0.01,1,Soybeans Harvested Share of Harvested Cropland
MO,Clay County,29047,39.315551,-94.421502,county_centroid,397.658,10.998,2022,USDA NASS 2022 Ag Census Web Maps,Census Gazetteer 2024 county centroid,0.15,0.39,0.16,0,45.58,,21,3480,18416,36,1.64,36.409999999999997,0,0.03,1,Cattle and Calves Market Value Share
MO,Clinton County,29049,39.608723,-94.395803,county_centroid,418.94,4.542,2022,USDA NASS 2022 Ag Census Web Maps,Census Gazetteer 2024 county centroid,0.18,0.06,0.34,,13.06,,14,10518,14950,33.39,0.38,49.34,0,0.02,2,Soybeans Harvested Share of Harvested Cropland
MO,Cole County,29051,38.503233,-92.280027,county_centroid,391.532,7.393,2022,USDA NASS 2022 Ag Census Web Maps,Census Gazetteer 2024 county centroid,0.15,0.26,18.91,5.86,35.549999999999997,0.54,22,19423,16878,8.94,2.2799999999999998,21.48,,0.01,1,Cattle and Calves Market Value Share
MO,Cooper County,29053,38.847093,-92.810069,county_centroid,564.746,4.435,2022,USDA NASS 2022 Ag Census Web Maps,Census Gazetteer 2024 county centroid,0.1,0.28000000000000003,15.41,0,16.170000000000002,,19,22564,23787,31.41,6.73,45.11,,0.01,2,Soybeans Harvested Share of Harvested Cropland
MO,Crawford County,29055,37.966559,-91.313936,county_centroid,742.477,1.277,2022,USDA NASS 2022 Ag Census Web Maps,Census Gazetteer 2024 county centroid,,,0.57999999999999996,,70.650000000000006,0.1,15,14885,14401,1.56,1.07,2.8,0,0.04,3,Cattle and Calves Market Value Share
MO,Dade County,29057,37.43235,-93.854878,county_centroid,490.01,16.244,2022,USDA NASS 2022 Ag Census Web Maps,Census Gazetteer 2024 county centroid,,,30.15,2.23,39.35,0.01,27,47073,50541,14.21,15.39,34.29,,,4,Cattle and Calves Market Value Share
MO,Dallas County,29059,37.683583,-93.033815,county_centroid,540.951,1.895,2022,USDA NASS 2022 Ag Census Web Maps,Census Gazetteer 2024 county centroid,0.52,0.15,47.66,4.4400000000000004,35.21,,33,23742,28605,5.51,2.2999999999999998,4.33,0,0.15,1,Poultry and Eggs Market Value Share
MO,Daviess County,29061,39.962839,-93.970053,county_centroid,563.282,5.763,2022,USDA NASS 2022 Ag Census Web Maps,Census Gazetteer 2024 county centroid,0.71,7.0000000000000007E-2,2.2000000000000002,0.01,3.81,25.28,5,9194,8366,20.399999999999999,1.0900000000000001,62.09,0,0.09,0,Soybeans Harvested Share of Harvested Cropland
MO,DeKalb County,29063,39.894665,-94.40719,county_centroid,421.358,4.464,2022,USDA NASS 2022 Ag Census Web Maps,Census Gazetteer 2024 county centroid,0.06,0.04,3.65,0,15.96,0,14,13535,13474,33,0.73,44.02,0,0.01,0,Soybeans Harvested Share of Harvested Cropland
MO,Dent County,29065,37.603072,-91.489717,county_centroid,752.761,1.745,2022,USDA NASS 2022 Ag Census Web Maps,Census Gazetteer 2024 county centroid,,1.82,0.14000000000000001,,80.900000000000006,0.37,19,23055,21519,0.59,0,,,0.04,4,Cattle and Calves Market Value Share
MO,Douglas County,29067,36.946517,-92.515892,county_centroid,813.623,0.973,2022,USDA NASS 2022 Ag Census Web Maps,Census Gazetteer 2024 county centroid,0.1,0.2,,16.45,68.33,0.02,22,37611,30482,0.02,,0,0,0.01,2,Cattle and Calves Market Value Share
MO,Dunklin County,29069,36.153025,-90.062254,county_centroid,541.909,5.293,2022,USDA NASS 2022 Ag Census Web Maps,Census Gazetteer 2024 county centroid,12.31,,,0,0.11,0,0,711,454,8.5500000000000007,4.88,32.65,,2.99,3,Soybeans Harvested Share of Harvested Cropland
MO,Franklin County,29071,38.413003,-91.072832,county_centroid,922.684,8.081,2022,USDA NASS 2022 Ag Census Web Maps,Census Gazetteer 2024 county centroid,,0.76,,9.9700000000000006,19.559999999999999,13.4,17,25894,19844,19.010000000000002,2.06,37.619999999999997,,0.06,3,Soybeans Harvested Share of Harvested Cropland
MO,Gasconade County,29073,38.441183,-91.50578,county_centroid,519.005,6.953,2022,USDA NASS 2022 Ag Census Web Maps,Census Gazetteer 2024 county centroid,,3.58,0.24,,49.88,0.13,20,19057,15141,8.3699999999999992,3.69,25.57,,0.11,3,Cattle and Calves Market Value Share
MO,Gentry County,29075,40.208127,-94.405321,county_centroid,491.422,0.294,2022,USDA NASS 2022 Ag Census Web Maps,Census Gazetteer 2024 county centroid,0.04,,0.16,0.03,,,15,19252,18037,27.83,0.81,46.4,0,0.01,3,Soybeans Harvested Share of Harvested Cropland
MO,Greene County,29077,37.258196,-93.340641,county_centroid,675.329,2.551,2022,USDA NASS 2022 Ag Census Web Maps,Census Gazetteer 2024 county centroid,1.06,1.54,0.41,3.58,71.930000000000007,0.79,32,35086,31291,2.2400000000000002,3.73,3.84,,0.1,1,Cattle and Calves Market Value Share
MO,Grundy County,29079,40.112541,-93.565054,county_centroid,435.293,2.748,2022,USDA NASS 2022 Ag Census Web Maps,Census Gazetteer 2024 county centroid,,0.12,0.83,1.42,8.1300000000000008,13.65,8,9807,9572,27.99,0.34,56.39,,0.01,2,Soybeans Harvested Share of Harvested Cropland
MO,Harrison County,29081,40.34562,-93.992582,county_centroid,722.517,3.888,2022,USDA NASS 2022 Ag Census Web Maps,Census Gazetteer 2024 county centroid,,,0.04,0,14.09,4.34,7,16234,18102,30.52,0.28000000000000003,49.8,,,4,Soybeans Harvested Share of Harvested Cropland
MO,Henry County,29083,38.386491,-93.792628,county_centroid,696.936,35.389,2022,USDA NASS 2022 Ag Census Web Maps,Census Gazetteer 2024 county centroid,,0.1,0.48,0,30.12,17.52,20,36095,40281,17.48,5.53,49.54,,0,2,Soybeans Harvested Share of Harvested Cropland
MO,Hickory County,29085,37.93691,-93.322988,county_centroid,398.808,12.917,2022,USDA NASS 2022 Ag Census Web Maps,Census Gazetteer 2024 county centroid,1.18,,1.81,15.36,49.39,,23,21730,21472,8.2899999999999991,,23.75,,0.13,4,Cattle and Calves Market Value Share
MO,Holt County,29087,40.095724,-95.219072,county_centroid,462.693,7.66,2022,USDA NASS 2022 Ag Census Web Maps,Census Gazetteer 2024 county centroid,0.01,,0,0,,,2,2433,1926,51.04,0.23,46.81,0,0,3,Corn Grain Harvested Share of Harvested Cropland
MO,Howard County,29089,39.143365,-92.695926,county_centroid,463.801,7.666,2022,USDA NASS 2022 Ag Census Web Maps,Census Gazetteer 2024 county centroid,0.05,,0.28000000000000003,0,12.47,,8,9240,9325,34.97,3.03,44.72,,0.01,3,Soybeans Harvested Share of Harvested Cropland
MO,Howell County,29091,36.774369,-91.887368,county_centroid,927.177,1.127,2022,USDA NASS 2022 Ag Census Web Maps,Census Gazetteer 2024 county centroid,0.16,0.4,6.22,1.32,84.24,0.06,26,44953,59253,,0.7,1.65,0,0.02,1,Cattle and Calves Market Value Share
MO,Iron County,29093,37.625971,-90.699587,county_centroid,550.263,1.802,2022,USDA NASS 2022 Ag Census Web Maps,Census Gazetteer 2024 county centroid,1.65,1.02,1.49,0,67.52,0.17,14,4785,3841,0,0,0,0,0.09,0,Cattle and Calves Market Value Share
MO,Jackson County,29095,39.005364,-94.343211,county_centroid,604.52,11.823,2022,USDA NASS 2022 Ag Census Web Maps,Census Gazetteer 2024 county centroid,1.08,0.55000000000000004,0.48,0.28000000000000003,23.47,,12,4315,7938,30.34,1.43,46.88,0,0.13,1,Soybeans Harvested Share of Harvested Cropland
MO,Jasper County,29097,37.205197,-94.337259,county_centroid,638.506,2.766,2022,USDA NASS 2022 Ag Census Web Maps,Census Gazetteer 2024 county centroid,,,30.12,4.04,29.83,,22,33322,33265,14.96,19.2,47.67,0,,4,Soybeans Harvested Share of Harvested Cropland
MO,Jefferson County,29099,38.25763,-90.543681,county_centroid,656.264,7.823,2022,USDA NASS 2022 Ag Census Web Maps,Census Gazetteer 2024 county centroid,3.35,,0.73,4.53,21.72,0.47,10,5773,5157,16.920000000000002,5.96,25.49,0,0.27,1,Soybeans Harvested Share of Harvested Cropland
MO,Johnson County,29101,38.741528,-93.811863,county_centroid,829.262,3.929,2022,USDA NASS 2022 Ag Census Web Maps,Census Gazetteer 2024 county centroid,0.12,,36.119999999999997,0.3,17.13,,19,39786,44971,22.4,1.79,42.07,0,0.03,2,Soybeans Harvested Share of Harvested Cropland
MO,Knox County,29103,40.136856,-92.146835,county_centroid,504.01,2.82,2022,USDA NASS 2022 Ag Census Web Maps,Census Gazetteer 2024 county centroid,,,2.68,1.72,23.57,12.6,16,11493,30347,29.49,2.46,51.07,0,0,2,Soybeans Harvested Share of Harvested Cropland
MO,Laclede County,29105,37.659698,-92.594843,county_centroid,764.627,3.367,2022,USDA NASS 2022 Ag Census Web Maps,Census Gazetteer 2024 county centroid,0.56999999999999995,0.33,4.22,16.84,59.31,,26,43511,37713,2.6,0.23,2.1,0,0.06,1,Cattle and Calves Market Value Share
MO,Lafayette County,29107,39.068705,-93.802639,county_centroid,628.284,10.449,2022,USDA NASS 2022 Ag Census Web Maps,Census Gazetteer 2024 county centroid,0.13,4.37,0.04,,11.29,7.29,11,12801,22943,40.630000000000003,1.68,47.35,,0.02,2,Soybeans Harvested Share of Harvested Cropland
MO,Lawrence County,29109,37.106611,-93.830542,county_centroid,611.753,1.625,2022,USDA NASS 2022 Ag Census Web Maps,Census Gazetteer 2024 county centroid,,0.56000000000000005,57.28,2.0299999999999998,29.24,,37,52967,68456,8.61,8.2200000000000006,13.33,,0.03,3,Poultry and Eggs Market Value Share
MO,Lewis County,29111,40.084559,-91.728803,county_centroid,505.018,5.778,2022,USDA NASS 2022 Ag Census Web Maps,Census Gazetteer 2024 county centroid,,0.09,0.02,,,,7,9588,9270,42.73,0.89,46.64,,0.01,5,Soybeans Harvested Share of Harvested Cropland
MO,Lincoln County,29113,39.062255,-90.962916,county_centroid,626.563,13.9,2022,USDA NASS 2022 Ag Census Web Maps,Census Gazetteer 2024 county centroid,,0.26,,,,0.89,5,5927,7097,27.43,3.88,54.65,0,0.03,4,Soybeans Harvested Share of Harvested Cropland
MO,Linn County,29115,39.86444,-93.108019,county_centroid,615.588,5.788,2022,USDA NASS 2022 Ag Census Web Maps,Census Gazetteer 2024 county centroid,0.06,,,1.51,23.4,,15,22288,25449,19.03,3.66,49.6,0,0.01,3,Soybeans Harvested Share of Harvested Cropland
MO,Livingston County,29117,39.778587,-93.548201,county_centroid,532.303,6.25,2022,USDA NASS 2022 Ag Census Web Maps,Census Gazetteer 2024 county centroid,0.11,,0.01,0.69,4.59,8.2200000000000006,4,6105,6353,20.62,1.43,68.930000000000007,,0.02,2,Soybeans Harvested Share of Harvested Cropland
MO,McDonald County,29119,36.627955,-94.343716,county_centroid,539.445,0.201,2022,USDA NASS 2022 Ag Census Web Maps,Census Gazetteer 2024 county centroid,0.27,,89.85,0.11,8.15,,24,26311,23029,0.92,,0,,0.3,4,Poultry and Eggs Market Value Share
MO,Macon County,29121,39.829795,-92.56434,county_centroid,801.208,11.163,2022,USDA NASS 2022 Ag Census Web Maps,Census Gazetteer 2024 county centroid,0.61,0.05,0.1,0.2,17.97,11.59,10,23325,28628,17.75,1.1599999999999999,54.11,,0.01,1,Soybeans Harvested Share of Harvested Cropland
MO,Madison County,29123,37.474481,-90.343413,county_centroid,494.386,3.214,2022,USDA NASS 2022 Ag Census Web Maps,Census Gazetteer 2024 county centroid,,,,,40.92,,20,9337,10764,1.26,0,9.94,0,,6,Cattle and Calves Market Value Share
MO,Maries County,29125,38.162615,-91.923601,county_centroid,526.981,2.947,2022,USDA NASS 2022 Ag Census Web Maps,Census Gazetteer 2024 county centroid,0.16,0.28000000000000003,0.23,0.43,56.18,31.51,24,26136,27076,5.46,0.96,5.68,,0.05,1,Cattle and Calves Market Value Share
MO,Marion County,29127,39.807538,-91.635379,county_centroid,436.931,7.371,2022,USDA NASS 2022 Ag Census Web Maps,Census Gazetteer 2024 county centroid,7.0000000000000007E-2,,0.03,0,6.77,16.32,8,5833,8899,39.94,3.97,48.16,,0.01,2,Soybeans Harvested Share of Harvested Cropland
MO,Mercer County,29129,40.421413,-93.567631,county_centroid,453.835,1.275,2022,USDA NASS 2022 Ag Census Web Maps,Census Gazetteer 2024 county centroid,,,,0,12.8,33.4,11,12152,12945,28.83,1.27,48.5,,0.01,4,Soybeans Harvested Share of Harvested Cropland
MO,Miller County,29131,38.21668,-92.429876,county_centroid,592.573,7.419,2022,USDA NASS 2022 Ag Census Web Maps,Census Gazetteer 2024 county centroid,,0.31,37.53,,22.26,32.299999999999997,26,33432,35425,6.49,1.73,9.58,,,4,Poultry and Eggs Market Value Share
MO,Mississippi County,29133,36.826264,-89.295929,county_centroid,411.596,17.187,2022,USDA NASS 2022 Ag Census Web Maps,Census Gazetteer 2024 county centroid,,0,0,0,,0,,,,20.66,14.8,72.89,,,7,Soybeans Harvested Share of Harvested Cropland
MO,Moniteau County,29135,38.633037,-92.583642,county_centroid,415.033,3.838,2022,USDA NASS 2022 Ag Census Web Maps,Census Gazetteer 2024 county centroid,0.68,0.09,66.78,1.25,16.04,1.1200000000000001,29,27627,30103,16.260000000000002,4.33,24.66,0,0.17,0,Poultry and Eggs Market Value Share
MO,Monroe County,29137,39.49827,-92.006458,county_centroid,647.64,22.525,2022,USDA NASS 2022 Ag Census Web Maps,Census Gazetteer 2024 county centroid,,0.1,0.05,0,9.23,24.98,8,10316,13609,28.62,2.83,58.16,0,0.01,1,Soybeans Harvested Share of Harvested Cropland
MO,Montgomery County,29139,38.935184,-91.465427,county_centroid,535.047,5.444,2022,USDA NASS 2022 Ag Census Web Maps,Census Gazetteer 2024 county centroid,,0.06,0.06,0.37,8.74,,7,7376,8102,31.82,4.91,51.28,,0.02,3,Soybeans Harvested Share of Harvested Cropland
MO,Morgan County,29141,38.420806,-92.874835,county_centroid,597.635,16.377,2022,USDA NASS 2022 Ag Census Web Maps,Census Gazetteer 2024 county centroid,0.13,0.06,76.67,1.34,6.76,9.91,24,28752,27260,10.57,4.51,19.920000000000002,0,0.14000000000000001,0,Poultry and Eggs Market Value Share
MO,New Madrid County,29143,36.594261,-89.655948,county_centroid,674.884,21.713,2022,USDA NASS 2022 Ag Census Web Maps,Census Gazetteer 2024 county centroid,0,,,0,,0,,,,11.54,2.61,56.79,0,0,6,Soybeans Harvested Share of Harvested Cropland
MO,Newton County,29145,36.908371,-94.335034,county_centroid,624.755,1.82,2022,USDA NASS 2022 Ag Census Web Maps,Census Gazetteer 2024 county centroid,0.12,0.08,90.91,0.4,6.18,0.01,34,43105,38843,5.13,7.2,11.68,,0.08,1,Poultry and Eggs Market Value Share
MO,Nodaway County,29147,40.361136,-94.883146,county_centroid,876.964,0.912,2022,USDA NASS 2022 Ag Census Web Maps,Census Gazetteer 2024 county centroid,0.17,,0.06,,11.22,0.15,10,21065,23121,40.56,0.62,45.85,0,0,2,Soybeans Harvested Share of Harvested Cropland
MO,Oregon County,29149,36.68531,-91.401827,county_centroid,789.844,1.748,2022,USDA NASS 2022 Ag Census Web Maps,Census Gazetteer 2024 county centroid,0.18,0.16,2.0099999999999998,1.43,88.19,0.05,22,29512,33350,0,0,0,,0.03,1,Cattle and Calves Market Value Share
MO,Osage County,29151,38.464253,-91.859504,county_centroid,606.58,6.847,2022,USDA NASS 2022 Ag Census Web Maps,Census Gazetteer 2024 county centroid,0.06,,40.950000000000003,0.69,29.02,4.7300000000000004,23,39344,36349,14.45,2.4900000000000002,19.62,,0.01,2,Poultry and Eggs Market Value Share
MO,Ozark County,29153,36.64959,-92.458549,county_centroid,745.006,10.273,2022,USDA NASS 2022 Ag Census Web Maps,Census Gazetteer 2024 county centroid,0.04,0.53,,2.0499999999999998,89.57,0.02,22,21095,35629,,0,,,0.01,4,Cattle and Calves Market Value Share
MO,Pemiscot County,29155,36.209916,-89.785942,county_centroid,492.605,20.817,2022,USDA NASS 2022 Ag Census Web Maps,Census Gazetteer 2024 county centroid,,0.02,,0,,,,,,7.38,7.41,67.42,0,0.01,7,Soybeans Harvested Share of Harvested Cropland
MO,Perry County,29157,37.71113,-89.802125,county_centroid,474.355,9.805,2022,USDA NASS 2022 Ag Census Web Maps,Census Gazetteer 2024 county centroid,0.05,0.01,,2.73,46.84,0.24,19,12737,36278,24.63,10.220000000000001,46.33,0,0.02,1,Cattle and Calves Market Value Share
MO,Pettis County,29159,38.727388,-93.28519,county_centroid,682.237,4.042,2022,USDA NASS 2022 Ag Census Web Maps,Census Gazetteer 2024 county centroid,0.01,,49.14,0.25,5.47,17.62,14,26645,19798,27.71,3.77,45.19,0,,2,Poultry and Eggs Market Value Share
MO,Phelps County,29161,37.866326,-91.790349,county_centroid,671.787,2.535,2022,USDA NASS 2022 Ag Census Web Maps,Census Gazetteer 2024 county centroid,0.35,4.37,0.79,1.64,72.44,0.57999999999999996,18,16492,12999,0,0,,0,0.17,1,Cattle and Calves Market Value Share
MO,Pike County,29163,39.339959,-91.171607,county_centroid,670.439,14.277,2022,USDA NASS 2022 Ag Census Web Maps,Census Gazetteer 2024 county centroid,,0,0.02,,11.57,13.61,9,14908,18447,27.85,2.44,54.67,0,,3,Soybeans Harvested Share of Harvested Cropland
MO,Platte County,29165,39.37869,-94.761476,county_centroid,419.823,6.524,2022,USDA NASS 2022 Ag Census Web Maps,Census Gazetteer 2024 county centroid,,2.1,0.06,0,8.7899999999999991,,7,6350,6670,36.01,0.45,50.71,,0.08,3,Soybeans Harvested Share of Harvested Cropland
MO,Polk County,29167,37.616761,-93.400817,county_centroid,635.527,6.887,2022,USDA NASS 2022 Ag Census Web Maps,Census Gazetteer 2024 county centroid,0.15,0.32,31.03,6.82,49.37,0.74,32,59505,55605,1.99,1.94,10.71,0,0.03,0,Cattle and Calves Market Value Share
MO,Pulaski County,29169,37.824835,-92.207022,county_centroid,547.112,4.368,2022,USDA NASS 2022 Ag Census Web Maps,Census Gazetteer 2024 county centroid,0.28000000000000003,0.56000000000000005,0.17,,34.28,53.17,15,9368,8883,6.34,0,6.56,0,0.05,1,Hogs and Pigs Market Value Share
MO,Putnam County,29171,40.478606,-93.014531,county_centroid,517.317,2.294,2022,USDA NASS 2022 Ag Census Web Maps,Census Gazetteer 2024 county centroid,0.12,,,,25.23,41.31,15,21602,33366,16.07,1.31,42.86,0,0.01,3,Soybeans Harvested Share of Harvested Cropland
MO,Ralls County,29173,39.553455,-91.524787,county_centroid,469.793,14.04,2022,USDA NASS 2022 Ag Census Web Maps,Census Gazetteer 2024 county centroid,,0.11,0.03,0,4.42,10.050000000000001,4,4201,4521,32.47,1.48,57.66,0,0.01,1,Soybeans Harvested Share of Harvested Cropland
MO,Randolph County,29175,39.439249,-92.492959,county_centroid,482.713,5.117,2022,USDA NASS 2022 Ag Census Web Maps,Census Gazetteer 2024 county centroid,,0.35,0.3,0,17.059999999999999,13,10,9715,17393,26.32,3.83,51.81,0,0.03,1,Soybeans Harvested Share of Harvested Cropland
MO,Ray County,29177,39.308401,-93.995746,county_centroid,568.979,5.181,2022,USDA NASS 2022 Ag Census Web Maps,Census Gazetteer 2024 county centroid,0.24,0.18,7.0000000000000007E-2,,15.7,,13,16107,18696,27.23,1.64,51.84,0,0.03,2,Soybeans Harvested Share of Harvested Cropland
MO,Reynolds County,29179,37.366464,-90.972282,county_centroid,808.477,5.936,2022,USDA NASS 2022 Ag Census Web Maps,Census Gazetteer 2024 county centroid,,0,2.62,,85.44,,14,6183,4934,0,0,0,0,,4,Cattle and Calves Market Value Share
MO,Ripley County,29181,36.65017,-90.874834,county_centroid,629.516,2.106,2022,USDA NASS 2022 Ag Census Web Maps,Census Gazetteer 2024 county centroid,0.23,0.05,32.85,0,31.68,0.16,22,16789,12466,4.84,0,30.85,0,0.03,0,Poultry and Eggs Market Value Share
MO,St. Charles County,29183,38.781102,-90.674915,county_centroid,560.501,31.917,2022,USDA NASS 2022 Ag Census Web Maps,Census Gazetteer 2024 county centroid,,1.3,7.0000000000000007E-2,1.1200000000000001,2.61,7.86,3,2288,2305,33.5,2.95,58.05,,0.04,2,Soybeans Harvested Share of Harvested Cropland
MO,St. Clair County,29185,38.04223,-93.77656,county_centroid,674.981,27.08,2022,USDA NASS 2022 Ag Census Web Maps,Census Gazetteer 2024 county centroid,0.65,0.13,9.27,,43.79,0.01,18,29775,28934,12.95,6.17,41.49,,0.03,2,Cattle and Calves Market Value Share
MO,Ste. Genevieve County,29186,37.885845,-90.161531,county_centroid,499.163,7.611,2022,USDA NASS 2022 Ag Census Web Maps,Census Gazetteer 2024 county centroid,0.19,,0.21,0,17.239999999999998,,11,9615,9373,24.19,4.13,40.619999999999997,,0.01,3,Soybeans Harvested Share of Harvested Cropland
MO,St. Francois County,29187,37.810707,-90.473868,county_centroid,451.886,2.787,2022,USDA NASS 2022 Ag Census Web Maps,Census Gazetteer 2024 county centroid,,1.01,0.6,,42.7,0.2,17,9014,9826,4.84,1.84,13.25,,0.99,3,Cattle and Calves Market Value Share
MO,St. Louis County,29189,38.640688,-90.446073,county_centroid,507.995,15.371,2022,USDA NASS 2022 Ag Census Web Maps,Census Gazetteer 2024 county centroid,6.32,1.59,0.22,0,0.38,0,2,205,153,24.68,6.56,56.49,0.04,2.19,0,Soybeans Harvested Share of Harvested Cropland
MO,Saline County,29195,39.13584,-93.204164,county_centroid,755.51,11.406,2022,USDA NASS 2022 Ag Census Web Maps,Census Gazetteer 2024 county centroid,0.1,,0,0,3.06,22.63,5,9094,11483,47.91,1.95,45.53,,0.03,2,Corn Grain Harvested Share of Harvested Cropland
MO,Schuyler County,29197,40.469361,-92.519016,county_centroid,307.305,0.856,2022,USDA NASS 2022 Ag Census Web Maps,Census Gazetteer 2024 county centroid,0.16,,,7.0000000000000007E-2,32.08,23.02,22,14431,23492,18.96,0.22,35.729999999999997,0,,3,Soybeans Harvested Share of Harvested Cropland
MO,Scotland County,29199,40.447686,-92.142824,county_centroid,436.507,2.787,2022,USDA NASS 2022 Ag Census Web Maps,Census Gazetteer 2024 county centroid,0.02,,3.66,4.82,15.26,38.270000000000003,14,12678,25446,31.75,1.54,43.62,0,0.01,1,Soybeans Harvested Share of Harvested Cropland
MO,Scott County,29201,37.047793,-89.568098,county_centroid,420.006,5.859,2022,USDA NASS 2022 Ag Census Web Maps,Census Gazetteer 2024 county centroid,0.55000000000000004,0.02,20.010000000000002,,,,2,2520,1872,31.44,10.15,52.58,,0.22,4,Soybeans Harvested Share of Harvested Cropland
MO,Shannon County,29203,37.152498,-91.391328,county_centroid,1003.82,0.179,2022,USDA NASS 2022 Ag Census Web Maps,Census Gazetteer 2024 county centroid,,,0.28000000000000003,0,91.21,,20,15089,13400,0,0,0,0,0.04,3,Cattle and Calves Market Value Share
MO,Shelby County,29205,39.797531,-92.088719,county_centroid,500.863,1.454,2022,USDA NASS 2022 Ag Census Web Maps,Census Gazetteer 2024 county centroid,,0.04,,0,4.96,29.08,6,7692,9791,26.47,1.1100000000000001,64.44,0,0,2,Soybeans Harvested Share of Harvested Cropland
MO,Stoddard County,29207,36.851557,-89.947481,county_centroid,823.142,5.802,2022,USDA NASS 2022 Ag Census Web Maps,Census Gazetteer 2024 county centroid,0.02,0.02,12.79,,1.63,0,2,2749,5259,19.78,4.9000000000000004,42.59,,0.01,2,Soybeans Harvested Share of Harvested Cropland
MO,Stone County,29209,36.745822,-93.457842,county_centroid,463.814,46.798,2022,USDA NASS 2022 Ag Census Web Maps,Census Gazetteer 2024 county centroid,0.57999999999999996,1.93,71.67,1.39,18.22,0.05,23,11955,9422,1.48,0,,0,0.14000000000000001,1,Poultry and Eggs Market Value Share
MO,Sullivan County,29211,40.209587,-93.109783,county_centroid,647.982,3.522,2022,USDA NASS 2022 Ag Census Web Maps,Census Gazetteer 2024 county centroid,,,,0,11.22,66.209999999999994,12,19565,20269,13.25,1.1000000000000001,37.39,0,,4,Hogs and Pigs Market Value Share
MO,Taney County,29213,36.649827,-93.042819,county_centroid,632.263,19.344,2022,USDA NASS 2022 Ag Census Web Maps,Census Gazetteer 2024 county centroid,0.62,,,,23.57,,13,7438,6802,0,0,,,0.11,6,Cattle and Calves Market Value Share
MO,Texas County,29215,37.314257,-91.964478,county_centroid,1177.267,1.958,2022,USDA NASS 2022 Ag Census Web Maps,Census Gazetteer 2024 county centroid,0.62,0.39,1.62,13.29,70.180000000000007,0.06,25,53967,56207,,0.31,,0,0.05,2,Cattle and Calves Market Value Share
MO,Vernon County,29217,37.850196,-94.341597,county_centroid,826.391,10.433,2022,USDA NASS 2022 Ag Census Web Maps,Census Gazetteer 2024 county centroid,0.48,0.44,7.14,,13.09,40.96,15,40444,37131,23.97,7.09,49.27,0,0.06,1,Soybeans Harvested Share of Harvested Cropland
MO,Warren County,29219,38.761902,-91.159306,county_centroid,428.592,9.128,2022,USDA NASS 2022 Ag Census Web Maps,Census Gazetteer 2024 county centroid,0.54,,0.12,0,7.96,,7,3944,3552,28.07,3.64,52.86,0,0.08,2,Soybeans Harvested Share of Harvested Cropland
MO,Washington County,29221,37.942611,-90.897018,county_centroid,759.866,2.622,2022,USDA NASS 2022 Ag Census Web Maps,Census Gazetteer 2024 county centroid,0.92,2.0299999999999998,0.8,,69.03,0.75,10,4921,5068,,,7.07,0,0.09,3,Cattle and Calves Market Value Share
MO,Wayne County,29223,37.111074,-90.453931,county_centroid,759.186,14.879,2022,USDA NASS 2022 Ag Census Web Maps,Census Gazetteer 2024 county centroid,,1.31,,,70.16,0.33,14,5542,6663,1.73,,14.55,0,,5,Cattle and Calves Market Value Share
MO,Webster County,29225,37.280804,-92.87608,county_centroid,592.563,1.201,2022,USDA NASS 2022 Ag Census Web Maps,Census Gazetteer 2024 county centroid,0.72,,16.600000000000001,7.53,60.32,,28,37431,47528,3.22,0.45,1.79,0,0.1,2,Cattle and Calves Market Value Share
MO,Worth County,29227,40.480499,-94.419198,county_centroid,266.629,0.191,2022,USDA NASS 2022 Ag Census Web Maps,Census Gazetteer 2024 county centroid,0,0.08,,,12.32,17.760000000000002,7,6265,6005,23.71,0.45,48.44,0,0,2,Soybeans Harvested Share of Harvested Cropland
MO,Wright County,29229,37.267633,-92.479989,county_centroid,681.774,1.362,2022,USDA NASS 2022 Ag Census Web Maps,Census Gazetteer 2024 county centroid,0.47,0.69,5.83,24.04,59.3,,26,42724,36292,0.06,,,0,0.06,3,Cattle and Calves Market Value Share
MT,Beaverhead County,30001,45.133863,-112.892869,county_centroid,5542.687,30.249,2022,USDA NASS 2022 Ag Census Web Maps,Census Gazetteer 2024 county centroid,,0,0,0,74.14,0,11,63048,77333,0,5.15,0,,,3,Cattle and Calves Market Value Share
MT,Big Horn County,30003,45.407868,-107.518162,county_centroid,4997.778,18.299,2022,USDA NASS 2022 Ag Census Web Maps,Census Gazetteer 2024 county centroid,,0,,0,52.84,,3,58245,55837,1.62,39.78,0,0,,4,Cattle and Calves Market Value Share
MT,Blaine County,30005,48.428282,-108.967648,county_centroid,4227.517,11.228,2022,USDA NASS 2022 Ag Census Web Maps,Census Gazetteer 2024 county centroid,,0,,,41.08,,3,34210,36912,,61.92,0,,,7,All Wheat Harvested Share of Harvested Cropland
MT,Broadwater County,30007,46.329849,-111.497873,county_centroid,1192.359,45.748,2022,USDA NASS 2022 Ag Census Web Maps,Census Gazetteer 2024 county centroid,17.329999999999998,,0.19,,,0.09,3,10395,12248,0.27,36.47,,1.99,2.0099999999999998,4,All Wheat Harvested Share of Harvested Cropland
MT,Carbon County,30009,45.224468,-109.028554,county_centroid,2047.889,13.52,2022,USDA NASS 2022 Ag Census Web Maps,Census Gazetteer 2024 county centroid,0.03,,,,56.57,0.08,7,26167,33284,7.72,6.25,0,0,0,3,Cattle and Calves Market Value Share
MT,Carter County,30011,45.516825,-104.515324,county_centroid,3340.477,7.53,2022,USDA NASS 2022 Ag Census Web Maps,Census Gazetteer 2024 county centroid,0,0,,,74.680000000000007,0,4,43422,40645,0.76,17.260000000000002,0,0,0,2,Cattle and Calves Market Value Share
MT,Cascade County,30013,47.316575,-111.350262,county_centroid,2698.206,13.249,2022,USDA NASS 2022 Ag Census Web Maps,Census Gazetteer 2024 county centroid,,,2.17,3.97,39.21,13.7,5,44375,43594,0.65,39.99,0,0.01,0.02,2,All Wheat Harvested Share of Harvested Cropland
MT,Chouteau County,30015,47.886834,-110.4362,county_centroid,3972.52,24.175,2022,USDA NASS 2022 Ag Census Web Maps,Census Gazetteer 2024 county centroid,,0,,0,14.68,,1,23425,27679,0.31,67.489999999999995,0,,,5,All Wheat Harvested Share of Harvested Cropland
MT,Custer County,30017,46.261414,-105.550352,county_centroid,3783.309,9.889,2022,USDA NASS 2022 Ag Census Web Maps,Census Gazetteer 2024 county centroid,,,0.02,,77.95,0,4,50067,61825,1.44,10.59,0,,,5,Cattle and Calves Market Value Share
MT,Daniels County,30019,48.794429,-105.541739,county_centroid,1426.27,0.394,2022,USDA NASS 2022 Ag Census Web Maps,Census Gazetteer 2024 county centroid,0.05,0,,0,6.21,,1,5751,6170,,60.05,,,,6,All Wheat Harvested Share of Harvested Cropland
MT,Dawson County,30021,47.26613,-104.898271,county_centroid,2371.926,11.538,2022,USDA NASS 2022 Ag Census Web Maps,Census Gazetteer 2024 county centroid,,0,,0,23.39,0,3,21358,21336,2.11,62.64,0.37,0,,3,All Wheat Harvested Share of Harvested Cropland
MT,Deer Lodge County,30023,46.094672,-113.141624,county_centroid,736.683,4.71,2022,USDA NASS 2022 Ag Census Web Maps,Census Gazetteer 2024 county centroid,0,0,,,73.849999999999994,0.25,10,3897,3517,0,,0,0,0,3,Cattle and Calves Market Value Share
MT,Fallon County,30025,46.318184,-104.405718,county_centroid,1620.595,2.284,2022,USDA NASS 2022 Ag Census Web Maps,Census Gazetteer 2024 county centroid,0,0,0.01,0,58.61,0.01,4,22147,23877,2.04,22.05,0,0,0,0,Cattle and Calves Market Value Share
MT,Fergus County,30027,47.221816,-109.232956,county_centroid,4339.329,10.695,2022,USDA NASS 2022 Ag Census Web Maps,Census Gazetteer 2024 county centroid,,0,0.05,,53.53,0.03,4,74038,70793,0.35,41.65,0,,,4,Cattle and Calves Market Value Share
MT,Flathead County,30029,48.295422,-114.052059,county_centroid,5087.302,168.711,2022,USDA NASS 2022 Ag Census Web Maps,Census Gazetteer 2024 county centroid,11.56,1,0.5,,,1.99,6,5141,5972,7.0000000000000007E-2,20.71,0,1.31,1.41,2,All Wheat Harvested Share of Harvested Cropland
MT,Gallatin County,30031,45.518054,-111.163921,county_centroid,2605.354,28.421,2022,USDA NASS 2022 Ag Census Web Maps,Census Gazetteer 2024 county centroid,20.52,0.03,0.24,6.27,22.34,,5,15872,27552,0.87,34.869999999999997,,3.66,3.78,2,All Wheat Harvested Share of Harvested Cropland
MT,Garfield County,30033,47.267184,-106.995991,county_centroid,4676.56,172.535,2022,USDA NASS 2022 Ag Census Web Maps,Census Gazetteer 2024 county centroid,,0,,0,62.03,,3,42394,40624,1.53,46.65,0,,,5,Cattle and Calves Market Value Share
MT,Glacier County,30035,48.705671,-112.990502,county_centroid,2995.151,40.805,2022,USDA NASS 2022 Ag Census Web Maps,Census Gazetteer 2024 county centroid,,0,8.24,4.18,26.68,7.39,3,25787,25993,0,42.98,0,,,3,All Wheat Harvested Share of Harvested Cropland
MT,Golden Valley County,30037,46.380624,-109.174586,county_centroid,1174.423,1.012,2022,USDA NASS 2022 Ag Census Web Maps,Census Gazetteer 2024 county centroid,,,,,37.35,,2,9769,9899,0,52.04,0,0,,6,All Wheat Harvested Share of Harvested Cropland
MT,Granite County,30039,46.395955,-113.427356,county_centroid,1727.162,5.616,2022,USDA NASS 2022 Ag Census Web Maps,Census Gazetteer 2024 county centroid,0,,,0,68.63,,6,12662,11512,0,,0,0,0,4,Cattle and Calves Market Value Share
MT,Hill County,30041,48.631959,-110.106321,county_centroid,2899.396,17.065,2022,USDA NASS 2022 Ag Census Web Maps,Census Gazetteer 2024 county centroid,,0,2.34,0,7.27,5.55,1,10684,13511,0.93,71.92,0,,,3,All Wheat Harvested Share of Harvested Cropland
MT,Jefferson County,30043,46.124232,-112.059428,county_centroid,1656.997,2.416,2022,USDA NASS 2022 Ag Census Web Maps,Census Gazetteer 2024 county centroid,,,0.21,0,83.14,,6,17918,18123,0,,0,0,,5,Cattle and Calves Market Value Share
MT,Judith Basin County,30045,47.032558,-110.30532,county_centroid,1869.687,0.798,2022,USDA NASS 2022 Ag Census Web Maps,Census Gazetteer 2024 county centroid,,0,0.02,,69.38,0,9,28179,53941,0,35.39,0,0,,3,Cattle and Calves Market Value Share
MT,Lake County,30047,47.642901,-114.083687,county_centroid,1490.47,163.528,2022,USDA NASS 2022 Ag Census Web Maps,Census Gazetteer 2024 county centroid,18.97,6.6,7.0000000000000007E-2,,29.99,0.03,5,20434,19986,2.81,14.93,0,3.41,3.57,1,Cattle and Calves Market Value Share
MT,Lewis and Clark County,30049,47.122105,-112.38289,county_centroid,3458.381,39.188,2022,USDA NASS 2022 Ag Census Web Maps,Census Gazetteer 2024 county centroid,,0.03,,,52.46,,4,26506,21821,0,18.72,0,,7.0000000000000007E-2,5,Cattle and Calves Market Value Share
MT,Liberty County,30051,48.559654,-111.036924,county_centroid,1429.988,17.147,2022,USDA NASS 2022 Ag Census Web Maps,Census Gazetteer 2024 county centroid,0.3,0,2.92,,,7.42,1,5168,4889,,63.5,0,0.01,0.01,3,All Wheat Harvested Share of Harvested Cropland
MT,Lincoln County,30053,48.552385,-115.463185,county_centroid,3612.559,62.377,2022,USDA NASS 2022 Ag Census Web Maps,Census Gazetteer 2024 county centroid,8.0399999999999991,,1.05,0,51.86,0.16,7,2222,2550,0,,0,0.01,0.26,2,Cattle and Calves Market Value Share
MT,McCone County,30055,47.629628,-105.757222,county_centroid,2642.225,39.778,2022,USDA NASS 2022 Ag Census Web Maps,Census Gazetteer 2024 county centroid,,0,0.04,0,16.579999999999998,,2,16301,16678,1.1399999999999999,59.5,0,0,,3,All Wheat Harvested Share of Harvested Cropland
MT,Madison County,30057,45.32529,-111.913791,county_centroid,3588.156,15.386,2022,USDA NASS 2022 Ag Census Web Maps,Census Gazetteer 2024 county centroid,6.53,0.02,0.04,,68.650000000000006,0.01,7,41372,43038,0,5.92,0,0.84,0.92,1,Cattle and Calves Market Value Share
MT,Meagher County,30059,46.5857,-110.92174,county_centroid,2391.868,2.886,2022,USDA NASS 2022 Ag Census Web Maps,Census Gazetteer 2024 county centroid,,0,0.02,0,,,4,25120,25974,0,9.2200000000000006,0,,,5,All Wheat Harvested Share of Harvested Cropland
MT,Mineral County,30061,47.129687,-115.085385,county_centroid,1219.619,3.821,2022,USDA NASS 2022 Ag Census Web Maps,Census Gazetteer 2024 county centroid,,4.07,0.55000000000000004,0,37.549999999999997,0,2,240,303,0,10.96,0,0,,2,Cattle and Calves Market Value Share
MT,Missoula County,30063,47.027263,-113.892691,county_centroid,2593.011,24.934,2022,USDA NASS 2022 Ag Census Web Maps,Census Gazetteer 2024 county centroid,5.35,1.66,0.4,,,0.35,2,5235,5707,0,,0,0.02,0.4,3,"Vegetables, Melons, Potatoes, and Sweet Potatoes Market Value Share"
MT,Musselshell County,30065,46.505281,-108.439763,county_centroid,1868.958,2.749,2022,USDA NASS 2022 Ag Census Web Maps,Census Gazetteer 2024 county centroid,,0,,0,70.349999999999994,,3,22375,25124,,20.82,0,0,,5,Cattle and Calves Market Value Share
MT,Park County,30067,45.463081,-110.53493,county_centroid,2802.479,10.758,2022,USDA NASS 2022 Ag Census Web Maps,Census Gazetteer 2024 county centroid,0.27,0.09,0.48,,68.94,0.09,6,25420,23378,0,7.12,0,,0.02,2,Cattle and Calves Market Value Share
MT,Petroleum County,30069,47.141917,-108.226575,county_centroid,1655.625,18.891,2022,USDA NASS 2022 Ag Census Web Maps,Census Gazetteer 2024 county centroid,0,0,0,0,74.33,,5,19700,20784,1.93,39.82,0,0,0,1,Cattle and Calves Market Value Share
MT,Phillips County,30071,48.250143,-107.928897,county_centroid,5140.422,71.619,2022,USDA NASS 2022 Ag Census Web Maps,Census Gazetteer 2024 county centroid,,0,,0,60.79,0.41,4,48483,52148,0,51.36,0,,,4,Cattle and Calves Market Value Share
MT,Pondera County,30073,48.228604,-112.220761,county_centroid,1624.567,16.981,2022,USDA NASS 2022 Ag Census Web Maps,Census Gazetteer 2024 county centroid,0.23,,4.71,3.96,15.13,10.98,3,14218,14188,0.15,60.49,0,0.01,0.01,1,All Wheat Harvested Share of Harvested Cropland
MT,Powder River County,30075,45.408926,-105.555344,county_centroid,3298.196,0.605,2022,USDA NASS 2022 Ag Census Web Maps,Census Gazetteer 2024 county centroid,0,0,,0,83.17,,5,51087,48832,,2.4500000000000002,,0,0,4,Cattle and Calves Market Value Share
MT,Powell County,30077,46.844225,-112.9311,county_centroid,2326.043,6.272,2022,USDA NASS 2022 Ag Census Web Maps,Census Gazetteer 2024 county centroid,,0,,,79.78,0.03,7,27154,25223,0,,0,,,6,Cattle and Calves Market Value Share
MT,Prairie County,30079,46.812388,-105.503938,county_centroid,1736.603,5.827,2022,USDA NASS 2022 Ag Census Web Maps,Census Gazetteer 2024 county centroid,,,,0,74.7,0,5,16481,20138,1,15.72,0,,,5,Cattle and Calves Market Value Share
MT,Ravalli County,30081,46.077744,-114.105795,county_centroid,2390.967,9.378,2022,USDA NASS 2022 Ag Census Web Maps,Census Gazetteer 2024 county centroid,3.59,1.39,,,44.39,0.08,10,12885,15125,1.21,1.1599999999999999,0,0.03,0.35,2,Cattle and Calves Market Value Share
MT,Richland County,30083,47.785633,-104.563408,county_centroid,2084.556,18.92,2022,USDA NASS 2022 Ag Census Web Maps,Census Gazetteer 2024 county centroid,0,0,,0,33.85,0.01,4,25853,33413,2.63,55.4,1.18,0,0,1,All Wheat Harvested Share of Harvested Cropland
MT,Roosevelt County,30085,48.282747,-104.99517,county_centroid,2354.602,14.897,2022,USDA NASS 2022 Ag Census Web Maps,Census Gazetteer 2024 county centroid,0,0,0.01,0,9.8000000000000007,0.01,2,12373,13036,0,62.7,0.14000000000000001,0,0,0,All Wheat Harvested Share of Harvested Cropland
MT,Rosebud County,30087,46.173206,-106.666792,county_centroid,5008.135,17.079,2022,USDA NASS 2022 Ag Census Web Maps,Census Gazetteer 2024 county centroid,,0,,0,65.83,,2,40729,42670,1.78,24.12,,,,6,Cattle and Calves Market Value Share
MT,Sanders County,30089,47.756497,-115.180306,county_centroid,2760.4,29.496,2022,USDA NASS 2022 Ag Census Web Maps,Census Gazetteer 2024 county centroid,2.1,1.6,0.87,0,58.25,0.24,2,8858,7601,0,1.1100000000000001,0,0.04,0.28000000000000003,0,Cattle and Calves Market Value Share
MT,Sheridan County,30091,48.705587,-104.533916,county_centroid,1676.941,29.001,2022,USDA NASS 2022 Ag Census Web Maps,Census Gazetteer 2024 county centroid,,0,,0,5.57,,2,10627,10176,,54.01,0.33,,,6,All Wheat Harvested Share of Harvested Cropland
MT,Silver Bow County,30093,45.896232,-112.660071,county_centroid,717.99,0.58,2022,USDA NASS 2022 Ag Census Web Maps,Census Gazetteer 2024 county centroid,0,0,0.18,0,70.83,,8,4223,3675,0,0,0,0,0,1,Cattle and Calves Market Value Share
MT,Stillwater County,30095,45.658545,-109.381576,county_centroid,1796.531,9.24,2022,USDA NASS 2022 Ag Census Web Maps,Census Gazetteer 2024 county centroid,,,0.05,,44.16,,5,16121,21768,0.92,30.27,0,,,6,Cattle and Calves Market Value Share
MT,Sweet Grass County,30097,45.811292,-109.944796,county_centroid,1855.536,6.74,2022,USDA NASS 2022 Ag Census Web Maps,Census Gazetteer 2024 county centroid,0,0,,,79.989999999999995,0.04,4,24660,25160,0,1.31,0,0,0,2,Cattle and Calves Market Value Share
MT,Teton County,30099,47.819035,-112.281725,county_centroid,2271.616,20.319,2022,USDA NASS 2022 Ag Census Web Maps,Census Gazetteer 2024 county centroid,0.14000000000000001,0,1.98,1.59,27.1,,5,23744,29381,0.65,48.92,0,0,0.01,1,All Wheat Harvested Share of Harvested Cropland
MT,Toole County,30101,48.645125,-111.733472,county_centroid,1914.864,30.126,2022,USDA NASS 2022 Ag Census Web Maps,Census Gazetteer 2024 county centroid,0,0,2.75,,7.8,3.56,1,8301,8484,0.14000000000000001,57.41,0,0,0,1,All Wheat Harvested Share of Harvested Cropland
MT,Treasure County,30103,46.227113,-107.275296,county_centroid,977.801,6.622,2022,USDA NASS 2022 Ag Census Web Maps,Census Gazetteer 2024 county centroid,0,0,,0,34.08,0.01,4,8426,14483,4.91,21.93,2.4900000000000002,0,0,1,Cattle and Calves Market Value Share
MT,Valley County,30105,48.34985,-106.670424,county_centroid,4926.115,135.669,2022,USDA NASS 2022 Ag Census Web Maps,Census Gazetteer 2024 county centroid,0,0.02,,0,34.89,0.01,3,34222,43430,0.17,61.13,,0,0,2,All Wheat Harvested Share of Harvested Cropland
MT,Wheatland County,30107,46.496967,-109.857684,county_centroid,1422.481,5.024,2022,USDA NASS 2022 Ag Census Web Maps,Census Gazetteer 2024 county centroid,0.8,0,,,51.72,14.04,4,19425,17732,0,30.36,0,,0.06,3,Cattle and Calves Market Value Share
MT,Wibaux County,30109,46.962966,-104.274518,county_centroid,889.571,0.678,2022,USDA NASS 2022 Ag Census Web Maps,Census Gazetteer 2024 county centroid,,0,,0,38.11,,3,8604,10236,2.54,31.69,0,0,,4,Cattle and Calves Market Value Share
MT,Yellowstone County,30111,45.936987,-108.276656,county_centroid,2633.4,15.634,2022,USDA NASS 2022 Ag Census Web Maps,Census Gazetteer 2024 county centroid,0.31,0.04,,,54.07,,4,27433,52574,1.8,37.89,0.11,0,0.04,3,Cattle and Calves Market Value Share
NE,Adams County,31001,40.520632,-98.500044,county_centroid,563.26,0.971,2022,USDA NASS 2022 Ag Census Web Maps,Census Gazetteer 2024 county centroid,0.01,0,0,0,,,19,,,57.94,1.18,35.25,0,0,4,Corn Grain Harvested Share of Harvested Cropland
NE,Antelope County,31003,42.183225,-98.058037,county_centroid,857.157,1.435,2022,USDA NASS 2022 Ag Census Web Maps,Census Gazetteer 2024 county centroid,,0,,3.99,36.520000000000003,11.47,25,28530,168027,54.03,0.1,35.49,0,,3,Corn Grain Harvested Share of Harvested Cropland
NE,Arthur County,31005,41.57193,-101.695917,county_centroid,715.152,2.952,2022,USDA NASS 2022 Ag Census Web Maps,Census Gazetteer 2024 county centroid,0,0,,0,69.790000000000006,6.88,7,19056,27544,22.46,,3.69,0,0,2,Cattle and Calves Market Value Share
NE,Banner County,31007,41.53975,-103.726263,county_centroid,746.039,0.151,2022,USDA NASS 2022 Ag Census Web Maps,Census Gazetteer 2024 county centroid,0,0,,0,77.099999999999994,0.02,13,13559,52119,,,,,,6,Cattle and Calves Market Value Share
NE,Blaine County,31009,41.931945,-99.996407,county_centroid,710.702,3.635,2022,USDA NASS 2022 Ag Census Web Maps,Census Gazetteer 2024 county centroid,0,0,0,0,92.07,0,11,18717,23453,4.76,0,2.38,0,0,0,Cattle and Calves Market Value Share
NE,Boone County,31011,41.703934,-98.070476,county_centroid,686.53,0.687,2022,USDA NASS 2022 Ag Census Web Maps,Census Gazetteer 2024 county centroid,,,0,0,,,26,16338,147621,54.05,0,37.76,0,,5,Corn Grain Harvested Share of Harvested Cropland
NE,Box Butte County,31013,42.21038,-103.081779,county_centroid,1075.161,2.747,2022,USDA NASS 2022 Ag Census Web Maps,Census Gazetteer 2024 county centroid,,0,,0,30.91,0.03,8,20904,51546,36.979999999999997,24.33,,,,5,Corn Grain Harvested Share of Harvested Cropland
NE,Boyd County,31015,42.894448,-98.773022,county_centroid,539.368,5.159,2022,USDA NASS 2022 Ag Census Web Maps,Census Gazetteer 2024 county centroid,0,0,,1.8,63.79,0.28000000000000003,20,16902,33904,28.9,0.63,27.19,0,0,1,Cattle and Calves Market Value Share
NE,Brown County,31017,42.359562,-99.92392,county_centroid,1221.405,3.74,2022,USDA NASS 2022 Ag Census Web Maps,Census Gazetteer 2024 county centroid,,,0,0,,,18,35279,142910,35.35,0,14.23,,0,5,Corn Grain Harvested Share of Harvested Cropland
NE,Buffalo County,31019,40.855265,-99.074984,county_centroid,968.246,7.153,2022,USDA NASS 2022 Ag Census Web Maps,Census Gazetteer 2024 county centroid,0.11,0.02,1.0900000000000001,,28.06,,17,45893,97544,60.8,0.51,29.44,,0.02,3,Corn Grain Harvested Share of Harvested Cropland
NE,Burt County,31021,41.854179,-96.337746,county_centroid,491.587,5.477,2022,USDA NASS 2022 Ag Census Web Maps,Census Gazetteer 2024 county centroid,0,0,0,0,,,11,4696,59393,51.05,0,45.31,,0,3,Corn Grain Harvested Share of Harvested Cropland
NE,Butler County,31023,41.226054,-97.132003,county_centroid,584.789,6.023,2022,USDA NASS 2022 Ag Census Web Maps,Census Gazetteer 2024 county centroid,,0.01,33.58,,12.32,,14,19396,53045,51.69,0.31,41.46,,0.01,4,Corn Grain Harvested Share of Harvested Cropland
NE,Cass County,31025,40.909878,-96.140609,county_centroid,556.907,8.985,2022,USDA NASS 2022 Ag Census Web Maps,Census Gazetteer 2024 county centroid,,0.19,,,2.69,0.51,3,3696,,48,0.22,49.11,0,0.01,4,Soybeans Harvested Share of Harvested Cropland
NE,Cedar County,31027,42.60456,-97.25687,county_centroid,740.189,5.658,2022,USDA NASS 2022 Ag Census Web Maps,Census Gazetteer 2024 county centroid,0,,,0.73,36.67,11.31,22,18419,127642,52.21,0.02,39.9,0,0,2,Corn Grain Harvested Share of Harvested Cropland
NE,Chase County,31029,40.53039,-101.694192,county_centroid,894.425,3.074,2022,USDA NASS 2022 Ag Census Web Maps,Census Gazetteer 2024 county centroid,2.76,0,0,0,,,27,13958,220362,60.08,13.27,4.6500000000000004,1.0900000000000001,1.0900000000000001,2,Corn Grain Harvested Share of Harvested Cropland
NE,Cherry County,31031,42.571323,-101.047653,county_centroid,5960.099,49.496,2022,USDA NASS 2022 Ag Census Web Maps,Census Gazetteer 2024 county centroid,,0.01,,0,75.430000000000007,0,9,184716,193189,7.24,0.61,2.4900000000000002,,,4,Cattle and Calves Market Value Share
NE,Cheyenne County,31033,41.214236,-103.011929,county_centroid,1196.008,0.113,2022,USDA NASS 2022 Ag Census Web Maps,Census Gazetteer 2024 county centroid,,,,0,67.31,,7,7843,71648,16.239999999999998,48.36,1.05,0,,5,Cattle and Calves Market Value Share
NE,Clay County,31035,40.523669,-98.050858,county_centroid,572.289,1.249,2022,USDA NASS 2022 Ag Census Web Maps,Census Gazetteer 2024 county centroid,0,0,,,,,14,11541,72401,58.04,0.2,39.200000000000003,0,0,4,Corn Grain Harvested Share of Harvested Cropland
NE,Colfax County,31037,41.57496,-97.088945,county_centroid,411.46,5.057,2022,USDA NASS 2022 Ag Census Web Maps,Census Gazetteer 2024 county centroid,,0,,0,52.35,,39,11269,125923,51.84,0.16,40.31,0,,4,Cattle and Calves Market Value Share
NE,Cuming County,31039,41.915865,-96.788517,county_centroid,570.49,4.159,2022,USDA NASS 2022 Ag Census Web Maps,Census Gazetteer 2024 county centroid,0,0,0.65,,73.22,10.86,96,11036,599727,50.43,,40.83,0,0,2,Cattle and Calves Market Value Share
NE,Custer County,31041,41.393893,-99.726866,county_centroid,2575.458,0.496,2022,USDA NASS 2022 Ag Census Web Maps,Census Gazetteer 2024 county centroid,0.01,0,0.01,,56.72,,19,90465,355412,50.81,0.56000000000000005,24.8,0,0,2,Cattle and Calves Market Value Share
NE,Dakota County,31043,42.391624,-96.561327,county_centroid,264.276,3.144,2022,USDA NASS 2022 Ag Census Web Maps,Census Gazetteer 2024 county centroid,0.02,0.01,0.01,0,3.16,7.86,4,3478,3816,50.08,0,47.91,0,0,0,Corn Grain Harvested Share of Harvested Cropland
NE,Dawes County,31045,42.713038,-103.135436,county_centroid,1396.437,4.539,2022,USDA NASS 2022 Ag Census Web Maps,Census Gazetteer 2024 county centroid,,0,,0,74.81,,8,31819,46559,7.63,16.55,0,,,5,Cattle and Calves Market Value Share
NE,Dawson County,31047,40.86784,-99.815583,county_centroid,1013.786,5.647,2022,USDA NASS 2022 Ag Census Web Maps,Census Gazetteer 2024 county centroid,0.01,0.01,0,0,60.02,3.83,34,34810,326604,61.55,0.36,25.56,0,0,0,Corn Grain Harvested Share of Harvested Cropland
NE,Deuel County,31049,41.111903,-102.332609,county_centroid,439.825,0.886,2022,USDA NASS 2022 Ag Census Web Maps,Census Gazetteer 2024 county centroid,0,0,0.02,0,55.76,0,7,2174,21904,27.46,42.36,0.35,0,0,0,Cattle and Calves Market Value Share
NE,Dixon County,31051,42.485086,-96.855784,county_centroid,475.621,7.096,2022,USDA NASS 2022 Ag Census Web Maps,Census Gazetteer 2024 county centroid,0.02,0,,,29.34,,14,14176,58753,53.19,0.25,41.55,0,0,3,Corn Grain Harvested Share of Harvested Cropland
NE,Dodge County,31053,41.577008,-96.645852,county_centroid,528.844,14.158,2022,USDA NASS 2022 Ag Census Web Maps,Census Gazetteer 2024 county centroid,,,10.78,0,22.21,7.73,14,4089,56027,51.5,0.19,46.02,,,4,Corn Grain Harvested Share of Harvested Cropland
NE,Douglas County,31055,41.297091,-96.154066,county_centroid,326.547,12.802,2022,USDA NASS 2022 Ag Census Web Maps,Census Gazetteer 2024 county centroid,5.47,,7.0000000000000007E-2,,0.86,,1,441,557,47.11,0.56999999999999995,41.58,0,1.58,3,Corn Grain Harvested Share of Harvested Cropland
NE,Dundy County,31057,40.180165,-101.681133,county_centroid,919.678,1.176,2022,USDA NASS 2022 Ag Census Web Maps,Census Gazetteer 2024 county centroid,,0,,0,51.88,7.0000000000000007E-2,12,19483,54483,47.4,19.739999999999998,4.32,,,4,Cattle and Calves Market Value Share
NE,Fillmore County,31059,40.52504,-97.596705,county_centroid,575.37,1.155,2022,USDA NASS 2022 Ag Census Web Maps,Census Gazetteer 2024 county centroid,0,0,,0,22.97,2.4,10,4319,60850,57.25,0.5,40.090000000000003,0,0,1,Corn Grain Harvested Share of Harvested Cropland
NE,Franklin County,31061,40.183203,-98.96208,county_centroid,575.816,0.188,2022,USDA NASS 2022 Ag Census Web Maps,Census Gazetteer 2024 county centroid,0,0,,0,17.16,7.0000000000000007E-2,10,15735,18962,57.44,2.2000000000000002,33.950000000000003,0,0,1,Corn Grain Harvested Share of Harvested Cropland
NE,Frontier County,31063,40.530947,-100.406683,county_centroid,974.655,5.424,2022,USDA NASS 2022 Ag Census Web Maps,Census Gazetteer 2024 county centroid,,,0.02,0,43.75,,10,23186,51647,55.05,10.08,19.37,0,,4,Corn Grain Harvested Share of Harvested Cropland
NE,Furnas County,31065,40.192252,-99.908637,county_centroid,719.204,1.439,2022,USDA NASS 2022 Ag Census Web Maps,Census Gazetteer 2024 county centroid,,,0.01,,20.3,,8,15485,30247,54.15,11.85,25.08,0,,5,Corn Grain Harvested Share of Harvested Cropland
NE,Gage County,31067,40.255234,-96.683453,county_centroid,851.468,8.492,2022,USDA NASS 2022 Ag Census Web Maps,Census Gazetteer 2024 county centroid,0.02,,16.510000000000002,0.46,6.64,4.8600000000000003,6,13435,19010,47.34,1.23,46.23,0,0,1,Corn Grain Harvested Share of Harvested Cropland
NE,Garden County,31069,41.633364,-102.302985,county_centroid,1704.826,26.043,2022,USDA NASS 2022 Ag Census Web Maps,Census Gazetteer 2024 county centroid,,0,0.01,0,,0,8,34450,58650,23.83,24.98,3.55,,,4,All Wheat Harvested Share of Harvested Cropland
NE,Garfield County,31071,41.906912,-98.951283,county_centroid,569.356,2.029,2022,USDA NASS 2022 Ag Census Web Maps,Census Gazetteer 2024 county centroid,0,0,0.01,0,87.11,0.01,14,15538,64607,21.08,0,3.11,0,0,0,Cattle and Calves Market Value Share
NE,Gosper County,31073,40.509095,-99.823206,county_centroid,458.199,4.524,2022,USDA NASS 2022 Ag Census Web Maps,Census Gazetteer 2024 county centroid,0.03,0,,0,33.36,,12,7776,32440,51.8,6.84,34.94,0,0,2,Corn Grain Harvested Share of Harvested Cropland
NE,Grant County,31075,41.913957,-101.755965,county_centroid,776.696,6.66,2022,USDA NASS 2022 Ag Census Web Maps,Census Gazetteer 2024 county centroid,0,0,,0,98.56,0,8,26061,29236,,,,,,6,Cattle and Calves Market Value Share
NE,Greeley County,31077,41.567563,-98.530567,county_centroid,569.826,0.83,2022,USDA NASS 2022 Ag Census Web Maps,Census Gazetteer 2024 county centroid,0,0,,0,,,26,10700,41667,52.67,0,34.479999999999997,0,0,3,Corn Grain Harvested Share of Harvested Cropland
NE,Hall County,31079,40.866027,-98.502664,county_centroid,546.529,5.615,2022,USDA NASS 2022 Ag Census Web Maps,Census Gazetteer 2024 county centroid,0,,,,30.62,,24,7774,65354,72.84,0.36,18.78,0,,5,Corn Grain Harvested Share of Harvested Cropland
NE,Hamilton County,31081,40.872817,-98.022329,county_centroid,542.03,2.709,2022,USDA NASS 2022 Ag Census Web Maps,Census Gazetteer 2024 county centroid,0.01,,,,17.059999999999999,2.74,8,4151,38948,65.63,0.17,29.61,0,0,3,Corn Grain Harvested Share of Harvested Cropland
NE,Harlan County,31083,40.178766,-99.403418,county_centroid,553.466,20.595,2022,USDA NASS 2022 Ag Census Web Maps,Census Gazetteer 2024 county centroid,,,0.01,,39.5,,16,9846,41991,55.54,8.35,27.45,,0.02,5,Corn Grain Harvested Share of Harvested Cropland
NE,Hayes County,31085,40.537234,-101.047963,county_centroid,713.065,0.217,2022,USDA NASS 2022 Ag Census Web Maps,Census Gazetteer 2024 county centroid,,0,,0,69.650000000000006,0,14,17425,82714,49.44,19.510000000000002,5.87,0,,3,Cattle and Calves Market Value Share
NE,Hitchcock County,31087,40.176896,-101.044217,county_centroid,709.951,8.525,2022,USDA NASS 2022 Ag Census Web Maps,Census Gazetteer 2024 county centroid,0,0.02,0.02,0,41.53,,6,9545,21696,34.409999999999997,42.94,3.9,0,0,1,All Wheat Harvested Share of Harvested Cropland
NE,Holt County,31089,42.459287,-98.784766,county_centroid,2411.851,5.645,2022,USDA NASS 2022 Ag Census Web Maps,Census Gazetteer 2024 county centroid,,0,0.03,0,26.36,10.93,12,92528,134060,34.119999999999997,0.4,19.559999999999999,,,3,Corn Grain Harvested Share of Harvested Cropland
NE,Hooker County,31091,41.920317,-101.117324,county_centroid,720.966,0.535,2022,USDA NASS 2022 Ag Census Web Maps,Census Gazetteer 2024 county centroid,0,0,,0,94.9,,6,15520,15733,,0,0,0,0,3,Cattle and Calves Market Value Share
NE,Howard County,31093,41.216851,-98.513342,county_centroid,569.27,6.323,2022,USDA NASS 2022 Ag Census Web Maps,Census Gazetteer 2024 county centroid,,,,,62.81,0.48,33,14091,121717,53.68,,31.77,,,7,Cattle and Calves Market Value Share
NE,Jefferson County,31095,40.175736,-97.143103,county_centroid,570.182,5.484,2022,USDA NASS 2022 Ag Census Web Maps,Census Gazetteer 2024 county centroid,0,0.01,,,17.55,15.98,9,8506,29186,49.39,1.77,42.78,0,0,2,Corn Grain Harvested Share of Harvested Cropland
NE,Johnson County,31097,40.394955,-96.265264,county_centroid,376.086,0.647,2022,USDA NASS 2022 Ag Census Web Maps,Census Gazetteer 2024 county centroid,,,,0,9.0299999999999994,,7,4731,6323,35.6,2.54,48.94,,,6,Soybeans Harvested Share of Harvested Cropland
NE,Kearney County,31099,40.50912,-98.947602,county_centroid,516.193,0.156,2022,USDA NASS 2022 Ag Census Web Maps,Census Gazetteer 2024 county centroid,,,0.01,,48.96,,31,5256,151624,58.84,1.19,35.83,,,6,Corn Grain Harvested Share of Harvested Cropland
NE,Keith County,31101,41.194245,-101.644449,county_centroid,1062.063,47.8,2022,USDA NASS 2022 Ag Census Web Maps,Census Gazetteer 2024 county centroid,0,,,0,43.77,,8,13709,45394,57.07,10.72,12.41,0,0,3,Corn Grain Harvested Share of Harvested Cropland
NE,Keya Paha County,31103,42.87548,-99.718351,county_centroid,772.876,1.046,2022,USDA NASS 2022 Ag Census Web Maps,Census Gazetteer 2024 county centroid,,0,0.01,0,58.97,0,13,21376,32470,31.68,0,6.06,,,3,Cattle and Calves Market Value Share
NE,Kimball County,31105,41.199274,-103.703153,county_centroid,951.942,0.559,2022,USDA NASS 2022 Ag Census Web Maps,Census Gazetteer 2024 county centroid,0,0,,0,24.32,0.01,3,10562,11822,15.33,52.56,0.17,0,0,1,All Wheat Harvested Share of Harvested Cropland
NE,Knox County,31107,42.634404,-97.891349,county_centroid,1108.235,31.487,2022,USDA NASS 2022 Ag Census Web Maps,Census Gazetteer 2024 county centroid,0.02,,,,49.95,11.1,24,30779,141132,43.14,0.71,31.87,0,0.01,3,Cattle and Calves Market Value Share
NE,Lancaster County,31109,40.783547,-96.688658,county_centroid,837.56,8.823,2022,USDA NASS 2022 Ag Census Web Maps,Census Gazetteer 2024 county centroid,0.23,0.27,3.81,,5.41,8.77,6,12459,13089,44.97,0.53,45.64,0,0.03,1,Soybeans Harvested Share of Harvested Cropland
NE,Lincoln County,31111,41.050322,-100.744481,county_centroid,2564.155,10.964,2022,USDA NASS 2022 Ag Census Web Maps,Census Gazetteer 2024 county centroid,,0,,0,68.069999999999993,,19,75637,412099,51.68,2.37,18.37,,,5,Cattle and Calves Market Value Share
NE,Logan County,31113,41.542155,-100.443665,county_centroid,570.698,0.465,2022,USDA NASS 2022 Ag Census Web Maps,Census Gazetteer 2024 county centroid,0,0,0.04,0,68.2,0,9,13957,19243,,,,,,5,Cattle and Calves Market Value Share
NE,Loup County,31115,41.898204,-99.514525,county_centroid,563.341,7.735,2022,USDA NASS 2022 Ag Census Web Maps,Census Gazetteer 2024 county centroid,0,0,0.02,0,74.66,0,12,14044,19567,32.17,2.61,7.73,0,0,0,Cattle and Calves Market Value Share
NE,McPherson County,31117,41.648414,-101.120851,county_centroid,859.259,1.031,2022,USDA NASS 2022 Ag Census Web Maps,Census Gazetteer 2024 county centroid,0,0,0,0,95.26,,10,26388,34435,,0,1.71,0,0,2,Cattle and Calves Market Value Share
NE,Madison County,31119,41.909929,-97.606856,county_centroid,572.612,2.839,2022,USDA NASS 2022 Ag Census Web Maps,Census Gazetteer 2024 county centroid,0.03,,,,42.51,5.01,27,10863,100482,50.65,0.21,41.48,0,0.01,3,Corn Grain Harvested Share of Harvested Cropland
NE,Merrick County,31121,41.16979,-98.031057,county_centroid,487.794,8.985,2022,USDA NASS 2022 Ag Census Web Maps,Census Gazetteer 2024 county centroid,0.81,,0.4,0,37.520000000000003,8.99,24,10610,59546,54.9,0.49,30.15,0.41,0.41,1,Corn Grain Harvested Share of Harvested Cropland
NE,Morrill County,31123,41.732204,-102.990594,county_centroid,1423.706,6.353,2022,USDA NASS 2022 Ag Census Web Maps,Census Gazetteer 2024 county centroid,,0,0,0,71.42,0,18,42649,161539,40.11,11.58,0.35,,,3,Cattle and Calves Market Value Share
NE,Nance County,31125,41.402385,-97.991408,county_centroid,441.595,6.635,2022,USDA NASS 2022 Ag Census Web Maps,Census Gazetteer 2024 county centroid,0,0,,0,17.850000000000001,27.24,13,7685,15042,55.17,0.21,35.42,0,0,1,Corn Grain Harvested Share of Harvested Cropland
NE,Nemaha County,31127,40.387238,-95.852461,county_centroid,407.301,2.304,2022,USDA NASS 2022 Ag Census Web Maps,Census Gazetteer 2024 county centroid,0,,,0,1.7,,2,,2844,46.37,0.48,51.2,0,,5,Soybeans Harvested Share of Harvested Cropland
NE,Nuckolls County,31129,40.176492,-98.046842,county_centroid,575.155,0.664,2022,USDA NASS 2022 Ag Census Web Maps,Census Gazetteer 2024 county centroid,0,,0.01,0,18.18,0.05,13,15288,23389,60.2,3.59,30.52,0,0,1,Corn Grain Harvested Share of Harvested Cropland
NE,Otoe County,31131,40.637992,-96.131027,county_centroid,615.616,3.402,2022,USDA NASS 2022 Ag Census Web Maps,Census Gazetteer 2024 county centroid,0.05,0.42,0.03,,2.65,9.9,2,5407,5348,47.51,0.28000000000000003,48.52,0,0.01,1,Soybeans Harvested Share of Harvested Cropland
NE,Pawnee County,31133,40.137797,-96.245214,county_centroid,431.075,1.874,2022,USDA NASS 2022 Ag Census Web Maps,Census Gazetteer 2024 county centroid,0,,0.02,0,17.579999999999998,0.05,8,6171,11812,44.39,0.54,46.58,0,0,1,Soybeans Harvested Share of Harvested Cropland
NE,Perkins County,31135,40.857624,-101.62747,county_centroid,883.313,1.097,2022,USDA NASS 2022 Ag Census Web Maps,Census Gazetteer 2024 county centroid,0.22,0,0.01,,21.01,0.4,6,10270,28351,57.45,21.71,9.82,0,0,1,Corn Grain Harvested Share of Harvested Cropland
NE,Phelps County,31137,40.516365,-99.406557,county_centroid,539.765,0.66,2022,USDA NASS 2022 Ag Census Web Maps,Census Gazetteer 2024 county centroid,0.17,0,0,0,,,73,7007,317179,64.099999999999994,0.57999999999999996,31.59,0.17,0.17,2,Corn Grain Harvested Share of Harvested Cropland
NE,Pierce County,31139,42.271413,-97.610992,county_centroid,573.249,1.344,2022,USDA NASS 2022 Ag Census Web Maps,Census Gazetteer 2024 county centroid,,0,,,33.909999999999997,5.75,20,10136,58606,48.99,0.65,43.82,0,,4,Corn Grain Harvested Share of Harvested Cropland
NE,Platte County,31141,41.576866,-97.513467,county_centroid,675.118,9.471,2022,USDA NASS 2022 Ag Census Web Maps,Census Gazetteer 2024 county centroid,,0,11.29,,30.32,25.85,29,12967,191434,52.04,0.28000000000000003,42.18,,,4,Corn Grain Harvested Share of Harvested Cropland
NE,Polk County,31143,41.187925,-97.570663,county_centroid,438.832,1.81,2022,USDA NASS 2022 Ag Census Web Maps,Census Gazetteer 2024 county centroid,0,,,,27.14,10.14,26,15312,65500,55.22,0.4,38.31,0,0,3,Corn Grain Harvested Share of Harvested Cropland
NE,Red Willow County,31145,40.16942,-100.468576,county_centroid,717.17,0.836,2022,USDA NASS 2022 Ag Census Web Maps,Census Gazetteer 2024 county centroid,,7.0000000000000007E-2,0.01,,44.01,,12,17794,50708,45.23,25.47,10.6,0,0.01,3,Corn Grain Harvested Share of Harvested Cropland
NE,Richardson County,31147,40.123743,-95.718603,county_centroid,551.841,2.733,2022,USDA NASS 2022 Ag Census Web Maps,Census Gazetteer 2024 county centroid,,0,,0.22,6.83,8.56,4,5363,10765,47.68,0.9,47.06,0,0.01,2,Corn Grain Harvested Share of Harvested Cropland
NE,Rock County,31149,42.394749,-99.420851,county_centroid,1008.291,3.402,2022,USDA NASS 2022 Ag Census Web Maps,Census Gazetteer 2024 county centroid,0,0,0,0,62.39,,17,41833,58216,19.420000000000002,0,17.670000000000002,0,0,1,Cattle and Calves Market Value Share
NE,Saline County,31151,40.516802,-97.131755,county_centroid,574.07,2.239,2022,USDA NASS 2022 Ag Census Web Maps,Census Gazetteer 2024 county centroid,0,0,0.01,0,16.690000000000001,5.6,6,5301,23090,52.43,0.59,42.84,0,0,0,Corn Grain Harvested Share of Harvested Cropland
NE,Sarpy County,31153,41.115064,-96.109125,county_centroid,237.996,9.525,2022,USDA NASS 2022 Ag Census Web Maps,Census Gazetteer 2024 county centroid,1.61,1.22,0.12,0,2.2599999999999998,,2,188,880,44.78,0,50.21,0,0.19,1,Soybeans Harvested Share of Harvested Cropland
NE,Saunders County,31155,41.222966,-96.642696,county_centroid,748.703,11.117,2022,USDA NASS 2022 Ag Census Web Maps,Census Gazetteer 2024 county centroid,0.6,0.14000000000000001,5.95,0,29.02,0.56999999999999995,12,8896,78533,50.42,0.81,44.43,0,0.05,0,Corn Grain Harvested Share of Harvested Cropland
NE,Scotts Bluff County,31157,41.850506,-103.703021,county_centroid,739.621,5.934,2022,USDA NASS 2022 Ag Census Web Maps,Census Gazetteer 2024 county centroid,0.04,0,,0,55.15,5.13,22,13460,112940,48.46,2.89,0.17,0,0.01,1,Cattle and Calves Market Value Share
NE,Seward County,31159,40.871944,-97.140383,county_centroid,571.43,4.456,2022,USDA NASS 2022 Ag Census Web Maps,Census Gazetteer 2024 county centroid,0.06,0.04,8.5500000000000007,1.98,16.52,8.25,10,10340,37059,51.34,0.15,41.84,,0.01,1,Corn Grain Harvested Share of Harvested Cropland
NE,Sheridan County,31161,42.512289,-102.36828,county_centroid,2440.17,29.566,2022,USDA NASS 2022 Ag Census Web Maps,Census Gazetteer 2024 county centroid,,,0.02,0,53.08,,7,51881,69677,15.46,13.21,1.01,,,5,Cattle and Calves Market Value Share
NE,Sherman County,31163,41.218743,-98.972849,county_centroid,565.877,5.768,2022,USDA NASS 2022 Ag Census Web Maps,Census Gazetteer 2024 county centroid,,0,,0,25.99,0.03,20,20153,25008,60.37,0,26.24,0,,3,Corn Grain Harvested Share of Harvested Cropland
NE,Sioux County,31165,42.470668,-103.73217,county_centroid,2066.723,0.642,2022,USDA NASS 2022 Ag Census Web Maps,Census Gazetteer 2024 county centroid,0,0,,0,88.91,0,7,35099,102277,22.87,1.44,0,0,0,1,Cattle and Calves Market Value Share
NE,Stanton County,31167,41.905045,-97.177109,county_centroid,427.633,3.369,2022,USDA NASS 2022 Ag Census Web Maps,Census Gazetteer 2024 county centroid,,,,,29,13.47,16,8314,41164,51.59,0.11,37.04,0,,5,Corn Grain Harvested Share of Harvested Cropland
NE,Thayer County,31169,40.17342,-97.596258,county_centroid,573.789,1.186,2022,USDA NASS 2022 Ag Census Web Maps,Census Gazetteer 2024 county centroid,,0,0,,24.37,0.25,14,11233,52037,52.61,1.7,41.54,0,0.01,2,Corn Grain Harvested Share of Harvested Cropland
NE,Thomas County,31171,41.85573,-100.524703,county_centroid,712.554,0.806,2022,USDA NASS 2022 Ag Census Web Maps,Census Gazetteer 2024 county centroid,0,0,,0,74.47,,8,20192,24313,,,,,,7,Cattle and Calves Market Value Share
NE,Thurston County,31173,42.154061,-96.533943,county_centroid,393.592,2.486,2022,USDA NASS 2022 Ag Census Web Maps,Census Gazetteer 2024 county centroid,0,,,,45.77,0,24,3281,50251,52.78,,41.9,0,0,4,Corn Grain Harvested Share of Harvested Cropland
NE,Valley County,31175,41.564094,-98.983484,county_centroid,568.09,2.368,2022,USDA NASS 2022 Ag Census Web Maps,Census Gazetteer 2024 county centroid,,0.01,,0,53.15,0.03,28,22010,67157,55.76,0.41,22.16,,0,3,Corn Grain Harvested Share of Harvested Cropland
NE,Washington County,31177,41.533973,-96.224577,county_centroid,389.93,3.267,2022,USDA NASS 2022 Ag Census Web Maps,Census Gazetteer 2024 county centroid,0.11,0.13,7.18,3.28,9.74,8.76,7,6795,11673,46.01,0.08,44.55,0,0.03,0,Corn Grain Harvested Share of Harvested Cropland
NE,Wayne County,31179,42.210746,-97.126243,county_centroid,442.916,0.419,2022,USDA NASS 2022 Ag Census Web Maps,Census Gazetteer 2024 county centroid,0,0,,15.08,14.2,,13,14799,31493,48.86,0.22,44.4,0,0,2,Corn Grain Harvested Share of Harvested Cropland
NE,Webster County,31181,40.180646,-98.49859,county_centroid,574.913,0.13,2022,USDA NASS 2022 Ag Census Web Maps,Census Gazetteer 2024 county centroid,0,0,0,,,2.56,27,16695,145980,49.98,5.38,35.200000000000003,0,0,2,Corn Grain Harvested Share of Harvested Cropland
NE,Wheeler County,31183,41.922575,-98.520853,county_centroid,575.183,0.409,2022,USDA NASS 2022 Ag Census Web Maps,Census Gazetteer 2024 county centroid,0,0,0,0,,,32,19651,159561,35.19,0,17.72,0,0,2,Corn Grain Harvested Share of Harvested Cropland
NE,York County,31185,40.873056,-97.596742,county_centroid,572.516,3.313,2022,USDA NASS 2022 Ag Census Web Maps,Census Gazetteer 2024 county centroid,,,,0,19.12,,11,4616,51360,62.58,0,35.78,,0.01,5,Corn Grain Harvested Share of Harvested Cropland
NV,Churchill County,32001,39.53771,-118.264166,county_centroid,4950.157,73.646,2022,USDA NASS 2022 Ag Census Web Maps,Census Gazetteer 2024 county centroid,0.31,0.12,,58.61,20.56,0.01,36,26579,21649,3.42,,0,0,0.09,2,Milk from Cows Market Value Share
NV,Clark County,32003,36.21413,-115.014398,county_centroid,7891.661,169.261,2022,USDA NASS 2022 Ag Census Web Maps,Census Gazetteer 2024 county centroid,,4.41,,0,23.2,,,851,1638,0,0,0,,,6,Cattle and Calves Market Value Share
NV,Douglas County,32005,38.905129,-119.609019,county_centroid,710.537,27.87,2022,USDA NASS 2022 Ag Census Web Maps,Census Gazetteer 2024 county centroid,,0.02,,0,65,,11,8962,13283,0,,0,0,,5,Cattle and Calves Market Value Share
NV,Elko County,32007,41.141133,-115.351424,county_centroid,17173.302,29.018,2022,USDA NASS 2022 Ag Census Web Maps,Census Gazetteer 2024 county centroid,,,,0,86.68,,6,82096,79117,0,0,0,,0.01,5,Cattle and Calves Market Value Share
NV,Esmeralda County,32009,37.778966,-117.632382,county_centroid,3581.889,7.163,2022,USDA NASS 2022 Ag Census Web Maps,Census Gazetteer 2024 county centroid,,,,,,,6,977,958,0,0,0,,,8,Corn Grain Harvested Share of Harvested Cropland
NV,Eureka County,32011,39.977788,-116.272208,county_centroid,4175.688,4.27,2022,USDA NASS 2022 Ag Census Web Maps,Census Gazetteer 2024 county centroid,0,0,0,0,37.35,0,3,15946,17873,0,0,0,0,0,0,Cattle and Calves Market Value Share
NV,Humboldt County,32013,41.407914,-118.127591,county_centroid,9640.792,17.064,2022,USDA NASS 2022 Ag Census Web Maps,Census Gazetteer 2024 county centroid,,0,0.02,0,27.48,,6,40043,38867,0.41,5.16,0,,,4,Cattle and Calves Market Value Share
NV,Lander County,32015,39.90021,-117.04724,county_centroid,5519.247,0.256,2022,USDA NASS 2022 Ag Census Web Maps,Census Gazetteer 2024 county centroid,,0,0.01,0,21.39,0,4,11671,9851,0,,0,,0.01,3,Cattle and Calves Market Value Share
NV,Lincoln County,32017,37.634605,-114.863037,county_centroid,10633.386,3.785,2022,USDA NASS 2022 Ag Census Web Maps,Census Gazetteer 2024 county centroid,,,,0,,,36,8936,7160,,,0,,,9,Milk from Cows Market Value Share
NV,Lyon County,32019,39.022213,-119.197425,county_centroid,2003.054,22.969,2022,USDA NASS 2022 Ag Census Web Maps,Census Gazetteer 2024 county centroid,,0.06,0.02,,,0,22,16564,45089,,,0,,,7,"Fruits, Tree Nuts, and Berries Market Value Share"
NV,Mineral County,32021,38.516647,-118.416279,county_centroid,3751.283,60.18,2022,USDA NASS 2022 Ag Census Web Maps,Census Gazetteer 2024 county centroid,0,0,0,0,14.39,0,,984,562,,,,,,6,Cattle and Calves Market Value Share
NV,Nye County,32023,37.965864,-116.459011,county_centroid,18181.914,16.683,2022,USDA NASS 2022 Ag Census Web Maps,Census Gazetteer 2024 county centroid,0.1,1.23,,,,0.01,48,17459,16147,0,0,0,0,0.05,3,"Fruits, Tree Nuts, and Berries Market Value Share"
NV,Pershing County,32027,40.439639,-118.409477,county_centroid,6036.589,30.863,2022,USDA NASS 2022 Ag Census Web Maps,Census Gazetteer 2024 county centroid,0,0,0.03,0,49.24,,8,11799,23183,0,2.92,0,0,0,1,Cattle and Calves Market Value Share
NV,Storey County,32029,39.438385,-119.524646,county_centroid,263.8,0.726,2022,USDA NASS 2022 Ag Census Web Maps,Census Gazetteer 2024 county centroid,0,0,,0,0,,,0,0,0,0,0,0,0,3,"Vegetables, Melons, Potatoes, and Sweet Potatoes Market Value Share"
NV,Washoe County,32031,40.73132,-119.663269,county_centroid,6315.873,224.999,2022,USDA NASS 2022 Ag Census Web Maps,Census Gazetteer 2024 county centroid,7.92,,,0,41.07,,3,7888,8179,0,0,0,,,5,Cattle and Calves Market Value Share
NV,White Pine County,32033,39.418176,-114.900565,county_centroid,8886.665,9.045,2022,USDA NASS 2022 Ag Census Web Maps,Census Gazetteer 2024 county centroid,,0.94,7.0000000000000007E-2,0,39.81,0,9,13503,14378,0,0,0,,,3,Cattle and Calves Market Value Share
NV,Carson City,32510,39.15306,-119.747368,county_centroid,144.534,12.585,2022,USDA NASS 2022 Ag Census Web Maps,Census Gazetteer 2024 county centroid,,,,,,,27,308,157,,,,,,11,No dominant food signal
NH,Belknap County,33001,43.519109,-71.425366,county_centroid,401.85,68.16,2022,USDA NASS 2022 Ag Census Web Maps,Census Gazetteer 2024 county centroid,18.63,11.23,,18.510000000000002,3.44,1.02,6,582,428,0,0,0,0.12,3.87,1,"Vegetables, Melons, Potatoes, and Sweet Potatoes Market Value Share"
NH,Carroll County,33003,43.867774,-71.20156,county_centroid,931.864,61.629,2022,USDA NASS 2022 Ag Census Web Maps,Census Gazetteer 2024 county centroid,22.62,7.74,,,7.85,0.61,6,570,410,7.22,0,0,0.02,4.01,2,"Vegetables, Melons, Potatoes, and Sweet Potatoes Market Value Share"
NH,Cheshire County,33005,42.92546,-72.248183,county_centroid,706.709,22.235,2022,USDA NASS 2022 Ag Census Web Maps,Census Gazetteer 2024 county centroid,14.21,4.99,3.9,37.83,5.77,0.57999999999999996,9,1897,1447,1.89,0,0,0.16,2.93,0,Milk from Cows Market Value Share
NH,Coos County,33007,44.652548,-71.289431,county_centroid,1794.574,35.73,2022,USDA NASS 2022 Ag Census Web Maps,Census Gazetteer 2024 county centroid,1.51,0.43,0.31,58.52,5.86,0.4,11,2522,1928,,0,,0.15,0.46,2,Milk from Cows Market Value Share
NH,Grafton County,33009,43.926439,-71.842424,county_centroid,1708.599,41.106,2022,USDA NASS 2022 Ag Census Web Maps,Census Gazetteer 2024 county centroid,4.79,2.64,,40.01,6.95,0.93,6,2814,2284,0,0,,0.12,1.44,2,Milk from Cows Market Value Share
NH,Hillsborough County,33011,42.911532,-71.723055,county_centroid,876.537,15.942,2022,USDA NASS 2022 Ag Census Web Maps,Census Gazetteer 2024 county centroid,24.14,19.47,3.03,,1.7,2.2200000000000002,4,712,447,,0,0,0.19,11.9,2,"Vegetables, Melons, Potatoes, and Sweet Potatoes Market Value Share"
NH,Merrimack County,33013,43.299579,-71.680041,county_centroid,932.891,22.085,2022,USDA NASS 2022 Ag Census Web Maps,Census Gazetteer 2024 county centroid,5.13,3.94,0.91,11.71,1.92,0.15,6,1990,1366,3.45,,3.76,0.18,3.49,1,Milk from Cows Market Value Share
NH,Rockingham County,33015,42.988664,-71.09908,county_centroid,695.429,99.819,2022,USDA NASS 2022 Ag Census Web Maps,Census Gazetteer 2024 county centroid,13.54,19.59,3.28,,1.96,1.57,6,861,658,0.21,,0,0.24,6.74,2,"Fruits, Tree Nuts, and Berries Market Value Share"
NH,Strafford County,33017,43.293272,-71.035589,county_centroid,367.463,15.125,2022,USDA NASS 2022 Ag Census Web Maps,Census Gazetteer 2024 county centroid,9.6,12.84,1.2,23.16,3.28,0.91,6,885,641,0.6,,0,0.04,4.63,1,Milk from Cows Market Value Share
NH,Sullivan County,33019,43.361188,-72.222084,county_centroid,537.876,14.26,2022,USDA NASS 2022 Ag Census Web Maps,Census Gazetteer 2024 county centroid,7.86,4.72,2.09,46.15,6.4,0.99,11,2263,1683,,0,0,0.03,2.62,1,Milk from Cows Market Value Share
NJ,Atlantic County,34001,39.469355,-74.633759,county_centroid,555.578,116.258,2022,USDA NASS 2022 Ag Census Web Maps,Census Gazetteer 2024 county centroid,22.43,55.97,0.12,0,0.02,,1,80,32,4,0.63,1.63,0.12,25.22,1,"Fruits, Tree Nuts, and Berries Market Value Share"
NJ,Bergen County,34003,40.959698,-74.074727,county_centroid,232.794,13.657,2022,USDA NASS 2022 Ag Census Web Maps,Census Gazetteer 2024 county centroid,,24.68,0.56999999999999995,0,0,0,2,14,0,0,0,0,0,6.72,1,"Fruits, Tree Nuts, and Berries Market Value Share"
NJ,Burlington County,34005,39.875786,-74.663006,county_centroid,799.285,21.083,2022,USDA NASS 2022 Ag Census Web Maps,Census Gazetteer 2024 county centroid,10.29,29.15,1.05,0,0.44,0.14000000000000001,1,587,518,11.59,4.59,37.94,,6.36,1,Soybeans Harvested Share of Harvested Cropland
NJ,Camden County,34007,39.802407,-74.961249,county_centroid,221.364,6.146,2022,USDA NASS 2022 Ag Census Web Maps,Census Gazetteer 2024 county centroid,31.36,32.19,0.08,0,0.25,0.15,2,75,,4.6100000000000003,,6.12,,40.369999999999997,3,Vegetables Harvested Share of Harvested Cropland
NJ,Cape May County,34009,39.085841,-74.846354,county_centroid,251.521,368.785,2022,USDA NASS 2022 Ag Census Web Maps,Census Gazetteer 2024 county centroid,4.1100000000000003,3.96,0.17,0,0.33,0.52,3,126,71,7.28,0,,0.14000000000000001,4.5,1,Corn Grain Harvested Share of Harvested Cropland
NJ,Cumberland County,34011,39.328434,-75.121628,county_centroid,483.38,194.465,2022,USDA NASS 2022 Ag Census Web Maps,Census Gazetteer 2024 county centroid,27.75,5.87,0.28999999999999998,0.57999999999999996,0.18,,2,661,464,10.86,8.86,19.96,0.03,20.92,1,"Vegetables, Melons, Potatoes, and Sweet Potatoes Market Value Share"
NJ,Essex County,34013,40.7874,-74.246292,county_centroid,126.083,3.341,2022,USDA NASS 2022 Ag Census Web Maps,Census Gazetteer 2024 county centroid,,,0,0,0,0,,0,0,,,,,,8,Poultry and Eggs Market Value Share
NJ,Gloucester County,34015,39.722875,-75.145679,county_centroid,322.009,14.725,2022,USDA NASS 2022 Ag Census Web Maps,Census Gazetteer 2024 county centroid,29.22,7.68,,2.99,0.27,0.18,5,1031,666,17.170000000000002,13.23,35.29,,16.059999999999999,2,Soybeans Harvested Share of Harvested Cropland
NJ,Hudson County,34017,40.731375,-74.078601,county_centroid,46.193,16.154,2022,USDA NASS 2022 Ag Census Web Maps,Census Gazetteer 2024 county centroid,0,,0,0,0,0,,0,0,,,,,,7,"Vegetables, Melons, Potatoes, and Sweet Potatoes Market Value Share"
NJ,Hunterdon County,34019,40.565283,-74.911969,county_centroid,427.835,9.561,2022,USDA NASS 2022 Ag Census Web Maps,Census Gazetteer 2024 county centroid,9.32,7.59,1.52,1.81,1.25,0.14000000000000001,4,1554,1200,13.67,4.24,17.29,0.09,2.56,0,Soybeans Harvested Share of Harvested Cropland
NJ,Mercer County,34021,40.282503,-74.703724,county_centroid,224.482,4.374,2022,USDA NASS 2022 Ag Census Web Maps,Census Gazetteer 2024 county centroid,12.35,7.32,5.03,,1.06,,3,383,237,17.23,4.6100000000000003,39.950000000000003,7.0000000000000007E-2,4.0199999999999996,2,Soybeans Harvested Share of Harvested Cropland
NJ,Middlesex County,34023,40.439621,-74.40743,county_centroid,309.252,13.624,2022,USDA NASS 2022 Ag Census Web Maps,Census Gazetteer 2024 county centroid,10.199999999999999,3.67,,0,,0.62,0,25,,17.79,,44.29,0.1,7.84,4,Soybeans Harvested Share of Harvested Cropland
NJ,Monmouth County,34025,40.287048,-74.152446,county_centroid,468.204,193.195,2022,USDA NASS 2022 Ag Census Web Maps,Census Gazetteer 2024 county centroid,3.46,2.96,1.82,0,0.14000000000000001,,1,203,209,10.79,2.48,35.229999999999997,0.03,3.41,1,Soybeans Harvested Share of Harvested Cropland
NJ,Morris County,34027,40.858896,-74.547292,county_centroid,461.026,20.502,2022,USDA NASS 2022 Ag Census Web Maps,Census Gazetteer 2024 county centroid,17.73,18.64,,,0.15,0.03,2,276,50,3.89,0,2.36,0.26,18.84,2,Vegetables Harvested Share of Harvested Cropland
NJ,Ocean County,34029,39.865669,-74.258864,county_centroid,628.29,286.546,2022,USDA NASS 2022 Ag Census Web Maps,Census Gazetteer 2024 county centroid,7.23,2.85,0.38,0,0.38,,8,,147,5.72,,,0.47,22.02,4,Vegetables Harvested Share of Harvested Cropland
NJ,Passaic County,34031,41.036655,-74.299408,county_centroid,186.132,12.356,2022,USDA NASS 2022 Ag Census Web Maps,Census Gazetteer 2024 county centroid,15.76,,3.52,0,,,1,,9,0,0,0,0,31.37,4,Vegetables Harvested Share of Harvested Cropland
NJ,Salem County,34033,39.573828,-75.357356,county_centroid,331.861,40.691,2022,USDA NASS 2022 Ag Census Web Maps,Census Gazetteer 2024 county centroid,45.31,2.6,4.5199999999999996,4.95,1.43,,6,3345,2220,21.58,12.65,42.11,1.8,17.649999999999999,1,"Vegetables, Melons, Potatoes, and Sweet Potatoes Market Value Share"
NJ,Somerset County,34035,40.565527,-74.619938,county_centroid,301.867,3.086,2022,USDA NASS 2022 Ag Census Web Maps,Census Gazetteer 2024 county centroid,11.41,1.76,9.44,,2.2599999999999998,0.55000000000000004,5,760,610,6.48,4.08,14.72,7.0000000000000007E-2,3.96,1,Soybeans Harvested Share of Harvested Cropland
NJ,Sussex County,34037,41.137461,-74.691914,county_centroid,518.489,16.943,2022,USDA NASS 2022 Ag Census Web Maps,Census Gazetteer 2024 county centroid,15.91,5.72,2.95,20.13,4.33,0.65,7,2448,1623,15.92,,11.01,0.01,3.17,1,Milk from Cows Market Value Share
NJ,Union County,34039,40.659871,-74.308696,county_centroid,102.767,2.641,2022,USDA NASS 2022 Ag Census Web Maps,Census Gazetteer 2024 county centroid,,,,0,,0,16,22,,0,0,0,0,32.130000000000003,5,Vegetables Harvested Share of Harvested Cropland
NJ,Warren County,34041,40.853491,-75.009498,county_centroid,356.541,6.11,2022,USDA NASS 2022 Ag Census Web Maps,Census Gazetteer 2024 county centroid,6.82,1.97,,1.68,1.73,0.22,5,1660,1551,34.93,1.4,23.76,0.03,3.53,1,Corn Grain Harvested Share of Harvested Cropland
NM,Bernalillo County,35001,35.053628,-106.66908,county_centroid,1161.245,6.132,2022,USDA NASS 2022 Ag Census Web Maps,Census Gazetteer 2024 county centroid,8.61,4.6399999999999997,1.37,18.66,9.67,0.13,,2895,1828,1.5,0,0,0.2,3.82,1,Milk from Cows Market Value Share
NM,Catron County,35003,33.901621,-108.391928,county_centroid,6924.187,5.48,2022,USDA NASS 2022 Ag Census Web Maps,Census Gazetteer 2024 county centroid,0.15,0.5,,0,95.13,0.04,3,23735,20735,0,1.6,,0,0.37,2,Cattle and Calves Market Value Share
NM,Chaves County,35005,33.361604,-104.469837,county_centroid,6067.178,7.903,2022,USDA NASS 2022 Ag Census Web Maps,Census Gazetteer 2024 county centroid,,2.78,,66.260000000000005,13.83,0,6,90864,69750,,1.98,0,0,0.13,3,Milk from Cows Market Value Share
NM,Cibola County,35006,34.928272,-107.99268,county_centroid,4539.984,2.145,2022,USDA NASS 2022 Ag Census Web Maps,Census Gazetteer 2024 county centroid,1.07,0.9,0.33,0,85.04,0.02,1,10464,8476,0,0,0,,1.1599999999999999,1,Cattle and Calves Market Value Share
NM,Colfax County,35007,36.612964,-104.64011,county_centroid,3757.976,10.153,2022,USDA NASS 2022 Ag Census Web Maps,Census Gazetteer 2024 county centroid,0,,,0,96,0.03,2,15389,39721,0,0,0,0,0,2,Cattle and Calves Market Value Share
NM,Curry County,35009,34.572984,-103.346055,county_centroid,1405.524,3.086,2022,USDA NASS 2022 Ag Census Web Maps,Census Gazetteer 2024 county centroid,0.34,,0,67.36,22.16,0,27,91159,141011,,,,,,6,Milk from Cows Market Value Share
NM,De Baca County,35011,34.359273,-104.368696,county_centroid,2323.107,11.232,2022,USDA NASS 2022 Ag Census Web Maps,Census Gazetteer 2024 county centroid,0.04,0.63,0.11,0,66.14,0,2,9958,12923,0,,0,0,,2,Cattle and Calves Market Value Share
NM,Doña Ana County,35013,32.349919,-106.834968,county_centroid,3808.179,6.793,2022,USDA NASS 2022 Ag Census Web Maps,Census Gazetteer 2024 county centroid,12.55,41.51,,24.73,3.46,,6,21844,13752,1.9,3.24,0,0,5.85,2,"Fruits, Tree Nuts, and Berries Market Value Share"
NM,Eddy County,35015,32.457835,-104.306434,county_centroid,4176.348,21.811,2022,USDA NASS 2022 Ag Census Web Maps,Census Gazetteer 2024 county centroid,0,31.06,,34.369999999999997,13.21,0.01,5,21965,20661,0,4.91,0,0,0,1,Milk from Cows Market Value Share
NM,Grant County,35017,32.732087,-108.381504,county_centroid,3961.207,5.905,2022,USDA NASS 2022 Ag Census Web Maps,Census Gazetteer 2024 county centroid,,1.77,0.14000000000000001,0,89.38,,4,17406,14525,11.75,0,,0.03,2.29,3,Cattle and Calves Market Value Share
NM,Guadalupe County,35019,34.869748,-104.784898,county_centroid,3029.772,1.115,2022,USDA NASS 2022 Ag Census Web Maps,Census Gazetteer 2024 county centroid,0.28000000000000003,,0.06,0,90.45,0,2,13792,15061,,,,,,6,Cattle and Calves Market Value Share
NM,Harding County,35021,35.859352,-103.853424,county_centroid,2125.478,0.449,2022,USDA NASS 2022 Ag Census Web Maps,Census Gazetteer 2024 county centroid,0.13,0,,0,98.51,0,3,14190,14805,,,,,,6,Cattle and Calves Market Value Share
NM,Hidalgo County,35023,31.898052,-108.751929,county_centroid,3438.551,9.105,2022,USDA NASS 2022 Ag Census Web Maps,Census Gazetteer 2024 county centroid,,,,0,31.74,,3,13754,11821,,,,,,9,Cattle and Calves Market Value Share
NM,Lea County,35025,32.795687,-103.413271,county_centroid,4391.552,3.146,2022,USDA NASS 2022 Ag Census Web Maps,Census Gazetteer 2024 county centroid,3.02,0.35,,65.2,15.21,,5,55126,51967,,5.32,0,0,9.56,3,Milk from Cows Market Value Share
NM,Lincoln County,35027,33.740841,-105.449805,county_centroid,4831.115,0.214,2022,USDA NASS 2022 Ag Census Web Maps,Census Gazetteer 2024 county centroid,,3.75,,,92.35,,2,20143,15691,0,0,0,0,,5,Cattle and Calves Market Value Share
NM,Los Alamos County,35028,35.870047,-106.307968,county_centroid,109.123,0.08,2022,USDA NASS 2022 Ag Census Web Maps,Census Gazetteer 2024 county centroid,,,,,,,,,0,0,0,0,0,0,8,Corn Grain Harvested Share of Harvested Cropland
NM,Luna County,35029,32.184523,-107.747191,county_centroid,2965.177,0.167,2022,USDA NASS 2022 Ag Census Web Maps,Census Gazetteer 2024 county centroid,42.32,5.5,0.03,28.67,11.72,0,5,25660,19764,,,,,,5,"Vegetables, Melons, Potatoes, and Sweet Potatoes Market Value Share"
NM,McKinley County,35031,35.584062,-108.253294,county_centroid,5451.064,4.899,2022,USDA NASS 2022 Ag Census Web Maps,Census Gazetteer 2024 county centroid,,,,,,,1,12401,5676,0.34,0,0,0,21.85,6,Vegetables Harvested Share of Harvested Cropland
NM,Mora County,35033,35.982841,-104.921898,county_centroid,1926.249,2.353,2022,USDA NASS 2022 Ag Census Web Maps,Census Gazetteer 2024 county centroid,0.27,4.05,,,65.55,,2,8411,9048,,0,0,0,0.17,4,Cattle and Calves Market Value Share
NM,Otero County,35035,32.615599,-105.751308,county_centroid,6612.562,14.264,2022,USDA NASS 2022 Ag Census Web Maps,Census Gazetteer 2024 county centroid,,54.33,0.12,,40.119999999999997,,2,14041,11385,0,1.1299999999999999,0,,0.35,4,"Fruits, Tree Nuts, and Berries Market Value Share"
NM,Quay County,35037,35.107018,-103.548071,county_centroid,2873.955,7.164,2022,USDA NASS 2022 Ag Census Web Maps,Census Gazetteer 2024 county centroid,0.05,,0.1,0,77.8,0.01,2,24115,36474,,,,,,6,Cattle and Calves Market Value Share
NM,Rio Arriba County,35039,36.509669,-106.693983,county_centroid,5860.874,35.314,2022,USDA NASS 2022 Ag Census Web Maps,Census Gazetteer 2024 county centroid,5.94,11.4,,,35.81,0.01,1,12670,9675,0.17,,7.0000000000000007E-2,7.0000000000000007E-2,1.17,3,Cattle and Calves Market Value Share
NM,Roosevelt County,35041,34.021207,-103.483004,county_centroid,2446.051,7.212,2022,USDA NASS 2022 Ag Census Web Maps,Census Gazetteer 2024 county centroid,,,,76.91,,0,12,77718,49976,,,,,,9,Milk from Cows Market Value Share
NM,Sandoval County,35043,35.685091,-106.883119,county_centroid,3710.194,4.19,2022,USDA NASS 2022 Ag Census Web Maps,Census Gazetteer 2024 county centroid,13.53,16.36,0.71,0,35.33,0.02,1,8145,4686,0.33,0,0,0.01,3.41,0,Cattle and Calves Market Value Share
NM,San Juan County,35045,36.511624,-108.324578,county_centroid,5517.232,21.195,2022,USDA NASS 2022 Ag Census Web Maps,Census Gazetteer 2024 county centroid,41.05,,0.13,0,3.18,,1,10134,5470,,,0,,10.07,5,"Vegetables, Melons, Potatoes, and Sweet Potatoes Market Value Share"
NM,San Miguel County,35047,35.476859,-104.803519,county_centroid,4721.515,19.838,2022,USDA NASS 2022 Ag Census Web Maps,Census Gazetteer 2024 county centroid,1.98,1.55,,,89.1,0.21,2,18583,19668,0.57999999999999996,0,0,0.05,1.81,2,Cattle and Calves Market Value Share
NM,Santa Fe County,35049,35.514531,-105.963972,county_centroid,1910.38,1.02,2022,USDA NASS 2022 Ag Census Web Maps,Census Gazetteer 2024 county centroid,8.09,2.31,0.48,0,27.64,,2,6110,5225,0.23,,0,0.02,1.52,2,Cattle and Calves Market Value Share
NM,Sierra County,35051,33.119468,-107.188161,county_centroid,4181.214,57.001,2022,USDA NASS 2022 Ag Census Web Maps,Census Gazetteer 2024 county centroid,32.22,18,0.24,0,27.25,,1,9118,6661,,5.8,0,0.02,23.52,2,"Vegetables, Melons, Potatoes, and Sweet Potatoes Market Value Share"
NM,Socorro County,35053,33.991658,-106.939136,county_centroid,6646.387,1.87,2022,USDA NASS 2022 Ag Census Web Maps,Census Gazetteer 2024 county centroid,1.7,,0.06,,,0.03,3,23963,18677,,0,0,,1.29,5,"Vegetables, Melons, Potatoes, and Sweet Potatoes Market Value Share"
NM,Taos County,35055,36.577183,-105.638878,county_centroid,2202.373,1.306,2022,USDA NASS 2022 Ag Census Web Maps,Census Gazetteer 2024 county centroid,4.97,5.19,0.54,0,,0.14000000000000001,,,2542,,0,0,0,0.42,4,"Fruits, Tree Nuts, and Berries Market Value Share"
NM,Torrance County,35057,34.554998,-105.890577,county_centroid,3345.213,0.894,2022,USDA NASS 2022 Ag Census Web Maps,Census Gazetteer 2024 county centroid,2.46,0.2,0.15,,,0.03,2,19954,22810,6.62,0,0,,1.85,3,Corn Grain Harvested Share of Harvested Cropland
NM,Union County,35059,36.488085,-103.475723,county_centroid,3825.05,5.984,2022,USDA NASS 2022 Ag Census Web Maps,Census Gazetteer 2024 county centroid,,,,0,75.209999999999994,0,3,26453,54672,,,,,,8,Cattle and Calves Market Value Share
NM,Valencia County,35061,34.71684,-106.806582,county_centroid,1066.717,1.093,2022,USDA NASS 2022 Ag Census Web Maps,Census Gazetteer 2024 county centroid,,6.09,0.31,,,0.06,4,9453,8687,,0.28999999999999998,0,0.02,0.57999999999999996,4,"Fruits, Tree Nuts, and Berries Market Value Share"
NY,Albany County,36001,42.58824,-73.97401,county_centroid,522.888,10.414,2022,USDA NASS 2022 Ag Census Web Maps,Census Gazetteer 2024 county centroid,,5.27,0.36,,,0.11,11,2310,4293,1.75,0,0.44,0.01,0.93,3,"Fruits, Tree Nuts, and Berries Market Value Share"
NY,Allegany County,36003,42.247853,-78.026153,county_centroid,1029.507,5.015,2022,USDA NASS 2022 Ag Census Web Maps,Census Gazetteer 2024 county centroid,2.5499999999999998,1.1499999999999999,0.19,50.33,12.08,0.09,14,8205,9900,14.65,2.13,0.5,0.14000000000000001,0.95,0,Milk from Cows Market Value Share
NY,Bronx County,36005,40.848711,-73.852939,county_centroid,42.176,15.194,2022,USDA NASS 2022 Ag Census Web Maps,Census Gazetteer 2024 county centroid,,,,,,,,0,0,,,,,,12,No dominant food signal
NY,Broome County,36007,42.161977,-75.830283,county_centroid,705.651,9.683,2022,USDA NASS 2022 Ag Census Web Maps,Census Gazetteer 2024 county centroid,0.69,3.32,0.22,61.53,6.08,0.09,15,6311,5439,16.3,,,,0.97,3,Milk from Cows Market Value Share
NY,Cattaraugus County,36009,42.239099,-78.662332,county_centroid,1308.183,14.202,2022,USDA NASS 2022 Ag Census Web Maps,Census Gazetteer 2024 county centroid,2.12,1.24,0.17,67.3,11.74,,22,19704,16999,13.38,0.79,5.37,0.02,0.74,1,Milk from Cows Market Value Share
NY,Cayuga County,36011,43.008546,-76.574587,county_centroid,691.589,172.082,2022,USDA NASS 2022 Ag Census Web Maps,Census Gazetteer 2024 county centroid,2.11,0.43,1.07,69.47,6,7.0000000000000007E-2,37,51397,33869,19.55,4.9000000000000004,19.579999999999998,0.02,1.85,0,Milk from Cows Market Value Share
NY,Chautauqua County,36013,42.304216,-79.407595,county_centroid,1060.41,439.782,2022,USDA NASS 2022 Ag Census Web Maps,Census Gazetteer 2024 county centroid,3.23,26.33,0.11,48.22,7,,20,21819,20272,12.23,2.2599999999999998,2.95,0.01,2.4300000000000002,1,Milk from Cows Market Value Share
NY,Chemung County,36015,42.148697,-76.752471,county_centroid,407.333,3.427,2022,USDA NASS 2022 Ag Census Web Maps,Census Gazetteer 2024 county centroid,,2.15,,42.26,8.06,0.03,12,4073,3008,23.05,,8.93,,0.38,4,Milk from Cows Market Value Share
NY,Chenango County,36017,42.478024,-75.602241,county_centroid,893.443,5.187,2022,USDA NASS 2022 Ag Census Web Maps,Census Gazetteer 2024 county centroid,12.56,0.78,0.38,58.28,8.56,,20,15147,14012,12.97,,2.72,0.02,0.99,2,Milk from Cows Market Value Share
NY,Clinton County,36019,44.752712,-73.705643,county_centroid,1037.751,79.762,2022,USDA NASS 2022 Ag Census Web Maps,Census Gazetteer 2024 county centroid,0.23,9.1300000000000008,,43.27,,0.03,31,25666,19851,20.81,,,0.04,0.12,4,Milk from Cows Market Value Share
NY,Columbia County,36021,42.247696,-73.626718,county_centroid,634.663,13.541,2022,USDA NASS 2022 Ag Census Web Maps,Census Gazetteer 2024 county centroid,4.3499999999999996,24.44,6.68,26.45,,0.44,19,8755,5397,16.95,1.07,8.0299999999999994,0.11,1.29,1,Milk from Cows Market Value Share
NY,Cortland County,36023,42.594039,-76.07624,county_centroid,498.774,2.745,2022,USDA NASS 2022 Ag Census Web Maps,Census Gazetteer 2024 county centroid,0.3,0.64,0.05,75.959999999999994,6.25,0.04,28,15379,11020,6.81,2.13,2.68,0,0.14000000000000001,0,Milk from Cows Market Value Share
NY,Delaware County,36025,42.193986,-74.966728,county_centroid,1442.596,24.774,2022,USDA NASS 2022 Ag Census Web Maps,Census Gazetteer 2024 county centroid,2.02,0.97,0.79,63.81,9.6199999999999992,0.3,15,10711,8351,4.46,,0.34,0.02,0.5,1,Milk from Cows Market Value Share
NY,Dutchess County,36027,41.754825,-73.740014,county_centroid,795.602,29.694,2022,USDA NASS 2022 Ag Census Web Maps,Census Gazetteer 2024 county centroid,10.029999999999999,14.9,1.66,10.19,5.58,,6,2876,2378,8.73,0.54,4.26,0.03,1.02,1,"Fruits, Tree Nuts, and Berries Market Value Share"
NY,Erie County,36029,42.752759,-78.778192,county_centroid,1042.763,184.123,2022,USDA NASS 2022 Ag Census Web Maps,Census Gazetteer 2024 county centroid,7.33,3.42,,34.79,,0.13,17,12580,12918,18.46,1.48,12.41,0.15,3.97,2,Milk from Cows Market Value Share
NY,Essex County,36031,44.109601,-73.778431,county_centroid,1794.122,122.144,2022,USDA NASS 2022 Ag Census Web Maps,Census Gazetteer 2024 county centroid,8.5399999999999991,9.98,0.99,,10.25,0.48,6,1051,1159,,0,0,0.09,1.25,2,Cattle and Calves Market Value Share
NY,Franklin County,36033,44.594376,-74.31067,county_centroid,1629.296,68.194,2022,USDA NASS 2022 Ag Census Web Maps,Census Gazetteer 2024 county centroid,3.9,0.49,3.37,72.56,6.27,0.09,23,18400,14470,11.64,0.09,1.17,0.91,1.6,0,Milk from Cows Market Value Share
NY,Fulton County,36035,43.115609,-74.423678,county_centroid,495.46,37.42,2022,USDA NASS 2022 Ag Census Web Maps,Census Gazetteer 2024 county centroid,3.76,3.79,0.99,25.69,14.22,,8,966,1062,8.89,,2.87,0.02,0.73,2,Milk from Cows Market Value Share
NY,Genesee County,36037,43.00091,-78.192778,county_centroid,492.976,2.369,2022,USDA NASS 2022 Ag Census Web Maps,Census Gazetteer 2024 county centroid,17.11,,,53.88,,0.01,36,30997,29949,24.12,6.27,14.39,,14.15,4,Milk from Cows Market Value Share
NY,Greene County,36039,42.28697,-74.149542,county_centroid,647.161,10.888,2022,USDA NASS 2022 Ag Census Web Maps,Census Gazetteer 2024 county centroid,8.4600000000000009,8.68,,,2.1,0.38,17,2544,582,,1.67,0,0.48,4.66,3,"Fruits, Tree Nuts, and Berries Market Value Share"
NY,Hamilton County,36041,43.657879,-74.502456,county_centroid,1717.378,90.427,2022,USDA NASS 2022 Ag Census Web Maps,Census Gazetteer 2024 county centroid,,,,,,,,0,,0,0,0,0,,9,Corn Grain Harvested Share of Harvested Cropland
NY,Herkimer County,36043,43.571009,-74.841097,county_centroid,1410.586,46.471,2022,USDA NASS 2022 Ag Census Web Maps,Census Gazetteer 2024 county centroid,1.28,0.46,1.53,70.430000000000007,6.34,0.27,20,14090,10000,11.83,0.72,4.88,0.01,0.53,0,Milk from Cows Market Value Share
NY,Jefferson County,36045,43.996389,-76.052968,county_centroid,1267.93,588.628,2022,USDA NASS 2022 Ag Census Web Maps,Census Gazetteer 2024 county centroid,,7.47,,60.99,4.42,0.04,19,29257,16621,7.28,1.56,6.77,0,0.1,2,Milk from Cows Market Value Share
NY,Kings County,36047,40.635045,-73.95064,county_centroid,69.377,27.475,2022,USDA NASS 2022 Ag Census Web Maps,Census Gazetteer 2024 county centroid,,0.32,0,0,0,0,,0,0,,,,,,7,"Fruits, Tree Nuts, and Berries Market Value Share"
NY,Lewis County,36049,43.782706,-75.444132,county_centroid,1276.309,15.308,2022,USDA NASS 2022 Ag Census Web Maps,Census Gazetteer 2024 county centroid,0.14000000000000001,0.15,0.06,76.17,9.6300000000000008,0.04,32,26493,21303,6.94,0.53,2.31,0.01,0.12,0,Milk from Cows Market Value Share
NY,Livingston County,36051,42.729042,-77.778463,county_centroid,631.654,8.524,2022,USDA NASS 2022 Ag Census Web Maps,Census Gazetteer 2024 county centroid,3.08,0.3,,62.01,6.49,,28,30091,20430,28.03,8.49,15.59,0.6,3.4,2,Milk from Cows Market Value Share
NY,Madison County,36053,42.910026,-75.663575,county_centroid,654.85,6.445,2022,USDA NASS 2022 Ag Census Web Maps,Census Gazetteer 2024 county centroid,,0.65,7.0000000000000007E-2,44.42,7.44,0.05,21,17944,16768,18.59,1.46,5,0.01,2.0099999999999998,1,Milk from Cows Market Value Share
NY,Monroe County,36055,43.250347,-77.700518,county_centroid,656.944,709.76,2022,USDA NASS 2022 Ag Census Web Maps,Census Gazetteer 2024 county centroid,28.3,9.27,0.16,7.83,0.95,0.04,3,1674,1311,29.87,12.17,25.24,0.01,11.42,0,Corn Grain Harvested Share of Harvested Cropland
NY,Montgomery County,36057,42.900891,-74.435357,county_centroid,403.111,7.187,2022,USDA NASS 2022 Ag Census Web Maps,Census Gazetteer 2024 county centroid,1.53,,0.57999999999999996,63.84,13.29,,29,15777,15892,12.57,0.13,5.82,0.02,0.78,2,Milk from Cows Market Value Share
NY,Nassau County,36059,40.729612,-73.589414,county_centroid,284.544,168.837,2022,USDA NASS 2022 Ag Census Web Maps,Census Gazetteer 2024 county centroid,18.89,,0.22,0,0,0,0,0,0,0,0,0,,91.33,2,Vegetables Harvested Share of Harvested Cropland
NY,New York County,36061,40.776642,-73.970187,county_centroid,22.658,11.201,2022,USDA NASS 2022 Ag Census Web Maps,Census Gazetteer 2024 county centroid,80.03,0,19.97,0,0,0,0,0,0,0,0,0,0,,1,"Vegetables, Melons, Potatoes, and Sweet Potatoes Market Value Share"
NY,Niagara County,36063,43.272672,-78.812943,county_centroid,522.348,617.289,2022,USDA NASS 2022 Ag Census Web Maps,Census Gazetteer 2024 county centroid,6.51,20.64,0.18,40.369999999999997,3.32,0.06,17,10828,7901,26.59,4.9800000000000004,19.62,0.02,2.65,0,Milk from Cows Market Value Share
NY,Oneida County,36065,43.242727,-75.434282,county_centroid,1212.442,45.312,2022,USDA NASS 2022 Ag Census Web Maps,Census Gazetteer 2024 county centroid,5.79,2.36,0.32,57.31,4.63,,20,20582,13276,27.83,3.07,9.64,0.03,2.1800000000000002,1,Milk from Cows Market Value Share
NY,Onondaga County,36067,43.006516,-76.196134,county_centroid,778.393,27.225,2022,USDA NASS 2022 Ag Census Web Maps,Census Gazetteer 2024 county centroid,3.71,4.17,11.07,56.46,4.9400000000000004,,27,25757,19623,18.84,4.9400000000000004,14.8,0.02,1.43,1,Milk from Cows Market Value Share
NY,Ontario County,36069,42.856357,-77.303497,county_centroid,644.076,18.476,2022,USDA NASS 2022 Ag Census Web Maps,Census Gazetteer 2024 county centroid,9.02,3.19,0.36,56.97,8.9499999999999993,7.0000000000000007E-2,34,29200,31389,22.14,6.52,21.45,,3.36,1,Milk from Cows Market Value Share
NY,Orange County,36071,41.40241,-74.306252,county_centroid,812.078,26.237,2022,USDA NASS 2022 Ag Census Web Maps,Census Gazetteer 2024 county centroid,40.57,8.3800000000000008,0.56999999999999995,11.57,1.41,,8,3103,1568,8.1300000000000008,0.19,6.85,0.27,13.29,1,"Vegetables, Melons, Potatoes, and Sweet Potatoes Market Value Share"
NY,Orleans County,36073,43.339906,-78.207028,county_centroid,391.262,426.158,2022,USDA NASS 2022 Ag Census Web Maps,Census Gazetteer 2024 county centroid,24.06,25.27,0.14000000000000001,7.01,1.74,0.01,6,3708,4244,37.11,5.97,23.33,0.15,13.4,0,Corn Grain Harvested Share of Harvested Cropland
NY,Oswego County,36075,43.461443,-76.209262,county_centroid,951.62,360.401,2022,USDA NASS 2022 Ag Census Web Maps,Census Gazetteer 2024 county centroid,20.5,7.34,0.22,48.14,5.67,0.26,15,8234,5103,13.96,0,7.18,0.01,4.0599999999999996,0,Milk from Cows Market Value Share
NY,Otsego County,36077,42.629776,-75.028841,county_centroid,1001.738,14.02,2022,USDA NASS 2022 Ag Census Web Maps,Census Gazetteer 2024 county centroid,3.24,3.62,1.02,34.380000000000003,8.3699999999999992,0.33,10,7008,6155,18.84,0.35,6.82,0.04,0.7,0,Milk from Cows Market Value Share
NY,Putnam County,36079,41.427907,-73.743861,county_centroid,230.252,15.919,2022,USDA NASS 2022 Ag Census Web Maps,Census Gazetteer 2024 county centroid,19.03,5.97,6.65,0,2.96,1.18,3,58,34,0,0,0,,7.87,1,"Vegetables, Melons, Potatoes, and Sweet Potatoes Market Value Share"
NY,Queens County,36081,40.654658,-73.841209,county_centroid,108.724,72.759,2022,USDA NASS 2022 Ag Census Web Maps,Census Gazetteer 2024 county centroid,16.98,,,0,0,,9,0,0,,0,0,0,38.75,4,Vegetables Harvested Share of Harvested Cropland
NY,Rensselaer County,36083,42.710421,-73.513845,county_centroid,652.459,12.944,2022,USDA NASS 2022 Ag Census Web Maps,Census Gazetteer 2024 county centroid,13.97,2.35,0.96,41.98,5.68,1.1100000000000001,14,5785,4197,9.85,,4.71,0.03,4.25,1,Milk from Cows Market Value Share
NY,Richmond County,36085,40.561263,-74.1399,county_centroid,57.523,45.344,2022,USDA NASS 2022 Ag Census Web Maps,Census Gazetteer 2024 county centroid,0,0,0,0,0,0,0,0,0,0,0,0,0,0,0,"Vegetables, Melons, Potatoes, and Sweet Potatoes Market Value Share"
NY,Rockland County,36087,41.154628,-74.024662,county_centroid,173.685,25.838,2022,USDA NASS 2022 Ag Census Web Maps,Census Gazetteer 2024 county centroid,0.76,,,,,0,,,,0,0,0,0,10.99,7,Vegetables Harvested Share of Harvested Cropland
NY,St. Lawrence County,36089,44.488112,-75.074311,county_centroid,2679.526,141.684,2022,USDA NASS 2022 Ag Census Web Maps,Census Gazetteer 2024 county centroid,0.66,0.87,0.08,78.98,6.5,0.05,23,39245,24047,11.85,0.51,3.99,0.03,0.17,0,Milk from Cows Market Value Share
NY,Saratoga County,36091,43.106135,-73.855387,county_centroid,809.97,33.779,2022,USDA NASS 2022 Ag Census Web Maps,Census Gazetteer 2024 county centroid,0.89,11.86,,40.53,,0.05,24,8033,6781,12.26,,3.3,0.01,0.46,3,Milk from Cows Market Value Share
NY,Schenectady County,36093,42.817552,-74.043559,county_centroid,204.669,4.775,2022,USDA NASS 2022 Ag Census Web Maps,Census Gazetteer 2024 county centroid,24.06,2.85,0.64,26.67,3.91,0.52,6,479,329,3.41,0,,0.02,4.79,1,Milk from Cows Market Value Share
NY,Schoharie County,36095,42.591294,-74.438172,county_centroid,621.819,4.508,2022,USDA NASS 2022 Ag Census Web Maps,Census Gazetteer 2024 county centroid,3.94,3.4,,57.58,9.1,0.48,16,8092,6759,6.38,0,2.17,0.09,0.8,1,Milk from Cows Market Value Share
NY,Schuyler County,36097,42.419776,-76.938603,county_centroid,328.343,13.995,2022,USDA NASS 2022 Ag Census Web Maps,Census Gazetteer 2024 county centroid,2.81,14.07,3.52,54.07,7.17,0.66,18,6891,5703,13.87,5.04,5.22,0.27,0.74,0,Milk from Cows Market Value Share
NY,Seneca County,36099,42.782294,-76.827088,county_centroid,323.698,66.726,2022,USDA NASS 2022 Ag Census Web Maps,Census Gazetteer 2024 county centroid,1.06,9.9600000000000009,,22.64,6.56,5.42,14,6288,9998,30.7,5.68,36.21,0.01,0.74,1,Soybeans Harvested Share of Harvested Cropland
NY,Steuben County,36101,42.266725,-77.385525,county_centroid,1390.51,13.527,2022,USDA NASS 2022 Ag Census Web Maps,Census Gazetteer 2024 county centroid,6.37,1.56,2.84,49.93,9.84,2.27,16,27688,29857,18.59,3.72,4.43,1.87,2.89,0,Milk from Cows Market Value Share
NY,Suffolk County,36103,40.943554,-72.692218,county_centroid,910.934,1462.319,2022,USDA NASS 2022 Ag Census Web Maps,Census Gazetteer 2024 county centroid,12.21,14.72,,,,0.28000000000000003,1,74,204,6.61,2.64,,6.29,22.98,4,Vegetables Harvested Share of Harvested Cropland
NY,Sullivan County,36105,41.719993,-74.771577,county_centroid,968.145,28.47,2022,USDA NASS 2022 Ag Census Web Maps,Census Gazetteer 2024 county centroid,2.42,1.62,61.06,13.85,3.66,,6,2066,1522,,,,0.09,0.89,4,Poultry and Eggs Market Value Share
NY,Tioga County,36107,42.178057,-76.297456,county_centroid,518.767,4.264,2022,USDA NASS 2022 Ag Census Web Maps,Census Gazetteer 2024 county centroid,0.65,1.31,0.26,57.47,6.64,0.31,16,9171,6826,15.98,0.27,5.31,0.01,0.22,0,Milk from Cows Market Value Share
NY,Tompkins County,36109,42.453006,-76.473483,county_centroid,474.644,16.904,2022,USDA NASS 2022 Ag Census Web Maps,Census Gazetteer 2024 county centroid,3.1,1.52,,59.54,6.8,,28,9405,8191,10.6,3.6,7.09,0.03,2.11,2,Milk from Cows Market Value Share
NY,Ulster County,36111,41.947212,-74.265458,county_centroid,1124.236,36.524,2022,USDA NASS 2022 Ag Census Web Maps,Census Gazetteer 2024 county centroid,10.97,70.709999999999994,0.2,0.77,0.78,,4,1202,740,3.9,,4.41,7.0000000000000007E-2,5.77,2,"Fruits, Tree Nuts, and Berries Market Value Share"
NY,Warren County,36113,43.555105,-73.838139,county_centroid,867.222,64.417,2022,USDA NASS 2022 Ag Census Web Maps,Census Gazetteer 2024 county centroid,,3.59,,,0.4,0.31,1,,19,,0,0,0.45,5.36,5,Vegetables Harvested Share of Harvested Cropland
NY,Washington County,36115,43.312377,-73.439428,county_centroid,831.19,14.72,2022,USDA NASS 2022 Ag Census Web Maps,Census Gazetteer 2024 county centroid,0.68,0.97,0.45,79.05,7.48,0.06,31,33559,28435,8.56,,1.03,0.02,0.37,1,Milk from Cows Market Value Share
NY,Wayne County,36117,43.218114,-77.049402,county_centroid,603.83,779.226,2022,USDA NASS 2022 Ag Census Web Maps,Census Gazetteer 2024 county centroid,4.49,52.68,,12.92,,1.46,17,11620,29409,20.63,2.77,26.1,1.18,2.85,2,"Fruits, Tree Nuts, and Berries Market Value Share"
NY,Westchester County,36119,41.152686,-73.745753,county_centroid,430.817,69.264,2022,USDA NASS 2022 Ag Census Web Maps,Census Gazetteer 2024 county centroid,11.35,6.48,1.24,,,,5,58,,0.32,,,0.44,11.61,6,Vegetables Harvested Share of Harvested Cropland
NY,Wyoming County,36121,42.701365,-78.228576,county_centroid,592.7,3.508,2022,USDA NASS 2022 Ag Census Web Maps,Census Gazetteer 2024 county centroid,6.23,0.22,0.06,72.400000000000006,7.55,0.02,46,51179,40362,13.71,3.76,2.91,,6.51,1,Milk from Cows Market Value Share
NY,Yates County,36123,42.638237,-77.104324,county_centroid,338.139,37.64,2022,USDA NASS 2022 Ag Census Web Maps,Census Gazetteer 2024 county centroid,,17.75,12,31.74,11.72,,22,10230,16525,21.73,6.75,12.42,0.09,3.21,2,Milk from Cows Market Value Share
NC,Alamance County,37001,36.043954,-79.400573,county_centroid,423.463,10.777,2022,USDA NASS 2022 Ag Census Web Maps,Census Gazetteer 2024 county centroid,0.69,0.63,61.51,2.95,9.19,0.02,17,6621,5004,8.94,8.15,20.75,0.02,0.21,0,Poultry and Eggs Market Value Share
NC,Alexander County,37003,35.920951,-81.177467,county_centroid,259.989,3.643,2022,USDA NASS 2022 Ag Census Web Maps,Census Gazetteer 2024 county centroid,0.06,0.62,91.29,1.63,3.13,0.02,41,9087,11665,9.31,8.51,13.15,,,2,Poultry and Eggs Market Value Share
NC,Alleghany County,37005,36.489356,-81.132299,county_centroid,234.835,1.424,2022,USDA NASS 2022 Ag Census Web Maps,Census Gazetteer 2024 county centroid,19.079999999999998,0.45,0.03,,17.329999999999998,0.02,32,10559,10718,1.08,0,,0.01,15.19,2,"Vegetables, Melons, Potatoes, and Sweet Potatoes Market Value Share"
NC,Anson County,37007,34.974972,-80.109763,county_centroid,531.461,5.638,2022,USDA NASS 2022 Ag Census Web Maps,Census Gazetteer 2024 county centroid,7.0000000000000007E-2,0.12,89.88,,0.78,4.78,11,5221,4283,24.26,17.25,36.799999999999997,,0.22,2,Poultry and Eggs Market Value Share
NC,Ashe County,37009,36.443469,-81.499334,county_centroid,426.266,3.111,2022,USDA NASS 2022 Ag Census Web Maps,Census Gazetteer 2024 county centroid,5.42,0.37,0.12,0.39,9.58,,11,4702,7796,1.56,0,0,7.0000000000000007E-2,1.89,1,Cattle and Calves Market Value Share
NC,Avery County,37011,36.07209,-81.920285,county_centroid,247.338,0.172,2022,USDA NASS 2022 Ag Census Web Maps,Census Gazetteer 2024 county centroid,2.29,1.28,0.15,0,1.23,0.03,3,475,422,0.22,0,0,0.32,1.32,0,"Vegetables, Melons, Potatoes, and Sweet Potatoes Market Value Share"
NC,Beaufort County,37013,35.482313,-76.842014,county_centroid,832.736,130.112,2022,USDA NASS 2022 Ag Census Web Maps,Census Gazetteer 2024 county centroid,3.47,0.57999999999999996,2.34,0,0.25,14.68,0,303,457,33.659999999999997,9.56,50.52,0,0.59,0,Soybeans Harvested Share of Harvested Cropland
NC,Bertie County,37015,36.059043,-76.962364,county_centroid,699.176,42.132,2022,USDA NASS 2022 Ag Census Web Maps,Census Gazetteer 2024 county centroid,1.21,0,,0,0.02,,0,120,122,11.5,8.08,36.46,,0.74,3,Soybeans Harvested Share of Harvested Cropland
NC,Bladen County,37017,34.591938,-78.539489,county_centroid,874.956,12.75,2022,USDA NASS 2022 Ag Census Web Maps,Census Gazetteer 2024 county centroid,0.28000000000000003,8.39,36.71,,0.25,48.95,3,2907,2197,39.869999999999997,7.14,25.03,0.03,0.84,1,Hogs and Pigs Market Value Share
NC,Brunswick County,37019,34.038754,-78.227765,county_centroid,850.069,199.474,2022,USDA NASS 2022 Ag Census Web Maps,Census Gazetteer 2024 county centroid,,0.54,0.18,0,0.54,40.93,4,1014,548,34.590000000000003,3.62,40.590000000000003,0,0.05,1,Hogs and Pigs Market Value Share
NC,Buncombe County,37021,35.609371,-82.530423,county_centroid,656.49,3.452,2022,USDA NASS 2022 Ag Census Web Maps,Census Gazetteer 2024 county centroid,13.08,3.22,1.27,21.34,11.38,0.88,18,7985,5251,3.76,,,0.12,3.56,2,Milk from Cows Market Value Share
NC,Burke County,37023,35.746182,-81.70618,county_centroid,506.237,8.,2022,USDA NASS 2022 Ag Census Web Maps,Census Gazetteer 2024 county centroid,,,,,,,12,2940,2347,8.86,6.95,9.31,0.04,0.28000000000000003,6,Soybeans Harvested Share of Harvested Cropland
NC,Cabarrus County,37025,35.388346,-80.552728,county_centroid,361.232,2.697,2022,USDA NASS 2022 Ag Census Web Maps,Census Gazetteer 2024 county centroid,3.25,,50.26,5.04,5.17,,16,5546,3789,25.85,10.51,29.48,0.01,0.6,2,Poultry and Eggs Market Value Share
NC,Caldwell County,37027,35.966396,-81.51254,county_centroid,471.885,2.726,2022,USDA NASS 2022 Ag Census Web Maps,Census Gazetteer 2024 county centroid,,0.36,57.84,0,2.31,0.13,14,2627,1711,7.73,6.47,16.98,,0.23,2,Poultry and Eggs Market Value Share
NC,Camden County,37029,36.342344,-76.162488,county_centroid,240.326,69.931,2022,USDA NASS 2022 Ag Census Web Maps,Census Gazetteer 2024 county centroid,,0,0.03,0,0.08,0,0,122,90,37.4,12.48,51.62,,,3,Soybeans Harvested Share of Harvested Cropland
NC,Carteret County,37031,34.858343,-76.53586,county_centroid,507.606,822.806,2022,USDA NASS 2022 Ag Census Web Maps,Census Gazetteer 2024 county centroid,,,0.09,0,0.2,,1,266,157,,,,,1.57,7,Vegetables Harvested Share of Harvested Cropland
NC,Caswell County,37033,36.394298,-79.339609,county_centroid,425.483,3.22,2022,USDA NASS 2022 Ag Census Web Maps,Census Gazetteer 2024 county centroid,6.66,1,33.26,0,20,0.02,10,3697,7772,3.18,9.43,25.99,,1.37,1,Poultry and Eggs Market Value Share
NC,Catawba County,37035,35.661883,-81.214906,county_centroid,401.374,14.65,2022,USDA NASS 2022 Ag Census Web Maps,Census Gazetteer 2024 county centroid,3.81,1.18,57.89,3.71,3.62,,18,6384,4303,19.18,8.75,30.46,0,1.81,1,Poultry and Eggs Market Value Share
NC,Chatham County,37037,35.704994,-79.251454,county_centroid,681.482,27.251,2022,USDA NASS 2022 Ag Census Web Maps,Census Gazetteer 2024 county centroid,0.34,0.14000000000000001,88.54,1.63,3.19,1.44,27,18823,14641,10.92,4.0199999999999996,13.97,0.01,0.38,0,Poultry and Eggs Market Value Share
NC,Cherokee County,37039,35.13715,-84.061449,county_centroid,455.54,11.125,2022,USDA NASS 2022 Ag Census Web Maps,Census Gazetteer 2024 county centroid,7.4,1.77,,0,,0.11,25,2086,5800,9.65,1.34,0,0.03,6.99,2,Corn Grain Harvested Share of Harvested Cropland
NC,Chowan County,37041,36.128979,-76.602752,county_centroid,172.657,60.991,2022,USDA NASS 2022 Ag Census Web Maps,Census Gazetteer 2024 county centroid,15.12,0,,0,0.25,,1,340,246,9.82,4.45,35.32,,3.78,3,Soybeans Harvested Share of Harvested Cropland
NC,Clay County,37043,35.052997,-83.752264,county_centroid,215.001,5.81,2022,USDA NASS 2022 Ag Census Web Maps,Census Gazetteer 2024 county centroid,,1.41,0.5,0,47.13,,28,1627,2966,,,,7.0000000000000007E-2,0.68,5,Cattle and Calves Market Value Share
NC,Cleveland County,37045,35.33463,-81.557114,county_centroid,464.253,3.926,2022,USDA NASS 2022 Ag Census Web Maps,Census Gazetteer 2024 county centroid,0.5,0.65,81.040000000000006,1.43,5.54,0.02,20,10965,15213,18.11,13.87,28.67,0.01,0.42,0,Poultry and Eggs Market Value Share
NC,Columbus County,37047,34.261602,-78.639308,county_centroid,938.198,16.877,2022,USDA NASS 2022 Ag Census Web Maps,Census Gazetteer 2024 county centroid,1.91,0.3,18.489999999999998,,1.07,52.67,4,2443,2824,36.89,10.67,48.73,0.01,1.87,1,Hogs and Pigs Market Value Share
NC,Craven County,37049,35.116829,-77.08132,county_centroid,706.542,66.741,2022,USDA NASS 2022 Ag Census Web Maps,Census Gazetteer 2024 county centroid,1.96,1.79,7.0000000000000007E-2,0,0.65,41.9,3,1477,775,27.9,5.22,46.87,,0.28000000000000003,1,Soybeans Harvested Share of Harvested Cropland
NC,Cumberland County,37051,35.050192,-78.828719,county_centroid,652.566,5.912,2022,USDA NASS 2022 Ag Census Web Maps,Census Gazetteer 2024 county centroid,1.97,0.17,48.63,,0.74,30.08,4,1420,1488,23.25,12.52,40.58,,2.4700000000000002,2,Poultry and Eggs Market Value Share
NC,Currituck County,37053,36.372174,-75.941224,county_centroid,261.91,264.517,2022,USDA NASS 2022 Ag Census Web Maps,Census Gazetteer 2024 county centroid,,0.2,,0,0.1,0.02,,,,35.799999999999997,17.48,58.27,,0.37,6,Soybeans Harvested Share of Harvested Cropland
NC,Dare County,37055,35.606269,-75.767536,county_centroid,383.229,1158.505,2022,USDA NASS 2022 Ag Census Web Maps,Census Gazetteer 2024 county centroid,7.18,0,,0,0,0,,,0,0,0,0,0,54.44,3,Vegetables Harvested Share of Harvested Cropland
NC,Davidson County,37057,35.795131,-80.207107,county_centroid,552.996,14.516,2022,USDA NASS 2022 Ag Census Web Maps,Census Gazetteer 2024 county centroid,1.43,1.51,63.4,,3.52,0.09,13,5592,4137,13.88,6.99,32.270000000000003,0.04,0.61,1,Poultry and Eggs Market Value Share
NC,Davie County,37059,35.929355,-80.542552,county_centroid,263.699,2.9,2022,USDA NASS 2022 Ag Census Web Maps,Census Gazetteer 2024 county centroid,1.06,1.63,10.25,,9.5,0.03,12,5002,3865,27.65,5.9,39.65,,0.15,2,Soybeans Harvested Share of Harvested Cropland
NC,Duplin County,37061,34.934403,-77.933543,county_centroid,814.72,5.497,2022,USDA NASS 2022 Ag Census Web Maps,Census Gazetteer 2024 county centroid,1.1100000000000001,0.8,45.64,,0.37,46.95,9,12127,9492,27.73,9.8000000000000007,38.24,0.01,3.62,1,Hogs and Pigs Market Value Share
NC,Durham County,37063,36.033828,-78.878125,county_centroid,287.549,10.314,2022,USDA NASS 2022 Ag Census Web Maps,Census Gazetteer 2024 county centroid,2.3199999999999998,3.52,1.05,0,9.17,,19,1249,822,9.41,,8.86,0.01,1.27,2,Corn Grain Harvested Share of Harvested Cropland
NC,Edgecombe County,37065,35.917077,-77.602742,county_centroid,505.436,1.431,2022,USDA NASS 2022 Ag Census Web Maps,Census Gazetteer 2024 county centroid,13.8,0.1,40.68,0,1.52,13.46,4,578,5197,9.25,5.87,40.020000000000003,1.54,10.96,0,Poultry and Eggs Market Value Share
NC,Forsyth County,37067,36.132466,-80.256961,county_centroid,408.046,4.496,2022,USDA NASS 2022 Ag Census Web Maps,Census Gazetteer 2024 county centroid,6.44,,1.64,0,4.7,,7,1450,940,13.27,10.89,39.64,0.01,2.2999999999999998,2,Soybeans Harvested Share of Harvested Cropland
NC,Franklin County,37069,36.088247,-78.283082,county_centroid,491.802,2.77,2022,USDA NASS 2022 Ag Census Web Maps,Census Gazetteer 2024 county centroid,3.48,,12.21,,5,7.59,9,5889,4320,7.21,15.92,43.68,0.01,1.48,2,Soybeans Harvested Share of Harvested Cropland
NC,Gaston County,37071,35.292834,-81.177364,county_centroid,355.751,7.934,2022,USDA NASS 2022 Ag Census Web Maps,Census Gazetteer 2024 county centroid,2.15,8.5500000000000007,43.92,,,7.0000000000000007E-2,20,4861,2742,6.19,3.51,33,0,0.65,2,Poultry and Eggs Market Value Share
NC,Gates County,37073,36.442135,-76.702355,county_centroid,340.612,5.132,2022,USDA NASS 2022 Ag Census Web Maps,Census Gazetteer 2024 county centroid,7.0000000000000007E-2,0.01,61.7,0,0.65,9.58,2,778,782,13.89,9.17,43.96,0,0.15,0,Poultry and Eggs Market Value Share
NC,Graham County,37075,35.348364,-83.830915,county_centroid,291.968,9.674,2022,USDA NASS 2022 Ag Census Web Maps,Census Gazetteer 2024 county centroid,9.27,,1.5,,8.4,0.66,13,209,154,0,0,,1.1000000000000001,3.42,3,"Vegetables, Melons, Potatoes, and Sweet Potatoes Market Value Share"
NC,Granville County,37077,36.299884,-78.657634,county_centroid,531.991,5.6,2022,USDA NASS 2022 Ag Census Web Maps,Census Gazetteer 2024 county centroid,18.59,0.39,0.22,12.02,8.9600000000000009,,7,4257,3460,9.48,2.37,27.39,0.01,4.1500000000000004,1,Soybeans Harvested Share of Harvested Cropland
NC,Greene County,37079,35.481959,-77.681688,county_centroid,266.734,0.475,2022,USDA NASS 2022 Ag Census Web Maps,Census Gazetteer 2024 county centroid,5.72,,27.03,,0.19,49.27,2,1432,997,17.86,11.54,44.99,,10.15,3,Hogs and Pigs Market Value Share
NC,Guilford County,37081,36.079065,-79.788665,county_centroid,645.988,11.687,2022,USDA NASS 2022 Ag Census Web Maps,Census Gazetteer 2024 county centroid,,4.54,17.09,4.33,4.4400000000000004,1.85,11,4411,5629,11.63,14.59,26.46,0,0.96,1,Soybeans Harvested Share of Harvested Cropland
NC,Halifax County,37083,36.251438,-77.644842,county_centroid,723.738,6.533,2022,USDA NASS 2022 Ag Census Web Maps,Census Gazetteer 2024 county centroid,,,24.06,0,1.08,17.760000000000002,3,3531,2931,7.28,3.57,32.880000000000003,0,1.1599999999999999,2,Soybeans Harvested Share of Harvested Cropland
NC,Harnett County,37085,35.36866,-78.871665,county_centroid,595.099,6.317,2022,USDA NASS 2022 Ag Census Web Maps,Census Gazetteer 2024 county centroid,7.78,0.44,41.4,0,0.53,22.51,4,2965,2176,11.65,10.41,38.11,,6.14,1,Poultry and Eggs Market Value Share
NC,Haywood County,37087,35.558882,-82.981307,county_centroid,553.56,0.942,2022,USDA NASS 2022 Ag Census Web Maps,Census Gazetteer 2024 county centroid,7.79,13.73,,29.39,16.43,0.03,22,6135,3786,8.2799999999999994,,,0.01,1.74,3,Milk from Cows Market Value Share
NC,Henderson County,37089,35.336427,-82.479583,county_centroid,372.948,2.145,2022,USDA NASS 2022 Ag Census Web Maps,Census Gazetteer 2024 county centroid,27.84,30.01,0.18,,0.83,0.02,7,1432,1056,10.3,,4.3099999999999996,0.1,10.44,2,"Fruits, Tree Nuts, and Berries Market Value Share"
NC,Hertford County,37091,36.363517,-76.981616,county_centroid,353.164,7.235,2022,USDA NASS 2022 Ag Census Web Maps,Census Gazetteer 2024 county centroid,4.0999999999999996,0,53.34,0,,4.3499999999999996,0,116,114,14.8,3.83,30.39,0,3.06,1,Poultry and Eggs Market Value Share
NC,Hoke County,37093,35.017233,-79.241964,county_centroid,390.153,1.525,2022,USDA NASS 2022 Ag Census Web Maps,Census Gazetteer 2024 county centroid,0.02,,69.84,0,0.36,21.04,4,829,575,26.73,13.24,37.58,,0.02,2,Poultry and Eggs Market Value Share
NC,Hyde County,37095,35.408157,-76.153687,county_centroid,612.342,846.698,2022,USDA NASS 2022 Ag Census Web Maps,Census Gazetteer 2024 county centroid,,7.0000000000000007E-2,,0,0.09,0,0,155,195,37.21,8.6300000000000008,43.54,,3.45,3,Soybeans Harvested Share of Harvested Cropland
NC,Iredell County,37097,35.806251,-80.874524,county_centroid,574.437,22.955,2022,USDA NASS 2022 Ag Census Web Maps,Census Gazetteer 2024 county centroid,,0.77,32.89,37.79,8.23,,33,21850,15163,13.86,14.35,25.71,0,0.13,2,Milk from Cows Market Value Share
NC,Jackson County,37099,35.285454,-83.123966,county_centroid,491.11,3.763,2022,USDA NASS 2022 Ag Census Web Maps,Census Gazetteer 2024 county centroid,,,0.06,0,,0.02,9,1196,1427,1.87,0,0,0.03,0.44,3,Corn Grain Harvested Share of Harvested Cropland
NC,Johnston County,37101,35.513419,-78.367348,county_centroid,792.017,3.632,2022,USDA NASS 2022 Ag Census Web Maps,Census Gazetteer 2024 county centroid,19.36,1.1399999999999999,20.190000000000001,,0.83,26.86,5,5646,3482,8.6300000000000008,10.5,47.83,0.01,13.37,1,Soybeans Harvested Share of Harvested Cropland
NC,Jones County,37103,35.032268,-77.356195,county_centroid,471.368,2.329,2022,USDA NASS 2022 Ag Census Web Maps,Census Gazetteer 2024 county centroid,0.15,0.1,38.21,0,7.0000000000000007E-2,49.7,1,234,251,22.46,5.63,45.52,0,0.14000000000000001,0,Hogs and Pigs Market Value Share
NC,Lee County,37105,35.476336,-79.172117,county_centroid,255.072,4.131,2022,USDA NASS 2022 Ag Census Web Maps,Census Gazetteer 2024 county centroid,0.98,1.64,71.459999999999994,0,1.17,,7,1382,1000,17.11,10.57,33.76,,0.99,2,Poultry and Eggs Market Value Share
NC,Lenoir County,37107,35.240066,-77.635514,county_centroid,399.087,2.278,2022,USDA NASS 2022 Ag Census Web Maps,Census Gazetteer 2024 county centroid,3.77,,46.3,0,0.46,29.1,3,2323,1973,27.29,7.45,41.7,0,3.51,1,Poultry and Eggs Market Value Share
NC,Lincoln County,37109,35.488491,-81.226893,county_centroid,295.851,9.011,2022,USDA NASS 2022 Ag Census Web Maps,Census Gazetteer 2024 county centroid,1.1499999999999999,0.41,63.25,14.43,10.16,,29,6652,9271,4.2699999999999996,16.190000000000001,34.71,,0.35,2,Poultry and Eggs Market Value Share
NC,McDowell County,37111,35.682268,-82.048045,county_centroid,439.954,5.397,2022,USDA NASS 2022 Ag Census Web Maps,Census Gazetteer 2024 county centroid,15.47,2.1,37.380000000000003,,1.67,,9,919,423,1.3,0,0,0.02,6.44,2,Poultry and Eggs Market Value Share
NC,Macon County,37113,35.152959,-83.421901,county_centroid,515.564,4.084,2022,USDA NASS 2022 Ag Census Web Maps,Census Gazetteer 2024 county centroid,18.329999999999998,26.72,,,18.04,7.0000000000000007E-2,18,2438,1522,2.46,0,,0.45,2.71,3,"Fruits, Tree Nuts, and Berries Market Value Share"
NC,Madison County,37115,35.864206,-82.712631,county_centroid,449.615,1.869,2022,USDA NASS 2022 Ag Census Web Maps,Census Gazetteer 2024 county centroid,11.1,3.2,7.52,0,,0.59,12,2911,2134,1.84,0,0,0.12,1.67,1,"Vegetables, Melons, Potatoes, and Sweet Potatoes Market Value Share"
NC,Martin County,37117,35.847301,-77.119602,county_centroid,456.412,0.288,2022,USDA NASS 2022 Ag Census Web Maps,Census Gazetteer 2024 county centroid,3.5,,,0,0.14000000000000001,,0,380,280,5.49,8.6300000000000008,34.81,0,1.17,3,Soybeans Harvested Share of Harvested Cropland
NC,Mecklenburg County,37119,35.246862,-80.833832,county_centroid,523.612,22.467,2022,USDA NASS 2022 Ag Census Web Maps,Census Gazetteer 2024 county centroid,,,,,,,20,926,656,,,18.670000000000002,,2.88,9,Soybeans Harvested Share of Harvested Cropland
NC,Mitchell County,37121,36.013102,-82.163554,county_centroid,221.251,0.63,2022,USDA NASS 2022 Ag Census Web Maps,Census Gazetteer 2024 county centroid,3.49,6.25,0.83,,36.380000000000003,0.21,13,1001,1597,1.79,0,0.12,0.94,1.38,1,Cattle and Calves Market Value Share
NC,Montgomery County,37123,35.327548,-79.910752,county_centroid,491.537,9.995,2022,USDA NASS 2022 Ag Census Web Maps,Census Gazetteer 2024 county centroid,0.69,1.1200000000000001,88.5,,0.98,3.66,18,3146,2354,23.78,1.98,12.89,,1.1100000000000001,2,Poultry and Eggs Market Value Share
NC,Moore County,37125,35.308273,-79.492723,county_centroid,697.627,8.052,2022,USDA NASS 2022 Ag Census Web Maps,Census Gazetteer 2024 county centroid,0.7,0.76,77.95,0,,,11,7079,5942,14.86,10.37,22.79,0.02,1.5,2,Poultry and Eggs Market Value Share
NC,Nash County,37127,35.965945,-77.987555,county_centroid,540.444,2.384,2022,USDA NASS 2022 Ag Census Web Maps,Census Gazetteer 2024 county centroid,23.95,,16.78,0,1.1399999999999999,16.079999999999998,4,2996,2794,5.71,3.29,36.450000000000003,,12.6,2,Soybeans Harvested Share of Harvested Cropland
NC,New Hanover County,37129,34.183445,-77.864204,county_centroid,192.225,136.635,2022,USDA NASS 2022 Ag Census Web Maps,Census Gazetteer 2024 county centroid,2.74,1.48,0.81,0,,0,,,,66.790000000000006,0,20.96,0,1.19,4,Corn Grain Harvested Share of Harvested Cropland
NC,Northampton County,37131,36.421774,-77.398352,county_centroid,536.71,13.842,2022,USDA NASS 2022 Ag Census Web Maps,Census Gazetteer 2024 county centroid,0.53,0.09,29.01,0,0.12,18.440000000000001,0,359,271,11.58,8.52,43.59,0,0.11,0,Soybeans Harvested Share of Harvested Cropland
NC,Onslow County,37133,34.763109,-77.499469,county_centroid,762.085,143.108,2022,USDA NASS 2022 Ag Census Web Maps,Census Gazetteer 2024 county centroid,0.36,,49.85,0,0.18,36.020000000000003,4,1201,651,17.829999999999998,7.22,41.87,0.04,0.52,1,Poultry and Eggs Market Value Share
NC,Orange County,37135,36.062525,-79.120033,county_centroid,397.543,3.417,2022,USDA NASS 2022 Ag Census Web Maps,Census Gazetteer 2024 county centroid,6.5,3.28,34.31,,7.28,0.56999999999999995,12,3549,2802,17.39,3.54,20.64,0.04,1.1399999999999999,1,Poultry and Eggs Market Value Share
NC,Pamlico County,37137,35.147575,-76.665268,county_centroid,336.515,225.112,2022,USDA NASS 2022 Ag Census Web Maps,Census Gazetteer 2024 county centroid,,0.38,,0,,,0,85,20,39.49,,52.77,,,7,Soybeans Harvested Share of Harvested Cropland
NC,Pasquotank County,37139,36.265199,-76.260691,county_centroid,226.878,62.453,2022,USDA NASS 2022 Ag Census Web Maps,Census Gazetteer 2024 county centroid,10.039999999999999,0.12,,0,,,0,202,208,25.56,9.02,68,1.63,2.67,3,Soybeans Harvested Share of Harvested Cropland
NC,Pender County,37141,34.512556,-77.888106,county_centroid,871.3,62.866,2022,USDA NASS 2022 Ag Census Web Maps,Census Gazetteer 2024 county centroid,0.64,8.08,33.78,0,,38.11,4,1582,838,28.36,11.68,45.83,0.01,0.48,1,Soybeans Harvested Share of Harvested Cropland
NC,Perquimans County,37143,36.180897,-76.403244,county_centroid,247.173,81.759,2022,USDA NASS 2022 Ag Census Web Maps,Census Gazetteer 2024 county centroid,,0,,0,,,0,187,134,16.78,18.47,58.76,,,6,Soybeans Harvested Share of Harvested Cropland
NC,Person County,37145,36.386357,-78.965633,county_centroid,392.34,12.048,2022,USDA NASS 2022 Ag Census Web Maps,Census Gazetteer 2024 county centroid,,,0.23,,5.58,1.78,8,4326,3199,11.88,18.22,35.22,0.01,0.33,3,Soybeans Harvested Share of Harvested Cropland
NC,Pitt County,37147,35.59249,-77.372739,county_centroid,652.366,3.184,2022,USDA NASS 2022 Ag Census Web Maps,Census Gazetteer 2024 county centroid,,0.02,28.95,,0.46,37.159999999999997,2,2013,2172,16.88,8.27,46.44,0,1.62,2,Soybeans Harvested Share of Harvested Cropland
NC,Polk County,37149,35.277901,-82.167621,county_centroid,237.687,0.758,2022,USDA NASS 2022 Ag Census Web Maps,Census Gazetteer 2024 county centroid,,12.46,,,13.21,0,11,1600,1257,,0,0,0,0.39,4,Cattle and Calves Market Value Share
NC,Randolph County,37151,35.709915,-79.806215,county_centroid,782.336,7.609,2022,USDA NASS 2022 Ag Census Web Maps,Census Gazetteer 2024 county centroid,0.41,0.19,78.09,11.15,3.19,1.72,33,24915,22047,16.239999999999998,9.85,20.97,0,0.31,0,Poultry and Eggs Market Value Share
NC,Richmond County,37153,35.004636,-79.755695,county_centroid,473.689,6.014,2022,USDA NASS 2022 Ag Census Web Maps,Census Gazetteer 2024 county centroid,0.27,0.13,91.28,0,0.33,6.59,6,1992,1511,25.39,,22.29,,1.43,2,Poultry and Eggs Market Value Share
NC,Robeson County,37155,34.63921,-79.100881,county_centroid,947.294,1.96,2022,USDA NASS 2022 Ag Census Web Maps,Census Gazetteer 2024 county centroid,0.97,0.49,60.72,0,0.37,20.260000000000002,3,4303,3376,29.95,15.91,48.64,,1.22,1,Poultry and Eggs Market Value Share
NC,Rockingham County,37157,36.381806,-79.782754,county_centroid,565.642,7.118,2022,USDA NASS 2022 Ag Census Web Maps,Census Gazetteer 2024 county centroid,2.25,5.26,,,9.2100000000000009,0.46,10,6003,3437,8.2200000000000006,11.09,23.83,0.01,0.37,2,Soybeans Harvested Share of Harvested Cropland
NC,Rowan County,37159,35.641355,-80.521721,county_centroid,511.61,12.343,2022,USDA NASS 2022 Ag Census Web Maps,Census Gazetteer 2024 county centroid,11.54,2.63,25.54,6.93,8.4700000000000006,,17,9472,8818,18.3,14.86,38.99,0.01,1.36,1,Soybeans Harvested Share of Harvested Cropland
NC,Rutherford County,37161,35.402747,-81.919582,county_centroid,565.437,1.812,2022,USDA NASS 2022 Ag Census Web Maps,Census Gazetteer 2024 county centroid,0.5,0.48,89.26,,4.8899999999999997,,18,6009,6044,4.08,,1.1399999999999999,,0.38,4,Poultry and Eggs Market Value Share
NC,Sampson County,37163,34.989298,-78.371261,county_centroid,945.932,1.899,2022,USDA NASS 2022 Ag Census Web Maps,Census Gazetteer 2024 county centroid,5.84,0.28999999999999998,43.24,,,44.03,7,11941,8574,18.739999999999998,7.98,37.01,,14.21,3,Hogs and Pigs Market Value Share
NC,Scotland County,37165,34.840023,-79.477337,county_centroid,319.14,1.483,2022,USDA NASS 2022 Ag Census Web Maps,Census Gazetteer 2024 county centroid,0.22,0.66,,0,0.13,,1,438,364,24.41,12.88,42.42,0,0.41,2,Soybeans Harvested Share of Harvested Cropland
NC,Stanly County,37167,35.310449,-80.254374,county_centroid,395.08,9.724,2022,USDA NASS 2022 Ag Census Web Maps,Census Gazetteer 2024 county centroid,0.3,0.79,47.24,,5.01,0.12,12,7333,5829,24.34,13.65,26.53,,0.04,2,Poultry and Eggs Market Value Share
NC,Stokes County,37169,36.393797,-80.269921,county_centroid,449.323,6.787,2022,USDA NASS 2022 Ag Census Web Maps,Census Gazetteer 2024 county centroid,2.23,1.97,23.73,0,52.26,0.02,14,3920,11810,5.0599999999999996,0.5,12.21,0.01,1.1000000000000001,0,Cattle and Calves Market Value Share
NC,Surry County,37171,36.415416,-80.686463,county_centroid,532.644,4.013,2022,USDA NASS 2022 Ag Census Web Maps,Census Gazetteer 2024 county centroid,1.32,1.1000000000000001,80.42,0.21,2.0099999999999998,3.61,17,10603,8411,20.96,6.37,29.47,,0.74,1,Poultry and Eggs Market Value Share
NC,Swain County,37173,35.568849,-83.465614,county_centroid,527.721,12.521,2022,USDA NASS 2022 Ag Census Web Maps,Census Gazetteer 2024 county centroid,,,0.56999999999999995,0,5.69,0.18,6,156,110,1.1200000000000001,0,0,,3.99,3,Cattle and Calves Market Value Share
NC,Transylvania County,37175,35.210103,-82.816666,county_centroid,378.358,1.966,2022,USDA NASS 2022 Ag Census Web Maps,Census Gazetteer 2024 county centroid,23.89,0.69,0.69,0,4.08,,9,619,467,1.03,0,0,0.27,6.95,1,"Vegetables, Melons, Potatoes, and Sweet Potatoes Market Value Share"
NC,Tyrrell County,37177,35.87042,-76.165345,county_centroid,390.777,206.399,2022,USDA NASS 2022 Ag Census Web Maps,Census Gazetteer 2024 county centroid,,0.42,,0,0.09,,0,78,66,39.28,17.010000000000002,54.01,,,5,Soybeans Harvested Share of Harvested Cropland
NC,Union County,37179,34.99182,-80.530426,county_centroid,632.739,6.905,2022,USDA NASS 2022 Ag Census Web Maps,Census Gazetteer 2024 county centroid,0.08,0.16,76.81,0.15,0.87,,8,10463,7198,21.8,35.270000000000003,51.12,,0.05,2,Poultry and Eggs Market Value Share
NC,Vance County,37181,36.365481,-78.405434,county_centroid,252.396,16.29,2022,USDA NASS 2022 Ag Census Web Maps,Census Gazetteer 2024 county centroid,,,,0,3.95,,2,636,691,1.45,14.75,52.46,,0.19,5,Soybeans Harvested Share of Harvested Cropland
NC,Wake County,37183,35.789846,-78.650624,county_centroid,834.607,22.405,2022,USDA NASS 2022 Ag Census Web Maps,Census Gazetteer 2024 county centroid,10.67,4.97,0.93,3.75,1.1499999999999999,,6,2039,1035,7.38,11.57,35.229999999999997,0.03,4.1399999999999997,1,Soybeans Harvested Share of Harvested Cropland
NC,Warren County,37185,36.398105,-78.099899,county_centroid,429.392,14.909,2022,USDA NASS 2022 Ag Census Web Maps,Census Gazetteer 2024 county centroid,2.29,,,0,3.29,,11,3757,2267,8,14.13,50.08,,0.59,4,Soybeans Harvested Share of Harvested Cropland
NC,Washington County,37187,35.844713,-76.572291,county_centroid,346.51,75.399,2022,USDA NASS 2022 Ag Census Web Maps,Census Gazetteer 2024 county centroid,6.46,0,,0,,,1,244,178,30.24,5.53,45.9,,1.22,4,Soybeans Harvested Share of Harvested Cropland
NC,Watauga County,37189,36.235368,-81.709888,county_centroid,312.44,0.877,2022,USDA NASS 2022 Ag Census Web Maps,Census Gazetteer 2024 county centroid,2.62,2.96,,,19.05,0.13,17,2564,2816,0.27,0,0,0.05,1.48,2,Cattle and Calves Market Value Share
NC,Wayne County,37191,35.35419,-78.00867,county_centroid,553.922,3.8,2022,USDA NASS 2022 Ag Census Web Maps,Census Gazetteer 2024 county centroid,3.53,0.04,55.6,,0.4,29.15,5,3271,3745,18.23,12.5,50.17,,6.27,2,Poultry and Eggs Market Value Share
NC,Wilkes County,37193,36.208883,-81.166095,county_centroid,753.678,2.646,2022,USDA NASS 2022 Ag Census Web Maps,Census Gazetteer 2024 county centroid,0.16,0.34,91.13,,4.29,0.02,30,15314,20452,14.59,2.62,3.58,0.01,0.44,1,Poultry and Eggs Market Value Share
NC,Wilson County,37195,35.700357,-77.921598,county_centroid,367.574,5.534,2022,USDA NASS 2022 Ag Census Web Maps,Census Gazetteer 2024 county centroid,25.06,0.54,23.25,0,0.51,,3,1649,1595,8.77,9.0500000000000007,43.82,,12.52,2,Soybeans Harvested Share of Harvested Cropland
NC,Yadkin County,37197,36.158765,-80.665164,county_centroid,334.943,2.771,2022,USDA NASS 2022 Ag Census Web Maps,Census Gazetteer 2024 county centroid,0.04,0.44,68.23,,,,18,11055,7382,21.07,7.99,47.25,,0.03,4,Poultry and Eggs Market Value Share
NC,Yancey County,37199,35.889326,-82.303954,county_centroid,312.592,0.589,2022,USDA NASS 2022 Ag Census Web Maps,Census Gazetteer 2024 county centroid,7.98,3.13,1.58,0,16.04,,15,1944,1300,0.79,0,0,0.28000000000000003,1.47,1,Cattle and Calves Market Value Share
ND,Adams County,38001,46.096815,-102.533198,county_centroid,987.547,1.118,2022,USDA NASS 2022 Ag Census Web Maps,Census Gazetteer 2024 county centroid,0,0,,0,18.149999999999999,0,5,20495,20989,10.8,41.29,3.76,0,0,1,All Wheat Harvested Share of Harvested Cropland
ND,Barnes County,38003,46.94255,-98.070195,county_centroid,1491.559,21.845,2022,USDA NASS 2022 Ag Census Web Maps,Census Gazetteer 2024 county centroid,,,0,0.08,3.26,,2,9848,9756,20.190000000000001,13.53,56.68,0,0,3,Soybeans Harvested Share of Harvested Cropland
ND,Benson County,38005,48.071743,-99.351152,county_centroid,1388.555,50.841,2022,USDA NASS 2022 Ag Census Web Maps,Census Gazetteer 2024 county centroid,,0,0,0,5.13,,4,11728,11620,8.9700000000000006,29.4,36.79,0,,3,Soybeans Harvested Share of Harvested Cropland
ND,Billings County,38007,47.007044,-103.364016,county_centroid,1148.488,4.628,2022,USDA NASS 2022 Ag Census Web Maps,Census Gazetteer 2024 county centroid,0,0,0.03,0,57.57,0.05,3,15917,20524,4.1900000000000004,29.86,0,0,0,0,Cattle and Calves Market Value Share
ND,Bottineau County,38009,48.794412,-100.831257,county_centroid,1668.858,28.838,2022,USDA NASS 2022 Ag Census Web Maps,Census Gazetteer 2024 county centroid,0.01,0,,0,2.4700000000000002,,2,9279,8594,3.69,35.71,24.49,0,0,2,All Wheat Harvested Share of Harvested Cropland
ND,Bowman County,38011,46.110144,-103.505943,county_centroid,1161.809,5.245,2022,USDA NASS 2022 Ag Census Web Maps,Census Gazetteer 2024 county centroid,0,0,0,0,28.02,,5,21210,21060,6.91,34.18,0.23,0,0,1,All Wheat Harvested Share of Harvested Cropland
ND,Burke County,38013,48.786453,-102.520087,county_centroid,1103.619,25.38,2022,USDA NASS 2022 Ag Census Web Maps,Census Gazetteer 2024 county centroid,0,0,,0,9.89,,3,9744,9452,0.78,38.5,6.72,0,0,2,All Wheat Harvested Share of Harvested Cropland
ND,Burleigh County,38015,46.978829,-100.469533,county_centroid,1632.694,35.788,2022,USDA NASS 2022 Ag Census Web Maps,Census Gazetteer 2024 county centroid,7.0000000000000007E-2,,0.05,,30.25,,9,36987,43413,16.649999999999999,16.13,19.239999999999998,0,0.01,3,Cattle and Calves Market Value Share
ND,Cass County,38017,46.927003,-97.252375,county_centroid,1764.935,2.876,2022,USDA NASS 2022 Ag Census Web Maps,Census Gazetteer 2024 county centroid,0.03,0.1,0.01,0.15,0.65,,1,3368,3409,29.41,11.18,47.88,0,0,1,Soybeans Harvested Share of Harvested Cropland
ND,Cavalier County,38019,48.768439,-98.46379,county_centroid,1489.125,20.71,2022,USDA NASS 2022 Ag Census Web Maps,Census Gazetteer 2024 county centroid,,0.01,0,0,,,0,432,398,0.6,40.85,16.3,0,0,3,All Wheat Harvested Share of Harvested Cropland
ND,Dickey County,38021,46.107756,-98.496518,county_centroid,1131.493,10.664,2022,USDA NASS 2022 Ag Census Web Maps,Census Gazetteer 2024 county centroid,,,,0,10.17,,7,17339,20890,37.19,2.46,46.71,,,6,Soybeans Harvested Share of Harvested Cropland
ND,Divide County,38023,48.814754,-103.509326,county_centroid,1261.13,33.466,2022,USDA NASS 2022 Ag Census Web Maps,Census Gazetteer 2024 county centroid,0.01,0,,0,5.99,,2,7936,7775,1.08,43.2,4.58,0,0,2,All Wheat Harvested Share of Harvested Cropland
ND,Dunn County,38025,47.354557,-102.612322,county_centroid,2008.492,73.564,2022,USDA NASS 2022 Ag Census Web Maps,Census Gazetteer 2024 county centroid,,0,,0,35.53,,7,46347,39198,4.95,35.33,0.76,,,5,Cattle and Calves Market Value Share
ND,Eddy County,38027,47.723436,-98.900474,county_centroid,630.239,13.905,2022,USDA NASS 2022 Ag Census Web Maps,Census Gazetteer 2024 county centroid,,0,,0,15.34,,7,15056,13305,15.64,16.78,37.21,,,5,Soybeans Harvested Share of Harvested Cropland
ND,Emmons County,38029,46.284255,-100.237842,county_centroid,1508.401,46.91,2022,USDA NASS 2022 Ag Census Web Maps,Census Gazetteer 2024 county centroid,,0,,,15.97,0,8,38292,33919,25.79,12.86,21.39,,,5,Corn Grain Harvested Share of Harvested Cropland
ND,Foster County,38031,47.471431,-98.872876,county_centroid,634.08,12.782,2022,USDA NASS 2022 Ag Census Web Maps,Census Gazetteer 2024 county centroid,0.17,,0,,8.69,0,5,10930,12138,19.93,19.170000000000002,46.89,0.01,0.02,2,Soybeans Harvested Share of Harvested Cropland
ND,Golden Valley County,38033,46.938924,-103.844612,county_centroid,1000.885,1.602,2022,USDA NASS 2022 Ag Census Web Maps,Census Gazetteer 2024 county centroid,,0,,0,38.51,0.01,5,18279,18981,6.62,38.33,0,0,0.01,2,Cattle and Calves Market Value Share
ND,Grand Forks County,38035,47.926003,-97.450851,county_centroid,1436.216,3.202,2022,USDA NASS 2022 Ag Census Web Maps,Census Gazetteer 2024 county centroid,11.07,0,,0,1.28,6.14,1,4362,4919,17,22.34,30.66,,2.4500000000000002,2,Soybeans Harvested Share of Harvested Cropland
ND,Grant County,38037,46.357827,-101.639049,county_centroid,1659.233,6.781,2022,USDA NASS 2022 Ag Census Web Maps,Census Gazetteer 2024 county centroid,0,0,,0,33.64,,8,43211,50742,14.98,23.24,6.6,0,0,2,Cattle and Calves Market Value Share
ND,Griggs County,38039,47.456334,-98.232286,county_centroid,708.685,7.895,2022,USDA NASS 2022 Ag Census Web Maps,Census Gazetteer 2024 county centroid,,,0.03,0,6.96,,4,7316,6484,12.2,24.12,48.96,0,0.45,3,Soybeans Harvested Share of Harvested Cropland
ND,Hettinger County,38041,46.435704,-102.454238,county_centroid,1132.239,1.548,2022,USDA NASS 2022 Ag Census Web Maps,Census Gazetteer 2024 county centroid,,0,0.01,,5.09,0,2,8331,8947,5.17,52.87,2.3199999999999998,,0,3,All Wheat Harvested Share of Harvested Cropland
ND,Kidder County,38043,46.938273,-99.731198,county_centroid,1351.062,81.752,2022,USDA NASS 2022 Ag Census Web Maps,Census Gazetteer 2024 county centroid,10.27,0,,,25.73,0.01,8,31064,37970,12.06,17.28,22.67,,1.33,3,Cattle and Calves Market Value Share
ND,LaMoure County,38045,46.464195,-98.526057,county_centroid,1146.005,4.952,2022,USDA NASS 2022 Ag Census Web Maps,Census Gazetteer 2024 county centroid,,,,,6.06,,4,15973,16191,30.2,8.1199999999999992,54.5,,,7,Soybeans Harvested Share of Harvested Cropland
ND,Logan County,38047,46.469278,-99.504585,county_centroid,992.599,18.421,2022,USDA NASS 2022 Ag Census Web Maps,Census Gazetteer 2024 county centroid,,,,2.91,30.62,0.1,13,25846,30145,16.829999999999998,13.79,40.53,,,5,Soybeans Harvested Share of Harvested Cropland
ND,McHenry County,38049,48.233842,-100.633267,county_centroid,1873.942,37.577,2022,USDA NASS 2022 Ag Census Web Maps,Census Gazetteer 2024 county centroid,,,,3.44,21.82,,7,39995,41617,10.99,20.86,24.31,,,6,Soybeans Harvested Share of Harvested Cropland
ND,McIntosh County,38051,46.108682,-99.416487,county_centroid,974.563,19.998,2022,USDA NASS 2022 Ag Census Web Maps,Census Gazetteer 2024 county centroid,0,0,0.01,,26.17,0,10,19264,27888,17.75,19.96,34.56,0,0,1,Soybeans Harvested Share of Harvested Cropland
ND,McKenzie County,38053,47.742475,-103.403215,county_centroid,2760.133,100.433,2022,USDA NASS 2022 Ag Census Web Maps,Census Gazetteer 2024 county centroid,0,0,0.02,0,29.57,,5,42295,44927,1.88,48.47,3.94,0,0,1,All Wheat Harvested Share of Harvested Cropland
ND,McLean County,38055,47.653206,-101.421914,county_centroid,2110.272,217.689,2022,USDA NASS 2022 Ag Census Web Maps,Census Gazetteer 2024 county centroid,,,,0,5.9,0,3,18150,17720,13.23,32.979999999999997,20.45,,,5,All Wheat Harvested Share of Harvested Cropland
ND,Mercer County,38057,47.307147,-101.833328,county_centroid,1042.781,69.816,2022,USDA NASS 2022 Ag Census Web Maps,Census Gazetteer 2024 county centroid,,,,0,33.659999999999997,0,8,19651,24010,9.69,25.26,6.64,0,,4,Cattle and Calves Market Value Share
ND,Morton County,38059,46.710029,-101.310041,county_centroid,1925.888,19.279,2022,USDA NASS 2022 Ag Census Web Maps,Census Gazetteer 2024 county centroid,,,,3.29,36.92,,10,53925,71037,9.5500000000000007,32.159999999999997,10.46,,0,5,Cattle and Calves Market Value Share
ND,Mountrail County,38061,48.210073,-102.364895,county_centroid,1825.163,116.256,2022,USDA NASS 2022 Ag Census Web Maps,Census Gazetteer 2024 county centroid,,0,,0,15.21,0.3,4,29564,30429,0.9,36.24,15.21,,,4,All Wheat Harvested Share of Harvested Cropland
ND,Nelson County,38063,47.918667,-98.204428,county_centroid,981.815,27.056,2022,USDA NASS 2022 Ag Census Web Maps,Census Gazetteer 2024 county centroid,0,0,,,3.35,,2,5930,5191,5.82,33.82,36,0,0,3,Soybeans Harvested Share of Harvested Cropland
ND,Oliver County,38065,47.118079,-101.33142,county_centroid,722.404,8.678,2022,USDA NASS 2022 Ag Census Web Maps,Census Gazetteer 2024 county centroid,,,0.02,,41.9,0,10,18617,30097,13.02,27.43,16.28,,,5,Cattle and Calves Market Value Share
ND,Pembina County,38067,48.766896,-97.545405,county_centroid,1118.535,2.706,2022,USDA NASS 2022 Ag Census Web Maps,Census Gazetteer 2024 county centroid,19.649999999999999,0,,0,2.15,0,2,1685,6237,4.1399999999999997,38.69,20.07,,4.17,2,All Wheat Harvested Share of Harvested Cropland
ND,Pierce County,38069,48.238883,-99.966497,county_centroid,1018.285,64.181,2022,USDA NASS 2022 Ag Census Web Maps,Census Gazetteer 2024 county centroid,0,,0,0,8.74,,5,8831,10264,7.82,33.31,28.29,0,0,2,All Wheat Harvested Share of Harvested Cropland
ND,Ramsey County,38071,48.266163,-98.739031,county_centroid,1185.367,115.639,2022,USDA NASS 2022 Ag Census Web Maps,Census Gazetteer 2024 county centroid,0,,0,0,,,0,1063,1090,6.37,33.659999999999997,25.51,0,,4,All Wheat Harvested Share of Harvested Cropland
ND,Ransom County,38073,46.449276,-97.647554,county_centroid,862.472,1.383,2022,USDA NASS 2022 Ag Census Web Maps,Census Gazetteer 2024 county centroid,,0,,,12.4,6.72,9,21933,21432,24.57,10.85,41.86,,,5,Soybeans Harvested Share of Harvested Cropland
ND,Renville County,38075,48.712781,-101.658152,county_centroid,877.244,15.698,2022,USDA NASS 2022 Ag Census Web Maps,Census Gazetteer 2024 county centroid,0,0,,0,0.55000000000000004,0,0,1080,862,2.77,39.799999999999997,20.34,0,0,1,All Wheat Harvested Share of Harvested Cropland
ND,Richland County,38077,46.265219,-96.93796,county_centroid,1435.674,9.666,2022,USDA NASS 2022 Ag Census Web Maps,Census Gazetteer 2024 county centroid,,,,0,3.24,0,3,8876,11565,34.69,7.96,45.35,,,5,Soybeans Harvested Share of Harvested Cropland
ND,Rolette County,38079,48.768271,-99.840463,county_centroid,903.042,36.457,2022,USDA NASS 2022 Ag Census Web Maps,Census Gazetteer 2024 county centroid,,,,0,5.49,0,3,9147,6983,1.35,34.33,21.44,,,5,All Wheat Harvested Share of Harvested Cropland
ND,Sargent County,38081,46.108204,-97.630051,county_centroid,858.483,8.391,2022,USDA NASS 2022 Ag Census Web Maps,Census Gazetteer 2024 county centroid,8.31,0,,,,0,5,11918,10302,36.04,4.13,50.79,,1.1599999999999999,4,Soybeans Harvested Share of Harvested Cropland
ND,Sheridan County,38083,47.581359,-100.330986,county_centroid,972.226,33.282,2022,USDA NASS 2022 Ag Census Web Maps,Census Gazetteer 2024 county centroid,,0,0.01,0,14.28,,5,15683,16229,8.9499999999999993,26.87,31.45,,,4,Soybeans Harvested Share of Harvested Cropland
ND,Sioux County,38085,46.110618,-101.061284,county_centroid,1094.052,34.151,2022,USDA NASS 2022 Ag Census Web Maps,Census Gazetteer 2024 county centroid,0,0,,0,58.73,,8,33008,35787,12.15,13.78,5.9,0,0,2,Cattle and Calves Market Value Share
ND,Slope County,38087,46.445834,-103.462462,county_centroid,1215.264,4.24,2022,USDA NASS 2022 Ag Census Web Maps,Census Gazetteer 2024 county centroid,0,0,,0,23.42,0,4,17573,16644,4.6500000000000004,57.77,1.46,0,0,1,All Wheat Harvested Share of Harvested Cropland
ND,Stark County,38089,46.817031,-102.662026,county_centroid,1334.913,5.415,2022,USDA NASS 2022 Ag Census Web Maps,Census Gazetteer 2024 county centroid,,0,0.02,,13.65,,5,22390,19205,9.84,47.04,1.77,0,0,3,All Wheat Harvested Share of Harvested Cropland
ND,Steele County,38091,47.451062,-97.71892,county_centroid,712.143,3.257,2022,USDA NASS 2022 Ag Census Web Maps,Census Gazetteer 2024 county centroid,,0,,0,,0,2,4220,5478,19.86,14.04,45.7,0,0,3,Soybeans Harvested Share of Harvested Cropland
ND,Stutsman County,38093,46.972223,-98.956123,county_centroid,2221.904,76.167,2022,USDA NASS 2022 Ag Census Web Maps,Census Gazetteer 2024 county centroid,0.03,0,0,2.4700000000000002,10,0,5,29148,32197,19.399999999999999,13.28,52.29,,0,1,Soybeans Harvested Share of Harvested Cropland
ND,Towner County,38095,48.682183,-99.248158,county_centroid,1025.113,16.523,2022,USDA NASS 2022 Ag Census Web Maps,Census Gazetteer 2024 county centroid,,,,0,0.8,8.91,1,2023,1951,2.27,40.68,27.96,,,5,All Wheat Harvested Share of Harvested Cropland
ND,Traill County,38097,47.446271,-97.164636,county_centroid,861.871,0.565,2022,USDA NASS 2022 Ag Census Web Maps,Census Gazetteer 2024 county centroid,0.92,0,0,0,2.31,0.01,1,1856,6017,18.98,17.57,34.840000000000003,,0.2,1,Soybeans Harvested Share of Harvested Cropland
ND,Walsh County,38099,48.376979,-97.72223,county_centroid,1281.607,12.425,2022,USDA NASS 2022 Ag Census Web Maps,Census Gazetteer 2024 county centroid,,,0.01,,0.65,,1,2980,3389,6.51,31.18,18,,4.3099999999999996,5,All Wheat Harvested Share of Harvested Cropland
ND,Ward County,38101,48.216686,-101.540537,county_centroid,2013.029,42.951,2022,USDA NASS 2022 Ag Census Web Maps,Census Gazetteer 2024 county centroid,0.1,,0.01,0,2.5499999999999998,,1,8065,7602,3.25,43.12,20.14,0,0.01,2,All Wheat Harvested Share of Harvested Cropland
ND,Wells County,38103,47.580851,-99.682213,county_centroid,1270.533,19.756,2022,USDA NASS 2022 Ag Census Web Maps,Census Gazetteer 2024 county centroid,0,0,0.01,0,5.07,0,2,9693,11583,16.48,25.17,33.03,0,0,0,Soybeans Harvested Share of Harvested Cropland
ND,Williams County,38105,48.355765,-103.501333,county_centroid,2077.6,70.208,2022,USDA NASS 2022 Ag Census Web Maps,Census Gazetteer 2024 county centroid,,0,,0,5.4,0,2,12743,12841,1.3,45.04,5.53,,,4,All Wheat Harvested Share of Harvested Cropland
OH,Adams County,39001,38.834468,-83.478082,county_centroid,583.872,2.413,2022,USDA NASS 2022 Ag Census Web Maps,Census Gazetteer 2024 county centroid,,0.49,3.06,7.57,20.12,0.57999999999999996,14,13271,11459,23.02,2.31,35.119999999999997,0,0.08,1,Soybeans Harvested Share of Harvested Cropland
OH,Allen County,39003,40.771627,-84.106103,county_centroid,402.545,4.306,2022,USDA NASS 2022 Ag Census Web Maps,Census Gazetteer 2024 county centroid,0.18,0.12,,,4.6399999999999997,31.25,5,1139,6559,42.19,6.03,49.63,0,0.09,2,Soybeans Harvested Share of Harvested Cropland
OH,Ashland County,39005,40.843273,-82.270127,county_centroid,422.986,3.849,2022,USDA NASS 2022 Ag Census Web Maps,Census Gazetteer 2024 county centroid,1.02,0.13,25.21,21.9,6.24,6.78,17,11164,11082,34.58,5.97,40.17,0,0.36,0,Soybeans Harvested Share of Harvested Cropland
OH,Ashtabula County,39007,41.906637,-80.745592,county_centroid,702.417,665.768,2022,USDA NASS 2022 Ag Census Web Maps,Census Gazetteer 2024 county centroid,1.1000000000000001,5.98,0.38,19.989999999999998,9.5500000000000007,0.53,8,5061,6199,25.08,4.76,44.82,,0.34,1,Soybeans Harvested Share of Harvested Cropland
OH,Athens County,39009,39.332755,-82.045885,county_centroid,503.643,4.774,2022,USDA NASS 2022 Ag Census Web Maps,Census Gazetteer 2024 county centroid,1.78,0.78,0.4,14.27,22.31,0.16,7,4532,3731,17.100000000000001,0,11.92,0.01,0.17,0,Cattle and Calves Market Value Share
OH,Auglaize County,39011,40.561309,-84.224018,county_centroid,401.388,0.517,2022,USDA NASS 2022 Ag Census Web Maps,Census Gazetteer 2024 county centroid,,,5.77,7.1,9.5500000000000007,20.14,13,6886,24034,37.5,6.91,52.36,0,,3,Soybeans Harvested Share of Harvested Cropland
OH,Belmont County,39013,40.017682,-80.967727,county_centroid,532.127,9.148,2022,USDA NASS 2022 Ag Census Web Maps,Census Gazetteer 2024 county centroid,2.4700000000000002,,0.5,6.49,63.74,0.41,16,12434,15514,,0,,0.04,0.33,3,Cattle and Calves Market Value Share
OH,Brown County,39015,38.931377,-83.866772,county_centroid,489.543,3.428,2022,USDA NASS 2022 Ag Census Web Maps,Census Gazetteer 2024 county centroid,0.26,0.99,0.18,2.38,8.61,0.1,8,7190,6437,14.8,0.89,67.62,0,0.05,0,Soybeans Harvested Share of Harvested Cropland
OH,Butler County,39017,39.439747,-84.565734,county_centroid,466.516,3.551,2022,USDA NASS 2022 Ag Census Web Maps,Census Gazetteer 2024 county centroid,,2.21,,,9.19,11.87,10,3688,4685,30.44,5.8,43.8,0,0.23,3,Soybeans Harvested Share of Harvested Cropland
OH,Carroll County,39019,40.579884,-81.090787,county_centroid,394.612,4.318,2022,USDA NASS 2022 Ag Census Web Maps,Census Gazetteer 2024 county centroid,0.34,1.03,,15.03,12.16,,13,7644,6685,22.12,2.0299999999999998,20.93,,0.08,3,Corn Grain Harvested Share of Harvested Cropland
OH,Champaign County,39021,40.132775,-83.767604,county_centroid,428.977,0.842,2022,USDA NASS 2022 Ag Census Web Maps,Census Gazetteer 2024 county centroid,,0.3,0.09,1.56,2.44,12.52,4,4130,4789,46.22,2.11,47.26,,,3,Soybeans Harvested Share of Harvested Cropland
OH,Clark County,39023,39.917032,-83.783676,county_centroid,395.879,5.64,2022,USDA NASS 2022 Ag Census Web Maps,Census Gazetteer 2024 county centroid,,0.05,7.0000000000000007E-2,,7.52,7.68,8,6507,12921,44.82,2.82,47.55,0,0.11,2,Soybeans Harvested Share of Harvested Cropland
OH,Clermont County,39025,39.052054,-84.149485,county_centroid,452.56,7.674,2022,USDA NASS 2022 Ag Census Web Maps,Census Gazetteer 2024 county centroid,0.95,0.44,0.42,0,2.62,,4,1965,1617,26.36,0.56000000000000005,61.21,0.01,0.14000000000000001,1,Soybeans Harvested Share of Harvested Cropland
OH,Clinton County,39027,39.416681,-83.804583,county_centroid,408.731,3.602,2022,USDA NASS 2022 Ag Census Web Maps,Census Gazetteer 2024 county centroid,0.52,,,0.16,0.92,7.87,1,1964,1769,33.090000000000003,2.29,63.11,0,0.14000000000000001,2,Soybeans Harvested Share of Harvested Cropland
OH,Columbiana County,39029,40.770073,-80.778455,county_centroid,531.917,2.81,2022,USDA NASS 2022 Ag Census Web Maps,Census Gazetteer 2024 county centroid,2.85,1.98,30.44,24.26,5.68,1.42,16,13098,9659,29.3,6.49,33.43,0.01,0.77,0,Soybeans Harvested Share of Harvested Cropland
OH,Coshocton County,39031,40.29671,-81.930109,county_centroid,563.911,3.524,2022,USDA NASS 2022 Ag Census Web Maps,Census Gazetteer 2024 county centroid,1.22,0.87,28.48,8.86,5.88,17.53,11,10804,8491,34.979999999999997,2.77,25.94,0,0.49,0,Corn Grain Harvested Share of Harvested Cropland
OH,Crawford County,39033,40.848524,-82.924783,county_centroid,401.786,0.911,2022,USDA NASS 2022 Ag Census Web Maps,Census Gazetteer 2024 county centroid,0.12,,2.1800000000000002,3.16,2.2200000000000002,34.03,4,2753,5341,41.08,6.13,49.78,,0.05,2,Soybeans Harvested Share of Harvested Cropland
OH,Cuyahoga County,39035,41.555037,-81.604957,county_centroid,457.212,788.317,2022,USDA NASS 2022 Ag Census Web Maps,Census Gazetteer 2024 county centroid,2.4,1.9,0.56000000000000005,0,,,1,,8,,0,0,,16.98,5,Vegetables Harvested Share of Harvested Cropland
OH,Darke County,39037,40.131467,-84.621191,county_centroid,598.102,1.639,2022,USDA NASS 2022 Ag Census Web Maps,Census Gazetteer 2024 county centroid,0.06,0.03,53.3,3.36,4.75,14.15,15,10365,46517,43.9,3.55,48.07,0,0.06,0,Poultry and Eggs Market Value Share
OH,Defiance County,39039,41.321679,-84.486433,county_centroid,411.439,2.742,2022,USDA NASS 2022 Ag Census Web Maps,Census Gazetteer 2024 county centroid,0.08,,,10.56,,0.47,4,4897,8901,30.58,3.6,63.1,,0.01,4,Soybeans Harvested Share of Harvested Cropland
OH,Delaware County,39041,40.278941,-83.007462,county_centroid,443.146,14.169,2022,USDA NASS 2022 Ag Census Web Maps,Census Gazetteer 2024 county centroid,0.49,0.23,0.3,0.63,0.46,8.68,2,1190,629,26.7,4.07,65.05,0,0.12,0,Soybeans Harvested Share of Harvested Cropland
OH,Erie County,39043,41.394143,-82.586835,county_centroid,251.288,374.496,2022,USDA NASS 2022 Ag Census Web Maps,Census Gazetteer 2024 county centroid,3.79,1.03,,,1.69,0.01,5,776,2233,35.58,10.68,49.92,,1.3,3,Soybeans Harvested Share of Harvested Cropland
OH,Fairfield County,39045,39.747694,-82.626685,county_centroid,504.365,4.197,2022,USDA NASS 2022 Ag Census Web Maps,Census Gazetteer 2024 county centroid,0.62,1.52,0.18,0.63,3.32,13.58,4,3517,4311,39.36,5.19,50.42,0,0.17,0,Soybeans Harvested Share of Harvested Cropland
OH,Fayette County,39047,39.555246,-83.461893,county_centroid,406.361,0.654,2022,USDA NASS 2022 Ag Census Web Maps,Census Gazetteer 2024 county centroid,0.15,0.16,,9.25,,,3,4760,4519,43.65,5.98,48.33,0,0.06,3,Soybeans Harvested Share of Harvested Cropland
OH,Franklin County,39049,39.969875,-83.009086,county_centroid,532.419,11.205,2022,USDA NASS 2022 Ag Census Web Maps,Census Gazetteer 2024 county centroid,2.04,0.38,0.23,,0.15,,1,163,146,30.77,5.0199999999999996,54.69,0,0.41,2,Soybeans Harvested Share of Harvested Cropland
OH,Fulton County,39051,41.597264,-84.124267,county_centroid,405.45,1.768,2022,USDA NASS 2022 Ag Census Web Maps,Census Gazetteer 2024 county centroid,,0.04,0.04,5.24,14.4,3.51,14,3676,37730,43.47,4.43,48.09,,0.51,2,Soybeans Harvested Share of Harvested Cropland
OH,Gallia County,39053,38.817046,-82.301746,county_centroid,466.53,4.667,2022,USDA NASS 2022 Ag Census Web Maps,Census Gazetteer 2024 county centroid,0.4,1.34,16.02,,33.65,0.87,15,7675,8115,15.82,,18.43,0,0.09,2,Cattle and Calves Market Value Share
OH,Geauga County,39055,41.499322,-81.173505,county_centroid,400.43,7.993,2022,USDA NASS 2022 Ag Census Web Maps,Census Gazetteer 2024 county centroid,5.88,5.0199999999999996,1.46,22.66,4.8,0.41,10,3450,2202,11.55,1.74,20.83,0.04,1.19,0,Milk from Cows Market Value Share
OH,Greene County,39057,39.687479,-83.894894,county_centroid,413.632,2.625,2022,USDA NASS 2022 Ag Census Web Maps,Census Gazetteer 2024 county centroid,0.67,0.34,0.22,2.4500000000000002,1.92,3.59,3,2616,2349,40.11,3.5,51.93,0,0.11,0,Soybeans Harvested Share of Harvested Cropland
OH,Guernsey County,39059,40.056665,-81.497875,county_centroid,522.242,6.049,2022,USDA NASS 2022 Ag Census Web Maps,Census Gazetteer 2024 county centroid,1.1299999999999999,,0.35,1.72,50.12,12.96,11,9105,24223,7.43,0.33,5.93,0,0.13,1,Cattle and Calves Market Value Share
OH,Hamilton County,39061,39.196927,-84.544187,county_centroid,405.454,7.186,2022,USDA NASS 2022 Ag Census Web Maps,Census Gazetteer 2024 county centroid,7.69,,,,2.44,,8,976,915,29.87,,38.49,0.1,4.9800000000000004,5,Soybeans Harvested Share of Harvested Cropland
OH,Hancock County,39063,41.000217,-83.665947,county_centroid,531.324,2.326,2022,USDA NASS 2022 Ag Census Web Maps,Census Gazetteer 2024 county centroid,1,,,2.2599999999999998,1.43,13.22,2,1896,2751,30.27,9.65,58.87,,0.16,3,Soybeans Harvested Share of Harvested Cropland
OH,Hardin County,39065,40.660415,-83.664077,county_centroid,470.285,0.243,2022,USDA NASS 2022 Ag Census Web Maps,Census Gazetteer 2024 county centroid,0.83,0.02,,,2.62,12.84,5,7926,10828,38.4,5.53,52.64,0,0.32,2,Soybeans Harvested Share of Harvested Cropland
OH,Harrison County,39067,40.292318,-81.091565,county_centroid,402.331,8.435,2022,USDA NASS 2022 Ag Census Web Maps,Census Gazetteer 2024 county centroid,0.16,1.1599999999999999,41.58,,14.69,1.62,12,7706,6026,11.08,2.48,11.25,,7.0000000000000007E-2,2,Poultry and Eggs Market Value Share
OH,Henry County,39069,41.331584,-84.0689,county_centroid,416.013,3.737,2022,USDA NASS 2022 Ag Census Web Maps,Census Gazetteer 2024 county centroid,3.34,,,5.21,2.4500000000000002,4.74,3,2876,5304,36.53,9.3699999999999992,49.99,,1.0900000000000001,3,Soybeans Harvested Share of Harvested Cropland
OH,Highland County,39071,39.184422,-83.601359,county_centroid,553.084,4.709,2022,USDA NASS 2022 Ag Census Web Maps,Census Gazetteer 2024 county centroid,1.07,0.37,0.16,2.62,9.01,23.02,9,8497,12903,26.09,2.95,61.46,0,0.17,0,Soybeans Harvested Share of Harvested Cropland
OH,Hocking County,39073,39.490342,-82.483447,county_centroid,421.349,2.3,2022,USDA NASS 2022 Ag Census Web Maps,Census Gazetteer 2024 county centroid,,6.97,1.31,0,9.2200000000000006,,6,1496,915,22.21,2.09,21.22,0.01,0.35,2,Corn Grain Harvested Share of Harvested Cropland
OH,Holmes County,39075,40.565597,-81.930001,county_centroid,422.614,1.426,2022,USDA NASS 2022 Ag Census Web Maps,Census Gazetteer 2024 county centroid,0.92,0.46,52.49,20.64,5.53,,19,17992,17105,29.34,2.27,21.75,0.02,0.49,1,Poultry and Eggs Market Value Share
OH,Huron County,39077,41.14508,-82.594641,county_centroid,492.244,3.331,2022,USDA NASS 2022 Ag Census Web Maps,Census Gazetteer 2024 county centroid,,0.12,15.55,5.32,4.82,5.83,7,3952,10906,30.23,8.6999999999999993,58.16,0,,2,Soybeans Harvested Share of Harvested Cropland
OH,Jackson County,39079,39.013477,-82.614142,county_centroid,420.31,1.223,2022,USDA NASS 2022 Ag Census Web Maps,Census Gazetteer 2024 county centroid,5.41,,0.36,,52.82,,19,6869,8977,7.1,0.88,13.36,0.01,0.68,3,Cattle and Calves Market Value Share
OH,Jefferson County,39081,40.399384,-80.763527,county_centroid,408.124,2.832,2022,USDA NASS 2022 Ag Census Web Maps,Census Gazetteer 2024 county centroid,2.44,2.54,0.61,,,0.45,11,4930,3459,8.3699999999999992,,5.99,0,0.2,3,Corn Grain Harvested Share of Harvested Cropland
OH,Knox County,39083,40.40362,-82.422393,county_centroid,525.499,4.139,2022,USDA NASS 2022 Ag Census Web Maps,Census Gazetteer 2024 county centroid,0.34,0.47,25.99,5.81,3.56,24.49,11,9194,8646,38.17,2.82,40.97,0.01,0.12,0,Soybeans Harvested Share of Harvested Cropland
OH,Lake County,39085,41.778142,-81.19733,county_centroid,229.395,749.929,2022,USDA NASS 2022 Ag Census Web Maps,Census Gazetteer 2024 county centroid,0.88,0.64,0.08,0,0.14000000000000001,0.06,2,,91,3.11,,14.06,0.06,3.07,2,Soybeans Harvested Share of Harvested Cropland
OH,Lawrence County,39087,38.603866,-82.517186,county_centroid,453.393,3.873,2022,USDA NASS 2022 Ag Census Web Maps,Census Gazetteer 2024 county centroid,3.53,,2.29,,27.65,,10,2907,1831,6.01,0,17.670000000000002,0.03,0.24,3,Cattle and Calves Market Value Share
OH,Licking County,39089,40.091505,-82.483435,county_centroid,682.427,4.927,2022,USDA NASS 2022 Ag Census Web Maps,Census Gazetteer 2024 county centroid,0.3,0.59,,,3.08,7.98,9,10303,10240,34.53,3.79,44.01,0,0.16,2,Soybeans Harvested Share of Harvested Cropland
OH,Logan County,39091,40.387553,-83.766343,county_centroid,458.505,8.338,2022,USDA NASS 2022 Ag Census Web Maps,Census Gazetteer 2024 county centroid,0.42,0.13,6.5,6.28,6.28,4.43,7,5097,11145,40.36,3.42,50.71,0,0.06,0,Soybeans Harvested Share of Harvested Cropland
OH,Lorain County,39093,41.438805,-82.179722,county_centroid,490.536,432.239,2022,USDA NASS 2022 Ag Census Web Maps,Census Gazetteer 2024 county centroid,3.17,2,0.3,2.52,3.31,1.35,5,1961,4467,21.72,5.87,61.12,0.02,1.02,0,Soybeans Harvested Share of Harvested Cropland
OH,Lucas County,39095,41.682321,-83.468903,county_centroid,339.662,256.175,2022,USDA NASS 2022 Ag Census Web Maps,Census Gazetteer 2024 county centroid,2.99,,0.11,0,0.32,5.54,0,180,190,38.869999999999997,5.85,53.19,,0.54,2,Soybeans Harvested Share of Harvested Cropland
OH,Madison County,39097,39.89661,-83.400887,county_centroid,466.688,0.822,2022,USDA NASS 2022 Ag Census Web Maps,Census Gazetteer 2024 county centroid,0.08,0.06,0.04,17.37,1.98,1.92,6,8962,9337,37.44,3.68,54.58,,0.01,1,Soybeans Harvested Share of Harvested Cropland
OH,Mahoning County,39099,41.01088,-80.770396,county_centroid,411.487,13.692,2022,USDA NASS 2022 Ag Census Web Maps,Census Gazetteer 2024 county centroid,2.1,2.68,23.74,32.46,4.12,0.52,18,7459,4929,28.89,5.44,38.14,0.01,0.9,0,Soybeans Harvested Share of Harvested Cropland
OH,Marion County,39101,40.588034,-83.168803,county_centroid,403.807,0.351,2022,USDA NASS 2022 Ag Census Web Maps,Census Gazetteer 2024 county centroid,0.03,,0.16,6.43,1.72,19.170000000000002,3,3269,3607,33.4,3.03,61.55,0,0.01,1,Soybeans Harvested Share of Harvested Cropland
OH,Medina County,39103,41.116174,-81.899764,county_centroid,421.459,1.619,2022,USDA NASS 2022 Ag Census Web Maps,Census Gazetteer 2024 county centroid,5.64,0.75,0.76,9.2799999999999994,,0.2,7,3303,2761,29.4,3.79,42.59,0.01,0.96,1,Soybeans Harvested Share of Harvested Cropland
OH,Meigs County,39105,39.089807,-82.028397,county_centroid,430.102,2.903,2022,USDA NASS 2022 Ag Census Web Maps,Census Gazetteer 2024 county centroid,21.12,2.25,0.69,8.31,18.079999999999998,0.54,10,3688,2533,10.3,0.87,9.84,,1.54,1,"Vegetables, Melons, Potatoes, and Sweet Potatoes Market Value Share"
OH,Mercer County,39107,40.535333,-84.632059,county_centroid,462.447,10.978,2022,USDA NASS 2022 Ag Census Web Maps,Census Gazetteer 2024 county centroid,0.02,,45.51,12.04,8.66,13.48,33,26789,80140,42.11,4.75,44.62,,0.02,2,Poultry and Eggs Market Value Share
OH,Miami County,39109,40.053326,-84.228413,county_centroid,406.581,3.06,2022,USDA NASS 2022 Ag Census Web Maps,Census Gazetteer 2024 county centroid,0.54,,1.39,2.04,2.2599999999999998,3.42,3,2333,3005,44.17,2.02,49.9,0,0.1,1,Soybeans Harvested Share of Harvested Cropland
OH,Monroe County,39111,39.726253,-81.090983,county_centroid,455.723,1.736,2022,USDA NASS 2022 Ag Census Web Maps,Census Gazetteer 2024 county centroid,2.16,0.28000000000000003,0.42,26.88,34.96,,13,6914,6537,4.32,,0.93,0.03,0.22,2,Cattle and Calves Market Value Share
OH,Montgomery County,39113,39.753736,-84.290591,county_centroid,461.351,2.894,2022,USDA NASS 2022 Ag Census Web Maps,Census Gazetteer 2024 county centroid,0.56999999999999995,0.53,0.18,0,8.61,,7,825,6803,40.19,2.2200000000000002,51.04,0,7.0000000000000007E-2,1,Soybeans Harvested Share of Harvested Cropland
OH,Morgan County,39115,39.624946,-81.861697,county_centroid,416.426,5.355,2022,USDA NASS 2022 Ag Census Web Maps,Census Gazetteer 2024 county centroid,1.72,,0.7,4.8,32.409999999999997,,15,7174,5654,17.8,1.1399999999999999,13.66,0.04,0.17,2,Cattle and Calves Market Value Share
OH,Morrow County,39117,40.525266,-82.797729,county_centroid,406.134,1.089,2022,USDA NASS 2022 Ag Census Web Maps,Census Gazetteer 2024 county centroid,0.39,0.47,2.1800000000000002,4.75,3.38,10.38,5,3016,3147,30.82,6.44,55.12,,7.0000000000000007E-2,1,Soybeans Harvested Share of Harvested Cropland
OH,Muskingum County,39119,39.966046,-81.943506,county_centroid,664.546,8.04,2022,USDA NASS 2022 Ag Census Web Maps,Census Gazetteer 2024 county centroid,0.89,0.45,33.950000000000003,2.46,12.64,10.4,12,13095,13287,29.92,0.85,24.22,,0.18,1,Poultry and Eggs Market Value Share
OH,Noble County,39121,39.767232,-81.452493,county_centroid,398.012,6.558,2022,USDA NASS 2022 Ag Census Web Maps,Census Gazetteer 2024 county centroid,,4.24,,0.64,62.47,0.62,20,7588,9580,1.99,0.65,,,0.05,4,Cattle and Calves Market Value Share
OH,Ottawa County,39123,41.545495,-83.012613,county_centroid,254.702,330.375,2022,USDA NASS 2022 Ag Census Web Maps,Census Gazetteer 2024 county centroid,4.79,,,0,7.39,,3,268,3452,19.18,5.5,68.540000000000006,0,1,3,Soybeans Harvested Share of Harvested Cropland
OH,Paulding County,39125,41.118948,-84.582125,county_centroid,416.435,2.411,2022,USDA NASS 2022 Ag Census Web Maps,Census Gazetteer 2024 county centroid,,0,,23.96,,9.57,9,13378,18749,24.46,8.4700000000000006,61.14,0,,4,Soybeans Harvested Share of Harvested Cropland
OH,Perry County,39127,39.743187,-82.237952,county_centroid,407.94,4.546,2022,USDA NASS 2022 Ag Census Web Maps,Census Gazetteer 2024 county centroid,0.61,0.85,1.35,,,16.43,10,4049,3191,34.25,2.79,35.61,0.01,0.16,2,Soybeans Harvested Share of Harvested Cropland
OH,Pickaway County,39129,39.648947,-83.052827,county_centroid,501.265,5.287,2022,USDA NASS 2022 Ag Census Web Maps,Census Gazetteer 2024 county centroid,0.24,0.15,0.03,7.56,1.48,0.09,4,6084,4763,40.32,4.1100000000000003,53.56,0,0.06,0,Soybeans Harvested Share of Harvested Cropland
OH,Pike County,39131,39.071341,-83.052911,county_centroid,440.282,3.694,2022,USDA NASS 2022 Ag Census Web Maps,Census Gazetteer 2024 county centroid,9.58,,0.08,1.1599999999999999,,,7,3520,3576,26.65,1.66,39.32,,3,4,Soybeans Harvested Share of Harvested Cropland
OH,Portage County,39133,41.16897,-81.196962,county_centroid,487.408,16.651,2022,USDA NASS 2022 Ag Census Web Maps,Census Gazetteer 2024 county centroid,3.38,3.49,0.53,,6.6,,8,3424,3059,27.95,4.82,38.840000000000003,0.08,1.1399999999999999,2,Soybeans Harvested Share of Harvested Cropland
OH,Preble County,39135,39.73881,-84.644758,county_centroid,424.226,2.341,2022,USDA NASS 2022 Ag Census Web Maps,Census Gazetteer 2024 county centroid,0.16,,0.3,0.69,9.8000000000000007,25.62,10,2704,19863,43.69,3.08,49.48,0,0.04,1,Soybeans Harvested Share of Harvested Cropland
OH,Putnam County,39137,41.024533,-84.129879,county_centroid,482.544,1.755,2022,USDA NASS 2022 Ag Census Web Maps,Census Gazetteer 2024 county centroid,3.6,0,,11.31,6.13,16.8,7,8721,22395,29.49,9.27,57.91,,0.74,2,Soybeans Harvested Share of Harvested Cropland
OH,Richland County,39139,40.774159,-82.542781,county_centroid,495.227,4.849,2022,USDA NASS 2022 Ag Census Web Maps,Census Gazetteer 2024 county centroid,0.49,1.1499999999999999,20.82,14.74,5.31,11.33,13,8690,10684,36.15,7.21,39.97,0.03,0.18,0,Soybeans Harvested Share of Harvested Cropland
OH,Ross County,39141,39.323895,-83.059538,county_centroid,689.166,3.859,2022,USDA NASS 2022 Ag Census Web Maps,Census Gazetteer 2024 county centroid,,0.92,1.68,4.3499999999999996,5.27,0.11,5,6413,7034,37.880000000000003,4.3600000000000003,47.74,,0.33,2,Soybeans Harvested Share of Harvested Cropland
OH,Sandusky County,39143,41.355319,-83.142776,county_centroid,408.245,9.465,2022,USDA NASS 2022 Ag Census Web Maps,Census Gazetteer 2024 county centroid,6.6,0.38,,0.85,3.21,,2,1322,2965,34.14,6.29,56.12,0,1.22,2,Soybeans Harvested Share of Harvested Cropland
OH,Scioto County,39145,38.814889,-82.998675,county_centroid,610.155,6.206,2022,USDA NASS 2022 Ag Census Web Maps,Census Gazetteer 2024 county centroid,0.37,0.33,,0,,0.23,8,3432,2938,21.71,1.86,49.62,,7.0000000000000007E-2,3,Soybeans Harvested Share of Harvested Cropland
OH,Seneca County,39147,41.119992,-83.127547,county_centroid,551.026,1.767,2022,USDA NASS 2022 Ag Census Web Maps,Census Gazetteer 2024 county centroid,0.9,0,0.03,,,16.649999999999999,2,1538,2343,33.08,9.59,56.05,0,0.23,2,Soybeans Harvested Share of Harvested Cropland
OH,Shelby County,39149,40.33668,-84.204142,county_centroid,407.694,3.013,2022,USDA NASS 2022 Ag Census Web Maps,Census Gazetteer 2024 county centroid,0.04,0.01,,11.74,12.25,22.44,15,9135,30500,37.82,5.13,51.98,,0.02,2,Soybeans Harvested Share of Harvested Cropland
OH,Stark County,39151,40.814131,-81.365667,county_centroid,575.206,5.257,2022,USDA NASS 2022 Ag Census Web Maps,Census Gazetteer 2024 county centroid,4.58,1.57,16.39,21.13,9.8800000000000008,0.21,14,8790,9927,32.86,5.74,31.63,0.02,1.05,0,Corn Grain Harvested Share of Harvested Cropland
OH,Summit County,39153,41.121847,-81.534928,county_centroid,412.801,7.331,2022,USDA NASS 2022 Ag Census Web Maps,Census Gazetteer 2024 county centroid,15.34,4.24,2.83,,1.67,0.24,5,530,261,16.02,2.63,24.35,0.05,5.76,1,Soybeans Harvested Share of Harvested Cropland
OH,Trumbull County,39155,41.306374,-80.7704,county_centroid,617.591,18.447,2022,USDA NASS 2022 Ag Census Web Maps,Census Gazetteer 2024 county centroid,,1.19,,17.940000000000001,7.45,,9,4441,5289,31.52,4.34,43.9,0.02,0.22,3,Soybeans Harvested Share of Harvested Cropland
OH,Tuscarawas County,39157,40.447439,-81.471166,county_centroid,567.565,4.001,2022,USDA NASS 2022 Ag Census Web Maps,Census Gazetteer 2024 county centroid,0.25,0.1,34.5,26.36,7.99,,17,13440,12074,27.34,4.03,23.46,0.02,0.12,1,Poultry and Eggs Market Value Share
OH,Union County,39159,40.295901,-83.367042,county_centroid,431.711,5.182,2022,USDA NASS 2022 Ag Census Web Maps,Census Gazetteer 2024 county centroid,0.11,0.27,25.85,3.08,,3.17,5,3514,6069,28.42,5.57,62.53,,0.03,2,Soybeans Harvested Share of Harvested Cropland
OH,Van Wert County,39161,40.85552,-84.585775,county_centroid,409.15,1.269,2022,USDA NASS 2022 Ag Census Web Maps,Census Gazetteer 2024 county centroid,,0.01,15.38,10.19,4.82,15.32,8,6633,17700,32.07,5.12,58.83,0,0.01,1,Soybeans Harvested Share of Harvested Cropland
OH,Vinton County,39163,39.252042,-82.485961,county_centroid,412.36,2.618,2022,USDA NASS 2022 Ag Census Web Maps,Census Gazetteer 2024 county centroid,0,,,0,27.81,5.72,9,1690,1276,12.35,0,15.13,0,0,2,Cattle and Calves Market Value Share
OH,Warren County,39165,39.425663,-84.16994,county_centroid,401.417,6.064,2022,USDA NASS 2022 Ag Census Web Maps,Census Gazetteer 2024 county centroid,1.53,2.39,0.5,0,3.21,,3,1467,1564,33.36,1.83,54.42,0,0.51,1,Soybeans Harvested Share of Harvested Cropland
OH,Washington County,39167,39.450676,-81.490636,county_centroid,631.974,8.025,2022,USDA NASS 2022 Ag Census Web Maps,Census Gazetteer 2024 county centroid,,2.92,0.71,14.02,26.97,1.1200000000000001,15,10194,11533,24.23,1.97,22.56,0.02,0.94,1,Cattle and Calves Market Value Share
OH,Wayne County,39169,40.829661,-81.887194,county_centroid,554.789,1.946,2022,USDA NASS 2022 Ag Census Web Maps,Census Gazetteer 2024 county centroid,0.68,1.22,28.97,31.88,7.52,3.46,29,36676,45845,32.909999999999997,5.07,27.86,0.02,0.43,0,Corn Grain Harvested Share of Harvested Cropland
OH,Williams County,39171,41.564959,-84.584324,county_centroid,420.66,2.432,2022,USDA NASS 2022 Ag Census Web Maps,Census Gazetteer 2024 county centroid,0.01,7.0000000000000007E-2,0.03,14.08,5.51,7.78,5,6942,13970,32.83,4.6500000000000004,57.75,0,0,0,Soybeans Harvested Share of Harvested Cropland
OH,Wood County,39173,41.360183,-83.622682,county_centroid,617.167,3.362,2022,USDA NASS 2022 Ag Census Web Maps,Census Gazetteer 2024 county centroid,1.87,,,8.7200000000000006,,1.86,3,5151,4413,33.42,7.31,55.99,,0.43,4,Soybeans Harvested Share of Harvested Cropland
OH,Wyandot County,39175,40.839782,-83.313681,county_centroid,406.879,0.689,2022,USDA NASS 2022 Ag Census Web Maps,Census Gazetteer 2024 county centroid,,,,1.98,,11.51,2,1655,2836,36.49,5.93,56.41,,,6,Soybeans Harvested Share of Harvested Cropland
OK,Adair County,40001,35.898043,-94.651026,county_centroid,573.881,3.423,2022,USDA NASS 2022 Ag Census Web Maps,Census Gazetteer 2024 county centroid,0.03,0.03,87.37,1.79,9.6,0.02,26,29265,30323,0,0.61,,0,0.02,1,Poultry and Eggs Market Value Share
OK,Alfalfa County,40003,36.729703,-98.323445,county_centroid,866.565,14.883,2022,USDA NASS 2022 Ag Census Web Maps,Census Gazetteer 2024 county centroid,0,,0.01,0,53.46,,11,17970,59140,0.48,71.510000000000005,8.8000000000000007,0,0,2,All Wheat Harvested Share of Harvested Cropland
OK,Atoka County,40005,34.392469,-96.036558,county_centroid,975.453,14.39,2022,USDA NASS 2022 Ag Census Web Maps,Census Gazetteer 2024 county centroid,1.41,2.74,0.31,0,91.92,0.08,18,31399,52879,0,0.18,,,0.25,2,Cattle and Calves Market Value Share
OK,Beaver County,40007,36.748334,-100.483056,county_centroid,1814.837,2.837,2022,USDA NASS 2022 Ag Census Web Maps,Census Gazetteer 2024 county centroid,0,0,0.11,0,,,6,27239,56696,2.44,53.42,0.44,0,0,2,All Wheat Harvested Share of Harvested Cropland
OK,Beckham County,40009,35.270601,-99.690057,county_centroid,901.675,2.132,2022,USDA NASS 2022 Ag Census Web Maps,Census Gazetteer 2024 county centroid,,0,,,46.63,0.28000000000000003,9,24367,26123,0.08,33.770000000000003,0,,,5,Cattle and Calves Market Value Share
OK,Blaine County,40011,35.877795,-98.429031,county_centroid,928.463,10.394,2022,USDA NASS 2022 Ag Census Web Maps,Census Gazetteer 2024 county centroid,0,0,0.04,,74.09,,13,32883,70922,0.15,72.989999999999995,1.46,0,0,2,Cattle and Calves Market Value Share
OK,Bryan County,40013,33.964004,-96.265135,county_centroid,904.348,39.308,2022,USDA NASS 2022 Ag Census Web Maps,Census Gazetteer 2024 county centroid,,1.82,0.23,,55.82,0.11,17,44669,43392,2.62,4.57,4.1399999999999997,0,0.03,2,Cattle and Calves Market Value Share
OK,Caddo County,40015,35.16792,-98.381045,county_centroid,1277.754,12.394,2022,USDA NASS 2022 Ag Census Web Maps,Census Gazetteer 2024 county centroid,0.75,0.05,,,34.659999999999997,28.08,16,51747,64163,2.89,36.32,5.28,,0.27,3,All Wheat Harvested Share of Harvested Cropland
OK,Canadian County,40017,35.543354,-97.979889,county_centroid,896.573,8.937,2022,USDA NASS 2022 Ag Census Web Maps,Census Gazetteer 2024 county centroid,,0.32,,,60.95,0.68,18,28817,63595,0.47,64.150000000000006,0.82,,0.01,4,All Wheat Harvested Share of Harvested Cropland
OK,Carter County,40019,34.251848,-97.287927,county_centroid,822.301,11.48,2022,USDA NASS 2022 Ag Census Web Maps,Census Gazetteer 2024 county centroid,,5.58,0.52,0,84.6,,13,28404,28586,,1.69,0,0,0.08,3,Cattle and Calves Market Value Share
OK,Cherokee County,40021,35.904367,-94.996796,county_centroid,749.127,26.896,2022,USDA NASS 2022 Ag Census Web Maps,Census Gazetteer 2024 county centroid,0.3,1.03,30.25,,20.79,0.11,24,26513,24869,0,0,,0,7.0000000000000007E-2,2,Poultry and Eggs Market Value Share
OK,Choctaw County,40023,34.027699,-95.554079,county_centroid,770.383,29.141,2022,USDA NASS 2022 Ag Census Web Maps,Census Gazetteer 2024 county centroid,,1.98,0.19,0,87.21,,22,34294,41346,,3.01,3.24,0.01,7.0000000000000007E-2,3,Cattle and Calves Market Value Share
OK,Cimarron County,40025,36.74839,-102.517698,county_centroid,1834.808,6.148,2022,USDA NASS 2022 Ag Census Web Maps,Census Gazetteer 2024 county centroid,,0,0,,,0,10,24198,171635,10.18,44.87,,,,6,All Wheat Harvested Share of Harvested Cropland
OK,Cleveland County,40027,35.206376,-97.323088,county_centroid,538.908,19.,2022,USDA NASS 2022 Ag Census Web Maps,Census Gazetteer 2024 county centroid,0.53,1.64,2.75,,43.48,0.35,15,9479,7415,,6.12,,0,0.05,3,Cattle and Calves Market Value Share
OK,Coal County,40029,34.582861,-96.288039,county_centroid,516.772,4.663,2022,USDA NASS 2022 Ag Census Web Maps,Census Gazetteer 2024 county centroid,0.11,0.92,0.92,,,,13,17344,24039,,2.37,0,0,0.05,4,All Wheat Harvested Share of Harvested Cropland
OK,Comanche County,40031,34.66263,-98.476612,county_centroid,1069.322,14.541,2022,USDA NASS 2022 Ag Census Web Maps,Census Gazetteer 2024 county centroid,,0.08,0.85,,78.12,0.04,16,31666,50895,,49.09,0,0,0.01,3,Cattle and Calves Market Value Share
OK,Cotton County,40033,34.290676,-98.373438,county_centroid,632.637,9.261,2022,USDA NASS 2022 Ag Census Web Maps,Census Gazetteer 2024 county centroid,0,,0.04,0,73.05,,15,18887,55875,0,70.64,0,0,0,2,Cattle and Calves Market Value Share
OK,Craig County,40035,36.76389,-95.201553,county_centroid,761.255,1.409,2022,USDA NASS 2022 Ag Census Web Maps,Census Gazetteer 2024 county centroid,,,39.14,0.28000000000000003,52.64,,24,51456,76833,3.43,8.67,10.76,0,0.01,3,Cattle and Calves Market Value Share
OK,Creek County,40037,35.907398,-96.380177,county_centroid,949.894,19.621,2022,USDA NASS 2022 Ag Census Web Maps,Census Gazetteer 2024 county centroid,2.4500000000000002,2.4300000000000002,11.96,0,60.62,0.41,13,21881,18533,0.54,4.26,0.5,0.01,0.21,0,Cattle and Calves Market Value Share
OK,Custer County,40039,35.645601,-98.997386,county_centroid,988.779,13.254,2022,USDA NASS 2022 Ag Census Web Maps,Census Gazetteer 2024 county centroid,,0,0.05,0.02,51.2,4.9800000000000004,10,29228,46239,1.1200000000000001,55.31,2.2599999999999998,,,3,All Wheat Harvested Share of Harvested Cropland
OK,Delaware County,40041,36.393437,-94.808189,county_centroid,737.754,54.242,2022,USDA NASS 2022 Ag Census Web Maps,Census Gazetteer 2024 county centroid,0,0,84.64,0.53,13.13,,31,44574,64341,3.51,3.61,4.92,,,3,Poultry and Eggs Market Value Share
OK,Dewey County,40043,35.97796,-99.014385,county_centroid,999.628,8.753,2022,USDA NASS 2022 Ag Census Web Maps,Census Gazetteer 2024 county centroid,0.7,,0.05,0,76.2,0.04,7,23686,30698,,58.23,,0,0.34,3,Cattle and Calves Market Value Share
OK,Ellis County,40045,36.224258,-99.750139,county_centroid,1231.477,0.368,2022,USDA NASS 2022 Ag Census Web Maps,Census Gazetteer 2024 county centroid,,0,0.03,,51.72,42.87,8,29564,61039,3.34,36.71,,0,,4,Cattle and Calves Market Value Share
OK,Garfield County,40047,36.378132,-97.788741,county_centroid,1058.507,1.574,2022,USDA NASS 2022 Ag Census Web Maps,Census Gazetteer 2024 county centroid,,,,,35.33,,10,27083,42973,4.08,68.08,11.86,0,0,5,All Wheat Harvested Share of Harvested Cropland
OK,Garvin County,40049,34.70935,-97.312723,county_centroid,802.146,11.59,2022,USDA NASS 2022 Ag Census Web Maps,Census Gazetteer 2024 county centroid,0.06,,0.56999999999999995,,67.680000000000007,,15,37966,41410,4.79,9.3699999999999992,5.05,0,0.02,3,Cattle and Calves Market Value Share
OK,Grady County,40051,35.021058,-97.88689,county_centroid,1100.54,4.392,2022,USDA NASS 2022 Ag Census Web Maps,Census Gazetteer 2024 county centroid,0.44,,0.1,,35.93,,19,70903,71444,2.02,23.03,5.24,0,0.08,3,Cattle and Calves Market Value Share
OK,Grant County,40053,36.788254,-97.788151,county_centroid,1000.74,2.719,2022,USDA NASS 2022 Ag Census Web Maps,Census Gazetteer 2024 county centroid,0,0,0.04,0,30.56,0.03,7,17272,33869,3.66,64.930000000000007,20.059999999999999,0,0,0,All Wheat Harvested Share of Harvested Cropland
OK,Greer County,40055,34.933853,-99.552968,county_centroid,639.285,4.304,2022,USDA NASS 2022 Ag Census Web Maps,Census Gazetteer 2024 county centroid,0,,0.1,,58.14,0.08,10,13828,15127,0,65.7,,0,0,3,All Wheat Harvested Share of Harvested Cropland
OK,Harmon County,40057,34.745971,-99.844194,county_centroid,537.258,1.467,2022,USDA NASS 2022 Ag Census Web Maps,Census Gazetteer 2024 county centroid,,0,0.01,0,68.510000000000005,0,12,11059,34686,0,22.68,0,0,,2,Cattle and Calves Market Value Share
OK,Harper County,40059,36.80035,-99.662805,county_centroid,1038.584,2.031,2022,USDA NASS 2022 Ag Census Web Maps,Census Gazetteer 2024 county centroid,,0,,,76.12,,13,17839,108986,,,,,,9,Cattle and Calves Market Value Share
OK,Haskell County,40061,35.232431,-95.109642,county_centroid,576.725,48.745,2022,USDA NASS 2022 Ag Census Web Maps,Census Gazetteer 2024 county centroid,,0.11,64.34,,27.43,3.9,26,34649,32384,,,,0,0.02,5,Poultry and Eggs Market Value Share
OK,Hughes County,40063,35.052934,-96.251183,county_centroid,804.473,10.217,2022,USDA NASS 2022 Ag Census Web Maps,Census Gazetteer 2024 county centroid,,,0.06,0,14.44,84.08,16,28381,36497,1.52,5.17,0,0,,3,Hogs and Pigs Market Value Share
OK,Jackson County,40065,34.594006,-99.412235,county_centroid,802.653,1.589,2022,USDA NASS 2022 Ag Census Web Maps,Census Gazetteer 2024 county centroid,,,7.0000000000000007E-2,0,32.94,0.35,5,13006,19522,,64.010000000000005,0,0,,4,All Wheat Harvested Share of Harvested Cropland
OK,Jefferson County,40067,34.105082,-97.83889,county_centroid,758.956,15.219,2022,USDA NASS 2022 Ag Census Web Maps,Census Gazetteer 2024 county centroid,,,0.01,0,94.71,,16,22417,67477,0,26.68,0,0,,4,Cattle and Calves Market Value Share
OK,Johnston County,40069,34.313455,-96.654254,county_centroid,643.05,15.307,2022,USDA NASS 2022 Ag Census Web Maps,Census Gazetteer 2024 county centroid,,3.95,1.28,0,79.290000000000006,,14,20321,21823,,,1.82,,,6,Cattle and Calves Market Value Share
OK,Kay County,40071,36.814885,-97.143862,county_centroid,919.61,25.307,2022,USDA NASS 2022 Ag Census Web Maps,Census Gazetteer 2024 county centroid,,0.1,0.28000000000000003,,28.79,0.03,7,17622,25573,3.74,61.07,21.53,0,0,2,All Wheat Harvested Share of Harvested Cropland
OK,Kingfisher County,40073,35.949436,-97.934557,county_centroid,898.086,7.949,2022,USDA NASS 2022 Ag Census Web Maps,Census Gazetteer 2024 county centroid,,,0.05,,35.36,,14,27833,45722,0.46,66.86,1.39,0,,5,All Wheat Harvested Share of Harvested Cropland
OK,Kiowa County,40075,34.921489,-98.981617,county_centroid,1015.078,15.559,2022,USDA NASS 2022 Ag Census Web Maps,Census Gazetteer 2024 county centroid,,,,0,62.94,,10,24375,43310,1.95,56.53,0.93,0,,5,Cattle and Calves Market Value Share
OK,Latimer County,40077,34.875137,-95.272262,county_centroid,722.113,7.036,2022,USDA NASS 2022 Ag Census Web Maps,Census Gazetteer 2024 county centroid,0.22,0.03,,,62.59,27.86,21,13889,28834,0,,0,0,0.11,3,Cattle and Calves Market Value Share
OK,Le Flore County,40079,34.897356,-94.695074,county_centroid,1589.416,19.205,2022,USDA NASS 2022 Ag Census Web Maps,Census Gazetteer 2024 county centroid,0,0.08,79.53,,12.82,4.6100000000000003,19,42228,45115,1.29,3.32,8.73,0,,2,Poultry and Eggs Market Value Share
OK,Lincoln County,40081,35.703117,-96.881392,county_centroid,952.372,13.405,2022,USDA NASS 2022 Ag Census Web Maps,Census Gazetteer 2024 county centroid,,1.19,1.1399999999999999,8.1,66.05,1.76,16,36292,33751,,1.43,1.08,0,0.04,2,Cattle and Calves Market Value Share
OK,Logan County,40083,35.914277,-97.450952,county_centroid,743.736,5.098,2022,USDA NASS 2022 Ag Census Web Maps,Census Gazetteer 2024 county centroid,,0.47,,0.12,56.3,,13,15822,24818,,39.75,2.5099999999999998,,0.1,5,Cattle and Calves Market Value Share
OK,Love County,40085,33.957804,-97.245093,county_centroid,513.914,18.34,2022,USDA NASS 2022 Ag Census Web Maps,Census Gazetteer 2024 county centroid,,5.3,0.32,,69.05,,13,12949,17914,,,,0,0.12,6,Cattle and Calves Market Value Share
OK,McClain County,40087,35.016436,-97.449803,county_centroid,570.72,9.539,2022,USDA NASS 2022 Ag Census Web Maps,Census Gazetteer 2024 county centroid,0.42,0.45,0.38,,42.88,,16,19741,25606,6.25,9.69,3.32,,0.18,3,Cattle and Calves Market Value Share
OK,McCurtain County,40089,34.117073,-94.766086,county_centroid,1850.782,51.713,2022,USDA NASS 2022 Ag Census Web Maps,Census Gazetteer 2024 county centroid,,0.22,85.84,1.38,10.55,,21,42117,35366,,,2.91,,,6,Poultry and Eggs Market Value Share
OK,McIntosh County,40091,35.369108,-95.671787,county_centroid,618.29,93.77,2022,USDA NASS 2022 Ag Census Web Maps,Census Gazetteer 2024 county centroid,4.75,0.32,13.41,0,77.319999999999993,0.02,23,22253,36803,0,0.45,0.63,0.01,1.1299999999999999,0,Cattle and Calves Market Value Share
OK,Major County,40093,36.313119,-98.542015,county_centroid,955.,2.954,2022,USDA NASS 2022 Ag Census Web Maps,Census Gazetteer 2024 county centroid,,0.03,0.03,0.72,,,15,28483,63747,2.9,55.34,4.2300000000000004,0,,4,All Wheat Harvested Share of Harvested Cropland
OK,Marshall County,40095,34.027007,-96.770533,county_centroid,371.49,55.491,2022,USDA NASS 2022 Ag Census Web Maps,Census Gazetteer 2024 county centroid,,4.0999999999999996,0.46,0,85.18,0.1,17,14079,21915,,6.16,,,,5,Cattle and Calves Market Value Share
OK,Mayes County,40097,36.303804,-95.235638,county_centroid,655.326,28.214,2022,USDA NASS 2022 Ag Census Web Maps,Census Gazetteer 2024 county centroid,,,60.47,4.01,30.4,0.24,26,38199,44055,1.1499999999999999,4.03,6.96,,,4,Poultry and Eggs Market Value Share
OK,Murray County,40099,34.485766,-97.071557,county_centroid,416.375,8.769,2022,USDA NASS 2022 Ag Census Web Maps,Census Gazetteer 2024 county centroid,1.63,,,0,59.55,0.01,10,14262,18299,0,1.25,,0.01,0.09,3,Cattle and Calves Market Value Share
OK,Muskogee County,40101,35.617551,-95.383911,county_centroid,810.64,29.374,2022,USDA NASS 2022 Ag Census Web Maps,Census Gazetteer 2024 county centroid,1.95,,36.369999999999997,,38.47,,19,40221,38209,4.24,5.97,12.08,0,0.31,3,Cattle and Calves Market Value Share
OK,Noble County,40103,36.384901,-97.236335,county_centroid,731.712,10.85,2022,USDA NASS 2022 Ag Census Web Maps,Census Gazetteer 2024 county centroid,,,0.14000000000000001,,58.85,0.24,12,20490,36302,7.8,47.54,18.29,0,,4,Cattle and Calves Market Value Share
OK,Nowata County,40105,36.789615,-95.613312,county_centroid,565.817,15.021,2022,USDA NASS 2022 Ag Census Web Maps,Census Gazetteer 2024 county centroid,0,,0.54,,88.56,0.06,18,26829,46469,2.52,7.05,7.9,0,0,2,Cattle and Calves Market Value Share
OK,Okfuskee County,40107,35.466804,-96.327762,county_centroid,618.458,10.289,2022,USDA NASS 2022 Ag Census Web Maps,Census Gazetteer 2024 county centroid,1.89,1.1000000000000001,0.22,0,40.81,50.45,16,19609,21742,,,,0,0.51,3,Hogs and Pigs Market Value Share
OK,Oklahoma County,40109,35.554611,-97.409401,county_centroid,708.9,9.542,2022,USDA NASS 2022 Ag Census Web Maps,Census Gazetteer 2024 county centroid,,14.22,1.04,0,22.19,,12,7513,6174,4.29,16.23,4.6399999999999997,0.01,0.2,2,Cattle and Calves Market Value Share
OK,Okmulgee County,40111,35.6435,-95.965947,county_centroid,697.443,5.004,2022,USDA NASS 2022 Ag Census Web Maps,Census Gazetteer 2024 county centroid,,3.58,7.96,0,70.31,,17,27234,29734,0.86,,,0,,5,Cattle and Calves Market Value Share
OK,Osage County,40113,36.624299,-96.408112,county_centroid,2246.682,57.348,2022,USDA NASS 2022 Ag Census Web Maps,Census Gazetteer 2024 county centroid,0.8,0.52,0.17,0,90.37,,11,69752,91539,,7.47,13.19,0,7.0000000000000007E-2,2,Cattle and Calves Market Value Share
OK,Ottawa County,40115,36.835764,-94.802681,county_centroid,470.817,13.789,2022,USDA NASS 2022 Ag Census Web Maps,Census Gazetteer 2024 county centroid,0.06,0.43,30.24,,,0.16,22,24516,26798,9.14,18.989999999999998,25.4,0,0.02,2,Poultry and Eggs Market Value Share
OK,Pawnee County,40117,36.313704,-96.696669,county_centroid,568.353,26.583,2022,USDA NASS 2022 Ag Census Web Maps,Census Gazetteer 2024 county centroid,,,0.27,,80.349999999999994,,13,19241,22292,,12.94,6.59,,,7,Cattle and Calves Market Value Share
OK,Payne County,40119,36.079225,-96.975255,county_centroid,684.901,12.352,2022,USDA NASS 2022 Ag Census Web Maps,Census Gazetteer 2024 county centroid,0.7,,,2.85,68.150000000000006,,18,25756,27286,0.94,10.73,4.26,0,0.14000000000000001,3,Cattle and Calves Market Value Share
OK,Pittsburg County,40121,34.92554,-95.74813,county_centroid,1305.512,72.372,2022,USDA NASS 2022 Ag Census Web Maps,Census Gazetteer 2024 county centroid,,,0.54,,86.06,0.06,15,40356,43213,0,0,0,0,,4,Cattle and Calves Market Value Share
OK,Pontotoc County,40123,34.721421,-96.691804,county_centroid,720.353,4.913,2022,USDA NASS 2022 Ag Census Web Maps,Census Gazetteer 2024 county centroid,0.21,2.5299999999999998,0.37,,78.05,0.43,13,27577,26191,,1.31,0,,0.04,3,Cattle and Calves Market Value Share
OK,Pottawatomie County,40125,35.211391,-96.957004,county_centroid,787.793,5.732,2022,USDA NASS 2022 Ag Census Web Maps,Census Gazetteer 2024 county centroid,1.69,2.95,2.52,,,,15,22509,20941,3.32,2.2400000000000002,4.5,,0.14000000000000001,4,Soybeans Harvested Share of Harvested Cropland
OK,Pushmataha County,40127,34.377899,-95.408082,county_centroid,1395.54,27.023,2022,USDA NASS 2022 Ag Census Web Maps,Census Gazetteer 2024 county centroid,1.4,,0.73,,88.33,,12,17923,14789,0,0,0,0,0.1,3,Cattle and Calves Market Value Share
OK,Roger Mills County,40129,35.708554,-99.741572,county_centroid,1141.135,5.285,2022,USDA NASS 2022 Ag Census Web Maps,Census Gazetteer 2024 county centroid,0,0,,0,86.68,,8,31167,44518,1.74,35.869999999999997,,0,0,3,Cattle and Calves Market Value Share
OK,Rogers County,40131,36.377794,-95.601383,county_centroid,675.747,35.887,2022,USDA NASS 2022 Ag Census Web Maps,Census Gazetteer 2024 county centroid,0.05,1.1399999999999999,38.36,0.9,51.56,,25,32875,62910,0.71,2.7,3.04,0,0.02,1,Cattle and Calves Market Value Share
OK,Seminole County,40133,35.158366,-96.602857,county_centroid,632.819,7.707,2022,USDA NASS 2022 Ag Census Web Maps,Census Gazetteer 2024 county centroid,0.78,0.98,,0,47.72,33.11,12,16452,18161,,,,0,0.12,4,Cattle and Calves Market Value Share
OK,Sequoyah County,40135,35.502435,-94.750757,county_centroid,673.577,40.568,2022,USDA NASS 2022 Ag Census Web Maps,Census Gazetteer 2024 county centroid,0.28999999999999998,0.13,42.18,0,39.44,0.11,18,21073,31296,9.68,8.16,21.52,0.02,0.08,0,Poultry and Eggs Market Value Share
OK,Stephens County,40137,34.481361,-97.855607,county_centroid,870.212,21.168,2022,USDA NASS 2022 Ag Census Web Maps,Census Gazetteer 2024 county centroid,0.14000000000000001,0.56999999999999995,0.24,0.3,86.92,0.11,14,35749,41424,,22.25,,0,7.0000000000000007E-2,2,Cattle and Calves Market Value Share
OK,Texas County,40139,36.746317,-101.483855,county_centroid,2041.293,7.401,2022,USDA NASS 2022 Ag Census Web Maps,Census Gazetteer 2024 county centroid,,0,0,0,,,16,17783,327553,,,,,,8,"Fruits, Tree Nuts, and Berries Market Value Share"
OK,Tillman County,40141,34.371085,-98.931701,county_centroid,871.134,8.068,2022,USDA NASS 2022 Ag Census Web Maps,Census Gazetteer 2024 county centroid,0,0,0.01,31.35,31.64,0.02,11,20992,36647,2.68,54.4,,0,0,1,All Wheat Harvested Share of Harvested Cropland
OK,Tulsa County,40143,36.120318,-95.941813,county_centroid,570.242,16.573,2022,USDA NASS 2022 Ag Census Web Maps,Census Gazetteer 2024 county centroid,,3.62,,0,17.05,,13,7167,6238,0,9.58,4.59,0.02,0.13,3,Cattle and Calves Market Value Share
OK,Wagoner County,40145,35.963388,-95.514201,county_centroid,561.916,28.886,2022,USDA NASS 2022 Ag Census Web Maps,Census Gazetteer 2024 county centroid,,2.38,,0,17.16,,16,19522,16287,5.27,16.190000000000001,32.74,,0.17,4,Soybeans Harvested Share of Harvested Cropland
OK,Washington County,40147,36.704403,-95.906253,county_centroid,415.524,8.831,2022,USDA NASS 2022 Ag Census Web Maps,Census Gazetteer 2024 county centroid,0.26,2.11,0.52,0,64.44,0.08,14,10970,22525,,25.43,27.99,0,0.01,1,Cattle and Calves Market Value Share
OK,Washita County,40149,35.289908,-98.992272,county_centroid,1003.089,5.629,2022,USDA NASS 2022 Ag Census Web Maps,Census Gazetteer 2024 county centroid,,0,0.04,,77.23,0.02,15,23858,97671,0.71,53.61,1.28,0,,3,Cattle and Calves Market Value Share
OK,Woods County,40151,36.726984,-98.863649,county_centroid,1286.482,3.506,2022,USDA NASS 2022 Ag Census Web Maps,Census Gazetteer 2024 county centroid,0,,0.02,0,76.069999999999993,,12,31430,71475,,61.94,2.5,0,0,3,Cattle and Calves Market Value Share
OK,Woodward County,40153,36.425619,-99.273661,county_centroid,1242.786,3.743,2022,USDA NASS 2022 Ag Census Web Maps,Census Gazetteer 2024 county centroid,,,0.13,0,67.02,,8,32469,49462,,47.34,7.51,0,0.01,4,Cattle and Calves Market Value Share
OR,Baker County,41001,44.703427,-117.691933,county_centroid,3067.967,20.013,2022,USDA NASS 2022 Ag Census Web Maps,Census Gazetteer 2024 county centroid,16.850000000000001,0.34,0.1,,45.31,,7,41503,42763,0.55000000000000004,13.82,0,4.6900000000000004,4.8600000000000003,2,Cattle and Calves Market Value Share
OR,Benton County,41003,44.493882,-123.424664,county_centroid,675.208,2.962,2022,USDA NASS 2022 Ag Census Web Maps,Census Gazetteer 2024 county centroid,6.29,21.58,0.46,9.1199999999999992,2.91,0.25,7,4674,4558,,3.65,0,0.01,2.68,1,"Fruits, Tree Nuts, and Berries Market Value Share"
OR,Clackamas County,41005,45.160493,-122.195127,county_centroid,1870.711,12.303,2022,USDA NASS 2022 Ag Census Web Maps,Census Gazetteer 2024 county centroid,5.12,10.71,17.760000000000002,0.78,1.18,0.13,8,7473,5785,0,1.81,0,0.01,4.55,0,Poultry and Eggs Market Value Share
OR,Clatsop County,41007,46.024509,-123.705037,county_centroid,828.239,255.357,2022,USDA NASS 2022 Ag Census Web Maps,Census Gazetteer 2024 county centroid,2.84,,0.18,,13.95,0.13,22,2949,1543,0,0,0,0.01,,3,Cattle and Calves Market Value Share
OR,Columbia County,41009,45.941932,-123.081079,county_centroid,658.684,30.215,2022,USDA NASS 2022 Ag Census Web Maps,Census Gazetteer 2024 county centroid,0.44,1.91,,,,0.16,13,3678,2792,0,2.96,0,0.02,,4,All Wheat Harvested Share of Harvested Cropland
OR,Coos County,41011,43.18591,-124.094133,county_centroid,1596.044,210.313,2022,USDA NASS 2022 Ag Census Web Maps,Census Gazetteer 2024 county centroid,0.08,24.95,0.17,24.42,46.52,0.04,18,10940,21433,0,0,0,0,0.1,0,Cattle and Calves Market Value Share
OR,Crook County,41013,44.163054,-120.371585,county_centroid,2978.929,8.11,2022,USDA NASS 2022 Ag Census Web Maps,Census Gazetteer 2024 county centroid,,,0.09,0.43,60.3,0.15,6,29790,30227,,0.43,0,,,5,Cattle and Calves Market Value Share
OR,Curry County,41015,42.466439,-124.210929,county_centroid,1628.395,360.844,2022,USDA NASS 2022 Ag Census Web Maps,Census Gazetteer 2024 county centroid,,54.04,0.28999999999999998,0,27.23,0,14,2903,4509,0,0,0,,0.86,2,"Fruits, Tree Nuts, and Berries Market Value Share"
OR,Deschutes County,41017,43.915118,-121.225575,county_centroid,3017.61,36.575,2022,USDA NASS 2022 Ag Census Web Maps,Census Gazetteer 2024 county centroid,6.86,0.38,1.05,,22.12,,8,7604,8858,,5.84,,0.13,2.25,4,Cattle and Calves Market Value Share
OR,Douglas County,41019,43.286328,-123.154476,county_centroid,5035.676,97.282,2022,USDA NASS 2022 Ag Census Web Maps,Census Gazetteer 2024 county centroid,3.17,28.56,0.31,0.98,44.9,,12,20392,30043,,0,0,0,1.1299999999999999,2,Cattle and Calves Market Value Share
OR,Gilliam County,41021,45.382955,-120.276246,county_centroid,1204.721,18.114,2022,USDA NASS 2022 Ag Census Web Maps,Census Gazetteer 2024 county centroid,,0,,0,,,2,7006,6374,,92.46,0,,,7,All Wheat Harvested Share of Harvested Cropland
OR,Grant County,41023,44.496326,-119.014057,county_centroid,4527.792,0.731,2022,USDA NASS 2022 Ag Census Web Maps,Census Gazetteer 2024 county centroid,0,,0.14000000000000001,0,71.650000000000006,7.0000000000000007E-2,5,20708,19970,0,0,0,0,0,1,Cattle and Calves Market Value Share
OR,Harney County,41025,43.064449,-118.987169,county_centroid,10134.438,93.27,2022,USDA NASS 2022 Ag Census Web Maps,Census Gazetteer 2024 county centroid,,0.16,,,61.93,0.04,6,60226,61599,0,0.03,0,0,0,3,Cattle and Calves Market Value Share
OR,Hood River County,41027,45.511775,-121.655976,county_centroid,522.194,11.214,2022,USDA NASS 2022 Ag Census Web Maps,Census Gazetteer 2024 county centroid,0.59,93.54,0.03,0,,0,2,337,411,0,,0,0.03,,3,"Fruits, Tree Nuts, and Berries Market Value Share"
OR,Jackson County,41029,42.411621,-122.675611,county_centroid,2783.251,18.061,2022,USDA NASS 2022 Ag Census Web Maps,Census Gazetteer 2024 county centroid,2.09,50.09,0.84,1.1299999999999999,10.76,,9,10848,10731,0.16,2.87,0,0.03,1.03,1,"Fruits, Tree Nuts, and Berries Market Value Share"
OR,Jefferson County,41031,44.645151,-121.178632,county_centroid,1781.696,10.121,2022,USDA NASS 2022 Ag Census Web Maps,Census Gazetteer 2024 county centroid,14,,0.15,,34.049999999999997,7.0000000000000007E-2,3,8585,16375,,10.42,,,5.59,5,Cattle and Calves Market Value Share
OR,Josephine County,41033,42.386983,-123.57162,county_centroid,1638.649,2.174,2022,USDA NASS 2022 Ag Census Web Maps,Census Gazetteer 2024 county centroid,7.03,33.96,0.5,26.49,6.44,,20,3295,2691,0.06,0,0,0.04,2.1,1,"Fruits, Tree Nuts, and Berries Market Value Share"
OR,Klamath County,41035,42.683761,-121.646168,county_centroid,5949.897,187.323,2022,USDA NASS 2022 Ag Census Web Maps,Census Gazetteer 2024 county centroid,15.33,,,14.92,26.66,0.01,10,29423,40071,0,18.14,0,4.95,5.79,2,Cattle and Calves Market Value Share
OR,Lake County,41037,42.788401,-120.38979,county_centroid,8138.61,219.495,2022,USDA NASS 2022 Ag Census Web Maps,Census Gazetteer 2024 county centroid,0,0,0.01,0,31.79,,10,43021,47985,0,,0,0,0,2,Cattle and Calves Market Value Share
OR,Lane County,41039,43.928334,-122.897581,county_centroid,4554.092,168.363,2022,USDA NASS 2022 Ag Census Web Maps,Census Gazetteer 2024 county centroid,7.98,14.24,0.81,,16.7,0.35,13,9870,19434,,3.82,,0.02,3.49,3,Cattle and Calves Market Value Share
OR,Lincoln County,41041,44.641061,-123.911212,county_centroid,980.983,213.571,2022,USDA NASS 2022 Ag Census Web Maps,Census Gazetteer 2024 county centroid,0.82,8.69,,0,13.43,0.24,10,1448,1050,0,0,0,,0.53,2,Cattle and Calves Market Value Share
OR,Linn County,41043,44.488898,-122.537208,county_centroid,2289.508,19.356,2022,USDA NASS 2022 Ag Census Web Maps,Census Gazetteer 2024 county centroid,5.14,14.87,11.84,4.2,5.42,0.06,7,9055,16251,,3.24,0,0.01,2.21,1,"Fruits, Tree Nuts, and Berries Market Value Share"
OR,Malheur County,41045,43.188625,-117.603191,county_centroid,9887.707,42.088,2022,USDA NASS 2022 Ag Census Web Maps,Census Gazetteer 2024 county centroid,19.649999999999999,,,2.4,56.89,,16,74713,189302,9.4,17.38,,1.23,9.66,4,Cattle and Calves Market Value Share
OR,Marion County,41047,44.900898,-122.57626,county_centroid,1180.84,10.22,2022,USDA NASS 2022 Ag Census Web Maps,Census Gazetteer 2024 county centroid,9.91,13.43,5.67,5.77,1.35,,10,15612,11416,0.09,4.51,0,0.01,7.83,1,"Fruits, Tree Nuts, and Berries Market Value Share"
OR,Morrow County,41049,45.425496,-119.602311,county_centroid,2030.529,17.132,2022,USDA NASS 2022 Ag Census Web Maps,Census Gazetteer 2024 county centroid,23.25,0.27,,,35.799999999999997,0.01,17,59681,181103,8.6999999999999993,54.41,0,9.77,19.170000000000002,2,All Wheat Harvested Share of Harvested Cropland
OR,Multnomah County,41051,45.547711,-122.417363,county_centroid,431.019,33.989,2022,USDA NASS 2022 Ag Census Web Maps,Census Gazetteer 2024 county centroid,14.51,6.1,0.23,,0.59,,5,833,603,0.04,6.31,0,,16.78,3,Vegetables Harvested Share of Harvested Cropland
OR,Polk County,41053,44.900372,-123.39864,county_centroid,740.924,3.217,2022,USDA NASS 2022 Ag Census Web Maps,Census Gazetteer 2024 county centroid,6.86,26.97,,11.7,3.2,0.03,8,6960,11787,,7.03,0,0,4.1900000000000004,2,"Fruits, Tree Nuts, and Berries Market Value Share"
OR,Sherman County,41055,45.399216,-120.678512,county_centroid,823.614,7.574,2022,USDA NASS 2022 Ag Census Web Maps,Census Gazetteer 2024 county centroid,0,0,,0,4.3099999999999996,0,1,1795,2061,0,96.56,0,0,0,1,All Wheat Harvested Share of Harvested Cropland
OR,Tillamook County,41057,45.45589,-123.759299,county_centroid,1103.183,229.226,2022,USDA NASS 2022 Ag Census Web Maps,Census Gazetteer 2024 county centroid,0.1,0.06,0.35,78.58,7.77,0,115,25341,14533,,0,0,0.01,0.09,1,Milk from Cows Market Value Share
OR,Umatilla County,41059,45.5912,-118.73388,county_centroid,3215.45,16.069,2022,USDA NASS 2022 Ag Census Web Maps,Census Gazetteer 2024 county centroid,30.71,,,,10.61,,4,30238,45210,2.76,65.319999999999993,,4.1500000000000004,9.17,5,All Wheat Harvested Share of Harvested Cropland
OR,Union County,41061,45.304081,-117.999149,county_centroid,2036.941,1.906,2022,USDA NASS 2022 Ag Census Web Maps,Census Gazetteer 2024 county centroid,4.83,1.01,0.22,,39.409999999999997,0.18,10,13708,23773,1.03,26.12,,0.71,1.96,2,Cattle and Calves Market Value Share
OR,Wallowa County,41063,45.593753,-117.18558,county_centroid,3145.897,5.479,2022,USDA NASS 2022 Ag Census Web Maps,Census Gazetteer 2024 county centroid,,,0.2,,47,,5,15467,17559,,18.809999999999999,0,0.02,0.05,5,Cattle and Calves Market Value Share
OR,Wasco County,41065,45.164536,-121.165069,county_centroid,2381.119,13.8,2022,USDA NASS 2022 Ag Census Web Maps,Census Gazetteer 2024 county centroid,0.4,60.44,0.06,0,7.33,0.03,2,9239,9424,,77.62,0,,0.1,2,All Wheat Harvested Share of Harvested Cropland
OR,Washington County,41067,45.553542,-123.097615,county_centroid,724.272,2.362,2022,USDA NASS 2022 Ag Census Web Maps,Census Gazetteer 2024 county centroid,1.4,20.02,0.22,,0.7,0.1,4,2770,2248,0.21,11.3,0,0.01,1.79,1,"Fruits, Tree Nuts, and Berries Market Value Share"
OR,Wheeler County,41069,44.736415,-120.026861,county_centroid,1716.021,0.479,2022,USDA NASS 2022 Ag Census Web Maps,Census Gazetteer 2024 county centroid,,0.28000000000000003,0.06,0,84.49,,2,7735,8012,0,,0,0,0.04,3,Cattle and Calves Market Value Share
OR,Yamhill County,41071,45.247827,-123.316399,county_centroid,715.938,2.464,2022,USDA NASS 2022 Ag Census Web Maps,Census Gazetteer 2024 county centroid,2.95,28.09,6.29,9.98,2,0.04,11,10873,8355,0.01,3.52,0,0,3.85,0,"Fruits, Tree Nuts, and Berries Market Value Share"
PA,Adams County,42001,39.869437,-77.21775,county_centroid,518.576,3.146,2022,USDA NASS 2022 Ag Census Web Maps,Census Gazetteer 2024 county centroid,0.82,28.03,23.55,12.63,3.78,2.38,12,11977,11176,23.85,8.07,24.93,0.04,0.35,0,"Fruits, Tree Nuts, and Berries Market Value Share"
PA,Allegheny County,42003,40.469757,-79.980451,county_centroid,729.952,14.304,2022,USDA NASS 2022 Ag Census Web Maps,Census Gazetteer 2024 county centroid,44.87,7.64,2.76,0,4.2,,6,1044,475,3.48,1,0.77,0.08,6.97,1,"Vegetables, Melons, Potatoes, and Sweet Potatoes Market Value Share"
PA,Armstrong County,42005,40.81238,-79.464129,county_centroid,653.321,10.651,2022,USDA NASS 2022 Ag Census Web Maps,Census Gazetteer 2024 county centroid,3.05,0.93,0.34,24.72,12.04,0.26,11,8005,6120,21.08,3.23,16.5,0.09,0.3,0,Milk from Cows Market Value Share
PA,Beaver County,42007,40.68414,-80.350721,county_centroid,434.695,9.329,2022,USDA NASS 2022 Ag Census Web Maps,Census Gazetteer 2024 county centroid,,5.68,,10.61,9,6.18,10,2435,1990,21.01,0.93,12.4,0.01,0.39,2,Corn Grain Harvested Share of Harvested Cropland
PA,Bedford County,42009,39.998634,-78.494747,county_centroid,1011.988,4.633,2022,USDA NASS 2022 Ag Census Web Maps,Census Gazetteer 2024 county centroid,0.63,3.75,4.37,36.21,12.15,9.9600000000000009,19,18545,18419,24.96,4.0999999999999996,13.14,0.02,0.21,0,Milk from Cows Market Value Share
PA,Berks County,42011,40.413957,-75.92686,county_centroid,856.404,9.351,2022,USDA NASS 2022 Ag Census Web Maps,Census Gazetteer 2024 county centroid,1.22,1.21,33.36,20.38,4.72,4.9400000000000004,30,29860,32493,30.68,6.07,24.57,0.03,0.68,0,Poultry and Eggs Market Value Share
PA,Blair County,42013,40.498683,-78.309597,county_centroid,525.067,1.272,2022,USDA NASS 2022 Ag Census Web Maps,Census Gazetteer 2024 county centroid,0.52,0.16,3.59,71.989999999999995,8.11,,50,25175,17435,30.37,3.45,10.44,0,0.34,1,Milk from Cows Market Value Share
PA,Bradford County,42015,41.791504,-76.502123,county_centroid,1147.376,13.641,2022,USDA NASS 2022 Ag Census Web Maps,Census Gazetteer 2024 county centroid,1.33,0.88,0.26,46.68,11.4,17.649999999999999,15,23288,20463,15.99,0.98,5.41,0,0.28999999999999998,0,Milk from Cows Market Value Share
PA,Bucks County,42017,40.336887,-75.10706,county_centroid,604.447,17.487,2022,USDA NASS 2022 Ag Census Web Maps,Census Gazetteer 2024 county centroid,4.5,5.25,17.940000000000001,14.44,2.2999999999999998,0.37,10,3689,2779,21.91,5.26,26.54,0.03,1.31,0,Soybeans Harvested Share of Harvested Cropland
PA,Butler County,42019,40.913847,-79.918978,county_centroid,789.482,6.179,2022,USDA NASS 2022 Ag Census Web Maps,Census Gazetteer 2024 county centroid,4.49,2.23,0.87,21.7,9.01,,10,7488,6663,30.57,4.76,17.329999999999998,0.01,1.08,1,Corn Grain Harvested Share of Harvested Cropland
PA,Cambria County,42021,40.510209,-78.710488,county_centroid,687.963,5.268,2022,USDA NASS 2022 Ag Census Web Maps,Census Gazetteer 2024 county centroid,6.05,0.5,14.8,31.68,8.5299999999999994,0.35,16,6573,4838,20.51,5.38,21.95,1.55,1.79,0,Milk from Cows Market Value Share
PA,Cameron County,42023,41.438291,-78.198323,county_centroid,396.234,2.182,2022,USDA NASS 2022 Ag Census Web Maps,Census Gazetteer 2024 county centroid,5.99,,,0,,0,5,191,,28.23,0.5,1.61,,0.97,5,Corn Grain Harvested Share of Harvested Cropland
PA,Carbon County,42025,40.918367,-75.705039,county_centroid,381.356,6.146,2022,USDA NASS 2022 Ag Census Web Maps,Census Gazetteer 2024 county centroid,3.43,1.41,0.2,,2.5299999999999998,7.0000000000000007E-2,5,623,564,17.39,1.92,9.9600000000000009,0.05,1.05,1,Corn Grain Harvested Share of Harvested Cropland
PA,Centre County,42027,40.909322,-77.847667,county_centroid,1107.259,4.361,2022,USDA NASS 2022 Ag Census Web Maps,Census Gazetteer 2024 county centroid,1.72,1.48,2.58,40.21,10.11,1.22,17,10088,14426,29.6,3.88,21.89,0.08,0.85,0,Milk from Cows Market Value Share
PA,Chester County,42029,39.974029,-75.749751,county_centroid,750.551,8.649,2022,USDA NASS 2022 Ag Census Web Maps,Census Gazetteer 2024 county centroid,0.89,0.42,4.26,8.43,1.92,1.33,18,12689,14710,29.62,8.65,20.440000000000001,0.3,1.04,0,Corn Grain Harvested Share of Harvested Cropland
PA,Clarion County,42031,41.198159,-79.420369,county_centroid,600.836,9.008,2022,USDA NASS 2022 Ag Census Web Maps,Census Gazetteer 2024 county centroid,1.7,0.8,0.71,12.04,30.14,,14,4691,25417,23.35,1.92,9.89,,0.23,2,Cattle and Calves Market Value Share
PA,Clearfield County,42033,41.006862,-78.477724,county_centroid,1145.06,9.315,2022,USDA NASS 2022 Ag Census Web Maps,Census Gazetteer 2024 county centroid,1.05,0.94,0.19,13.58,4.43,,7,2681,1856,17.989999999999998,,3.4,0.01,0.25,2,Corn Grain Harvested Share of Harvested Cropland
PA,Clinton County,42035,41.239508,-77.629009,county_centroid,889.63,8.951,2022,USDA NASS 2022 Ag Census Web Maps,Census Gazetteer 2024 county centroid,3.91,0.36,7.89,35.6,20.59,,41,5668,14518,26.89,3.17,20.37,0,1.67,1,Milk from Cows Market Value Share
PA,Columbia County,42037,41.045517,-76.40426,county_centroid,483.259,7.172,2022,USDA NASS 2022 Ag Census Web Maps,Census Gazetteer 2024 county centroid,12.92,0.59,29.4,10.5,2.04,10.7,7,3822,2561,34.69,6.22,28.22,0.73,5.85,0,Corn Grain Harvested Share of Harvested Cropland
PA,Crawford County,42039,41.687876,-80.107795,county_centroid,1012.355,25.247,2022,USDA NASS 2022 Ag Census Web Maps,Census Gazetteer 2024 county centroid,1.1100000000000001,0.59,0.64,41.02,11.7,0.31,16,15349,23904,27.07,0.6,23.69,0.01,0.28000000000000003,0,Milk from Cows Market Value Share
PA,Cumberland County,42041,40.164805,-77.263442,county_centroid,545.482,4.89,2022,USDA NASS 2022 Ag Census Web Maps,Census Gazetteer 2024 county centroid,1.94,1.53,20.03,37.020000000000003,9.51,4.57,36,23764,26066,30.3,10.63,23.82,0.09,0.53,0,Milk from Cows Market Value Share
PA,Dauphin County,42043,40.412565,-76.792634,county_centroid,524.87,33.223,2022,USDA NASS 2022 Ag Census Web Maps,Census Gazetteer 2024 county centroid,3.82,1.75,41.89,13.45,3.67,8.75,13,5575,5507,32.590000000000003,7.62,25.58,,1.19,1,Poultry and Eggs Market Value Share
PA,Delaware County,42045,39.916685,-75.398818,county_centroid,183.808,6.792,2022,USDA NASS 2022 Ag Census Web Maps,Census Gazetteer 2024 county centroid,,,,0,0,0,0,0,0,0,0,0,,10.24,4,Vegetables Harvested Share of Harvested Cropland
PA,Elk County,42047,41.427332,-78.653937,county_centroid,826.901,4.939,2022,USDA NASS 2022 Ag Census Web Maps,Census Gazetteer 2024 county centroid,9.27,1.06,0.46,28.92,21.35,,10,923,1005,12.1,0,,0.05,2.1,2,Milk from Cows Market Value Share
PA,Erie County,42049,42.117952,-80.096386,county_centroid,798.901,759.182,2022,USDA NASS 2022 Ag Census Web Maps,Census Gazetteer 2024 county centroid,6.82,38.57,0.16,6.92,2.79,7.0000000000000007E-2,7,4391,3368,23.38,2.34,21.96,2.02,2.66,0,"Fruits, Tree Nuts, and Berries Market Value Share"
PA,Fayette County,42051,39.918911,-79.640253,county_centroid,790.758,7.968,2022,USDA NASS 2022 Ag Census Web Maps,Census Gazetteer 2024 county centroid,7.76,1.19,0.4,28.16,19.38,0.39,14,7722,6934,16.329999999999998,0.92,11.91,0.08,0.81,0,Milk from Cows Market Value Share
PA,Forest County,42053,41.513304,-79.249705,county_centroid,427.259,3.232,2022,USDA NASS 2022 Ag Census Web Maps,Census Gazetteer 2024 county centroid,,,0.62,,,0.16,12,526,310,12.05,0,,0,,6,Corn Grain Harvested Share of Harvested Cropland
PA,Franklin County,42055,39.926772,-77.724521,county_centroid,772.279,0.6,2022,USDA NASS 2022 Ag Census Web Maps,Census Gazetteer 2024 county centroid,4.45,2.11,16.59,46.35,7.24,6.96,46,65138,57253,25.94,8.3000000000000007,16.059999999999999,,1.47,1,Milk from Cows Market Value Share
PA,Fulton County,42057,39.91075,-78.122617,county_centroid,437.551,0.504,2022,USDA NASS 2022 Ag Census Web Maps,Census Gazetteer 2024 county centroid,0.11,0.05,8.18,33.06,6.77,29.95,16,8476,6059,21.01,5.26,6.92,0.01,0.04,0,Milk from Cows Market Value Share
PA,Greene County,42059,39.847707,-80.225655,county_centroid,575.932,2.045,2022,USDA NASS 2022 Ag Census Web Maps,Census Gazetteer 2024 county centroid,2.04,3.36,0.34,,44.05,0.17,9,6094,5707,1.89,0,0.77,0.02,0.11,1,Cattle and Calves Market Value Share
PA,Huntingdon County,42061,40.422311,-77.968595,county_centroid,874.592,14.615,2022,USDA NASS 2022 Ag Census Web Maps,Census Gazetteer 2024 county centroid,0.94,1.24,6.74,56.28,10.84,5.74,28,18112,15975,25.01,4.5599999999999996,8.07,0,0.28000000000000003,0,Milk from Cows Market Value Share
PA,Indiana County,42063,40.651432,-79.087545,county_centroid,827.394,6.983,2022,USDA NASS 2022 Ag Census Web Maps,Census Gazetteer 2024 county centroid,5.36,2.4500000000000002,0.26,31.94,10.07,0.26,14,10967,9317,28.09,1.69,20.6,0.01,0.66,0,Milk from Cows Market Value Share
PA,Jefferson County,42065,41.138028,-79.012419,county_centroid,652.44,4.361,2022,USDA NASS 2022 Ag Census Web Maps,Census Gazetteer 2024 county centroid,0.93,2.74,,20.74,21.6,0.35,11,3700,5533,22.4,2.89,15.58,0.05,0.1,1,Corn Grain Harvested Share of Harvested Cropland
PA,Juniata County,42067,40.530673,-77.400438,county_centroid,391.391,2.125,2022,USDA NASS 2022 Ag Census Web Maps,Census Gazetteer 2024 county centroid,0.72,0.72,42.73,29.43,4.55,9.58,28,12575,9677,33.79,5.72,18.690000000000001,,0.33,1,Poultry and Eggs Market Value Share
PA,Lackawanna County,42069,41.436636,-75.608768,county_centroid,458.886,6.142,2022,USDA NASS 2022 Ag Census Web Maps,Census Gazetteer 2024 county centroid,8.01,3.98,0.44,6.77,7.85,0.27,7,1599,1204,10.58,,4.84,0.06,1.29,1,Corn Grain Harvested Share of Harvested Cropland
PA,Lancaster County,42071,40.041992,-76.250198,county_centroid,943.924,39.911,2022,USDA NASS 2022 Ag Census Web Maps,Census Gazetteer 2024 county centroid,1.55,0.71,41.77,22.8,7.17,9.8800000000000008,48,81562,113474,34.909999999999997,8.81,18.89,0.06,1.59,0,Poultry and Eggs Market Value Share
PA,Lawrence County,42073,40.992735,-80.334446,county_centroid,357.39,4.394,2022,USDA NASS 2022 Ag Census Web Maps,Census Gazetteer 2024 county centroid,3,1.89,,43.86,6.59,0.28999999999999998,15,8976,5111,32.090000000000003,5.56,30.72,0.03,0.47,1,Milk from Cows Market Value Share
PA,Lebanon County,42075,40.371448,-76.464819,county_centroid,361.835,0.665,2022,USDA NASS 2022 Ag Census Web Maps,Census Gazetteer 2024 county centroid,0.9,0.12,55.81,22.86,3.45,7.42,52,27453,25333,31.36,7.51,19.149999999999999,0.13,1.1399999999999999,0,Poultry and Eggs Market Value Share
PA,Lehigh County,42077,40.614241,-75.590627,county_centroid,345.336,2.877,2022,USDA NASS 2022 Ag Census Web Maps,Census Gazetteer 2024 county centroid,6.5,4.99,21.29,3.42,1.68,,5,1426,1634,32.35,7.55,38.130000000000003,0.2,2.79,1,Soybeans Harvested Share of Harvested Cropland
PA,Luzerne County,42079,41.173078,-75.976053,county_centroid,889.807,16.221,2022,USDA NASS 2022 Ag Census Web Maps,Census Gazetteer 2024 county centroid,15.21,17.13,0.54,11.42,2.0099999999999998,0.18,4,1313,656,35.44,4.03,16.88,0.2,3.45,0,Corn Grain Harvested Share of Harvested Cropland
PA,Lycoming County,42081,41.343882,-77.055262,county_centroid,1228.92,15.026,2022,USDA NASS 2022 Ag Census Web Maps,Census Gazetteer 2024 county centroid,6.64,3.68,9.33,7.89,7.67,16.36,6,4530,4830,29.18,3.66,19.05,,1.37,1,Corn Grain Harvested Share of Harvested Cropland
PA,McKean County,42083,41.81459,-78.572463,county_centroid,979.694,5.032,2022,USDA NASS 2022 Ag Census Web Maps,Census Gazetteer 2024 county centroid,3.29,2.91,0.53,17.309999999999999,20.8,0.78,7,1481,1163,1.91,,,,0.22,3,Cattle and Calves Market Value Share
PA,Mercer County,42085,41.300014,-80.252786,county_centroid,672.538,10.025,2022,USDA NASS 2022 Ag Census Web Maps,Census Gazetteer 2024 county centroid,1.82,1.53,0.28000000000000003,24.57,7.48,,13,9444,6718,32.619999999999997,2.38,27.6,0.02,0.53,1,Corn Grain Harvested Share of Harvested Cropland
PA,Mifflin County,42087,40.601615,-77.651832,county_centroid,411.037,3.671,2022,USDA NASS 2022 Ag Census Web Maps,Census Gazetteer 2024 county centroid,,0.63,26.06,31.85,5.51,21.36,32,10880,8512,30.23,3.59,21.63,0.01,0.36,1,Milk from Cows Market Value Share
PA,Monroe County,42089,41.05624,-75.329065,county_centroid,608.361,8.751,2022,USDA NASS 2022 Ag Census Web Maps,Census Gazetteer 2024 county centroid,15.72,12.89,7.92,0,,0.14000000000000001,2,312,109,,,,,,6,"Vegetables, Melons, Potatoes, and Sweet Potatoes Market Value Share"
PA,Montgomery County,42091,40.209999,-75.370201,county_centroid,482.936,4.248,2022,USDA NASS 2022 Ag Census Web Maps,Census Gazetteer 2024 county centroid,7.25,7.44,3.73,,5.05,0.15,5,936,2183,26.5,4.6900000000000004,27.04,0.02,0.93,1,Soybeans Harvested Share of Harvested Cropland
PA,Montour County,42093,41.029284,-76.665225,county_centroid,130.331,1.998,2022,USDA NASS 2022 Ag Census Web Maps,Census Gazetteer 2024 county centroid,,1.18,49.98,5.79,3.35,,16,1554,3123,29.18,3.16,41.73,0.02,0.39,2,Poultry and Eggs Market Value Share
PA,Northampton County,42095,40.752791,-75.307447,county_centroid,369.787,7.359,2022,USDA NASS 2022 Ag Census Web Maps,Census Gazetteer 2024 county centroid,5.85,5.87,0.62,9.91,8.24,0.43,6,1535,4590,41.18,5.29,31.6,0.36,0.89,0,Corn Grain Harvested Share of Harvested Cropland
PA,Northumberland County,42097,40.851524,-76.709877,county_centroid,457.678,19.552,2022,USDA NASS 2022 Ag Census Web Maps,Census Gazetteer 2024 county centroid,3.58,1.89,42.41,12.25,5.34,5.83,13,6590,8283,37.97,5.73,32.68,0.55000000000000004,1.86,0,Poultry and Eggs Market Value Share
PA,Perry County,42099,40.39778,-77.266328,county_centroid,551.449,4.089,2022,USDA NASS 2022 Ag Census Web Maps,Census Gazetteer 2024 county centroid,1.73,0.64,28.72,26.03,6.91,24.38,29,15611,16369,22.77,7.99,20.39,0.01,0.31,0,Poultry and Eggs Market Value Share
PA,Philadelphia County,42101,40.009376,-75.133346,county_centroid,134.325,8.096,2022,USDA NASS 2022 Ag Census Web Maps,Census Gazetteer 2024 county centroid,69.38,,,,,0,,,,,,,,,12,"Vegetables, Melons, Potatoes, and Sweet Potatoes Market Value Share"
PA,Pike County,42103,41.325949,-75.031514,county_centroid,544.896,21.923,2022,USDA NASS 2022 Ag Census Web Maps,Census Gazetteer 2024 county centroid,,12.64,,0,10.3,,,,94,0,0,0,0,2.52,5,"Fruits, Tree Nuts, and Berries Market Value Share"
PA,Potter County,42105,41.748587,-77.894436,county_centroid,1081.249,0.216,2022,USDA NASS 2022 Ag Census Web Maps,Census Gazetteer 2024 county centroid,10.3,,0.23,49.44,13.57,,14,6530,8191,7.59,6.69,4.28,3.09,6.6,2,Milk from Cows Market Value Share
PA,Schuylkill County,42107,40.703682,-76.217788,county_centroid,778.579,4.178,2022,USDA NASS 2022 Ag Census Web Maps,Census Gazetteer 2024 county centroid,2.31,2.06,47.4,4.57,2.65,0.08,9,3863,4615,35.39,7.05,22.35,0.96,1.88,0,Poultry and Eggs Market Value Share
PA,Snyder County,42109,40.755412,-77.07302,county_centroid,328.784,2.764,2022,USDA NASS 2022 Ag Census Web Maps,Census Gazetteer 2024 county centroid,2.2400000000000002,1.0900000000000001,53.18,12.45,4.0199999999999996,18.05,19,8047,10574,30.85,4.4800000000000004,22.06,0.06,1.82,0,Poultry and Eggs Market Value Share
PA,Somerset County,42111,39.981297,-79.028486,county_centroid,1075.047,6.603,2022,USDA NASS 2022 Ag Census Web Maps,Census Gazetteer 2024 county centroid,1.01,0.43,0.28000000000000003,42.8,9.8000000000000007,7.76,17,17088,19173,24.86,2.61,12.2,0.04,0.28000000000000003,0,Milk from Cows Market Value Share
PA,Sullivan County,42113,41.439285,-76.511717,county_centroid,449.939,2.555,2022,USDA NASS 2022 Ag Census Web Maps,Census Gazetteer 2024 county centroid,0.16,3.83,,39.299999999999997,5.81,0.23,5,963,502,18.48,,12.43,0,,3,Milk from Cows Market Value Share
PA,Susquehanna County,42115,41.819665,-75.800969,county_centroid,823.494,8.645,2022,USDA NASS 2022 Ag Census Web Maps,Census Gazetteer 2024 county centroid,1.1499999999999999,3.44,0.24,42.09,15.38,0.25,11,9254,8299,1.84,,,0,0.13,2,Milk from Cows Market Value Share
PA,Tioga County,42117,41.766858,-77.257288,county_centroid,1133.892,3.197,2022,USDA NASS 2022 Ag Census Web Maps,Census Gazetteer 2024 county centroid,1.65,0.51,,27.82,6.68,30.16,12,13586,8260,12.55,1.38,3.08,0.01,0.73,1,Hogs and Pigs Market Value Share
PA,Union County,42119,40.962179,-77.055475,county_centroid,315.957,1.78,2022,USDA NASS 2022 Ag Census Web Maps,Census Gazetteer 2024 county centroid,0.85,0.3,47.08,17.899999999999999,5.39,20.05,31,8413,10704,26.83,6.43,28.76,0.01,0.56000000000000005,0,Poultry and Eggs Market Value Share
PA,Venango County,42121,41.400714,-79.765813,county_centroid,674.265,8.552,2022,USDA NASS 2022 Ag Census Web Maps,Census Gazetteer 2024 county centroid,1.05,6.12,0.4,17.75,11.86,0.53,8,2122,1720,27.78,,14.5,0,0.25,1,Corn Grain Harvested Share of Harvested Cropland
PA,Warren County,42123,41.834298,-79.298182,county_centroid,884.282,14.428,2022,USDA NASS 2022 Ag Census Web Maps,Census Gazetteer 2024 county centroid,,1.4,,60.67,5.97,0.17,11,4162,2062,15.35,0.03,3.13,,,4,Milk from Cows Market Value Share
PA,Washington County,42125,40.200005,-80.252132,county_centroid,857.01,3.84,2022,USDA NASS 2022 Ag Census Web Maps,Census Gazetteer 2024 county centroid,6.82,2.15,0.93,15.6,23.24,0.47,13,12446,10352,6.98,0.11,2.23,0.17,0.63,0,Cattle and Calves Market Value Share
PA,Wayne County,42127,41.646602,-75.292493,county_centroid,725.769,25.014,2022,USDA NASS 2022 Ag Census Web Maps,Census Gazetteer 2024 county centroid,7.91,5.99,1.22,33.14,12.57,,10,5090,3554,1.25,,0,0.06,1.21,2,Milk from Cows Market Value Share
PA,Westmoreland County,42129,40.311068,-79.466688,county_centroid,1027.71,8.222,2022,USDA NASS 2022 Ag Census Web Maps,Census Gazetteer 2024 county centroid,1.87,0.97,1.34,20.16,12.62,0.33,15,10542,9522,23.18,2.54,17.53,0.01,0.45,0,Corn Grain Harvested Share of Harvested Cropland
PA,Wyoming County,42131,41.525167,-76.008682,county_centroid,397.258,7.73,2022,USDA NASS 2022 Ag Census Web Maps,Census Gazetteer 2024 county centroid,4.47,1.96,,10.72,10.220000000000001,0.42,6,2210,1776,15.61,0.27,5.16,0.02,0.37,1,Corn Grain Harvested Share of Harvested Cropland
PA,York County,42133,39.921751,-76.728889,county_centroid,904.352,6.372,2022,USDA NASS 2022 Ag Census Web Maps,Census Gazetteer 2024 county centroid,1.86,2.11,25.76,8.43,12.59,5.29,15,11221,30128,38.68,10.51,26.48,0.04,1.27,0,Corn Grain Harvested Share of Harvested Cropland
RI,Bristol County,44001,41.70684,-71.286687,county_centroid,24.132,20.602,2022,USDA NASS 2022 Ag Census Web Maps,Census Gazetteer 2024 county centroid,15.24,,,0,7.15,,9,74,54,,0,0,0,1.99,4,"Vegetables, Melons, Potatoes, and Sweet Potatoes Market Value Share"
RI,Kent County,44003,41.675118,-71.580282,county_centroid,168.568,19.57,2022,USDA NASS 2022 Ag Census Web Maps,Census Gazetteer 2024 county centroid,31.94,,,,2.48,,3,160,88,,0,0,0.13,11.24,5,"Vegetables, Melons, Potatoes, and Sweet Potatoes Market Value Share"
RI,Newport County,44005,41.501045,-71.283063,county_centroid,102.431,211.199,2022,USDA NASS 2022 Ag Census Web Maps,Census Gazetteer 2024 county centroid,25.72,6.5,,,1.98,0.12,19,883,393,,0,0,12.31,21.82,3,"Vegetables, Melons, Potatoes, and Sweet Potatoes Market Value Share"
RI,Providence County,44007,41.869768,-71.578625,county_centroid,409.484,26.203,2022,USDA NASS 2022 Ag Census Web Maps,Census Gazetteer 2024 county centroid,19.72,9.35,,,3.16,1.2,8,594,382,0.31,0,0,0.08,20.25,2,Vegetables Harvested Share of Harvested Cropland
RI,Washington County,44009,41.396792,-71.620282,county_centroid,329.279,233.503,2022,USDA NASS 2022 Ag Census Web Maps,Census Gazetteer 2024 county centroid,8.6300000000000008,,0.61,,1.18,0.23,3,414,482,3.03,0,0,0.56999999999999995,9.09,2,Vegetables Harvested Share of Harvested Cropland
SC,Abbeville County,45001,34.229041,-82.454058,county_centroid,491.195,20.547,2022,USDA NASS 2022 Ag Census Web Maps,Census Gazetteer 2024 county centroid,,4.13,,0,32.35,0.77,13,8926,6895,0.61,6.06,1.05,0.01,0.34,2,Cattle and Calves Market Value Share
SC,Aiken County,45003,33.550013,-81.632983,county_centroid,1070.674,9.482,2022,USDA NASS 2022 Ag Census Web Maps,Census Gazetteer 2024 county centroid,,6.19,71.040000000000006,,1.72,,7,5501,4460,10.98,1.46,9.6300000000000008,,,5,Poultry and Eggs Market Value Share
SC,Allendale County,45005,32.979757,-81.363265,county_centroid,408.095,4.322,2022,USDA NASS 2022 Ag Census Web Maps,Census Gazetteer 2024 county centroid,,,,0,,0,6,2220,3340,27.76,9.7799999999999994,36.299999999999997,0,,5,Soybeans Harvested Share of Harvested Cropland
SC,Anderson County,45007,34.521235,-82.638603,county_centroid,713.854,41.91,2022,USDA NASS 2022 Ag Census Web Maps,Census Gazetteer 2024 county centroid,2.19,2.36,61.97,,14.12,,18,17555,16275,4.97,5.77,13.44,0.01,0.76,2,Poultry and Eggs Market Value Share
SC,Bamberg County,45009,33.203021,-81.053161,county_centroid,393.367,2.195,2022,USDA NASS 2022 Ag Census Web Maps,Census Gazetteer 2024 county centroid,16.989999999999998,0.22,24.07,,,0.04,7,3485,2537,21.02,6.3,14,,6.06,3,Poultry and Eggs Market Value Share
SC,Barnwell County,45011,33.260552,-81.434228,county_centroid,548.383,8.88,2022,USDA NASS 2022 Ag Census Web Maps,Census Gazetteer 2024 county centroid,24.84,,38.81,,1.97,0.01,4,1536,1073,13.71,2.34,16.93,,7.97,3,Poultry and Eggs Market Value Share
SC,Beaufort County,45013,32.358112,-80.689422,county_centroid,576.022,347.509,2022,USDA NASS 2022 Ag Census Web Maps,Census Gazetteer 2024 county centroid,92.41,0.79,0.26,0,0.59,0,1,,176,36.32,0,,0.2,51.51,2,"Vegetables, Melons, Potatoes, and Sweet Potatoes Market Value Share"
SC,Berkeley County,45015,33.2077,-79.953655,county_centroid,1103.61,130.896,2022,USDA NASS 2022 Ag Census Web Maps,Census Gazetteer 2024 county centroid,11.87,11.31,2.16,0,2.76,0.65,1,358,190,46.71,1.86,11.66,0.05,1.43,0,Corn Grain Harvested Share of Harvested Cropland
SC,Calhoun County,45017,33.67478,-80.780347,county_centroid,381.146,11.338,2022,USDA NASS 2022 Ag Census Web Maps,Census Gazetteer 2024 county centroid,15.61,,21.2,0,0.82,,1,913,886,17.53,,6.06,0.02,7.63,3,Poultry and Eggs Market Value Share
SC,Charleston County,45019,32.800458,-79.94248,county_centroid,918.165,448.77,2022,USDA NASS 2022 Ag Census Web Maps,Census Gazetteer 2024 county centroid,20.77,7.71,0.24,0,,0.02,4,920,609,11.72,4.67,,0.14000000000000001,26.09,2,Vegetables Harvested Share of Harvested Cropland
SC,Cherokee County,45021,35.049796,-81.607647,county_centroid,392.96,4.56,2022,USDA NASS 2022 Ag Census Web Maps,Census Gazetteer 2024 county centroid,0.2,0.32,75.27,0,6.84,0.02,11,4315,3642,3.7,22.63,43.48,0,0.06,0,Poultry and Eggs Market Value Share
SC,Chester County,45023,34.689339,-81.161213,county_centroid,580.865,5.604,2022,USDA NASS 2022 Ag Census Web Maps,Census Gazetteer 2024 county centroid,4.34,1.48,42.11,,15.15,,12,8113,7184,,1.93,4.22,,1.1499999999999999,4,Poultry and Eggs Market Value Share
SC,Chesterfield County,45025,34.637018,-80.159227,county_centroid,798.986,6.666,2022,USDA NASS 2022 Ag Census Web Maps,Census Gazetteer 2024 county centroid,1.39,,65.739999999999995,0,2.67,,6,4279,3842,17.64,15.54,35.75,0.02,0.82,2,Poultry and Eggs Market Value Share
SC,Clarendon County,45027,33.664682,-80.217889,county_centroid,607.207,88.454,2022,USDA NASS 2022 Ag Census Web Maps,Census Gazetteer 2024 county centroid,4.2699999999999996,,43.88,0,0.61,5.65,2,1819,1303,41.35,15.87,35.53,0,3.03,1,Poultry and Eggs Market Value Share
SC,Colleton County,45029,32.849386,-80.656402,county_centroid,1056.46,76.057,2022,USDA NASS 2022 Ag Census Web Maps,Census Gazetteer 2024 county centroid,33.51,5.61,1.29,,5.9,1.43,3,2126,2037,28.16,,11.73,,5.95,3,"Vegetables, Melons, Potatoes, and Sweet Potatoes Market Value Share"
SC,Darlington County,45031,34.332185,-79.962115,county_centroid,560.629,5.623,2022,USDA NASS 2022 Ag Census Web Maps,Census Gazetteer 2024 county centroid,1.9,,46.33,0,0.73,0.01,2,1658,1228,20.82,5.48,28.35,,0.94,2,Poultry and Eggs Market Value Share
SC,Dillon County,45033,34.390164,-79.37521,county_centroid,405.076,1.744,2022,USDA NASS 2022 Ag Census Web Maps,Census Gazetteer 2024 county centroid,,0,55.3,0,0.61,19.59,3,1897,1577,32.33,15.68,49.28,,0.04,2,Poultry and Eggs Market Value Share
SC,Dorchester County,45035,33.082186,-80.404697,county_centroid,568.393,2.616,2022,USDA NASS 2022 Ag Census Web Maps,Census Gazetteer 2024 county centroid,2.42,0.56000000000000005,45.48,0,1.38,1.69,2,1149,803,31.74,8.0299999999999994,17.690000000000001,,0.68,1,Poultry and Eggs Market Value Share
SC,Edgefield County,45037,33.779453,-81.959637,county_centroid,500.688,6.296,2022,USDA NASS 2022 Ag Census Web Maps,Census Gazetteer 2024 county centroid,,48.69,25.35,,1.73,,7,2574,2225,3.97,2.74,9.8000000000000007,,,5,"Fruits, Tree Nuts, and Berries Market Value Share"
SC,Fairfield County,45039,34.395669,-81.127001,county_centroid,686.306,23.57,2022,USDA NASS 2022 Ag Census Web Maps,Census Gazetteer 2024 county centroid,,,82.92,0,3.04,0.05,5,1887,1628,,,,0,,6,Poultry and Eggs Market Value Share
SC,Florence County,45041,34.028535,-79.710233,county_centroid,800.508,3.768,2022,USDA NASS 2022 Ag Census Web Maps,Census Gazetteer 2024 county centroid,6.83,,0.14000000000000001,0,0.72,,1,942,476,22.01,8.08,48.45,,3.27,3,Soybeans Harvested Share of Harvested Cropland
SC,Georgetown County,45043,33.417531,-79.296333,county_centroid,813.665,212.541,2022,USDA NASS 2022 Ag Census Web Maps,Census Gazetteer 2024 county centroid,0.89,2.27,0.35,,1.1000000000000001,0,1,,204,18.149999999999999,,34.71,0,0.42,3,Soybeans Harvested Share of Harvested Cropland
SC,Greenville County,45045,34.892645,-82.372077,county_centroid,785.937,9.639,2022,USDA NASS 2022 Ag Census Web Maps,Census Gazetteer 2024 county centroid,26.95,21.83,1.67,,4.67,0.41,9,2975,1716,6.09,0,5.53,,4.78,2,"Vegetables, Melons, Potatoes, and Sweet Potatoes Market Value Share"
SC,Greenwood County,45047,34.155796,-82.127876,county_centroid,455.606,8.207,2022,USDA NASS 2022 Ag Census Web Maps,Census Gazetteer 2024 county centroid,2.61,3.4,,0,33.39,0.22,12,5398,3982,0.23,,0,0.01,0.54,2,Cattle and Calves Market Value Share
SC,Hampton County,45049,32.778334,-81.143822,county_centroid,559.975,2.731,2022,USDA NASS 2022 Ag Census Web Maps,Census Gazetteer 2024 county centroid,,,0.11,0,0.46,0.08,1,354,235,20.72,,6,,,5,Corn Grain Harvested Share of Harvested Cropland
SC,Horry County,45051,33.909269,-78.976675,county_centroid,1133.158,121.568,2022,USDA NASS 2022 Ag Census Web Maps,Census Gazetteer 2024 county centroid,1.81,,7.48,,1.22,8.59,3,2087,1831,21.86,6.61,45.43,0.02,0.49,2,Soybeans Harvested Share of Harvested Cropland
SC,Jasper County,45053,32.430591,-81.021629,county_centroid,655.135,46.395,2022,USDA NASS 2022 Ag Census Web Maps,Census Gazetteer 2024 county centroid,0.86,,0.21,0,,,1,270,157,17.16,,1.42,0,1.1000000000000001,4,Corn Grain Harvested Share of Harvested Cropland
SC,Kershaw County,45055,34.338356,-80.590885,county_centroid,726.612,13.648,2022,USDA NASS 2022 Ag Census Web Maps,Census Gazetteer 2024 county centroid,0.26,,96.11,,0.3,,4,2248,1621,4.43,18.03,26.35,0,0.6,3,Poultry and Eggs Market Value Share
SC,Lancaster County,45057,34.686818,-80.703688,county_centroid,549.174,6.062,2022,USDA NASS 2022 Ag Census Web Maps,Census Gazetteer 2024 county centroid,0.68,0.31,84.4,0,4.6500000000000004,0.12,15,4339,5184,12.82,12.39,15.89,0,0.42,0,Poultry and Eggs Market Value Share
SC,Laurens County,45059,34.483676,-82.005498,county_centroid,712.871,10.062,2022,USDA NASS 2022 Ag Census Web Maps,Census Gazetteer 2024 county centroid,1.59,1.1100000000000001,71.16,3.69,8.0299999999999994,,16,11077,8686,,0.75,,0.01,0.81,3,Poultry and Eggs Market Value Share
SC,Lee County,45061,34.15864,-80.251209,county_centroid,410.187,1.046,2022,USDA NASS 2022 Ag Census Web Maps,Census Gazetteer 2024 county centroid,,,63.58,0,0.34,0.01,2,1008,980,30.89,12.21,26.65,0,0.03,2,Poultry and Eggs Market Value Share
SC,Lexington County,45063,33.892309,-81.272974,county_centroid,698.586,58.576,2022,USDA NASS 2022 Ag Census Web Maps,Census Gazetteer 2024 county centroid,,,76.36,0,,,6,3014,2042,11.91,,7.89,0.01,,6,Poultry and Eggs Market Value Share
SC,McCormick County,45065,33.897599,-82.316196,county_centroid,358.89,34.74,2022,USDA NASS 2022 Ag Census Web Maps,Census Gazetteer 2024 county centroid,,6.66,1.17,0,,0,13,1553,941,,,,0,,6,"Fruits, Tree Nuts, and Berries Market Value Share"
SC,Marion County,45067,34.08362,-79.354001,county_centroid,489.372,4.795,2022,USDA NASS 2022 Ag Census Web Maps,Census Gazetteer 2024 county centroid,3.21,,0.08,0,3.23,,4,1064,760,25.19,8.08,48.23,0.04,0.45,2,Soybeans Harvested Share of Harvested Cropland
SC,Marlboro County,45069,34.60167,-79.679435,county_centroid,479.874,5.594,2022,USDA NASS 2022 Ag Census Web Maps,Census Gazetteer 2024 county centroid,,,50.4,0,0.94,1.86,2,811,1144,22.55,14.65,32.119999999999997,0,0.04,2,Poultry and Eggs Market Value Share
SC,Newberry County,45071,34.289881,-81.599676,county_centroid,630.306,17.027,2022,USDA NASS 2022 Ag Census Web Maps,Census Gazetteer 2024 county centroid,0.05,0.16,86.49,,5.28,0.01,18,10864,13605,3.37,17.760000000000002,18.190000000000001,,0.11,2,Poultry and Eggs Market Value Share
SC,Oconee County,45073,34.748766,-83.06154,county_centroid,626.566,46.992,2022,USDA NASS 2022 Ag Census Web Maps,Census Gazetteer 2024 county centroid,0.31,0.31,93.15,,1.84,,19,6770,5034,9.33,16.13,15.2,,0.57999999999999996,3,Poultry and Eggs Market Value Share
SC,Orangeburg County,45075,33.436135,-80.802913,county_centroid,1106.379,21.505,2022,USDA NASS 2022 Ag Census Web Maps,Census Gazetteer 2024 county centroid,1.86,1.65,49.51,2.59,,,3,3332,2772,27.6,2.9,19.61,0,1.34,2,Poultry and Eggs Market Value Share
SC,Pickens County,45077,34.885368,-82.723377,county_centroid,496.937,15.818,2022,USDA NASS 2022 Ag Census Web Maps,Census Gazetteer 2024 county centroid,8.31,13.4,2.54,,19.690000000000001,,15,3901,2532,6.09,1.51,2.2200000000000002,,1.44,3,Cattle and Calves Market Value Share
SC,Richland County,45079,34.029095,-80.898037,county_centroid,757.309,14.657,2022,USDA NASS 2022 Ag Census Web Maps,Census Gazetteer 2024 county centroid,1.3,12.26,,0,,0.03,3,1436,970,44.79,10.94,15.03,,0.32,3,Corn Grain Harvested Share of Harvested Cropland
SC,Saluda County,45081,34.005278,-81.727903,county_centroid,453.166,8.875,2022,USDA NASS 2022 Ag Census Web Maps,Census Gazetteer 2024 county centroid,,10.92,77.989999999999995,1.29,3.47,,24,13690,13334,5.49,1.7,0.5,,,4,Poultry and Eggs Market Value Share
SC,Spartanburg County,45083,34.932014,-81.991624,county_centroid,808.407,11.367,2022,USDA NASS 2022 Ag Census Web Maps,Census Gazetteer 2024 county centroid,3.83,34.299999999999997,,0,6.98,,12,6579,4375,4.2,5.78,13.83,0.01,1.19,2,"Fruits, Tree Nuts, and Berries Market Value Share"
SC,Sumter County,45085,33.91614,-80.382376,county_centroid,665.078,17.007,2022,USDA NASS 2022 Ag Census Web Maps,Census Gazetteer 2024 county centroid,4,,46.18,,,0.04,4,3203,2113,36.18,10.29,31.93,,0.7,4,Poultry and Eggs Market Value Share
SC,Union County,45087,34.690374,-81.615864,county_centroid,513.604,1.733,2022,USDA NASS 2022 Ag Census Web Maps,Census Gazetteer 2024 county centroid,0.5,2.36,76.78,0,12.06,0.05,13,3925,3471,,0,0,0,0.34,1,Poultry and Eggs Market Value Share
SC,Williamsburg County,45089,33.626462,-79.716474,county_centroid,934.166,2.881,2022,USDA NASS 2022 Ag Census Web Maps,Census Gazetteer 2024 county centroid,2.77,,7.0000000000000007E-2,0,,,1,1062,735,18.850000000000001,2.72,49.91,0,0.36,3,Soybeans Harvested Share of Harvested Cropland
SC,York County,45091,34.970188,-81.183187,county_centroid,680.555,15.108,2022,USDA NASS 2022 Ag Census Web Maps,Census Gazetteer 2024 county centroid,2.76,2.7,31.03,,,,14,8787,6692,1.46,3.15,0.32,0.01,1.6,3,Poultry and Eggs Market Value Share
SD,Aurora County,46003,43.724719,-98.577587,county_centroid,708.46,4.325,2022,USDA NASS 2022 Ag Census Web Maps,Census Gazetteer 2024 county centroid,0,0,,0,22.78,,11,18280,26177,40.24,4.3099999999999996,36.29,0,0,2,Corn Grain Harvested Share of Harvested Cropland
SD,Beadle County,46005,44.418265,-98.279422,county_centroid,1258.698,6.114,2022,USDA NASS 2022 Ag Census Web Maps,Census Gazetteer 2024 county centroid,,0.05,2.6,,19.7,9.84,12,36182,48985,39.479999999999997,2.0699999999999998,44.05,0,0,2,Soybeans Harvested Share of Harvested Cropland
SD,Bennett County,46007,43.186912,-101.677181,county_centroid,1184.642,5.809,2022,USDA NASS 2022 Ag Census Web Maps,Census Gazetteer 2024 county centroid,,0,,0,64.44,,8,24737,33066,14.33,10.98,0.79,0,,4,Cattle and Calves Market Value Share
SD,Bon Homme County,46009,42.985714,-97.884175,county_centroid,563.549,18.069,2022,USDA NASS 2022 Ag Census Web Maps,Census Gazetteer 2024 county centroid,,0,,4.68,36.31,4.92,16,11691,30812,43.04,1.47,39.82,0,,3,Corn Grain Harvested Share of Harvested Cropland
SD,Brookings County,46011,44.376675,-96.797797,county_centroid,792.217,12.719,2022,USDA NASS 2022 Ag Census Web Maps,Census Gazetteer 2024 county centroid,0.13,7.0000000000000007E-2,,26.97,15.74,8.6300000000000008,21,33992,53939,42.6,1.01,38.28,0,0.05,1,Corn Grain Harvested Share of Harvested Cropland
SD,Brown County,46013,45.589254,-98.352175,county_centroid,1713.03,17.921,2022,USDA NASS 2022 Ag Census Web Maps,Census Gazetteer 2024 county centroid,,,0.01,,9.9,,4,18717,40288,42.8,1.93,48.29,0,0,4,Soybeans Harvested Share of Harvested Cropland
SD,Brule County,46015,43.729873,-99.092909,county_centroid,817.222,29.255,2022,USDA NASS 2022 Ag Census Web Maps,Census Gazetteer 2024 county centroid,,0,,,31.65,6.85,17,30398,44219,31.98,10.66,32.44,0,,4,Soybeans Harvested Share of Harvested Cropland
SD,Buffalo County,46017,44.044306,-99.203998,county_centroid,471.405,16.356,2022,USDA NASS 2022 Ag Census Web Maps,Census Gazetteer 2024 county centroid,0,0,,0,49.17,0,10,14261,17414,14.84,12.27,33.35,0,0,1,Cattle and Calves Market Value Share
SD,Butte County,46019,44.896226,-103.501436,county_centroid,2250.01,16.506,2022,USDA NASS 2022 Ag Census Web Maps,Census Gazetteer 2024 county centroid,0.1,,0.04,0,73.150000000000006,0.02,6,39000,55279,2.91,2.25,,0,0.02,2,Cattle and Calves Market Value Share
SD,Campbell County,46021,45.785575,-100.002107,county_centroid,733.677,37.16,2022,USDA NASS 2022 Ag Census Web Maps,Census Gazetteer 2024 county centroid,0,,,0,30.11,,6,14029,32768,26.89,14.42,39.75,0,0,3,Soybeans Harvested Share of Harvested Cropland
SD,Charles Mix County,46023,43.206185,-98.595143,county_centroid,1097.141,53.096,2022,USDA NASS 2022 Ag Census Web Maps,Census Gazetteer 2024 county centroid,,,2.46,,22.75,20.84,12,32504,53789,36.25,8.33,39.5,0.01,0.03,3,Soybeans Harvested Share of Harvested Cropland
SD,Clark County,46025,44.855211,-97.724912,county_centroid,957.512,9.986,2022,USDA NASS 2022 Ag Census Web Maps,Census Gazetteer 2024 county centroid,0,0,,,11.55,13.83,10,26674,35165,39.28,2.4,46.05,0,0,2,Soybeans Harvested Share of Harvested Cropland
SD,Clay County,46027,42.91615,-96.980468,county_centroid,412.022,5.397,2022,USDA NASS 2022 Ag Census Web Maps,Census Gazetteer 2024 county centroid,0.05,,,0,,2.46,4,3789,4527,48.97,0.21,45.44,0,0,3,Corn Grain Harvested Share of Harvested Cropland
SD,Codington County,46029,44.966285,-97.198837,county_centroid,687.585,29.579,2022,USDA NASS 2022 Ag Census Web Maps,Census Gazetteer 2024 county centroid,,0,,9.41,22.98,2.64,14,14311,33505,33.47,8.1999999999999993,42.2,,,4,Soybeans Harvested Share of Harvested Cropland
SD,Corson County,46031,45.685671,-101.179665,county_centroid,2469.694,59.957,2022,USDA NASS 2022 Ag Census Web Maps,Census Gazetteer 2024 county centroid,0,0,0,0,48.32,,8,55468,65576,11.56,19.46,5.93,0,0,1,Cattle and Calves Market Value Share
SD,Custer County,46033,43.684943,-103.46225,county_centroid,1556.943,2.12,2022,USDA NASS 2022 Ag Census Web Maps,Census Gazetteer 2024 county centroid,0.5,,,0,78.069999999999993,,4,18805,22124,,,0,0,0.04,5,Cattle and Calves Market Value Share
SD,Davison County,46035,43.680439,-98.155868,county_centroid,435.633,1.314,2022,USDA NASS 2022 Ag Census Web Maps,Census Gazetteer 2024 county centroid,,,,0.94,10.8,25.84,7,8622,12413,38.090000000000003,4.12,46.69,,,5,Soybeans Harvested Share of Harvested Cropland
SD,Day County,46037,45.355161,-97.58143,county_centroid,1028.49,62.602,2022,USDA NASS 2022 Ag Census Web Maps,Census Gazetteer 2024 county centroid,,0,0.01,,,,5,11490,11662,36.86,9.6199999999999992,44.29,,0,5,Soybeans Harvested Share of Harvested Cropland
SD,Deuel County,46039,44.75629,-96.690239,county_centroid,622.739,13.875,2022,USDA NASS 2022 Ag Census Web Maps,Census Gazetteer 2024 county centroid,0.01,,7.0000000000000007E-2,19.489999999999998,24.04,8.91,23,20041,42497,38.020000000000003,3.86,38.94,0,0,1,Soybeans Harvested Share of Harvested Cropland
SD,Dewey County,46041,45.148049,-100.837953,county_centroid,2302.376,142.893,2022,USDA NASS 2022 Ag Census Web Maps,Census Gazetteer 2024 county centroid,0.04,0,0.01,,61.68,0,6,48193,47332,12.75,12.86,,0,0,2,Cattle and Calves Market Value Share
SD,Douglas County,46043,43.391506,-98.358433,county_centroid,431.801,1.866,2022,USDA NASS 2022 Ag Census Web Maps,Census Gazetteer 2024 county centroid,,0,,,30.34,18.23,17,7387,34846,41.87,2.4,42.89,,,5,Soybeans Harvested Share of Harvested Cropland
SD,Edmunds County,46045,45.41168,-99.205362,county_centroid,1125.98,25.085,2022,USDA NASS 2022 Ag Census Web Maps,Census Gazetteer 2024 county centroid,,,,,14.37,5.05,6,17753,39381,37.619999999999997,7.8,44.09,0,,5,Soybeans Harvested Share of Harvested Cropland
SD,Fall River County,46047,43.221619,-103.512609,county_centroid,1739.889,9.275,2022,USDA NASS 2022 Ag Census Web Maps,Census Gazetteer 2024 county centroid,,0,0.11,,93.72,,7,54830,86858,5.37,4.1399999999999997,0,,0.02,4,Cattle and Calves Market Value Share
SD,Faulk County,46049,45.065476,-99.153564,county_centroid,981.713,24.179,2022,USDA NASS 2022 Ag Census Web Maps,Census Gazetteer 2024 county centroid,,,,,14.14,11.24,8,27114,31830,35.53,4.8499999999999996,45.69,0,,5,Soybeans Harvested Share of Harvested Cropland
SD,Grant County,46051,45.172637,-96.772261,county_centroid,681.446,6.087,2022,USDA NASS 2022 Ag Census Web Maps,Census Gazetteer 2024 county centroid,0.02,,,29.84,16.88,4.72,19,34683,46389,42.02,4.18,40.07,0,0.01,2,Corn Grain Harvested Share of Harvested Cropland
SD,Gregory County,46053,43.175142,-99.206591,county_centroid,1014.95,38.572,2022,USDA NASS 2022 Ag Census Web Maps,Census Gazetteer 2024 county centroid,0.1,0,0.34,,46.64,,13,34801,39545,23.91,6.74,25.1,0,0.01,2,Cattle and Calves Market Value Share
SD,Haakon County,46055,44.288097,-101.540856,county_centroid,1810.541,16.391,2022,USDA NASS 2022 Ag Census Web Maps,Census Gazetteer 2024 county centroid,0,0,0.01,0,46.32,,5,32397,45616,13.08,27.39,1.64,0,0,1,Cattle and Calves Market Value Share
SD,Hamlin County,46057,44.680619,-97.178598,county_centroid,507.068,31.003,2022,USDA NASS 2022 Ag Census Web Maps,Census Gazetteer 2024 county centroid,0,0.01,,37.869999999999997,12.98,2.0299999999999998,18,27227,31624,44.9,2.13,41.66,0,0,1,Corn Grain Harvested Share of Harvested Cropland
SD,Hand County,46059,44.546713,-99.004575,county_centroid,1436.633,3.585,2022,USDA NASS 2022 Ag Census Web Maps,Census Gazetteer 2024 county centroid,,0,0,,16.11,,10,37929,38499,33.75,6.05,39.049999999999997,,,5,Soybeans Harvested Share of Harvested Cropland
SD,Hanson County,46061,43.680612,-97.796845,county_centroid,434.582,0.773,2022,USDA NASS 2022 Ag Census Web Maps,Census Gazetteer 2024 county centroid,,0,,,11.63,15.89,9,10906,12525,47.99,0.86,43.26,,,5,Corn Grain Harvested Share of Harvested Cropland
SD,Harding County,46063,45.596611,-103.473871,county_centroid,2671.57,6.546,2022,USDA NASS 2022 Ag Census Web Maps,Census Gazetteer 2024 county centroid,0,0,0.01,0,65.53,0,5,50782,53183,6.61,20.36,0,0,0,0,Cattle and Calves Market Value Share
SD,Hughes County,46065,44.384452,-99.975684,county_centroid,741.527,59.198,2022,USDA NASS 2022 Ag Census Web Maps,Census Gazetteer 2024 county centroid,,0,0.12,0,13.81,,5,12270,17456,18.93,32.54,13.23,0,,3,All Wheat Harvested Share of Harvested Cropland
SD,Hutchinson County,46067,43.33671,-97.749383,county_centroid,813.013,1.407,2022,USDA NASS 2022 Ag Census Web Maps,Census Gazetteer 2024 county centroid,0.1,0,2.35,,17.489999999999998,19.170000000000002,11,22058,36705,45.59,1.43,44.7,0,0.01,1,Corn Grain Harvested Share of Harvested Cropland
SD,Hyde County,46069,44.537174,-99.472736,county_centroid,860.629,5.615,2022,USDA NASS 2022 Ag Census Web Maps,Census Gazetteer 2024 county centroid,0,0,0.01,0,28.91,,12,28895,31958,23.36,17.3,18.440000000000001,0,0,1,Cattle and Calves Market Value Share
SD,Jackson County,46071,43.677506,-101.626323,county_centroid,1863.883,7.377,2022,USDA NASS 2022 Ag Census Web Maps,Census Gazetteer 2024 county centroid,,0,,0,74.650000000000006,0.09,4,35248,40134,6.62,20.59,0,,,4,Cattle and Calves Market Value Share
SD,Jerauld County,46073,44.06341,-98.62317,county_centroid,526.133,6.459,2022,USDA NASS 2022 Ag Census Web Maps,Census Gazetteer 2024 county centroid,0,0,,0,23.54,5.91,12,15119,21428,34.450000000000003,8.7799999999999994,31.48,0,0,1,Corn Grain Harvested Share of Harvested Cropland
SD,Jones County,46075,43.951991,-100.686138,county_centroid,969.668,1.215,2022,USDA NASS 2022 Ag Census Web Maps,Census Gazetteer 2024 county centroid,0,0,0,0,40.4,,8,25899,26618,15.82,18.43,2.0699999999999998,0,0,1,Cattle and Calves Market Value Share
SD,Kingsbury County,46077,44.362969,-97.499313,county_centroid,832.237,31.527,2022,USDA NASS 2022 Ag Census Web Maps,Census Gazetteer 2024 county centroid,,,,,18.07,,10,15819,32857,39.67,2.0299999999999998,50.03,,,7,Soybeans Harvested Share of Harvested Cropland
SD,Lake County,46079,44.02845,-97.123223,county_centroid,562.891,12.272,2022,USDA NASS 2022 Ag Census Web Maps,Census Gazetteer 2024 county centroid,,,1.95,9.39,17.809999999999999,17,13,13185,26705,46.62,1.04,42.68,,,4,Corn Grain Harvested Share of Harvested Cropland
SD,Lawrence County,46081,44.348514,-103.806362,county_centroid,800.053,0.258,2022,USDA NASS 2022 Ag Census Web Maps,Census Gazetteer 2024 county centroid,2.82,,,0,74.88,,14,13806,12885,,0,0,0.01,7.0000000000000007E-2,4,Cattle and Calves Market Value Share
SD,Lincoln County,46083,43.27942,-96.722286,county_centroid,577.293,0.455,2022,USDA NASS 2022 Ag Census Web Maps,Census Gazetteer 2024 county centroid,0.09,,0.04,,10.55,,13,18033,17050,46.59,0,45.64,0,0.03,3,Corn Grain Harvested Share of Harvested Cropland
SD,Lyman County,46085,43.894812,-99.841925,county_centroid,1642.285,64.595,2022,USDA NASS 2022 Ag Census Web Maps,Census Gazetteer 2024 county centroid,0.02,0,0,0,22.06,0,6,31629,31158,15.67,19.64,14.64,,0,1,Cattle and Calves Market Value Share
SD,McCook County,46087,43.680416,-97.358048,county_centroid,574.205,2.662,2022,USDA NASS 2022 Ag Census Web Maps,Census Gazetteer 2024 county centroid,,,,,12.26,13.96,10,14144,18376,50.13,0.56999999999999995,41.33,,,6,Corn Grain Harvested Share of Harvested Cropland
SD,McPherson County,46089,45.784249,-99.211421,county_centroid,1136.668,14.867,2022,USDA NASS 2022 Ag Census Web Maps,Census Gazetteer 2024 county centroid,,,8.93,0,23.52,7.34,10,33668,36483,27.34,9.4,30.05,0,0.01,2,Soybeans Harvested Share of Harvested Cropland
SD,Marshall County,46091,45.737044,-97.58087,county_centroid,838.081,48.143,2022,USDA NASS 2022 Ag Census Web Maps,Census Gazetteer 2024 county centroid,,0,,,19.25,,15,49639,71588,39.61,2.21,41.02,,,6,Soybeans Harvested Share of Harvested Cropland
SD,Meade County,46093,44.605282,-102.714169,county_centroid,3470.934,11.87,2022,USDA NASS 2022 Ag Census Web Maps,Census Gazetteer 2024 county centroid,,,7.0000000000000007E-2,0,77.680000000000007,0.02,6,81793,86552,2.0499999999999998,6.86,0,0,,3,Cattle and Calves Market Value Share
SD,Mellette County,46095,43.581334,-100.75521,county_centroid,1307.311,3.556,2022,USDA NASS 2022 Ag Census Web Maps,Census Gazetteer 2024 county centroid,,,0.13,0,75.14,,8,39367,40715,4.79,10,3.12,0,0,3,Cattle and Calves Market Value Share
SD,Miner County,46097,44.021541,-97.608122,county_centroid,570.17,1.752,2022,USDA NASS 2022 Ag Census Web Maps,Census Gazetteer 2024 county centroid,0,0,0.4,,,,11,15757,22935,41.11,6.45,42.41,0,0,3,Soybeans Harvested Share of Harvested Cropland
SD,Minnehaha County,46099,43.667472,-96.795726,county_centroid,806.847,7.014,2022,USDA NASS 2022 Ag Census Web Maps,Census Gazetteer 2024 county centroid,0.06,7.0000000000000007E-2,0.03,27.88,18.309999999999999,2.74,22,33342,54060,43.62,0.48,40.26,0,0.01,0,Corn Grain Harvested Share of Harvested Cropland
SD,Moody County,46101,44.012429,-96.676054,county_centroid,519.379,1.425,2022,USDA NASS 2022 Ag Census Web Maps,Census Gazetteer 2024 county centroid,0.05,0,,26.69,12.16,5.37,20,24051,35542,47.66,,43.26,0,0.01,2,Corn Grain Harvested Share of Harvested Cropland
SD,Oglala Lakota County,46102,43.333393,-102.561486,county_centroid,2093.601,2.751,2022,USDA NASS 2022 Ag Census Web Maps,Census Gazetteer 2024 county centroid,0.01,0,0.09,0,82.69,0.13,4,26508,32449,7.88,22.79,0,0,0,0,Cattle and Calves Market Value Share
SD,Pennington County,46103,44.002349,-102.823801,county_centroid,2776.765,7.694,2022,USDA NASS 2022 Ag Census Web Maps,Census Gazetteer 2024 county centroid,0.02,0.03,0.09,0,51.14,,5,39789,40175,5.08,26.14,1.21,0,,2,Cattle and Calves Market Value Share
SD,Perkins County,46105,45.483387,-102.467995,county_centroid,2870.46,19.514,2022,USDA NASS 2022 Ag Census Web Maps,Census Gazetteer 2024 county centroid,0,0,0.02,0,63.11,0.04,6,59025,61163,4.53,18.46,,0,0,1,Cattle and Calves Market Value Share
SD,Potter County,46107,45.052713,-99.962003,county_centroid,861.138,37.518,2022,USDA NASS 2022 Ag Census Web Maps,Census Gazetteer 2024 county centroid,0,0,,0,6.86,,3,11087,13698,27.2,27.22,25.9,0,0,2,All Wheat Harvested Share of Harvested Cropland
SD,Roberts County,46109,45.623397,-96.947551,county_centroid,1101.055,34.722,2022,USDA NASS 2022 Ag Census Web Maps,Census Gazetteer 2024 county centroid,0.06,0.06,,,10.11,,6,16350,20767,40.82,1.07,50.09,0,0,3,Soybeans Harvested Share of Harvested Cropland
SD,Sanborn County,46111,44.018942,-98.091709,county_centroid,569.242,1.209,2022,USDA NASS 2022 Ag Census Web Maps,Census Gazetteer 2024 county centroid,0.34,0,0.01,0,30.29,,12,13436,23762,40.22,0.57999999999999996,38.46,0,0.05,1,Corn Grain Harvested Share of Harvested Cropland
SD,Spink County,46115,44.923772,-98.339615,county_centroid,1503.499,6.241,2022,USDA NASS 2022 Ag Census Web Maps,Census Gazetteer 2024 county centroid,,0,0.54,,17.010000000000002,2.82,9,24357,58245,35.81,5.53,47.4,0,,3,Soybeans Harvested Share of Harvested Cropland
SD,Stanley County,46117,44.413984,-100.747822,county_centroid,1444.436,72.735,2022,USDA NASS 2022 Ag Census Web Maps,Census Gazetteer 2024 county centroid,0,0,0.01,0,38.770000000000003,0,3,14594,24067,2.8,50.38,1.79,0,0,0,All Wheat Harvested Share of Harvested Cropland
SD,Sully County,46119,44.722325,-100.131399,county_centroid,1006.727,63.466,2022,USDA NASS 2022 Ag Census Web Maps,Census Gazetteer 2024 county centroid,0,0,,0,19.260000000000002,,6,11584,33603,27.23,33.549999999999997,10.81,0,0,2,All Wheat Harvested Share of Harvested Cropland
SD,Todd County,46121,43.208794,-100.707664,county_centroid,1388.593,2.261,2022,USDA NASS 2022 Ag Census Web Maps,Census Gazetteer 2024 county centroid,0,0,,0,76.989999999999995,0,7,28289,32829,7.85,8.34,4.45,0,0,1,Cattle and Calves Market Value Share
SD,Tripp County,46123,43.349729,-99.876219,county_centroid,1612.289,5.151,2022,USDA NASS 2022 Ag Census Web Maps,Census Gazetteer 2024 county centroid,0,0,,0,61.57,4.5999999999999996,15,56999,102193,18.739999999999998,10.41,18.97,0,0,1,Cattle and Calves Market Value Share
SD,Turner County,46125,43.30867,-97.150185,county_centroid,617.064,0.632,2022,USDA NASS 2022 Ag Census Web Maps,Census Gazetteer 2024 county centroid,,,1.1000000000000001,23.84,12.95,12.31,12,25120,41487,46.38,0.54,44.63,0,0.01,2,Corn Grain Harvested Share of Harvested Cropland
SD,Union County,46127,42.831106,-96.650829,county_centroid,460.757,6.372,2022,USDA NASS 2022 Ag Census Web Maps,Census Gazetteer 2024 county centroid,0.02,,,,19.55,7.42,10,4815,20995,49.76,0,45.35,0,0,3,Corn Grain Harvested Share of Harvested Cropland
SD,Walworth County,46129,45.427605,-100.027856,county_centroid,707.455,37.177,2022,USDA NASS 2022 Ag Census Web Maps,Census Gazetteer 2024 county centroid,0,,,0,12.32,,7,12422,12404,29.93,18.37,36.07,0,0,3,Soybeans Harvested Share of Harvested Cropland
SD,Yankton County,46135,43.006603,-97.388361,county_centroid,521.189,11.072,2022,USDA NASS 2022 Ag Census Web Maps,Census Gazetteer 2024 county centroid,,0.09,0.05,0,28.19,7.27,14,12153,25530,41.6,0.95,42.57,,0.01,2,Soybeans Harvested Share of Harvested Cropland
SD,Ziebach County,46137,44.989764,-101.660827,county_centroid,1961.248,9.348,2022,USDA NASS 2022 Ag Census Web Maps,Census Gazetteer 2024 county centroid,0,0,,0,56.9,0,4,29459,35156,9.43,27.3,0,0,0,1,Cattle and Calves Market Value Share
TN,Anderson County,47001,36.116731,-84.195418,county_centroid,337.206,7.59,2022,USDA NASS 2022 Ag Census Web Maps,Census Gazetteer 2024 county centroid,5.54,5.32,1.46,0,49.81,0.22,18,4017,3284,,0,0,0.03,0.33,1,Cattle and Calves Market Value Share
TN,Bedford County,47003,35.51366,-86.458294,county_centroid,473.639,1.151,2022,USDA NASS 2022 Ag Census Web Maps,Census Gazetteer 2024 county centroid,0.2,0.16,64.06,,14.21,0.02,22,28787,24014,6.9,4.78,22.35,,0.05,2,Poultry and Eggs Market Value Share
TN,Benton County,47005,36.070948,-88.071232,county_centroid,394.306,41.924,2022,USDA NASS 2022 Ag Census Web Maps,Census Gazetteer 2024 county centroid,0.96,,1.06,0,11.96,,6,2494,1849,24.54,11.36,41.98,0,0.2,2,Soybeans Harvested Share of Harvested Cropland
TN,Bledsoe County,47007,35.593561,-85.20591,county_centroid,406.555,0.332,2022,USDA NASS 2022 Ag Census Web Maps,Census Gazetteer 2024 county centroid,12.34,,48.43,8.16,16.36,,24,12277,10283,13.55,4.04,7.24,,1.55,3,Poultry and Eggs Market Value Share
TN,Blount County,47009,35.688185,-83.922973,county_centroid,558.844,7.774,2022,USDA NASS 2022 Ag Census Web Maps,Census Gazetteer 2024 county centroid,1.96,,0.82,,50.94,0.06,29,13269,18761,2.57,0.74,8.24,0.01,0.3,2,Cattle and Calves Market Value Share
TN,Bradley County,47011,35.153914,-84.859414,county_centroid,328.762,2.687,2022,USDA NASS 2022 Ag Census Web Maps,Census Gazetteer 2024 county centroid,1.39,0.42,85.35,1.66,5.85,0,26,10313,11368,6.63,1.63,6.59,0.01,0.64,0,Poultry and Eggs Market Value Share
TN,Campbell County,47013,36.401592,-84.159249,county_centroid,480.19,17.925,2022,USDA NASS 2022 Ag Census Web Maps,Census Gazetteer 2024 county centroid,3.45,1.34,1.1399999999999999,3.77,53,,22,4139,2773,2.1,0,,,0.18,3,Cattle and Calves Market Value Share
TN,Cannon County,47015,35.808394,-86.062404,county_centroid,265.635,0.06,2022,USDA NASS 2022 Ag Census Web Maps,Census Gazetteer 2024 county centroid,,0.14000000000000001,,,22.13,,13,6598,5484,16.309999999999999,3.08,39.53,,0.05,5,Soybeans Harvested Share of Harvested Cropland
TN,Carroll County,47017,35.965748,-88.452379,county_centroid,597.658,2.436,2022,USDA NASS 2022 Ag Census Web Maps,Census Gazetteer 2024 county centroid,,0.44,12.99,0,2.8,,5,5208,3883,32.17,11.13,36.14,0,0.04,2,Soybeans Harvested Share of Harvested Cropland
TN,Carter County,47019,36.284744,-82.126593,county_centroid,341.258,6.437,2022,USDA NASS 2022 Ag Census Web Maps,Census Gazetteer 2024 county centroid,7.74,,0.78,,52.37,0.02,36,3405,5045,5.53,1.91,,0.53,1.59,3,Cattle and Calves Market Value Share
TN,Cheatham County,47021,36.255169,-87.100808,county_centroid,302.498,4.564,2022,USDA NASS 2022 Ag Census Web Maps,Census Gazetteer 2024 county centroid,2.69,1.63,1.41,0,22.85,0.1,13,3592,2680,8.11,,23.81,,0.44,2,Soybeans Harvested Share of Harvested Cropland
TN,Chester County,47023,35.420253,-88.611353,county_centroid,285.736,0.222,2022,USDA NASS 2022 Ag Census Web Maps,Census Gazetteer 2024 county centroid,,0.19,0.14000000000000001,0,27.17,0,9,4181,5660,15.08,4.41,45.14,,0.03,2,Soybeans Harvested Share of Harvested Cropland
TN,Claiborne County,47025,36.501572,-83.660698,county_centroid,434.604,6.97,2022,USDA NASS 2022 Ag Census Web Maps,Census Gazetteer 2024 county centroid,2.87,,,,64.72,0.14000000000000001,27,17305,13540,0.72,0.15,,0.01,0.2,4,Cattle and Calves Market Value Share
TN,Clay County,47027,36.545749,-85.545717,county_centroid,236.529,22.815,2022,USDA NASS 2022 Ag Census Web Maps,Census Gazetteer 2024 county centroid,,,73.650000000000006,,11.13,0.03,21,7672,6611,15.06,0,,,0.12,5,Poultry and Eggs Market Value Share
TN,Cocke County,47029,35.916198,-83.119224,county_centroid,436.135,6.924,2022,USDA NASS 2022 Ag Census Web Maps,Census Gazetteer 2024 county centroid,,,33.729999999999997,,4.1900000000000004,,20,6921,4601,3.45,,6.8,0.04,,6,Poultry and Eggs Market Value Share
TN,Coffee County,47031,35.488765,-86.078202,county_centroid,428.964,5.591,2022,USDA NASS 2022 Ag Census Web Maps,Census Gazetteer 2024 county centroid,1,,,,19.899999999999999,0.11,19,13534,12545,27.83,8.5500000000000007,36.72,0.01,0.19,3,Soybeans Harvested Share of Harvested Cropland
TN,Crockett County,47033,35.818795,-89.132494,county_centroid,265.528,0.211,2022,USDA NASS 2022 Ag Census Web Maps,Census Gazetteer 2024 county centroid,,0.02,,0,1.5,0,4,3554,1731,16.96,15.42,46.92,,0.02,3,Soybeans Harvested Share of Harvested Cropland
TN,Cumberland County,47035,35.952398,-84.994761,county_centroid,681.309,3.51,2022,USDA NASS 2022 Ag Census Web Maps,Census Gazetteer 2024 county centroid,,,1.7,,40.14,1.49,19,13986,14798,2.14,,0.73,0.03,9.08,4,Cattle and Calves Market Value Share
TN,Davidson County,47037,36.169129,-86.78479,county_centroid,503.481,21.782,2022,USDA NASS 2022 Ag Census Web Maps,Census Gazetteer 2024 county centroid,18.809999999999999,1.99,0.6,0.26,7.12,0.34,12,2122,1555,1.1200000000000001,,6.96,0.01,1.93,1,"Vegetables, Melons, Potatoes, and Sweet Potatoes Market Value Share"
TN,Decatur County,47039,35.603136,-88.110292,county_centroid,333.879,11.004,2022,USDA NASS 2022 Ag Census Web Maps,Census Gazetteer 2024 county centroid,0.92,,0.41,0,22.9,,9,4727,4561,14.84,0,41.72,,0.05,3,Soybeans Harvested Share of Harvested Cropland
TN,DeKalb County,47041,35.982219,-85.833596,county_centroid,304.432,24.571,2022,USDA NASS 2022 Ag Census Web Maps,Census Gazetteer 2024 county centroid,2.4300000000000002,,0.17,0,18.75,,19,10000,7017,13.04,,17.11,0.01,0.47,3,Cattle and Calves Market Value Share
TN,Dickson County,47043,36.145533,-87.364155,county_centroid,489.899,1.421,2022,USDA NASS 2022 Ag Census Web Maps,Census Gazetteer 2024 county centroid,2.27,,0.83,9.24,34.979999999999997,,14,10003,7518,4.54,2.4700000000000002,5.86,0.01,0.26,2,Cattle and Calves Market Value Share
TN,Dyer County,47045,36.054196,-89.398306,county_centroid,512.351,13.838,2022,USDA NASS 2022 Ag Census Web Maps,Census Gazetteer 2024 county centroid,,0.02,,0,,,3,3466,3825,20.5,10.39,67.790000000000006,0,,5,Soybeans Harvested Share of Harvested Cropland
TN,Fayette County,47047,35.196993,-89.413803,county_centroid,704.124,1.426,2022,USDA NASS 2022 Ag Census Web Maps,Census Gazetteer 2024 county centroid,,0.1,0.09,0,7.68,,7,8160,9746,15.57,3.77,37.08,,,4,Soybeans Harvested Share of Harvested Cropland
TN,Fentress County,47049,36.369892,-84.937764,county_centroid,498.607,0.325,2022,USDA NASS 2022 Ag Census Web Maps,Census Gazetteer 2024 county centroid,2.37,,37.409999999999997,0.34,52.06,,33,11475,33722,5.0199999999999996,,4.09,0.02,1.05,3,Cattle and Calves Market Value Share
TN,Franklin County,47051,35.155926,-86.099203,county_centroid,550.573,21.255,2022,USDA NASS 2022 Ag Census Web Maps,Census Gazetteer 2024 county centroid,0.64,0.05,45.8,,4.43,,13,8670,7296,28.65,8.43,39.18,0.01,0.23,2,Poultry and Eggs Market Value Share
TN,Gibson County,47053,35.991632,-88.933812,county_centroid,602.745,0.905,2022,USDA NASS 2022 Ag Census Web Maps,Census Gazetteer 2024 county centroid,,0.24,,,4.37,0.01,5,6334,7374,30.46,20.87,49.92,0,0.03,3,Soybeans Harvested Share of Harvested Cropland
TN,Giles County,47055,35.202723,-87.035319,county_centroid,610.931,0.248,2022,USDA NASS 2022 Ag Census Web Maps,Census Gazetteer 2024 county centroid,,0.73,25.46,,44.06,0.01,23,28915,33751,14.97,,15.26,0,7.0000000000000007E-2,3,Cattle and Calves Market Value Share
TN,Grainger County,47057,36.277509,-83.509546,county_centroid,280.587,21.854,2022,USDA NASS 2022 Ag Census Web Maps,Census Gazetteer 2024 county centroid,34.9,,0.31,2.86,25.93,,26,13415,10732,5.4,,,0.04,2.4,4,"Vegetables, Melons, Potatoes, and Sweet Potatoes Market Value Share"
TN,Greene County,47059,36.179487,-82.847523,county_centroid,622.169,1.969,2022,USDA NASS 2022 Ag Census Web Maps,Census Gazetteer 2024 county centroid,,0.51,19.8,3.9,39.36,7.0000000000000007E-2,29,34943,28045,4.9800000000000004,0.09,2.79,0.01,0.38,1,Cattle and Calves Market Value Share
TN,Grundy County,47061,35.393352,-85.710374,county_centroid,360.444,0.678,2022,USDA NASS 2022 Ag Census Web Maps,Census Gazetteer 2024 county centroid,0.27,,54.2,,6.18,0.01,17,2782,2572,14.36,7.23,13.86,0.02,0.54,2,Poultry and Eggs Market Value Share
TN,Hamblen County,47063,36.218397,-83.266071,county_centroid,161.188,14.615,2022,USDA NASS 2022 Ag Census Web Maps,Census Gazetteer 2024 county centroid,0.65,,,,23.79,0.85,26,7563,7422,14.12,2.36,14.82,,0.12,4,Cattle and Calves Market Value Share
TN,Hamilton County,47065,35.163472,-85.201843,county_centroid,542.164,33.508,2022,USDA NASS 2022 Ag Census Web Maps,Census Gazetteer 2024 county centroid,0.67,0.68,76.08,,11.2,,16,5300,4409,2.81,1.32,0,,,4,Poultry and Eggs Market Value Share
TN,Hancock County,47067,36.521353,-83.227493,county_centroid,222.324,1.154,2022,USDA NASS 2022 Ag Census Web Maps,Census Gazetteer 2024 county centroid,,0.56999999999999995,0.7,0,56.38,0.05,22,7611,5746,0.26,0,0,,0.03,2,Cattle and Calves Market Value Share
TN,Hardeman County,47069,35.218785,-88.988697,county_centroid,667.768,2.613,2022,USDA NASS 2022 Ag Census Web Maps,Census Gazetteer 2024 county centroid,5.6,1.31,0.32,0,12.73,0.4,5,5113,3814,12.04,1.18,42.31,0,0.43,0,Soybeans Harvested Share of Harvested Cropland
TN,Hardin County,47071,35.201893,-88.185696,county_centroid,577.487,18.806,2022,USDA NASS 2022 Ag Census Web Maps,Census Gazetteer 2024 county centroid,0.33,,,0,17.39,,9,6639,5870,6.4,,49.28,0,0.04,4,Soybeans Harvested Share of Harvested Cropland
TN,Hawkins County,47073,36.452089,-82.931485,county_centroid,487.056,12.564,2022,USDA NASS 2022 Ag Census Web Maps,Census Gazetteer 2024 county centroid,2.21,1.7,35.409999999999997,,38.119999999999997,,24,16497,11481,1.68,,1.0900000000000001,0.02,0.3,3,Cattle and Calves Market Value Share
TN,Haywood County,47075,35.586678,-89.282691,county_centroid,533.107,0.955,2022,USDA NASS 2022 Ag Census Web Maps,Census Gazetteer 2024 county centroid,,,0,,0.47,,,1502,,11.69,8.39,52.18,,0.12,7,Soybeans Harvested Share of Harvested Cropland
TN,Henderson County,47077,35.653994,-88.387674,county_centroid,520.009,5.876,2022,USDA NASS 2022 Ag Census Web Maps,Census Gazetteer 2024 county centroid,2.2799999999999998,,0.6,0,23.02,0.36,14,8916,7821,14.6,5.22,43.06,,0.3,2,Soybeans Harvested Share of Harvested Cropland
TN,Henry County,47079,36.325295,-88.300288,county_centroid,561.902,31.499,2022,USDA NASS 2022 Ag Census Web Maps,Census Gazetteer 2024 county centroid,0.54,0.19,16.989999999999998,1.38,3.18,30.03,6,6708,5632,34.53,9.91,43.61,0,0.17,0,Soybeans Harvested Share of Harvested Cropland
TN,Hickman County,47081,35.802327,-87.467116,county_centroid,612.483,0.144,2022,USDA NASS 2022 Ag Census Web Maps,Census Gazetteer 2024 county centroid,1.43,0.73,0.6,,34.11,0.15,13,10131,8006,10.9,,31.68,0.01,0.16,2,Cattle and Calves Market Value Share
TN,Houston County,47083,36.285782,-87.705598,county_centroid,200.294,6.681,2022,USDA NASS 2022 Ag Census Web Maps,Census Gazetteer 2024 county centroid,1.64,,0.73,,77,,28,6542,5814,,0,1.01,0.01,0.12,4,Cattle and Calves Market Value Share
TN,Humphreys County,47085,36.040822,-87.790453,county_centroid,530.763,25.94,2022,USDA NASS 2022 Ag Census Web Maps,Census Gazetteer 2024 county centroid,0.83,9.4600000000000009,0.55000000000000004,0,52.22,,8,8989,10023,13.05,,13.79,0,0.09,2,Cattle and Calves Market Value Share
TN,Jackson County,47087,36.35425,-85.674128,county_centroid,308.81,10.715,2022,USDA NASS 2022 Ag Census Web Maps,Census Gazetteer 2024 county centroid,2.4900000000000002,2.06,,,32.270000000000003,0.13,14,6866,4205,3.01,0.84,1.56,,0.24,3,Cattle and Calves Market Value Share
TN,Jefferson County,47089,36.048452,-83.441216,county_centroid,275.155,39.161,2022,USDA NASS 2022 Ag Census Web Maps,Census Gazetteer 2024 county centroid,0.83,0.53,,9.83,36.64,0.91,28,13529,10446,9.73,,10.71,,0.11,3,Cattle and Calves Market Value Share
TN,Johnson County,47091,36.453203,-81.861247,county_centroid,298.44,4.25,2022,USDA NASS 2022 Ag Census Web Maps,Census Gazetteer 2024 county centroid,3.81,1.27,2.71,,52.14,,15,3161,2492,7.51,0,0,0.14000000000000001,0.39,2,Cattle and Calves Market Value Share
TN,Knox County,47093,35.992726,-83.937721,county_centroid,508.325,17.582,2022,USDA NASS 2022 Ag Census Web Maps,Census Gazetteer 2024 county centroid,3.33,0.84,1.49,,16.97,0.11,22,6446,4267,,0,,0.01,0.65,3,Cattle and Calves Market Value Share
TN,Lake County,47095,36.333905,-89.485536,county_centroid,165.785,28.108,2022,USDA NASS 2022 Ag Census Web Maps,Census Gazetteer 2024 county centroid,0,0,0,0,,0.01,,,,12.6,8.93,75.62,0,0,4,Soybeans Harvested Share of Harvested Cropland
TN,Lauderdale County,47097,35.762951,-89.627732,county_centroid,471.895,30.985,2022,USDA NASS 2022 Ag Census Web Maps,Census Gazetteer 2024 county centroid,0.11,0.06,,0,5.22,,4,3893,8167,11.21,5.51,59.75,,0.03,3,Soybeans Harvested Share of Harvested Cropland
TN,Lawrence County,47099,35.220476,-87.396546,county_centroid,617.13,0.857,2022,USDA NASS 2022 Ag Census Web Maps,Census Gazetteer 2024 county centroid,0.96,0.3,27.49,,17.68,0.5,18,22076,24589,30.79,8.4700000000000006,35.1,0.02,0.14000000000000001,1,Soybeans Harvested Share of Harvested Cropland
TN,Lewis County,47101,35.523244,-87.496983,county_centroid,282.092,0.396,2022,USDA NASS 2022 Ag Census Web Maps,Census Gazetteer 2024 county centroid,1.1000000000000001,3.08,2.1800000000000002,0,21.1,0.17,9,2356,1528,6.67,0,27.14,0,0.08,0,Soybeans Harvested Share of Harvested Cropland
TN,Lincoln County,47103,35.142784,-86.593403,county_centroid,570.342,0.375,2022,USDA NASS 2022 Ag Census Web Maps,Census Gazetteer 2024 county centroid,2.14,,44.73,0.22,25.2,0.08,25,32653,47857,25,6.22,19.62,0.05,0.79,1,Poultry and Eggs Market Value Share
TN,Loudon County,47105,35.735085,-84.314085,county_centroid,229.272,18.097,2022,USDA NASS 2022 Ag Census Web Maps,Census Gazetteer 2024 county centroid,0.42,0.16,0.09,,,,31,8631,10878,12.26,2.3199999999999998,11.99,0.01,0.31,3,Corn Grain Harvested Share of Harvested Cropland
TN,McMinn County,47107,35.424472,-84.619949,county_centroid,430.117,2.062,2022,USDA NASS 2022 Ag Census Web Maps,Census Gazetteer 2024 county centroid,0.48,0.48,55.07,15.45,10.119999999999999,0.1,20,15104,10777,9.14,2.19,15.2,0.01,0.11,0,Poultry and Eggs Market Value Share
TN,McNairy County,47109,35.175375,-88.56374,county_centroid,562.845,0.767,2022,USDA NASS 2022 Ag Census Web Maps,Census Gazetteer 2024 county centroid,1.28,,,,10.3,0.33,7,4701,3356,12.96,0.23,46.3,0.01,0.1,3,Soybeans Harvested Share of Harvested Cropland
TN,Macon County,47111,36.537757,-86.00096,county_centroid,307.144,0.095,2022,USDA NASS 2022 Ag Census Web Maps,Census Gazetteer 2024 county centroid,0.46,,35.450000000000003,0,12.42,,21,14780,10946,11.9,5.23,19.91,0.01,7.0000000000000007E-2,2,Poultry and Eggs Market Value Share
TN,Madison County,47113,35.606056,-88.833424,county_centroid,557.174,1.451,2022,USDA NASS 2022 Ag Census Web Maps,Census Gazetteer 2024 county centroid,,0.5,0.1,0,3.98,,3,2327,3190,21.63,11.73,48.98,,0.1,3,Soybeans Harvested Share of Harvested Cropland
TN,Marion County,47115,35.127565,-85.607429,county_centroid,502.179,14.085,2022,USDA NASS 2022 Ag Census Web Maps,Census Gazetteer 2024 county centroid,0.1,,57.94,0,4.72,0.11,11,4156,2864,27.11,7.71,37.17,,0.02,2,Poultry and Eggs Market Value Share
TN,Marshall County,47117,35.468329,-86.765868,county_centroid,375.462,0.696,2022,USDA NASS 2022 Ag Census Web Maps,Census Gazetteer 2024 county centroid,0.27,,69.98,2.2599999999999998,13.43,,22,16879,13971,11.58,,15.69,0,7.0000000000000007E-2,3,Poultry and Eggs Market Value Share
TN,Maury County,47119,35.615696,-87.077763,county_centroid,613.083,2.45,2022,USDA NASS 2022 Ag Census Web Maps,Census Gazetteer 2024 county centroid,,1.72,0.49,,33.85,,18,19806,18867,14.78,6.16,24.42,0,0.08,3,Cattle and Calves Market Value Share
TN,Meigs County,47121,35.512203,-84.816102,county_centroid,195.135,21.521,2022,USDA NASS 2022 Ag Census Web Maps,Census Gazetteer 2024 county centroid,,6.47,,,42.81,0.09,18,5728,5531,8,,7.08,0,0.03,4,Cattle and Calves Market Value Share
TN,Monroe County,47123,35.447818,-84.249705,county_centroid,635.774,16.813,2022,USDA NASS 2022 Ag Census Web Maps,Census Gazetteer 2024 county centroid,5.72,,3.23,29.92,27.5,0.02,32,14436,13366,10.85,3,16.93,0.01,0.39,1,Milk from Cows Market Value Share
TN,Montgomery County,47125,36.500354,-87.380887,county_centroid,539.169,4.66,2022,USDA NASS 2022 Ag Census Web Maps,Census Gazetteer 2024 county centroid,,,0.23,,10.74,18.260000000000002,13,12422,10207,30.37,18.16,36.85,,0.04,4,Soybeans Harvested Share of Harvested Cropland
TN,Moore County,47127,35.288888,-86.358684,county_centroid,129.223,1.194,2022,USDA NASS 2022 Ag Census Web Maps,Census Gazetteer 2024 county centroid,0.12,,16.010000000000002,,71.88,,32,8131,13500,,,,,7.0000000000000007E-2,7,Cattle and Calves Market Value Share
TN,Morgan County,47129,36.138697,-84.639262,county_centroid,522.18,0.318,2022,USDA NASS 2022 Ag Census Web Maps,Census Gazetteer 2024 county centroid,1.96,,46.05,,28.78,0.27,21,3708,5200,4.9400000000000004,,6.57,0.11,0.42,3,Poultry and Eggs Market Value Share
TN,Obion County,47131,36.361892,-89.148078,county_centroid,544.848,10.598,2022,USDA NASS 2022 Ag Census Web Maps,Census Gazetteer 2024 county centroid,0.03,0.06,24.84,0,2.09,4.46,5,6557,5230,36.520000000000003,8.58,57.65,0,0.01,0,Soybeans Harvested Share of Harvested Cropland
TN,Overton County,47133,36.34485,-85.283076,county_centroid,433.488,1.346,2022,USDA NASS 2022 Ag Census Web Maps,Census Gazetteer 2024 county centroid,,,0.7,,46.42,1.29,22,19493,21428,1.9,,8.5,0.02,0.35,4,Cattle and Calves Market Value Share
TN,Perry County,47135,35.663752,-87.869326,county_centroid,414.765,8.102,2022,USDA NASS 2022 Ag Census Web Maps,Census Gazetteer 2024 county centroid,2,3.1,0.65,0,19.37,7.0000000000000007E-2,5,1513,1346,25.59,,22.8,0.06,0.15,1,Corn Grain Harvested Share of Harvested Cropland
TN,Pickett County,47137,36.559364,-85.075741,county_centroid,162.97,11.523,2022,USDA NASS 2022 Ag Census Web Maps,Census Gazetteer 2024 county centroid,,0,64.88,0,19.79,0.03,28,5539,4447,1.95,,2.83,,,4,Poultry and Eggs Market Value Share
TN,Polk County,47139,35.109437,-84.541112,county_centroid,434.605,7.686,2022,USDA NASS 2022 Ag Census Web Maps,Census Gazetteer 2024 county centroid,0.21,0.64,70.83,,,0.01,19,3531,2425,21.47,,18.190000000000001,,0.2,4,Poultry and Eggs Market Value Share
TN,Putnam County,47141,36.14094,-85.49618,county_centroid,401.106,1.459,2022,USDA NASS 2022 Ag Census Web Maps,Census Gazetteer 2024 county centroid,1.37,,0.97,,37.770000000000003,,17,9223,7952,5.22,,7.66,,0.17,5,Cattle and Calves Market Value Share
TN,Rhea County,47143,35.60059,-84.949548,county_centroid,315.473,21.008,2022,USDA NASS 2022 Ag Census Web Maps,Census Gazetteer 2024 county centroid,29.78,0.52,,,18.63,,17,6518,6404,15.02,0.79,18.260000000000002,,2.7,4,"Vegetables, Melons, Potatoes, and Sweet Potatoes Market Value Share"
TN,Roane County,47145,35.84725,-84.523929,county_centroid,360.768,34.208,2022,USDA NASS 2022 Ag Census Web Maps,Census Gazetteer 2024 county centroid,14.8,11.76,2.5299999999999998,0,42.95,,14,4322,2988,1.31,0,,0.1,0.98,2,Cattle and Calves Market Value Share
TN,Robertson County,47147,36.524385,-86.872594,county_centroid,476.336,0.177,2022,USDA NASS 2022 Ag Census Web Maps,Census Gazetteer 2024 county centroid,0.17,,0.43,2.88,15.65,0,16,16038,27643,34.21,27.41,39.67,0,0.08,1,Soybeans Harvested Share of Harvested Cropland
TN,Rutherford County,47149,35.843369,-86.417213,county_centroid,619.267,4.79,2022,USDA NASS 2022 Ag Census Web Maps,Census Gazetteer 2024 county centroid,1.22,2.06,0.69,4.0199999999999996,19.62,0.74,15,11444,8883,13.7,4.28,20.56,0,0.11,0,Soybeans Harvested Share of Harvested Cropland
TN,Scott County,47151,36.430592,-84.504091,county_centroid,532.301,0.934,2022,USDA NASS 2022 Ag Census Web Maps,Census Gazetteer 2024 county centroid,,0,,0,29.19,0,7,1411,843,0.21,0,0,,0.28000000000000003,3,Cattle and Calves Market Value Share
TN,Sequatchie County,47153,35.372336,-85.410082,county_centroid,265.851,0.192,2022,USDA NASS 2022 Ag Census Web Maps,Census Gazetteer 2024 county centroid,2.36,2.38,0.22,,83.21,0.48,27,2066,6812,1.36,0,0,0.16,0.91,1,Cattle and Calves Market Value Share
TN,Sevier County,47155,35.787822,-83.5249,county_centroid,592.518,5.178,2022,USDA NASS 2022 Ag Census Web Maps,Census Gazetteer 2024 county centroid,8.14,6.8,0.94,,44.73,,22,5390,3763,1.55,0,,7.0000000000000007E-2,0.77,3,Cattle and Calves Market Value Share
TN,Shelby County,47157,35.184553,-89.894612,county_centroid,752.764,28.802,2022,USDA NASS 2022 Ag Census Web Maps,Census Gazetteer 2024 county centroid,,0.78,0.42,,2.2599999999999998,0.02,,,989,12.44,9.56,54.68,0,0.06,4,Soybeans Harvested Share of Harvested Cropland
TN,Smith County,47159,36.256645,-85.941915,county_centroid,314.278,11.077,2022,USDA NASS 2022 Ag Census Web Maps,Census Gazetteer 2024 county centroid,0.63,,,,26.47,0.03,17,13127,10182,24.59,10.67,24.35,,0.1,4,Cattle and Calves Market Value Share
TN,Stewart County,47161,36.458464,-87.811889,county_centroid,459.776,33.237,2022,USDA NASS 2022 Ag Census Web Maps,Census Gazetteer 2024 county centroid,1.78,3.4,1.74,0,47.65,0.21,10,3565,2324,3.73,0,8.84,0.02,0.12,0,Cattle and Calves Market Value Share
TN,Sullivan County,47163,36.509681,-82.301336,county_centroid,413.544,16.163,2022,USDA NASS 2022 Ag Census Web Maps,Census Gazetteer 2024 county centroid,0.92,0.56000000000000005,,,53.69,0.09,31,11976,10993,1.73,0.46,0,0.01,0.12,2,Cattle and Calves Market Value Share
TN,Sumner County,47165,36.472423,-86.458405,county_centroid,529.454,14.693,2022,USDA NASS 2022 Ag Census Web Maps,Census Gazetteer 2024 county centroid,1.05,1.83,2.4,2.36,28.95,0.05,19,13871,14162,16.57,13.84,22.43,0,0.12,0,Cattle and Calves Market Value Share
TN,Tipton County,47167,35.498763,-89.747145,county_centroid,455.611,12.627,2022,USDA NASS 2022 Ag Census Web Maps,Census Gazetteer 2024 county centroid,0.86,0.08,0.06,,1.53,,4,3869,2250,20.260000000000002,8.67,50.98,0,7.0000000000000007E-2,2,Soybeans Harvested Share of Harvested Cropland
TN,Trousdale County,47169,36.39303,-86.156691,county_centroid,114.342,2.301,2022,USDA NASS 2022 Ag Census Web Maps,Census Gazetteer 2024 county centroid,0.24,,0.98,0,46.13,0.18,22,5266,3812,6.73,,15.73,0.01,0.03,2,Cattle and Calves Market Value Share
TN,Unicoi County,47171,36.100129,-82.418218,county_centroid,186.064,0.319,2022,USDA NASS 2022 Ag Census Web Maps,Census Gazetteer 2024 county centroid,3.83,,1.76,0,,0,13,245,193,0.33,0,0,0.03,1.52,2,"Vegetables, Melons, Potatoes, and Sweet Potatoes Market Value Share"
TN,Union County,47173,36.28414,-83.836088,county_centroid,223.583,23.554,2022,USDA NASS 2022 Ag Census Web Maps,Census Gazetteer 2024 county centroid,3.82,,1.42,0,61.53,0.28000000000000003,15,5876,4902,2.0499999999999998,0,0,0.01,0.27,1,Cattle and Calves Market Value Share
TN,Van Buren County,47175,35.699234,-85.458409,county_centroid,273.415,1.117,2022,USDA NASS 2022 Ag Census Web Maps,Census Gazetteer 2024 county centroid,12.6,4.33,21.87,,37.83,0.18,22,4460,3471,2.59,,,0.11,1.61,3,Cattle and Calves Market Value Share
TN,Warren County,47177,35.67825,-85.777343,county_centroid,432.673,1.361,2022,USDA NASS 2022 Ag Census Web Maps,Census Gazetteer 2024 county centroid,0.45,0.52,5.08,0.14000000000000001,21.6,0.18,22,17044,46926,13.86,3.07,28.57,0.01,0.27,0,Soybeans Harvested Share of Harvested Cropland
TN,Washington County,47179,36.295665,-82.495037,county_centroid,326.548,3.276,2022,USDA NASS 2022 Ag Census Web Maps,Census Gazetteer 2024 county centroid,,2.54,0.22,1.21,36.53,,40,18034,20044,4.88,1.23,4.5999999999999996,0.01,2.58,2,Cattle and Calves Market Value Share
TN,Wayne County,47181,35.242847,-87.819843,county_centroid,734.109,1.553,2022,USDA NASS 2022 Ag Census Web Maps,Census Gazetteer 2024 county centroid,0.69,0.28999999999999998,59.04,,24.21,,19,14752,13899,9.86,2.27,10.23,0,0.09,2,Poultry and Eggs Market Value Share
TN,Weakley County,47183,36.303596,-88.721194,county_centroid,580.353,1.431,2022,USDA NASS 2022 Ag Census Web Maps,Census Gazetteer 2024 county centroid,0.13,0.05,25.93,,2.67,14.84,5,5666,10274,33.93,14.3,56.26,,0.03,2,Soybeans Harvested Share of Harvested Cropland
TN,White County,47185,35.927049,-85.455785,county_centroid,376.678,2.746,2022,USDA NASS 2022 Ag Census Web Maps,Census Gazetteer 2024 county centroid,0.5,0.51,0.27,22.64,37.869999999999997,0.03,29,18695,15644,11.56,3.06,15.48,,0.06,1,Cattle and Calves Market Value Share
TN,Williamson County,47187,35.894845,-86.897888,county_centroid,582.911,1.163,2022,USDA NASS 2022 Ag Census Web Maps,Census Gazetteer 2024 county centroid,5.94,,,5.38,23,,18,14210,10486,11.69,,15.01,0.05,0.53,4,Cattle and Calves Market Value Share
TN,Wilson County,47189,36.149431,-86.291181,county_centroid,571.088,11.536,2022,USDA NASS 2022 Ag Census Web Maps,Census Gazetteer 2024 county centroid,3.09,,1.35,,47.45,,15,16901,13333,3.35,0.98,5.76,0.01,0.17,3,Cattle and Calves Market Value Share
TX,Anderson County,48001,31.841261,-95.661727,county_centroid,1062.617,15.384,2022,USDA NASS 2022 Ag Census Web Maps,Census Gazetteer 2024 county centroid,0.74,,72.849999999999994,0,12.02,,15,33793,27387,,,0.02,0.01,0.33,4,Poultry and Eggs Market Value Share
TX,Andrews County,48003,32.312258,-102.640206,county_centroid,1500.686,0.405,2022,USDA NASS 2022 Ag Census Web Maps,Census Gazetteer 2024 county centroid,,0.17,0.28000000000000003,0,42.91,,1,6991,4527,,,,,,7,Cattle and Calves Market Value Share
TX,Angelina County,48005,31.251896,-94.611134,county_centroid,797.865,66.911,2022,USDA NASS 2022 Ag Census Web Maps,Census Gazetteer 2024 county centroid,4.1399999999999997,0.49,82.63,0,6.48,,15,6895,5904,0.75,0,0.52,0.31,4.34,1,Poultry and Eggs Market Value Share
TX,Aransas County,48007,28.122621,-96.967501,county_centroid,252.069,275.886,2022,USDA NASS 2022 Ag Census Web Maps,Census Gazetteer 2024 county centroid,12,0,2.2599999999999998,0,61.46,0,5,,,0,0,0,0,6.79,2,Cattle and Calves Market Value Share
TX,Archer County,48009,33.616305,-98.687267,county_centroid,903.289,22.304,2022,USDA NASS 2022 Ag Census Web Maps,Census Gazetteer 2024 county centroid,,0,0.03,49.49,,0.01,13,36912,48632,6.3,28,0,0,,3,Milk from Cows Market Value Share
TX,Armstrong County,48011,34.964179,-101.356636,county_centroid,909.123,4.704,2022,USDA NASS 2022 Ag Census Web Maps,Census Gazetteer 2024 county centroid,0,0,,,,0,8,13983,36053,,25.56,0,0,0,4,All Wheat Harvested Share of Harvested Cropland
TX,Atascosa County,48013,28.891478,-98.535381,county_centroid,1219.542,1.928,2022,USDA NASS 2022 Ag Census Web Maps,Census Gazetteer 2024 county centroid,6.14,1.1399999999999999,0.31,0,70.2,,10,32974,50533,5.78,3.95,0,0,1.79,1,Cattle and Calves Market Value Share
TX,Austin County,48015,29.891901,-96.27017,county_centroid,646.496,9.883,2022,USDA NASS 2022 Ag Census Web Maps,Census Gazetteer 2024 county centroid,,,0.64,,61.11,,24,37346,44223,5.82,0,,,,7,Cattle and Calves Market Value Share
TX,Bailey County,48017,34.067521,-102.830345,county_centroid,826.972,0.685,2022,USDA NASS 2022 Ag Census Web Maps,Census Gazetteer 2024 county centroid,0,0,,42.16,46.86,0.03,24,32452,141907,3.8,15.7,0.39,0,0.01,1,Cattle and Calves Market Value Share
TX,Bandera County,48019,29.756389,-99.248285,county_centroid,790.994,6.676,2022,USDA NASS 2022 Ag Census Web Maps,Census Gazetteer 2024 county centroid,,11.24,2.78,0,42.55,,3,3049,2648,,0,0,,,5,Cattle and Calves Market Value Share
TX,Bastrop County,48021,30.100772,-97.310639,county_centroid,888.228,7.34,2022,USDA NASS 2022 Ag Census Web Maps,Census Gazetteer 2024 county centroid,2.73,9.0299999999999994,9.1,0.73,46.04,0.04,18,29845,34279,,,0,0.04,0.5,2,Cattle and Calves Market Value Share
TX,Baylor County,48023,33.618802,-99.208189,county_centroid,867.481,33.587,2022,USDA NASS 2022 Ag Census Web Maps,Census Gazetteer 2024 county centroid,,,,0,85.46,,8,10337,37611,,67.760000000000005,0,0,,6,Cattle and Calves Market Value Share
TX,Bee County,48025,28.416077,-97.742586,county_centroid,880.239,0.095,2022,USDA NASS 2022 Ag Census Web Maps,Census Gazetteer 2024 county centroid,0.13,0.14000000000000001,0.35,0,39.82,0.04,7,20898,18653,20.010000000000002,,0,0,,2,Cattle and Calves Market Value Share
TX,Bell County,48027,31.042734,-97.48126,county_centroid,1053.836,36.437,2022,USDA NASS 2022 Ag Census Web Maps,Census Gazetteer 2024 county centroid,0.55000000000000004,2.17,0.38,0,36.4,0.36,10,20347,34828,53.93,13.08,0.56000000000000005,0.01,0.05,0,Corn Grain Harvested Share of Harvested Cropland
TX,Bexar County,48029,29.448671,-98.520147,county_centroid,1240.36,15.714,2022,USDA NASS 2022 Ag Census Web Maps,Census Gazetteer 2024 county centroid,8.74,,0.51,,23.62,1.34,13,16462,20351,14.12,21.52,,0,2.52,3,Cattle and Calves Market Value Share
TX,Blanco County,48031,30.266203,-98.399332,county_centroid,709.252,4.175,2022,USDA NASS 2022 Ag Census Web Maps,Census Gazetteer 2024 county centroid,,2.06,,0,47.62,,4,10698,10765,0,,0,0,0.19,4,Cattle and Calves Market Value Share
TX,Borden County,48033,32.73859,-101.439199,county_centroid,897.443,8.609,2022,USDA NASS 2022 Ag Census Web Maps,Census Gazetteer 2024 county centroid,0,,0,,32.6,0.17,2,7713,9077,,,,,,7,Cattle and Calves Market Value Share
TX,Bosque County,48035,31.900819,-97.637641,county_centroid,982.971,19.629,2022,USDA NASS 2022 Ag Census Web Maps,Census Gazetteer 2024 county centroid,,0.66,,0,51.7,0.04,8,21301,36180,1.7,7.91,0,0,0.24,2,Cattle and Calves Market Value Share
TX,Bowie County,48037,33.446065,-94.422393,county_centroid,884.939,37.987,2022,USDA NASS 2022 Ag Census Web Maps,Census Gazetteer 2024 county centroid,0.03,0.28000000000000003,42.84,,31.25,0.01,23,31216,40677,2.4500000000000002,,1.53,0,0.03,2,Poultry and Eggs Market Value Share
TX,Brazoria County,48039,29.167817,-95.434647,county_centroid,1363.286,245.369,2022,USDA NASS 2022 Ag Census Web Maps,Census Gazetteer 2024 county centroid,8.76,,9.2200000000000006,0,17.02,,14,39846,26140,16.32,,5.0999999999999996,7.0000000000000007E-2,1.96,3,Cattle and Calves Market Value Share
TX,Brazos County,48041,30.656713,-96.302394,county_centroid,586.138,5.101,2022,USDA NASS 2022 Ag Census Web Maps,Census Gazetteer 2024 county centroid,0.14000000000000001,0.78,52.35,,32.17,,19,26618,40798,,0,0,,0.13,4,Poultry and Eggs Market Value Share
TX,Brewster County,48043,29.808997,-103.252458,county_centroid,6183.763,8.518,2022,USDA NASS 2022 Ag Census Web Maps,Census Gazetteer 2024 county centroid,26.75,1.71,0.16,0,67,,1,10762,17573,,,,,,6,Cattle and Calves Market Value Share
TX,Briscoe County,48045,34.525172,-101.205893,county_centroid,900.001,1.571,2022,USDA NASS 2022 Ag Census Web Maps,Census Gazetteer 2024 county centroid,0,,0,0,81.16,0,8,11536,44587,,,,,,6,Cattle and Calves Market Value Share
TX,Brooks County,48047,27.034994,-98.215276,county_centroid,943.355,0.286,2022,USDA NASS 2022 Ag Census Web Maps,Census Gazetteer 2024 county centroid,3.73,0.28000000000000003,0.06,0,84.64,0.05,5,8207,18769,0,,0,0,2.52,1,Cattle and Calves Market Value Share
TX,Brown County,48049,31.764137,-98.998456,county_centroid,944.452,12.5,2022,USDA NASS 2022 Ag Census Web Maps,Census Gazetteer 2024 county centroid,,0.64,0.49,,42.04,0.21,7,20352,21492,0,6.91,0,,,4,Cattle and Calves Market Value Share
TX,Burleson County,48051,30.493487,-96.622091,county_centroid,659.082,17.778,2022,USDA NASS 2022 Ag Census Web Maps,Census Gazetteer 2024 county centroid,6.95,,39.29,0,35.92,,21,36447,41808,21.14,1.7,,,2.33,4,Poultry and Eggs Market Value Share
TX,Burnet County,48053,30.78963,-98.201187,county_centroid,994.836,26.938,2022,USDA NASS 2022 Ag Census Web Maps,Census Gazetteer 2024 county centroid,,5.0199999999999996,,,47.14,0.08,6,17593,18918,0.98,,0,,,6,Cattle and Calves Market Value Share
TX,Caldwell County,48055,29.832399,-97.628141,county_centroid,544.541,1.911,2022,USDA NASS 2022 Ag Census Web Maps,Census Gazetteer 2024 county centroid,0.81,1.35,,0,23.2,0.03,15,22285,18494,24.04,2.89,0.08,0.02,0.1,1,Corn Grain Harvested Share of Harvested Cropland
TX,Calhoun County,48057,28.441719,-96.579574,county_centroid,506.932,525.734,2022,USDA NASS 2022 Ag Census Web Maps,Census Gazetteer 2024 county centroid,0,0,0.12,0,32.68,,10,8388,10712,36.92,0,,0,0,2,Corn Grain Harvested Share of Harvested Cropland
TX,Callahan County,48059,32.29315,-99.372249,county_centroid,899.372,1.891,2022,USDA NASS 2022 Ag Census Web Maps,Census Gazetteer 2024 county centroid,,0.03,0.75,0,76.23,0.11,7,17302,19820,0,26.95,0,,,3,Cattle and Calves Market Value Share
TX,Cameron County,48061,26.102923,-97.478958,county_centroid,891.721,387.965,2022,USDA NASS 2022 Ag Census Web Maps,Census Gazetteer 2024 county centroid,7.87,6.77,0.22,0,1.92,0.04,5,6078,3974,16.97,,0.35,0,0.94,1,Corn Grain Harvested Share of Harvested Cropland
TX,Camp County,48063,32.974581,-94.979085,county_centroid,195.847,7.386,2022,USDA NASS 2022 Ag Census Web Maps,Census Gazetteer 2024 county centroid,,0.21,88.94,,9.49,0.01,41,7076,15681,0,0,0,,0.18,3,Poultry and Eggs Market Value Share
TX,Carson County,48065,35.405496,-101.355356,county_centroid,920.235,3.871,2022,USDA NASS 2022 Ag Census Web Maps,Census Gazetteer 2024 county centroid,,0,,,7.83,,2,8206,10214,26.91,18.2,0.42,0,,5,Corn Grain Harvested Share of Harvested Cropland
TX,Cass County,48067,33.083698,-94.357579,county_centroid,936.947,23.357,2022,USDA NASS 2022 Ag Census Web Maps,Census Gazetteer 2024 county centroid,0.19,0.21,91.24,0,4.88,,14,12300,8812,0.01,0,0,0.01,0.3,1,Poultry and Eggs Market Value Share
TX,Castro County,48069,34.533621,-102.258786,county_centroid,894.444,4.848,2022,USDA NASS 2022 Ag Census Web Maps,Census Gazetteer 2024 county centroid,,0,,20.82,73.849999999999994,,102,82034,803403,6.98,13.3,,0,,5,Cattle and Calves Market Value Share
TX,Chambers County,48071,29.696374,-94.669445,county_centroid,597.212,273.935,2022,USDA NASS 2022 Ag Census Web Maps,Census Gazetteer 2024 county centroid,,0.28000000000000003,0.25,0,23.35,0.02,13,16416,15690,0,0.56999999999999995,,0,0,2,Cattle and Calves Market Value Share
TX,Cherokee County,48073,31.843881,-95.156343,county_centroid,1052.954,9.219,2022,USDA NASS 2022 Ag Census Web Maps,Census Gazetteer 2024 county centroid,0.7,0.75,18.97,,21.58,,18,37539,29138,,0,0,0.03,0.36,3,Cattle and Calves Market Value Share
TX,Childress County,48075,34.524624,-100.208166,county_centroid,696.511,17.205,2022,USDA NASS 2022 Ag Census Web Maps,Census Gazetteer 2024 county centroid,0,0.08,,0,31.53,0,3,7105,8393,0,6.83,0,0,0,1,Cattle and Calves Market Value Share
TX,Clay County,48077,33.785904,-98.212917,county_centroid,1088.759,27.994,2022,USDA NASS 2022 Ag Census Web Maps,Census Gazetteer 2024 county centroid,,0.37,0.05,9.35,82.72,0,14,39972,62051,0,42.1,0,,,3,Cattle and Calves Market Value Share
TX,Cochran County,48079,33.60844,-102.830449,county_centroid,775.082,0.088,2022,USDA NASS 2022 Ag Census Web Maps,Census Gazetteer 2024 county centroid,,0,0,0,2.27,,1,1596,,2.79,8.69,0,0,,4,All Wheat Harvested Share of Harvested Cropland
TX,Coke County,48081,31.87711,-100.635231,county_centroid,911.646,16.344,2022,USDA NASS 2022 Ag Census Web Maps,Census Gazetteer 2024 county centroid,,0,,0,59.86,0.75,2,5057,9061,0,77.180000000000007,0,0,0.17,2,All Wheat Harvested Share of Harvested Cropland
TX,Coleman County,48083,31.914205,-99.346622,county_centroid,1262.914,18.519,2022,USDA NASS 2022 Ag Census Web Maps,Census Gazetteer 2024 county centroid,,,,0,82.51,0,5,19878,35093,,59.73,0,0,,5,Cattle and Calves Market Value Share
TX,Collin County,48085,33.194494,-96.579428,county_centroid,841.365,44.5,2022,USDA NASS 2022 Ag Census Web Maps,Census Gazetteer 2024 county centroid,,0.69,0.42,,48.1,0.12,18,13059,29315,20.83,26.2,0.89,0,0.2,2,Cattle and Calves Market Value Share
TX,Collingsworth County,48087,34.963358,-100.272135,county_centroid,918.441,0.88,2022,USDA NASS 2022 Ag Census Web Maps,Census Gazetteer 2024 county centroid,,,,0,25.19,,4,9429,9509,0,3.88,,0,,6,Cattle and Calves Market Value Share
TX,Colorado County,48089,29.596296,-96.508935,county_centroid,960.291,13.394,2022,USDA NASS 2022 Ag Census Web Maps,Census Gazetteer 2024 county centroid,0.01,0.26,5.73,,23.08,,13,38692,30031,18.23,1.62,,0,0.02,3,Cattle and Calves Market Value Share
TX,Comal County,48091,29.812377,-98.258129,county_centroid,559.537,15.345,2022,USDA NASS 2022 Ag Census Web Maps,Census Gazetteer 2024 county centroid,2.33,6.38,3.03,,,0.78,7,4286,3684,,,0,0,0.17,4,"Fruits, Tree Nuts, and Berries Market Value Share"
TX,Comanche County,48093,31.951645,-98.549617,county_centroid,937.753,9.93,2022,USDA NASS 2022 Ag Census Web Maps,Census Gazetteer 2024 county centroid,1.01,1.76,0.03,62.85,27,,20,71545,96496,,4.63,0,,0.79,3,Milk from Cows Market Value Share
TX,Concho County,48095,31.318883,-99.863649,county_centroid,983.755,9.938,2022,USDA NASS 2022 Ag Census Web Maps,Census Gazetteer 2024 county centroid,0,,,0,31.85,0,3,9345,14276,,34.74,0,0,0,3,All Wheat Harvested Share of Harvested Cropland
TX,Cooke County,48097,33.639196,-97.210343,county_centroid,874.826,23.676,2022,USDA NASS 2022 Ag Census Web Maps,Census Gazetteer 2024 county centroid,0.19,0.68,0.23,,67.63,,18,45430,63806,0.91,29.49,,0,0.06,3,Cattle and Calves Market Value Share
TX,Coryell County,48099,31.391177,-97.798022,county_centroid,1052.247,4.569,2022,USDA NASS 2022 Ag Census Web Maps,Census Gazetteer 2024 county centroid,,0.98,0.51,0,71.819999999999993,0.11,12,28043,54096,10.23,22.37,,,0.02,3,Cattle and Calves Market Value Share
TX,Cottle County,48101,34.091906,-100.276442,county_centroid,900.564,1.052,2022,USDA NASS 2022 Ag Census Web Maps,Census Gazetteer 2024 county centroid,,0,0.03,0,56.66,,4,14169,13286,0,16.309999999999999,0,0,,3,Cattle and Calves Market Value Share
TX,Crane County,48103,31.422796,-102.487774,county_centroid,785.069,0.655,2022,USDA NASS 2022 Ag Census Web Maps,Census Gazetteer 2024 county centroid,0,,,0,84.92,0,1,2454,1909,,,,,,7,Cattle and Calves Market Value Share
TX,Crockett County,48105,30.717532,-101.404211,county_centroid,2807.324,0.021,2022,USDA NASS 2022 Ag Census Web Maps,Census Gazetteer 2024 county centroid,0,0,,0,47.17,0,1,13601,15933,0,0,0,0,0,1,Cattle and Calves Market Value Share
TX,Crosby County,48107,33.609144,-101.29871,county_centroid,900.199,1.496,2022,USDA NASS 2022 Ag Census Web Maps,Census Gazetteer 2024 county centroid,,0,,0,12.6,0.1,2,6125,7503,2.62,10.34,0,0,,3,Cattle and Calves Market Value Share
TX,Culberson County,48109,31.445908,-104.526945,county_centroid,3812.156,0.215,2022,USDA NASS 2022 Ag Census Web Maps,Census Gazetteer 2024 county centroid,7.94,,0,0,,0,1,16442,16120,1.32,0,0,0,2.23,2,"Vegetables, Melons, Potatoes, and Sweet Potatoes Market Value Share"
TX,Dallam County,48111,36.28637,-102.59402,county_centroid,1503.353,1.78,2022,USDA NASS 2022 Ag Census Web Maps,Census Gazetteer 2024 county centroid,2.0499999999999998,,0,,64.77,,40,37885,489921,33.299999999999997,15.18,0.32,,1.53,4,Cattle and Calves Market Value Share
TX,Dallas County,48113,32.766987,-96.778424,county_centroid,873.16,35.484,2022,USDA NASS 2022 Ag Census Web Maps,Census Gazetteer 2024 county centroid,,,2.4300000000000002,0,19.170000000000002,,22,3912,6353,9.82,,5.64,0,0.06,4,Cattle and Calves Market Value Share
TX,Dawson County,48115,32.742528,-101.948771,county_centroid,900.306,1.823,2022,USDA NASS 2022 Ag Census Web Maps,Census Gazetteer 2024 county centroid,2.4900000000000002,13.5,0.03,0,4.34,,1,2295,2423,,,,,,6,"Fruits, Tree Nuts, and Berries Market Value Share"
TX,Deaf Smith County,48117,34.940766,-102.607564,county_centroid,1496.822,1.516,2022,USDA NASS 2022 Ag Census Web Maps,Census Gazetteer 2024 county centroid,,0,,15.38,79.14,,73,82730,966156,,,,,,8,Cattle and Calves Market Value Share
TX,Delta County,48119,33.385933,-95.67335,county_centroid,256.832,21.1,2022,USDA NASS 2022 Ag Census Web Maps,Census Gazetteer 2024 county centroid,0.12,0.44,0.27,0,28.89,,13,8655,6997,16.89,33.409999999999997,11.45,0,0.05,1,All Wheat Harvested Share of Harvested Cropland
TX,Denton County,48121,33.205132,-97.12114,county_centroid,878.75,72.911,2022,USDA NASS 2022 Ag Census Web Maps,Census Gazetteer 2024 county centroid,,1.68,,,,7.0000000000000007E-2,10,17689,15101,2.82,35.700000000000003,,0.01,7.0000000000000007E-2,5,All Wheat Harvested Share of Harvested Cropland
TX,DeWitt County,48123,29.082346,-97.361654,county_centroid,908.976,1.513,2022,USDA NASS 2022 Ag Census Web Maps,Census Gazetteer 2024 county centroid,0,,,0,86.4,,16,44239,36600,2.1,0,0,0,0,3,Cattle and Calves Market Value Share
TX,Dickens County,48125,33.615363,-100.787617,county_centroid,901.724,3.497,2022,USDA NASS 2022 Ag Census Web Maps,Census Gazetteer 2024 county centroid,0,0.17,0.08,0,68.459999999999994,0.12,4,13110,13534,0,10.81,0,0,0,0,Cattle and Calves Market Value Share
TX,Dimmit County,48127,28.423587,-99.765871,county_centroid,1328.885,5.628,2022,USDA NASS 2022 Ag Census Web Maps,Census Gazetteer 2024 county centroid,44.66,4.5599999999999996,0.12,0,32.049999999999997,0,3,5775,4524,0,0,0,0,27.53,0,"Vegetables, Melons, Potatoes, and Sweet Potatoes Market Value Share"
TX,Donley County,48129,34.955036,-100.815846,county_centroid,927.037,6.009,2022,USDA NASS 2022 Ag Census Web Maps,Census Gazetteer 2024 county centroid,0,0.18,0,0,79.040000000000006,,11,13929,43239,5.77,7.28,0,0,0,1,Cattle and Calves Market Value Share
TX,Duval County,48131,27.681123,-98.497393,county_centroid,1793.477,2.115,2022,USDA NASS 2022 Ag Census Web Maps,Census Gazetteer 2024 county centroid,0.25,,0.27,0,82.08,0.23,3,22562,18062,0.15,,0,0,0.17,2,Cattle and Calves Market Value Share
TX,Eastland County,48133,32.324645,-98.83656,county_centroid,926.508,5.406,2022,USDA NASS 2022 Ag Census Web Maps,Census Gazetteer 2024 county centroid,,1.1200000000000001,0.3,0,71.42,,7,20416,31594,,11.68,0,0,,4,Cattle and Calves Market Value Share
TX,Ector County,48135,31.865301,-102.542507,county_centroid,897.884,3.934,2022,USDA NASS 2022 Ag Census Web Maps,Census Gazetteer 2024 county centroid,,0.19,1.1200000000000001,0,81.37,0.19,1,2366,3640,,,,,,6,Cattle and Calves Market Value Share
TX,Edwards County,48137,29.985933,-100.3074,county_centroid,2117.872,2.006,2022,USDA NASS 2022 Ag Census Web Maps,Census Gazetteer 2024 county centroid,0,,,0,47.48,0,1,7989,6956,0,0,0,0,0,2,Cattle and Calves Market Value Share
TX,Ellis County,48139,32.346878,-96.79694,county_centroid,935.774,16.182,2022,USDA NASS 2022 Ag Census Web Maps,Census Gazetteer 2024 county centroid,,1.1000000000000001,,,23.73,,13,29574,23059,23.38,19.899999999999999,1.96,0,0.05,4,Cattle and Calves Market Value Share
TX,El Paso County,48141,31.766456,-106.24152,county_centroid,1013.525,1.756,2022,USDA NASS 2022 Ag Census Web Maps,Census Gazetteer 2024 county centroid,13.59,24.93,0.4,0,13.34,0.02,2,,5023,0,0.67,0,0,1.03,1,"Fruits, Tree Nuts, and Berries Market Value Share"
TX,Erath County,48143,32.236669,-98.220545,county_centroid,1083.179,6.628,2022,USDA NASS 2022 Ag Census Web Maps,Census Gazetteer 2024 county centroid,0.01,0.12,7.0000000000000007E-2,71.62,16.899999999999999,0.01,25,94629,109958,1.1200000000000001,4.71,0,0,0.01,0,Milk from Cows Market Value Share
TX,Falls County,48145,31.25193,-96.934127,county_centroid,765.495,8.376,2022,USDA NASS 2022 Ag Census Web Maps,Census Gazetteer 2024 county centroid,1.89,0.21,0.05,,69.42,,27,27443,161122,40.47,13.29,3.11,0.01,0.36,2,Cattle and Calves Market Value Share
TX,Fannin County,48147,33.591161,-96.104988,county_centroid,877.939,20.945,2022,USDA NASS 2022 Ag Census Web Maps,Census Gazetteer 2024 county centroid,,1.81,0.4,0,44.25,,15,30609,45358,16.25,22.71,2.42,,0.01,3,Cattle and Calves Market Value Share
TX,Fayette County,48149,29.877886,-96.921231,county_centroid,949.934,9.874,2022,USDA NASS 2022 Ag Census Web Maps,Census Gazetteer 2024 county centroid,,0.78,,1.74,75.27,,21,58086,65576,10.24,,,,0.04,6,Cattle and Calves Market Value Share
TX,Fisher County,48151,32.740473,-100.40312,county_centroid,898.951,2.803,2022,USDA NASS 2022 Ag Census Web Maps,Census Gazetteer 2024 county centroid,0,0.04,0.06,0,54.17,,5,6703,22771,,31.44,0,0,0,2,Cattle and Calves Market Value Share
TX,Floyd County,48153,34.07373,-101.303274,county_centroid,992.143,0.38,2022,USDA NASS 2022 Ag Census Web Maps,Census Gazetteer 2024 county centroid,3.7,,0.01,0,,,8,5770,54526,,,,,,8,"Vegetables, Melons, Potatoes, and Sweet Potatoes Market Value Share"
TX,Foard County,48155,33.963306,-99.816828,county_centroid,704.397,3.288,2022,USDA NASS 2022 Ag Census Web Maps,Census Gazetteer 2024 county centroid,,0,,0,82.98,,4,12118,11553,,,,,,8,Cattle and Calves Market Value Share
TX,Fort Bend County,48157,29.526602,-95.771015,county_centroid,861.785,23.465,2022,USDA NASS 2022 Ag Census Web Maps,Census Gazetteer 2024 county centroid,4.41,1.64,0.3,0,20.81,0.02,10,21629,16813,20.36,,,,0.1,3,Cattle and Calves Market Value Share
TX,Franklin County,48159,33.175846,-95.219066,county_centroid,284.391,10.377,2022,USDA NASS 2022 Ag Census Web Maps,Census Gazetteer 2024 county centroid,,0.09,77.69,10,10.71,,34,19055,25920,,,0,0,,5,Poultry and Eggs Market Value Share
TX,Freestone County,48161,31.701749,-96.144957,county_centroid,877.731,14.261,2022,USDA NASS 2022 Ag Census Web Maps,Census Gazetteer 2024 county centroid,0.15,1.8,59.7,0,34.1,0.02,17,40217,44972,,0,0,,0.11,2,Poultry and Eggs Market Value Share
TX,Frio County,48163,28.869383,-99.109005,county_centroid,1133.501,0.847,2022,USDA NASS 2022 Ag Census Web Maps,Census Gazetteer 2024 county centroid,16.989999999999998,,0.03,0,47.98,,9,16547,60491,14.44,10.5,0,,9.3800000000000008,3,Cattle and Calves Market Value Share
TX,Gaines County,48165,32.743942,-102.631561,county_centroid,1502.363,0.488,2022,USDA NASS 2022 Ag Census Web Maps,Census Gazetteer 2024 county centroid,,1.37,0.01,,2.19,0.04,1,5244,4554,6.5,7.44,0,,,4,All Wheat Harvested Share of Harvested Cropland
TX,Galveston County,48167,29.233927,-94.888197,county_centroid,379.413,494.532,2022,USDA NASS 2022 Ag Census Web Maps,Census Gazetteer 2024 county centroid,1.07,1.04,7.24,,11.76,,17,3866,2358,0,0,20.329999999999998,,0.22,3,Soybeans Harvested Share of Harvested Cropland
TX,Garza County,48169,33.183792,-101.301134,county_centroid,893.416,2.784,2022,USDA NASS 2022 Ag Census Web Maps,Census Gazetteer 2024 county centroid,0,,,0,43.79,,2,5953,6391,,,,,,8,Cattle and Calves Market Value Share
TX,Gillespie County,48171,30.325093,-98.94185,county_centroid,1058.203,3.474,2022,USDA NASS 2022 Ag Census Web Maps,Census Gazetteer 2024 county centroid,7.18,21.35,,,49.59,0.6,6,19148,20719,1.94,3.69,0,0.06,3.69,2,Cattle and Calves Market Value Share
TX,Glasscock County,48173,31.868006,-101.521494,county_centroid,900.218,0.867,2022,USDA NASS 2022 Ag Census Web Maps,Census Gazetteer 2024 county centroid,21.99,0.67,,0,23.59,,1,4273,7175,1.55,6.79,,0,6.01,3,Cattle and Calves Market Value Share
TX,Goliad County,48175,28.6607,-97.430415,county_centroid,852.011,7.355,2022,USDA NASS 2022 Ag Census Web Maps,Census Gazetteer 2024 county centroid,,2.5299999999999998,0.61,0,79.59,0.01,11,29307,24598,16.18,,,0,,4,Cattle and Calves Market Value Share
TX,Gonzales County,48177,29.461912,-97.49192,county_centroid,1066.686,3.168,2022,USDA NASS 2022 Ag Census Web Maps,Census Gazetteer 2024 county centroid,0.02,,82.78,,13.39,,23,71992,128743,10.9,,0,0,0.22,4,Poultry and Eggs Market Value Share
TX,Gray County,48179,35.402542,-100.812374,county_centroid,925.974,3.359,2022,USDA NASS 2022 Ag Census Web Maps,Census Gazetteer 2024 county centroid,0,0,0.01,,67.02,,22,20913,108764,,,,,,7,Cattle and Calves Market Value Share
TX,Grayson County,48181,33.624548,-96.675777,county_centroid,932.832,46.369,2022,USDA NASS 2022 Ag Census Web Maps,Census Gazetteer 2024 county centroid,,2.0299999999999998,,,29.86,0.48,10,24638,34219,11.58,34.64,0.62,0.01,0.02,3,All Wheat Harvested Share of Harvested Cropland
TX,Gregg County,48183,32.486401,-94.816277,county_centroid,273.38,2.396,2022,USDA NASS 2022 Ag Census Web Maps,Census Gazetteer 2024 county centroid,,7.21,18.79,0,44.75,,12,2272,1677,0,0,0,0,0.23,2,Cattle and Calves Market Value Share
TX,Grimes County,48185,30.543231,-95.988082,county_centroid,787.467,14.134,2022,USDA NASS 2022 Ag Census Web Maps,Census Gazetteer 2024 county centroid,,,,,65.61,7.0000000000000007E-2,21,53038,75509,,0,0,0.04,,6,Cattle and Calves Market Value Share
TX,Guadalupe County,48187,29.582671,-97.948995,county_centroid,711.252,3.537,2022,USDA NASS 2022 Ag Census Web Maps,Census Gazetteer 2024 county centroid,0.45,1.06,50.42,,18.23,,15,24476,21715,31.66,5.96,,0.01,0.11,3,Poultry and Eggs Market Value Share
TX,Hale County,48189,34.068436,-101.822888,county_centroid,1004.68,0.095,2022,USDA NASS 2022 Ag Census Web Maps,Census Gazetteer 2024 county centroid,1.1299999999999999,0,0,25.84,51.9,0.03,21,33912,152466,,,,,,5,Cattle and Calves Market Value Share
TX,Hall County,48191,34.453189,-100.576343,county_centroid,883.492,20.605,2022,USDA NASS 2022 Ag Census Web Maps,Census Gazetteer 2024 county centroid,0,0.18,0.03,0,34.380000000000003,0,4,7712,7857,,6.02,0,0,0,1,Cattle and Calves Market Value Share
TX,Hamilton County,48193,31.707342,-98.111756,county_centroid,835.915,0.478,2022,USDA NASS 2022 Ag Census Web Maps,Census Gazetteer 2024 county centroid,,0.61,0.08,53.35,38.28,0.03,13,37363,47230,,8.4700000000000006,,0,0,3,Milk from Cows Market Value Share
TX,Hansford County,48195,36.272847,-101.35693,county_centroid,919.81,0.598,2022,USDA NASS 2022 Ag Census Web Maps,Census Gazetteer 2024 county centroid,0,0,,0,,,44,7687,395478,33.32,31.65,1.2,0,0,3,Corn Grain Harvested Share of Harvested Cropland
TX,Hardeman County,48197,34.289904,-99.745697,county_centroid,695.114,1.756,2022,USDA NASS 2022 Ag Census Web Maps,Census Gazetteer 2024 county centroid,0.1,,,,,0.03,6,7798,18194,0,63.16,0,0,0.02,4,All Wheat Harvested Share of Harvested Cropland
TX,Hardin County,48199,30.329648,-94.393178,county_centroid,890.577,6.95,2022,USDA NASS 2022 Ag Census Web Maps,Census Gazetteer 2024 county centroid,,14.12,5.1100000000000003,0,25.71,,15,3811,2036,0.13,0,0,0.02,,3,Cattle and Calves Market Value Share
TX,Harris County,48201,29.857273,-95.393037,county_centroid,1707.288,70.071,2022,USDA NASS 2022 Ag Census Web Maps,Census Gazetteer 2024 county centroid,3.44,,0.67,0,10.71,,10,10746,10410,,0,0,0.01,1.41,3,Cattle and Calves Market Value Share
TX,Harrison County,48203,32.547991,-94.374434,county_centroid,900.059,15.695,2022,USDA NASS 2022 Ag Census Web Maps,Census Gazetteer 2024 county centroid,5.25,2.78,1.29,0,55.66,0.42,18,11343,9622,0,0,0,0,0.68,0,Cattle and Calves Market Value Share
TX,Hartley County,48205,35.840244,-102.610047,county_centroid,1461.955,1.164,2022,USDA NASS 2022 Ag Census Web Maps,Census Gazetteer 2024 county centroid,4.32,0,,25.76,58.2,0,45,106728,580789,29.57,13.89,,,4.87,3,Cattle and Calves Market Value Share
TX,Haskell County,48207,33.175964,-99.730774,county_centroid,903.133,7.129,2022,USDA NASS 2022 Ag Census Web Maps,Census Gazetteer 2024 county centroid,,,0.01,0,23.18,,4,8785,13506,,40.18,,0,,6,All Wheat Harvested Share of Harvested Cropland
TX,Hays County,48209,30.061225,-98.029267,county_centroid,676.852,1.947,2022,USDA NASS 2022 Ag Census Web Maps,Census Gazetteer 2024 county centroid,0.52,,0.47,,7.32,,5,4475,2780,,,0,,0.28000000000000003,6,Cattle and Calves Market Value Share
TX,Hemphill County,48211,35.815956,-100.27921,county_centroid,906.286,5.871,2022,USDA NASS 2022 Ag Census Web Maps,Census Gazetteer 2024 county centroid,0,0.02,0,0,98.05,7.0000000000000007E-2,10,10741,84426,,,,,,5,Cattle and Calves Market Value Share
TX,Henderson County,48213,32.211633,-95.853418,county_centroid,873.773,74.654,2022,USDA NASS 2022 Ag Census Web Maps,Census Gazetteer 2024 county centroid,,3.96,1.07,,66.069999999999993,0.28999999999999998,24,34444,32185,,0,,0,0.12,4,Cattle and Calves Market Value Share
TX,Hidalgo County,48215,26.396384,-98.18099,county_centroid,1571.23,11.601,2022,USDA NASS 2022 Ag Census Web Maps,Census Gazetteer 2024 county centroid,49.59,14.45,0.1,0,5.72,,6,17715,19204,19.61,0,1.19,,14.32,2,"Vegetables, Melons, Potatoes, and Sweet Potatoes Market Value Share"
TX,Hill County,48217,31.982641,-97.130632,county_centroid,958.858,26.851,2022,USDA NASS 2022 Ag Census Web Maps,Census Gazetteer 2024 county centroid,0.48,0.16,1.29,,17.25,0.04,9,32885,29198,27,27.51,,0,0.05,2,All Wheat Harvested Share of Harvested Cropland
TX,Hockley County,48219,33.605932,-102.343398,county_centroid,908.392,0.172,2022,USDA NASS 2022 Ag Census Web Maps,Census Gazetteer 2024 county centroid,0.05,,,0,6.99,0.05,1,4177,4896,6.08,5.34,,,,5,Cattle and Calves Market Value Share
TX,Hood County,48221,32.430149,-97.831677,county_centroid,420.74,16.119,2022,USDA NASS 2022 Ag Census Web Maps,Census Gazetteer 2024 county centroid,,2.17,0.69,0,35.119999999999997,,13,9700,9577,0,,0,0,0.17,3,Cattle and Calves Market Value Share
TX,Hopkins County,48223,33.148967,-95.565434,county_centroid,767.431,25.341,2022,USDA NASS 2022 Ag Census Web Maps,Census Gazetteer 2024 county centroid,0.51,0.03,52.39,22.4,20.190000000000001,0.08,35,57111,60852,,,,0.04,0.17,3,Poultry and Eggs Market Value Share
TX,Houston County,48225,31.323036,-95.4216,county_centroid,1230.997,5.578,2022,USDA NASS 2022 Ag Census Web Maps,Census Gazetteer 2024 county centroid,7.12,0.13,31.33,0,54.08,0.24,22,63017,54140,,0,0,,2.15,2,Cattle and Calves Market Value Share
TX,Howard County,48227,32.30343,-101.438721,county_centroid,900.79,3.416,2022,USDA NASS 2022 Ag Census Web Maps,Census Gazetteer 2024 county centroid,,,0.09,0,13.62,,1,4977,6595,,,,,,8,Cattle and Calves Market Value Share
TX,Hudspeth County,48229,31.450868,-105.377549,county_centroid,4570.517,0.816,2022,USDA NASS 2022 Ag Census Web Maps,Census Gazetteer 2024 county centroid,,,0.02,,,0,1,10288,9164,,0,0,0,,6,Poultry and Eggs Market Value Share
TX,Hunt County,48231,33.123308,-96.08423,county_centroid,840.422,41.606,2022,USDA NASS 2022 Ag Census Web Maps,Census Gazetteer 2024 county centroid,5.36,0.68,1.93,,40.049999999999997,,16,31215,34940,8.39,18.14,11.14,,0.28999999999999998,3,Cattle and Calves Market Value Share
TX,Hutchinson County,48233,35.837047,-101.362746,county_centroid,887.424,7.528,2022,USDA NASS 2022 Ag Census Web Maps,Census Gazetteer 2024 county centroid,0,0,,0,30.19,,5,13577,17480,35.61,25.37,2.41,0,0,2,Corn Grain Harvested Share of Harvested Cropland
TX,Irion County,48235,31.303424,-100.981304,county_centroid,1051.544,0.068,2022,USDA NASS 2022 Ag Census Web Maps,Census Gazetteer 2024 county centroid,0,,,0,78.7,0,2,5962,8156,,,,,,7,Cattle and Calves Market Value Share
TX,Jack County,48237,33.23216,-98.171177,county_centroid,910.972,9.152,2022,USDA NASS 2022 Ag Census Web Maps,Census Gazetteer 2024 county centroid,0,,,0,92.83,,9,19416,35733,,24.34,0,0,0,4,Cattle and Calves Market Value Share
TX,Jackson County,48239,28.959802,-96.58908,county_centroid,829.443,27.429,2022,USDA NASS 2022 Ag Census Web Maps,Census Gazetteer 2024 county centroid,0,,,,27.14,0,14,30752,27041,56.86,,,0,0,5,Corn Grain Harvested Share of Harvested Cropland
TX,Jasper County,48241,30.752932,-94.022294,county_centroid,938.655,31.043,2022,USDA NASS 2022 Ag Census Web Maps,Census Gazetteer 2024 county centroid,5.94,6.5,1.62,,,0.2,17,6927,4286,0.28999999999999998,0,0,0.2,1.06,2,"Fruits, Tree Nuts, and Berries Market Value Share"
TX,Jeff Davis County,48243,30.625357,-104.191873,county_centroid,2264.556,0.08,2022,USDA NASS 2022 Ag Census Web Maps,Census Gazetteer 2024 county centroid,0,0.61,0.04,0,,0,2,17506,15544,0,0,0,0,0,1,"Fruits, Tree Nuts, and Berries Market Value Share"
TX,Jefferson County,48245,29.854,-94.149331,county_centroid,876.735,235.987,2022,USDA NASS 2022 Ag Census Web Maps,Census Gazetteer 2024 county centroid,,0.26,0.41,0,46.24,,10,24706,22928,,0,,0,0.02,4,Cattle and Calves Market Value Share
TX,Jim Hogg County,48247,27.053231,-98.747572,county_centroid,1136.173,0.036,2022,USDA NASS 2022 Ag Census Web Maps,Census Gazetteer 2024 county centroid,0,0,0.05,0,97.61,,3,11312,9078,,0,0,0,0,2,Cattle and Calves Market Value Share
TX,Jim Wells County,48249,27.733516,-98.090814,county_centroid,865.176,3.368,2022,USDA NASS 2022 Ag Census Web Maps,Census Gazetteer 2024 county centroid,,,0.31,0,44.07,0.05,7,11906,24474,15.67,,,0,,5,Cattle and Calves Market Value Share
TX,Johnson County,48251,32.379654,-97.364906,county_centroid,725.059,9.184,2022,USDA NASS 2022 Ag Census Web Maps,Census Gazetteer 2024 county centroid,0.61,0.38,1.36,23.8,25.83,,14,25163,19940,28.75,17.7,,,0.11,3,Corn Grain Harvested Share of Harvested Cropland
TX,Jones County,48253,32.743709,-99.87443,county_centroid,928.606,8.531,2022,USDA NASS 2022 Ag Census Web Maps,Census Gazetteer 2024 county centroid,0.5,0.13,0.4,0,76.8,0.03,8,13761,54655,0,61.01,,0,0.12,1,Cattle and Calves Market Value Share
TX,Karnes County,48255,28.908996,-97.852205,county_centroid,747.752,5.796,2022,USDA NASS 2022 Ag Census Web Maps,Census Gazetteer 2024 county centroid,,,0.11,0,80.319999999999993,0.01,14,32862,37136,,1.42,0,0,,4,Cattle and Calves Market Value Share
TX,Kaufman County,48257,32.598944,-96.288377,county_centroid,780.708,26.806,2022,USDA NASS 2022 Ag Census Web Maps,Census Gazetteer 2024 county centroid,,0.91,1.25,,56.95,,20,27609,29146,,3.83,,0,0.06,5,Cattle and Calves Market Value Share
TX,Kendall County,48259,29.943525,-98.709269,county_centroid,662.454,0.578,2022,USDA NASS 2022 Ag Census Web Maps,Census Gazetteer 2024 county centroid,,3.92,1.24,0,29.33,0.39,5,7093,6232,0,,0,0,,3,Cattle and Calves Market Value Share
TX,Kenedy County,48261,26.890213,-97.591143,county_centroid,1458.562,487.233,2022,USDA NASS 2022 Ag Census Web Maps,Census Gazetteer 2024 county centroid,0,,,0,99.53,0,4,16055,20608,,,,,,7,Cattle and Calves Market Value Share
TX,Kent County,48263,33.18478,-100.76972,county_centroid,902.507,0.411,2022,USDA NASS 2022 Ag Census Web Maps,Census Gazetteer 2024 county centroid,,,,0,78.150000000000006,,2,8614,7151,0,,,0,,7,Cattle and Calves Market Value Share
TX,Kerr County,48265,30.059953,-99.353339,county_centroid,1103.333,3.95,2022,USDA NASS 2022 Ag Census Web Maps,Census Gazetteer 2024 county centroid,,2.41,1.1200000000000001,0,41.5,3.4,2,5051,5351,,0,0,,0.45,3,Cattle and Calves Market Value Share
TX,Kimble County,48267,30.479472,-99.746396,county_centroid,1250.98,0.195,2022,USDA NASS 2022 Ag Census Web Maps,Census Gazetteer 2024 county centroid,,2.27,0.38,0,64.180000000000007,0,2,5147,5947,0,0,0,0,,2,Cattle and Calves Market Value Share
TX,King County,48269,33.614268,-100.245345,county_centroid,910.873,2.47,2022,USDA NASS 2022 Ag Census Web Maps,Census Gazetteer 2024 county centroid,0,0,0,0,77.3,0,3,12373,12370,0,,0,0,0,1,Cattle and Calves Market Value Share
TX,Kinney County,48271,29.347086,-100.4177,county_centroid,1360.533,4.589,2022,USDA NASS 2022 Ag Census Web Maps,Census Gazetteer 2024 county centroid,0,,,0,66.25,0,1,4232,2910,0,0,0,0,0,2,Cattle and Calves Market Value Share
TX,Kleberg County,48273,27.438735,-97.66062,county_centroid,881.306,208.897,2022,USDA NASS 2022 Ag Census Web Maps,Census Gazetteer 2024 county centroid,0,,0.08,0,67.62,,5,14826,28408,3.07,0,0,0,0,2,Cattle and Calves Market Value Share
TX,Knox County,48275,33.61189,-99.730356,county_centroid,850.621,4.86,2022,USDA NASS 2022 Ag Census Web Maps,Census Gazetteer 2024 county centroid,0,,0,0,42.96,,4,8369,10001,,73.14,0,0,0,3,All Wheat Harvested Share of Harvested Cropland
TX,Lamar County,48277,33.667263,-95.570348,county_centroid,907.332,25.771,2022,USDA NASS 2022 Ag Census Web Maps,Census Gazetteer 2024 county centroid,0.15,0.41,0.35,,48.63,,17,42343,46747,11.28,20.170000000000002,7.14,,0.02,3,Cattle and Calves Market Value Share
TX,Lamb County,48279,34.068861,-102.348018,county_centroid,1016.181,1.534,2022,USDA NASS 2022 Ag Census Web Maps,Census Gazetteer 2024 county centroid,,,0.01,29.29,56.69,,31,33573,214873,6.86,6.49,0,0.56000000000000005,0.57999999999999996,3,Cattle and Calves Market Value Share
TX,Lampasas County,48281,31.196731,-98.240889,county_centroid,712.528,1.062,2022,USDA NASS 2022 Ag Census Web Maps,Census Gazetteer 2024 county centroid,0.74,0.66,0.52,,45.08,0.43,6,13345,17097,,5.65,0,0.03,0.23,2,Cattle and Calves Market Value Share
TX,La Salle County,48283,28.351098,-99.096774,county_centroid,1486.704,7.53,2022,USDA NASS 2022 Ag Census Web Maps,Census Gazetteer 2024 county centroid,,,0.25,0,73.849999999999994,,2,7569,6492,,,0,0,,6,Cattle and Calves Market Value Share
TX,Lavaca County,48285,29.382578,-96.923633,county_centroid,969.709,0.727,2022,USDA NASS 2022 Ag Census Web Maps,Census Gazetteer 2024 county centroid,1.05,0.5,1.39,8.2200000000000006,63.23,0.08,20,71316,58429,5.65,0.93,,0,0.13,1,Cattle and Calves Market Value Share
TX,Lee County,48287,30.321498,-96.976823,county_centroid,629.039,5.067,2022,USDA NASS 2022 Ag Census Web Maps,Census Gazetteer 2024 county centroid,0.51,0.25,0.31,0,82.04,0.03,27,43245,74158,1.23,,0,,0.42,2,Cattle and Calves Market Value Share
TX,Leon County,48289,31.300493,-95.995622,county_centroid,1073.156,7.463,2022,USDA NASS 2022 Ag Census Web Maps,Census Gazetteer 2024 county centroid,0.11,0.15,72.62,0,22.11,,21,46377,55349,0.47,0,0,,0.15,2,Poultry and Eggs Market Value Share
TX,Liberty County,48291,30.158508,-94.844061,county_centroid,1158.462,17.892,2022,USDA NASS 2022 Ag Census Web Maps,Census Gazetteer 2024 county centroid,,,0.96,,41.22,0.06,18,28495,21124,0,0,,0,,5,Cattle and Calves Market Value Share
TX,Limestone County,48293,31.547543,-96.593623,county_centroid,905.43,27.734,2022,USDA NASS 2022 Ag Census Web Maps,Census Gazetteer 2024 county centroid,0.18,,39.35,,48.07,0.06,17,42411,52371,,,0,0.01,0.5,4,Cattle and Calves Market Value Share
TX,Lipscomb County,48295,36.2802,-100.272683,county_centroid,932.214,0.115,2022,USDA NASS 2022 Ag Census Web Maps,Census Gazetteer 2024 county centroid,0,0,0.01,,46.57,,7,17229,41645,,,,,,7,Cattle and Calves Market Value Share
TX,Live Oak County,48297,28.351535,-98.126961,county_centroid,1039.695,39.183,2022,USDA NASS 2022 Ag Census Web Maps,Census Gazetteer 2024 county centroid,,,,0,70.180000000000007,,7,16338,12680,,0,0,0,,6,Cattle and Calves Market Value Share
TX,Llano County,48299,30.707584,-98.68469,county_centroid,934.065,31.791,2022,USDA NASS 2022 Ag Census Web Maps,Census Gazetteer 2024 county centroid,0.49,1.41,0.14000000000000001,0,74.06,0.11,7,20450,22532,2.5099999999999998,,0,0,0.09,1,Cattle and Calves Market Value Share
TX,Loving County,48301,31.844936,-103.561229,county_centroid,668.818,7.715,2022,USDA NASS 2022 Ag Census Web Maps,Census Gazetteer 2024 county centroid,0,0,0,0,,0,1,1685,1484,,,,,,6,"Vegetables, Melons, Potatoes, and Sweet Potatoes Market Value Share"
TX,Lubbock County,48303,33.611469,-101.819944,county_centroid,895.604,5.098,2022,USDA NASS 2022 Ag Census Web Maps,Census Gazetteer 2024 county centroid,,0.89,,0,,,8,6050,52960,5.7,5.75,0,0,0.19,4,All Wheat Harvested Share of Harvested Cropland
TX,Lynn County,48305,33.178412,-101.818493,county_centroid,891.867,1.61,2022,USDA NASS 2022 Ag Census Web Maps,Census Gazetteer 2024 county centroid,0,1.39,,0,10.98,0.03,2,5862,5205,3.22,2.0699999999999998,0,0,0,1,Cattle and Calves Market Value Share
TX,McCulloch County,48307,31.205477,-99.359856,county_centroid,1065.601,7.833,2022,USDA NASS 2022 Ag Census Web Maps,Census Gazetteer 2024 county centroid,0,0,0.11,0,77.819999999999993,7.0000000000000007E-2,3,10823,15047,0,60.91,0,0,0,0,Cattle and Calves Market Value Share
TX,McLennan County,48309,31.549596,-97.201511,county_centroid,1036.69,23.553,2022,USDA NASS 2022 Ag Census Web Maps,Census Gazetteer 2024 county centroid,0.11,0.28000000000000003,28.95,11.19,30.49,,16,37977,69496,26.79,19.899999999999999,0.04,,0.03,2,Cattle and Calves Market Value Share
TX,McMullen County,48311,28.384922,-98.578853,county_centroid,1139.799,16.983,2022,USDA NASS 2022 Ag Census Web Maps,Census Gazetteer 2024 county centroid,0,0,,0,78.010000000000005,0,2,8583,8711,,0,0,0,0,2,Cattle and Calves Market Value Share
TX,Madison County,48313,30.966878,-95.930372,county_centroid,466.065,6.368,2022,USDA NASS 2022 Ag Census Web Maps,Census Gazetteer 2024 county centroid,,0.01,50.96,0,9.7899999999999991,,18,26064,20659,,,0,,,6,Poultry and Eggs Market Value Share
TX,Marion County,48315,32.798182,-94.356853,county_centroid,380.902,39.421,2022,USDA NASS 2022 Ag Census Web Maps,Census Gazetteer 2024 county centroid,,0.41,,0,22.94,,8,2552,1910,0,0,0,0,,4,Cattle and Calves Market Value Share
TX,Martin County,48317,32.30983,-101.961836,county_centroid,914.956,0.746,2022,USDA NASS 2022 Ag Census Web Maps,Census Gazetteer 2024 county centroid,0,,0.03,0,8.2899999999999991,0,1,1921,2385,0,,0,0,0,2,Cattle and Calves Market Value Share
TX,Mason County,48319,30.703916,-99.237302,county_centroid,928.836,3.38,2022,USDA NASS 2022 Ag Census Web Maps,Census Gazetteer 2024 county centroid,0.44,3.78,0.93,,55.14,,6,16032,27211,0,8.11,0,0,0.44,2,Cattle and Calves Market Value Share
TX,Matagorda County,48321,28.77476,-96.001532,county_centroid,1093.122,519.39,2022,USDA NASS 2022 Ag Census Web Maps,Census Gazetteer 2024 county centroid,,,0.04,0,14.56,,10,37584,29735,24.57,,1.81,,,6,Corn Grain Harvested Share of Harvested Cropland
TX,Maverick County,48323,28.729787,-100.316678,county_centroid,1279.476,12.302,2022,USDA NASS 2022 Ag Census Web Maps,Census Gazetteer 2024 county centroid,,0.11,0.13,0,,0.03,6,5491,24148,,0,0,0,,4,Poultry and Eggs Market Value Share
TX,Medina County,48325,29.353661,-99.111085,county_centroid,1325.361,9.172,2022,USDA NASS 2022 Ag Census Web Maps,Census Gazetteer 2024 county centroid,4.2,0.98,0.64,0,51.37,0.2,6,21468,27115,18.09,11.55,0,0,0.72,0,Cattle and Calves Market Value Share
TX,Menard County,48327,30.885268,-99.858861,county_centroid,902.027,0.237,2022,USDA NASS 2022 Ag Census Web Maps,Census Gazetteer 2024 county centroid,,,0.05,0,79.209999999999994,,3,10795,11962,,,0,0,0,5,Cattle and Calves Market Value Share
TX,Midland County,48329,31.814269,-102.002454,county_centroid,900.358,1.642,2022,USDA NASS 2022 Ag Census Web Maps,Census Gazetteer 2024 county centroid,,,,0,19.489999999999998,0.14000000000000001,1,3822,4096,,,,,,8,Cattle and Calves Market Value Share
TX,Milam County,48331,30.791242,-96.984395,county_centroid,1016.356,4.568,2022,USDA NASS 2022 Ag Census Web Maps,Census Gazetteer 2024 county centroid,0.13,0.36,39.89,,37.96,,20,58840,66469,28.79,5.51,,0,0.02,3,Poultry and Eggs Market Value Share
TX,Mills County,48333,31.494888,-98.594623,county_centroid,748.225,1.554,2022,USDA NASS 2022 Ag Census Web Maps,Census Gazetteer 2024 county centroid,,1.1200000000000001,0.1,,51.03,0.02,7,15660,25058,0,,0,0,0,3,Cattle and Calves Market Value Share
TX,Mitchell County,48335,32.304117,-100.924392,county_centroid,911.093,4.819,2022,USDA NASS 2022 Ag Census Web Maps,Census Gazetteer 2024 county centroid,0,0,0.06,,54.7,0.22,4,11408,19626,0,20.7,0,0,0,1,Cattle and Calves Market Value Share
TX,Montague County,48337,33.678356,-97.725014,county_centroid,930.906,7.37,2022,USDA NASS 2022 Ag Census Web Maps,Census Gazetteer 2024 county centroid,0.85,0.68,0.51,0,71.010000000000005,0.04,16,39031,46160,0,15.48,,0,0.14000000000000001,1,Cattle and Calves Market Value Share
TX,Montgomery County,48339,30.298801,-95.50295,county_centroid,1042.179,34.706,2022,USDA NASS 2022 Ag Census Web Maps,Census Gazetteer 2024 county centroid,1.99,2.34,17.54,1.49,24.5,,17,11517,8410,0.41,0,2.31,0.02,0.83,1,Cattle and Calves Market Value Share
TX,Moore County,48341,35.835676,-101.890502,county_centroid,899.698,9.923,2022,USDA NASS 2022 Ag Census Web Maps,Census Gazetteer 2024 county centroid,0,0,0,41.22,48.12,0,36,54850,219358,26.31,26.01,,0,0,1,Cattle and Calves Market Value Share
TX,Morris County,48343,33.116466,-94.731265,county_centroid,251.989,6.711,2022,USDA NASS 2022 Ag Census Web Maps,Census Gazetteer 2024 county centroid,0.19,0.09,89.84,0,8.19,,20,6201,5640,0,0,0,0,0.2,1,Poultry and Eggs Market Value Share
TX,Motley County,48345,34.057899,-100.793152,county_centroid,989.566,0.249,2022,USDA NASS 2022 Ag Census Web Maps,Census Gazetteer 2024 county centroid,0,0,0,0,46.47,,4,9824,9389,,,,,,6,Cattle and Calves Market Value Share
TX,Nacogdoches County,48347,31.62056,-94.62025,county_centroid,946.324,34.645,2022,USDA NASS 2022 Ag Census Web Maps,Census Gazetteer 2024 county centroid,0.3,0.04,94.88,0,3.95,0,18,21995,26844,0,0,0,0.02,0.69,0,Poultry and Eggs Market Value Share
TX,Navarro County,48349,32.048448,-96.476909,county_centroid,1009.702,76.3,2022,USDA NASS 2022 Ag Census Web Maps,Census Gazetteer 2024 county centroid,1.36,1.5,0.36,0,63.15,,14,41248,46890,19.940000000000001,6.1,0,0.03,0.17,1,Cattle and Calves Market Value Share
TX,Newton County,48351,30.786718,-93.73925,county_centroid,933.677,6.051,2022,USDA NASS 2022 Ag Census Web Maps,Census Gazetteer 2024 county centroid,9.65,2.77,6.17,,57.21,1.06,15,2608,1683,0.15,0,,0,1.43,2,Cattle and Calves Market Value Share
TX,Nolan County,48353,32.312338,-100.418108,county_centroid,911.997,1.951,2022,USDA NASS 2022 Ag Census Web Maps,Census Gazetteer 2024 county centroid,0,7.0000000000000007E-2,,0,61.96,0.15,6,7224,17377,,47.89,,0,0,3,Cattle and Calves Market Value Share
TX,Nueces County,48355,27.740032,-97.516214,county_centroid,839.287,326.289,2022,USDA NASS 2022 Ag Census Web Maps,Census Gazetteer 2024 county centroid,,,0.05,0,2.11,0.12,1,4246,3517,20.54,1.65,0,0,,3,Corn Grain Harvested Share of Harvested Cropland
TX,Ochiltree County,48357,36.278744,-100.815864,county_centroid,917.685,0.514,2022,USDA NASS 2022 Ag Census Web Maps,Census Gazetteer 2024 county centroid,0.48,0,0,0,,,17,6137,,19.829999999999998,37.71,1.19,0.2,0.2,3,All Wheat Harvested Share of Harvested Cropland
TX,Oldham County,48359,35.401921,-102.59762,county_centroid,1500.523,0.903,2022,USDA NASS 2022 Ag Census Web Maps,Census Gazetteer 2024 county centroid,0,0,,0,89.82,0,12,12916,50884,,45.85,0,0,0,2,Cattle and Calves Market Value Share
TX,Orange County,48361,30.122323,-93.8941,county_centroid,333.795,45.69,2022,USDA NASS 2022 Ag Census Web Maps,Census Gazetteer 2024 county centroid,,5.77,5.62,0,48.92,0.6,15,5241,3240,0,0,0,0.05,0.63,1,Cattle and Calves Market Value Share
TX,Palo Pinto County,48363,32.752204,-98.317967,county_centroid,952.549,32.959,2022,USDA NASS 2022 Ag Census Web Maps,Census Gazetteer 2024 county centroid,,1.1000000000000001,,0,82.74,0.06,8,25455,41077,0,10.43,,,0.02,4,Cattle and Calves Market Value Share
TX,Panola County,48365,32.163978,-94.305156,county_centroid,811.355,9.966,2022,USDA NASS 2022 Ag Census Web Maps,Census Gazetteer 2024 county centroid,0.26,,82.61,0,11.73,0,19,18026,14239,0,0,0,,0.1,2,Poultry and Eggs Market Value Share
TX,Parker County,48367,32.777096,-97.805905,county_centroid,903.719,6.376,2022,USDA NASS 2022 Ag Census Web Maps,Census Gazetteer 2024 county centroid,0.97,2.5499999999999998,1.44,,33.47,,13,24043,26282,0.38,0.51,0,,0.38,3,Cattle and Calves Market Value Share
TX,Parmer County,48369,34.532163,-102.784853,county_centroid,880.822,4.384,2022,USDA NASS 2022 Ag Census Web Maps,Census Gazetteer 2024 county centroid,0.16,0.01,,,64.95,0,64,65053,511630,2.93,16.25,,0,0.16,3,Cattle and Calves Market Value Share
TX,Pecos County,48371,30.773298,-102.718153,county_centroid,4763.835,0.978,2022,USDA NASS 2022 Ag Census Web Maps,Census Gazetteer 2024 county centroid,,,,0,32.299999999999997,0,1,15265,16898,,,,,,8,Cattle and Calves Market Value Share
TX,Polk County,48373,30.784553,-94.837338,county_centroid,1057.053,52.607,2022,USDA NASS 2022 Ag Census Web Maps,Census Gazetteer 2024 county centroid,0.06,4.63,1.54,,43.25,,11,5862,6253,0.11,0,0,0,0.05,2,Cattle and Calves Market Value Share
TX,Potter County,48375,35.398675,-101.893804,county_centroid,908.393,13.584,2022,USDA NASS 2022 Ag Census Web Maps,Census Gazetteer 2024 county centroid,,,0.1,0,90.23,0.05,7,11831,38137,,,,,,7,Cattle and Calves Market Value Share
TX,Presidio County,48377,30.005891,-104.261619,county_centroid,3855.252,0.685,2022,USDA NASS 2022 Ag Census Web Maps,Census Gazetteer 2024 county centroid,0,,0.01,0,,0,1,18971,27914,0,0,0,0,0,2,Poultry and Eggs Market Value Share
TX,Rains County,48379,32.870457,-95.795613,county_centroid,229.49,29.338,2022,USDA NASS 2022 Ag Census Web Maps,Census Gazetteer 2024 county centroid,10.199999999999999,,1.84,17.149999999999999,24.86,,25,11148,9960,,,0,,3.4,5,Cattle and Calves Market Value Share
TX,Randall County,48381,34.962529,-101.895547,county_centroid,912.711,9.731,2022,USDA NASS 2022 Ag Census Web Maps,Census Gazetteer 2024 county centroid,7.0000000000000007E-2,0.01,0.03,0,94.12,0.01,40,14286,412425,,,,,,5,Cattle and Calves Market Value Share
TX,Reagan County,48383,31.375191,-101.514395,county_centroid,1175.314,0.692,2022,USDA NASS 2022 Ag Census Web Maps,Census Gazetteer 2024 county centroid,0,,,0,73.099999999999994,0,1,5465,7096,,62.75,0,0,0,3,Cattle and Calves Market Value Share
TX,Real County,48385,29.830097,-99.812549,county_centroid,699.16,0.905,2022,USDA NASS 2022 Ag Census Web Maps,Census Gazetteer 2024 county centroid,0,,,0,45.52,,1,2273,1692,0,0,0,0,0,3,Cattle and Calves Market Value Share
TX,Red River County,48387,33.619625,-95.048429,county_centroid,1043.896,12.84,2022,USDA NASS 2022 Ag Census Web Maps,Census Gazetteer 2024 county centroid,0.34,0.18,,,50.52,0.02,16,42733,54912,,3.6,5.75,0,0.2,3,Cattle and Calves Market Value Share
TX,Reeves County,48389,31.308366,-103.712706,county_centroid,2635.354,6.717,2022,USDA NASS 2022 Ag Census Web Maps,Census Gazetteer 2024 county centroid,7.05,,,0,22.44,0.01,2,7328,6897,,6.49,0,0,3.29,3,Cattle and Calves Market Value Share
TX,Refugio County,48391,28.322116,-97.162472,county_centroid,770.484,47.756,2022,USDA NASS 2022 Ag Census Web Maps,Census Gazetteer 2024 county centroid,5.12,0.21,0.18,0,25.13,0,7,15564,10934,9.93,0,0,0,0.92,0,Cattle and Calves Market Value Share
TX,Roberts County,48393,35.838596,-100.836682,county_centroid,924.058,0.134,2022,USDA NASS 2022 Ag Census Web Maps,Census Gazetteer 2024 county centroid,0,0,0,0,,0,3,11689,14796,,,,,,6,"Vegetables, Melons, Potatoes, and Sweet Potatoes Market Value Share"
TX,Robertson County,48395,31.025481,-96.514941,county_centroid,855.155,10.553,2022,USDA NASS 2022 Ag Census Web Maps,Census Gazetteer 2024 county centroid,0.19,0.46,59.26,7.72,22.71,0.04,21,56879,53488,12.71,,,0,0.11,2,Poultry and Eggs Market Value Share
TX,Rockwall County,48397,32.899886,-96.41205,county_centroid,127.21,21.723,2022,USDA NASS 2022 Ag Census Web Maps,Census Gazetteer 2024 county centroid,0,,1.1499999999999999,0,21.09,,15,2194,1565,0,,0,0,0,3,Cattle and Calves Market Value Share
TX,Runnels County,48399,31.845119,-99.982715,county_centroid,1051.07,6.025,2022,USDA NASS 2022 Ag Census Web Maps,Census Gazetteer 2024 county centroid,0.25,7.0000000000000007E-2,0.04,,68.98,0.22,5,16184,44757,1.01,56.81,0,0,0.11,1,Cattle and Calves Market Value Share
TX,Rusk County,48401,32.109423,-94.756382,county_centroid,924.199,14.37,2022,USDA NASS 2022 Ag Census Web Maps,Census Gazetteer 2024 county centroid,0.99,0.18,64.709999999999994,0,26.09,,19,23386,29322,,0,0,0.39,0.75,2,Poultry and Eggs Market Value Share
TX,Sabine County,48403,31.3433,-93.851913,county_centroid,491.71,84.918,2022,USDA NASS 2022 Ag Census Web Maps,Census Gazetteer 2024 county centroid,,,,,,,18,3028,2101,0,0,0,,,8,Corn Grain Harvested Share of Harvested Cropland
TX,San Augustine County,48405,31.382449,-94.16318,county_centroid,530.659,61.639,2022,USDA NASS 2022 Ag Census Web Maps,Census Gazetteer 2024 county centroid,0.18,0.03,98.24,0,1.1499999999999999,0,18,4787,4357,0.18,0,0,0.02,1.17,0,Poultry and Eggs Market Value Share
TX,San Jacinto County,48407,30.574388,-95.163136,county_centroid,569.243,58.668,2022,USDA NASS 2022 Ag Census Web Maps,Census Gazetteer 2024 county centroid,,0.68,2.12,0,51.81,0.05,19,8769,6174,1.58,0,0,,,3,Cattle and Calves Market Value Share
TX,San Patricio County,48409,28.011794,-97.517157,county_centroid,693.321,14.491,2022,USDA NASS 2022 Ag Census Web Maps,Census Gazetteer 2024 county centroid,0.25,0,0.05,0,14.38,0.1,4,5933,9688,18.5,0.68,,,0.02,2,Corn Grain Harvested Share of Harvested Cropland
TX,San Saba County,48411,31.155138,-98.819292,county_centroid,1135.313,3.205,2022,USDA NASS 2022 Ag Census Web Maps,Census Gazetteer 2024 county centroid,2.34,6.56,0.2,0,84.34,,6,24086,36506,0,3.08,0,0.12,0.4,1,Cattle and Calves Market Value Share
TX,Schleicher County,48413,30.896233,-100.527216,county_centroid,1310.642,0.034,2022,USDA NASS 2022 Ag Census Web Maps,Census Gazetteer 2024 county centroid,0,7.0000000000000007E-2,0.05,0,56.05,,2,10403,14422,12.97,,0,0,0,2,Cattle and Calves Market Value Share
TX,Scurry County,48415,32.744353,-100.913346,county_centroid,905.445,2.099,2022,USDA NASS 2022 Ag Census Web Maps,Census Gazetteer 2024 county centroid,0,,0.27,,,0.04,2,7626,6994,,16.21,0,0,0,4,All Wheat Harvested Share of Harvested Cropland
TX,Shackelford County,48417,32.74382,-99.347005,county_centroid,914.286,1.262,2022,USDA NASS 2022 Ag Census Web Maps,Census Gazetteer 2024 county centroid,0,0.01,0.08,0,92.74,,5,14056,14782,,,,,,6,Cattle and Calves Market Value Share
TX,Shelby County,48419,31.790139,-94.142579,county_centroid,795.589,39.028,2022,USDA NASS 2022 Ag Census Web Maps,Census Gazetteer 2024 county centroid,0.15,0,96.31,,2.87,0.04,17,29421,22446,,0,0,7.0000000000000007E-2,0.87,2,Poultry and Eggs Market Value Share
TX,Sherman County,48421,36.278593,-101.899265,county_centroid,922.86,0.164,2022,USDA NASS 2022 Ag Census Web Maps,Census Gazetteer 2024 county centroid,0,0,0,,66.69,,43,13232,369120,40.15,17.03,0.19,0,0,2,Cattle and Calves Market Value Share
TX,Smith County,48423,32.375105,-95.268939,county_centroid,921.485,28.236,2022,USDA NASS 2022 Ag Census Web Maps,Census Gazetteer 2024 county centroid,2.83,6.07,25.86,0,25.88,,18,25535,27064,0.06,0,0,0.03,0.61,1,Cattle and Calves Market Value Share
TX,Somervell County,48425,32.218071,-97.769217,county_centroid,186.207,5.485,2022,USDA NASS 2022 Ag Census Web Maps,Census Gazetteer 2024 county centroid,,0.67,0.33,0,41.59,0.09,7,4634,3115,0,,0,0,,3,Cattle and Calves Market Value Share
TX,Starr County,48427,26.530903,-98.740235,county_centroid,1223.179,5.941,2022,USDA NASS 2022 Ag Census Web Maps,Census Gazetteer 2024 county centroid,,0.01,,,69.290000000000006,,11,20019,37243,15.02,0,0,0,,5,Cattle and Calves Market Value Share
TX,Stephens County,48429,32.738052,-98.839344,county_centroid,896.721,24.768,2022,USDA NASS 2022 Ag Census Web Maps,Census Gazetteer 2024 county centroid,,0,1.23,0,87.44,,5,11103,9650,9.1300000000000008,10.83,12.62,0,,3,Cattle and Calves Market Value Share
TX,Sterling County,48431,31.835773,-101.054911,county_centroid,923.449,0.065,2022,USDA NASS 2022 Ag Census Web Maps,Census Gazetteer 2024 county centroid,0,0,,,83.32,0.01,2,7951,10518,,,,,,7,Cattle and Calves Market Value Share
TX,Stonewall County,48433,33.17958,-100.253807,county_centroid,916.313,3.93,2022,USDA NASS 2022 Ag Census Web Maps,Census Gazetteer 2024 county centroid,0,,,0,79.540000000000006,0.47,4,9051,12884,0,13.19,0,0,0,2,Cattle and Calves Market Value Share
TX,Sutton County,48435,30.522185,-100.513359,county_centroid,1453.935,0.493,2022,USDA NASS 2022 Ag Census Web Maps,Census Gazetteer 2024 county centroid,0,0,,0,49.07,,1,7607,11505,,,0,0,0,4,Cattle and Calves Market Value Share
TX,Swisher County,48437,34.526319,-101.743865,county_centroid,890.16,10.532,2022,USDA NASS 2022 Ag Census Web Maps,Census Gazetteer 2024 county centroid,,0,,0,92.27,,36,13356,366985,,,,,,8,Cattle and Calves Market Value Share
TX,Tarrant County,48439,32.772119,-97.291224,county_centroid,865.364,38.412,2022,USDA NASS 2022 Ag Census Web Maps,Census Gazetteer 2024 county centroid,7.63,0.5,,,36.369999999999997,7.0000000000000007E-2,6,4938,8777,0,38.64,0,0,3.12,2,All Wheat Harvested Share of Harvested Cropland
TX,Taylor County,48441,32.297126,-99.89043,county_centroid,915.536,3.768,2022,USDA NASS 2022 Ag Census Web Maps,Census Gazetteer 2024 county centroid,0.5,0.21,0.77,0,47.16,0.5,4,8726,11333,,58.81,0,,0.04,2,All Wheat Harvested Share of Harvested Cropland
TX,Terrell County,48443,30.232343,-102.072513,county_centroid,2357.958,0.1,2022,USDA NASS 2022 Ag Census Web Maps,Census Gazetteer 2024 county centroid,0,0,,0,51.85,0,1,3043,3187,,,,,,6,Cattle and Calves Market Value Share
TX,Terry County,48445,33.171229,-102.339284,county_centroid,888.851,2.09,2022,USDA NASS 2022 Ag Census Web Maps,Census Gazetteer 2024 county centroid,14.25,13.4,0.02,,,0.06,2,7736,7661,,,,,,7,"Vegetables, Melons, Potatoes, and Sweet Potatoes Market Value Share"
TX,Throckmorton County,48447,33.170695,-99.205796,county_centroid,912.552,2.929,2022,USDA NASS 2022 Ag Census Web Maps,Census Gazetteer 2024 county centroid,0,0,0,0,85.34,0,8,20988,31817,,,,,,5,Cattle and Calves Market Value Share
TX,Titus County,48449,33.214599,-94.966783,county_centroid,406.302,19.341,2022,USDA NASS 2022 Ag Census Web Maps,Census Gazetteer 2024 county centroid,,0.01,93.46,0,4.95,,20,17997,15303,,0,0,0,,4,Poultry and Eggs Market Value Share
TX,Tom Green County,48451,31.398295,-100.46385,county_centroid,1522.32,18.244,2022,USDA NASS 2022 Ag Census Web Maps,Census Gazetteer 2024 county centroid,0.14000000000000001,,0.22,,53.66,,3,14416,39603,9.49,38.01,0,0,0.04,3,Cattle and Calves Market Value Share
TX,Travis County,48453,30.239513,-97.69127,county_centroid,994.313,30.714,2022,USDA NASS 2022 Ag Census Web Maps,Census Gazetteer 2024 county centroid,8.7899999999999991,2.72,14.25,0,36.450000000000003,,12,8897,20947,45.72,0.9,0,0,1.62,1,Corn Grain Harvested Share of Harvested Cropland
TX,Trinity County,48455,31.096675,-95.151687,county_centroid,693.795,20.178,2022,USDA NASS 2022 Ag Census Web Maps,Census Gazetteer 2024 county centroid,2.48,,0.56000000000000005,0,68.84,,21,9281,7786,0,0,0,0,0.52,2,Cattle and Calves Market Value Share
TX,Tyler County,48457,30.769295,-94.375656,county_centroid,924.39,11.233,2022,USDA NASS 2022 Ag Census Web Maps,Census Gazetteer 2024 county centroid,2.82,2.4,3.12,0,34.979999999999997,,14,5913,4300,0.2,0,7.0000000000000007E-2,,0.82,2,Cattle and Calves Market Value Share
TX,Upshur County,48459,32.735349,-94.941184,county_centroid,582.98,9.605,2022,USDA NASS 2022 Ag Census Web Maps,Census Gazetteer 2024 county centroid,0.38,0.75,56.55,16.2,23.05,0.03,29,26277,22721,,,0,0,0.22,2,Poultry and Eggs Market Value Share
TX,Upton County,48461,31.353816,-102.041546,county_centroid,1241.323,0.179,2022,USDA NASS 2022 Ag Census Web Maps,Census Gazetteer 2024 county centroid,,,,0,16.489999999999998,,1,1965,2141,,,0,0,,7,Cattle and Calves Market Value Share
TX,Uvalde County,48463,29.350308,-99.768427,county_centroid,1551.922,6.712,2022,USDA NASS 2022 Ag Census Web Maps,Census Gazetteer 2024 county centroid,11.87,0.68,0.04,0,45.72,,4,16858,33267,23.16,16.09,0,,3.83,2,Cattle and Calves Market Value Share
TX,Val Verde County,48465,29.875285,-101.143324,county_centroid,3144.75,87.92,2022,USDA NASS 2022 Ag Census Web Maps,Census Gazetteer 2024 county centroid,,,,0,42.3,,1,8018,9828,0,0,0,0,,5,Cattle and Calves Market Value Share
TX,Van Zandt County,48467,32.558787,-95.836906,county_centroid,842.572,17.046,2022,USDA NASS 2022 Ag Census Web Maps,Census Gazetteer 2024 county centroid,4.28,,0.34,25.74,27.95,,23,55275,62581,,,0,0.01,1.24,4,Cattle and Calves Market Value Share
TX,Victoria County,48469,28.79637,-96.971198,county_centroid,882.087,6.748,2022,USDA NASS 2022 Ag Census Web Maps,Census Gazetteer 2024 county centroid,,,,,33.65,,11,37808,28772,36.06,,2.44,,,8,Corn Grain Harvested Share of Harvested Cropland
TX,Walker County,48471,30.743163,-95.569825,county_centroid,784.224,17.275,2022,USDA NASS 2022 Ag Census Web Maps,Census Gazetteer 2024 county centroid,,5.52,5.89,,55.21,,18,21858,16352,,0,,,0.47,6,Cattle and Calves Market Value Share
TX,Waller County,48473,30.01359,-95.982149,county_centroid,513.297,4.567,2022,USDA NASS 2022 Ag Census Web Maps,Census Gazetteer 2024 county centroid,4.04,,,0.85,15.5,,20,27587,20871,3.99,,0,0.01,2.34,4,Cattle and Calves Market Value Share
TX,Ward County,48475,31.513069,-103.105113,county_centroid,835.603,0.241,2022,USDA NASS 2022 Ag Census Web Maps,Census Gazetteer 2024 county centroid,,,,,,,1,3035,3375,0,,0,0,0,7,Corn Grain Harvested Share of Harvested Cropland
TX,Washington County,48477,30.215075,-96.410272,county_centroid,604.194,17.556,2022,USDA NASS 2022 Ag Census Web Maps,Census Gazetteer 2024 county centroid,,0.47,,,46.92,1.5,15,35061,29592,,0,0,0.01,,5,Cattle and Calves Market Value Share
TX,Webb County,48479,27.760799,-99.340752,county_centroid,3361.498,14.094,2022,USDA NASS 2022 Ag Census Web Maps,Census Gazetteer 2024 county centroid,0,,,0,87.71,0,2,25073,30795,,,0,0,0,4,Cattle and Calves Market Value Share
TX,Wharton County,48481,29.27848,-96.229674,county_centroid,1086.144,8.226,2022,USDA NASS 2022 Ag Census Web Maps,Census Gazetteer 2024 county centroid,0.71,0.1,0.04,0,7.45,0.03,10,37335,31901,31.27,0.28999999999999998,1.71,0.01,0.16,0,Corn Grain Harvested Share of Harvested Cropland
TX,Wheeler County,48483,35.392597,-100.253105,county_centroid,914.533,0.948,2022,USDA NASS 2022 Ag Census Web Maps,Census Gazetteer 2024 county centroid,0,,0.01,,,,10,27363,69239,,8.35,0,0,0,5,All Wheat Harvested Share of Harvested Cropland
TX,Wichita County,48485,33.988212,-98.70801,county_centroid,627.593,5.269,2022,USDA NASS 2022 Ag Census Web Maps,Census Gazetteer 2024 county centroid,,,0.17,,49.51,0.03,11,11581,21784,3.35,58.38,,0,,5,All Wheat Harvested Share of Harvested Cropland
TX,Wilbarger County,48487,34.08492,-99.24244,county_centroid,970.946,7.028,2022,USDA NASS 2022 Ag Census Web Maps,Census Gazetteer 2024 county centroid,,,,0,43.79,,6,15803,19956,0.77,55.04,0,0,0.01,4,All Wheat Harvested Share of Harvested Cropland
TX,Willacy County,48489,26.481861,-97.594731,county_centroid,590.613,194.154,2022,USDA NASS 2022 Ag Census Web Maps,Census Gazetteer 2024 county centroid,9.57,,7.0000000000000007E-2,0,5.01,0.01,5,7816,5463,8.64,,,0,0.77,3,"Vegetables, Melons, Potatoes, and Sweet Potatoes Market Value Share"
TX,Williamson County,48491,30.649082,-97.605065,county_centroid,1115.847,16.037,2022,USDA NASS 2022 Ag Census Web Maps,Census Gazetteer 2024 county centroid,1.36,0.5,0.61,,26.27,,12,27845,29687,55.71,9.36,,,0.14000000000000001,4,Corn Grain Harvested Share of Harvested Cropland
TX,Wilson County,48493,29.173883,-98.086734,county_centroid,803.735,4.676,2022,USDA NASS 2022 Ag Census Web Maps,Census Gazetteer 2024 county centroid,,,0.22,,83.27,0.05,28,42365,107785,7.1,3.99,,,0.59,5,Cattle and Calves Market Value Share
TX,Winkler County,48495,31.832862,-103.054925,county_centroid,841.269,0.008,2022,USDA NASS 2022 Ag Census Web Maps,Census Gazetteer 2024 county centroid,0,0,,0,99.12,0,2,2429,2431,0,,0,0,0,2,Cattle and Calves Market Value Share
TX,Wise County,48497,33.219346,-97.652986,county_centroid,904.454,18.102,2022,USDA NASS 2022 Ag Census Web Maps,Census Gazetteer 2024 county centroid,1.1499999999999999,1.1399999999999999,0.93,,64.430000000000007,0.12,15,32316,48043,0.02,3.3,0,0.01,0.21,1,Cattle and Calves Market Value Share
TX,Wood County,48499,32.783588,-95.382166,county_centroid,645.244,50.475,2022,USDA NASS 2022 Ag Census Web Maps,Census Gazetteer 2024 county centroid,0.75,,83.86,4.32,6.53,,20,24908,18543,0,0,0,0,0.86,2,Poultry and Eggs Market Value Share
TX,Yoakum County,48501,33.162339,-102.832241,county_centroid,799.715,0.013,2022,USDA NASS 2022 Ag Census Web Maps,Census Gazetteer 2024 county centroid,,12.98,0.01,0,6.03,0.02,2,3043,4600,5.57,6.89,0,0,0.82,1,"Fruits, Tree Nuts, and Berries Market Value Share"
TX,Young County,48503,33.158778,-98.67839,county_centroid,914.498,16.36,2022,USDA NASS 2022 Ag Census Web Maps,Census Gazetteer 2024 county centroid,0,0.72,,0,80.91,,9,22749,24680,0,56.64,0,0,0,2,Cattle and Calves Market Value Share
TX,Zapata County,48505,26.996981,-99.182603,county_centroid,998.412,59.603,2022,USDA NASS 2022 Ag Census Web Maps,Census Gazetteer 2024 county centroid,0,0,,0,93.4,0,4,8210,6310,0,0,0,0,0,1,Cattle and Calves Market Value Share
TX,Zavala County,48507,28.864652,-99.75983,county_centroid,1297.407,4.328,2022,USDA NASS 2022 Ag Census Web Maps,Census Gazetteer 2024 county centroid,48.32,2.04,,0,42.58,0,5,11658,27142,8.41,17,0,0,23.31,1,"Vegetables, Melons, Potatoes, and Sweet Potatoes Market Value Share"
UT,Beaver County,49001,38.357535,-113.238948,county_centroid,2582.912,2.046,2022,USDA NASS 2022 Ag Census Web Maps,Census Gazetteer 2024 county centroid,,,0.01,,5,86.72,18,12351,10961,2.7,,0,0,0.01,4,Hogs and Pigs Market Value Share
UT,Box Elder County,49003,41.622623,-113.060252,county_centroid,5781.304,947.943,2022,USDA NASS 2022 Ag Census Web Maps,Census Gazetteer 2024 county centroid,9.76,,0.24,24,24.03,,7,44250,42006,5.87,30.33,0,0,1.32,2,All Wheat Harvested Share of Harvested Cropland
UT,Cache County,49005,41.734118,-111.745394,county_centroid,1164.687,8.153,2022,USDA NASS 2022 Ag Census Web Maps,Census Gazetteer 2024 county centroid,2.96,0.89,,42.16,11.83,,19,26954,21994,2.71,14.51,,,0.98,4,Milk from Cows Market Value Share
UT,Carbon County,49007,39.673284,-110.588484,county_centroid,1479.343,5.979,2022,USDA NASS 2022 Ag Census Web Maps,Census Gazetteer 2024 county centroid,0.88,1.42,0.3,0,53.11,0.2,5,5545,4860,0.72,,0,,0.13,2,Cattle and Calves Market Value Share
UT,Daggett County,49009,40.890099,-109.505785,county_centroid,696.515,23.641,2022,USDA NASS 2022 Ag Census Web Maps,Census Gazetteer 2024 county centroid,,,,0,43.03,0.15,11,1191,978,0,0,0,0,,4,Cattle and Calves Market Value Share
UT,Davis County,49011,41.037559,-112.201943,county_centroid,324.753,310.484,2022,USDA NASS 2022 Ag Census Web Maps,Census Gazetteer 2024 county centroid,14.48,3.71,0.21,0,6.81,0.22,6,1749,1798,,10.54,0,,9.77,2,"Vegetables, Melons, Potatoes, and Sweet Potatoes Market Value Share"
UT,Duchesne County,49013,40.289393,-110.429584,county_centroid,3235.523,14.985,2022,USDA NASS 2022 Ag Census Web Maps,Census Gazetteer 2024 county centroid,0.14000000000000001,0.08,0.21,27.06,40.11,0.06,4,26860,25795,4.49,,0,0.01,0.03,1,Cattle and Calves Market Value Share
UT,Emery County,49015,39.009025,-110.7211,county_centroid,4462.635,9.535,2022,USDA NASS 2022 Ag Census Web Maps,Census Gazetteer 2024 county centroid,3.8,0.45,,,44.42,,16,12454,8562,,0.87,0,0,,5,Cattle and Calves Market Value Share
UT,Garfield County,49017,37.831663,-111.450907,county_centroid,5179.556,29.335,2022,USDA NASS 2022 Ag Census Web Maps,Census Gazetteer 2024 county centroid,,0.19,,0,,0.04,13,7945,8439,0,,0,0,0.27,4,Vegetables Harvested Share of Harvested Cropland
UT,Grand County,49019,38.974326,-109.57345,county_centroid,3672.858,11.828,2022,USDA NASS 2022 Ag Census Web Maps,Census Gazetteer 2024 county centroid,,3.02,0.11,0,35.340000000000003,0,2,2105,1629,,0,0,0.01,,3,Cattle and Calves Market Value Share
UT,Iron County,49021,37.909304,-113.30674,county_centroid,3296.167,4.398,2022,USDA NASS 2022 Ag Census Web Maps,Census Gazetteer 2024 county centroid,,,0.03,34.369999999999997,7.94,,8,25182,29177,,0.56999999999999995,0,0,0.02,4,Milk from Cows Market Value Share
UT,Juab County,49023,39.71412,-112.790471,county_centroid,3391.812,14.005,2022,USDA NASS 2022 Ag Census Web Maps,Census Gazetteer 2024 county centroid,0.15,,4.62,,15.5,0.01,7,10225,8385,,15.89,0,0.02,0.06,3,All Wheat Harvested Share of Harvested Cropland
UT,Kane County,49025,37.275089,-111.815329,county_centroid,3994.14,113.068,2022,USDA NASS 2022 Ag Census Web Maps,Census Gazetteer 2024 county centroid,,1.92,0.23,0,85.2,,7,5455,4614,,0,0,,0.28999999999999998,4,Cattle and Calves Market Value Share
UT,Millard County,49027,38.956744,-113.133092,county_centroid,6785.482,51.465,2022,USDA NASS 2022 Ag Census Web Maps,Census Gazetteer 2024 county centroid,,,,25.88,9.64,,13,30215,24949,2.36,5.28,0,0,,5,Milk from Cows Market Value Share
UT,Morgan County,49029,41.091027,-111.577885,county_centroid,609.197,1.713,2022,USDA NASS 2022 Ag Census Web Maps,Census Gazetteer 2024 county centroid,0.42,0.34,0.21,18.309999999999999,28.85,,4,5191,4163,0,0,0,,0.06,2,Cattle and Calves Market Value Share
UT,Piute County,49031,38.335881,-112.129375,county_centroid,758.21,7.833,2022,USDA NASS 2022 Ag Census Web Maps,Census Gazetteer 2024 county centroid,,0,6.49,,21.8,0,40,10026,7658,0,,0,0,,4,Cattle and Calves Market Value Share
UT,Rich County,49033,41.627598,-111.240227,county_centroid,1028.758,57.57,2022,USDA NASS 2022 Ag Census Web Maps,Census Gazetteer 2024 county centroid,,,0.02,,62.83,,11,25096,22058,0,0,0,0,,5,Cattle and Calves Market Value Share
UT,Salt Lake County,49035,40.667883,-111.92424,county_centroid,752.852,52.84,2022,USDA NASS 2022 Ag Census Web Maps,Census Gazetteer 2024 county centroid,4.3899999999999997,1.67,0.59,,3.27,,3,768,522,0.48,31.31,0,0.23,5.61,2,All Wheat Harvested Share of Harvested Cropland
UT,San Juan County,49037,37.602633,-109.791574,county_centroid,7823.765,110.044,2022,USDA NASS 2022 Ag Census Web Maps,Census Gazetteer 2024 county centroid,3.65,,,0,45.35,,1,8986,9647,,78.2,0,0,0.26,4,All Wheat Harvested Share of Harvested Cropland
UT,Sanpete County,49039,39.373426,-111.576933,county_centroid,1589.816,12.419,2022,USDA NASS 2022 Ag Census Web Maps,Census Gazetteer 2024 county centroid,0.42,0.03,44.2,22.03,15.65,,19,22340,30978,,2.2400000000000002,0,0.02,0.45,2,Poultry and Eggs Market Value Share
UT,Sevier County,49041,38.746824,-111.81193,county_centroid,1910.476,7.776,2022,USDA NASS 2022 Ag Census Web Maps,Census Gazetteer 2024 county centroid,0.53,0.2,0.14000000000000001,29.58,51.41,,34,21124,35543,1.59,1.63,0,0,0.26,1,Cattle and Calves Market Value Share
UT,Summit County,49043,40.87206,-110.968486,county_centroid,1870.674,10.051,2022,USDA NASS 2022 Ag Census Web Maps,Census Gazetteer 2024 county centroid,1.69,,0.17,,50.13,1.71,6,12731,15088,0,0,0,0.03,0.39,2,Cattle and Calves Market Value Share
UT,Tooele County,49045,40.467753,-113.123979,county_centroid,7040.271,245.745,2022,USDA NASS 2022 Ag Census Web Maps,Census Gazetteer 2024 county centroid,0.28000000000000003,,,,,7.0000000000000007E-2,6,12501,20166,0.1,,0,,0.16,6,"Vegetables, Melons, Potatoes, and Sweet Potatoes Market Value Share"
UT,Uintah County,49047,40.125887,-109.517748,county_centroid,4482.881,21.609,2022,USDA NASS 2022 Ag Census Web Maps,Census Gazetteer 2024 county centroid,0.65,,,,37.61,0.09,2,18597,20768,12.26,1.7,0,0.02,0.41,3,Cattle and Calves Market Value Share
UT,Utah County,49049,40.120418,-111.668563,county_centroid,2004.46,139.838,2022,USDA NASS 2022 Ag Census Web Maps,Census Gazetteer 2024 county centroid,,8.3000000000000007,,33.229999999999997,9.73,0.23,20,38290,21886,2.12,13.61,0,0.05,0.56000000000000005,2,Milk from Cows Market Value Share
UT,Wasatch County,49051,40.334884,-111.161568,county_centroid,1176.952,30.544,2022,USDA NASS 2022 Ag Census Web Maps,Census Gazetteer 2024 county centroid,3.61,0.46,0.35,13.77,,0.06,8,4955,4636,0.05,0,0,0.15,0.75,1,Milk from Cows Market Value Share
UT,Washington County,49053,37.262531,-113.4878,county_centroid,2427.589,3.005,2022,USDA NASS 2022 Ag Census Web Maps,Census Gazetteer 2024 county centroid,,5.79,0.44,0,47.61,,11,6662,7135,4.63,0,0,0.06,1.47,2,Cattle and Calves Market Value Share
UT,Wayne County,49055,38.259856,-110.990872,county_centroid,2461.094,5.661,2022,USDA NASS 2022 Ag Census Web Maps,Census Gazetteer 2024 county centroid,0.15,5.44,0.14000000000000001,,54.27,7.0000000000000007E-2,36,7633,7437,0,0,0,,0.17,2,Cattle and Calves Market Value Share
UT,Weber County,49057,41.270325,-111.876883,county_centroid,611.023,48.881,2022,USDA NASS 2022 Ag Census Web Maps,Census Gazetteer 2024 county centroid,12.09,,0.24,28.05,14.28,,21,7576,10251,1.35,3.62,0,0.11,5.68,2,Milk from Cows Market Value Share
VT,Addison County,50001,44.031248,-73.141581,county_centroid,766.331,41.433,2022,USDA NASS 2022 Ag Census Web Maps,Census Gazetteer 2024 county centroid,1.81,1.74,5.18,69.37,5.36,0.15,35,33254,16577,1.96,0.6,3.66,0.01,0.23,0,Milk from Cows Market Value Share
VT,Bennington County,50003,43.035328,-73.111496,county_centroid,674.237,2.663,2022,USDA NASS 2022 Ag Census Web Maps,Census Gazetteer 2024 county centroid,5.4,12.33,,25.2,1.42,0.14000000000000001,7,1462,669,0,0,0,0.12,2,1,Milk from Cows Market Value Share
VT,Caledonia County,50005,44.468791,-72.112168,county_centroid,649.213,8.63,2022,USDA NASS 2022 Ag Census Web Maps,Census Gazetteer 2024 county centroid,3.78,2.06,6.38,51.31,13.87,0.83,15,5853,7292,,,0,0.03,0.51,2,Milk from Cows Market Value Share
VT,Chittenden County,50007,44.463329,-73.06941,county_centroid,536.849,83.812,2022,USDA NASS 2022 Ag Census Web Maps,Census Gazetteer 2024 county centroid,10.7,7.28,1.49,29.93,3.92,0.31,10,4238,2927,4.1500000000000004,1.22,3.26,0.12,3.18,0,Milk from Cows Market Value Share
VT,Essex County,50009,44.724021,-71.732736,county_centroid,662.37,11.077,2022,USDA NASS 2022 Ag Census Web Maps,Census Gazetteer 2024 county centroid,5.54,2.42,,18.39,1.1200000000000001,,3,635,366,,0,0,3.11,3.32,3,Milk from Cows Market Value Share
VT,Franklin County,50011,44.858964,-72.909402,county_centroid,630.961,58.167,2022,USDA NASS 2022 Ag Census Web Maps,Census Gazetteer 2024 county centroid,0.89,0.2,0.56999999999999995,65.25,6.09,,26,29959,18848,8.32,,1.56,0.03,0.49,2,Milk from Cows Market Value Share
VT,Grand Isle County,50013,44.801787,-73.300759,county_centroid,81.77,111.566,2022,USDA NASS 2022 Ag Census Web Maps,Census Gazetteer 2024 county centroid,2.85,4,,72.900000000000006,5.21,0,36,3017,2023,8.09,0,,,0.67,3,Milk from Cows Market Value Share
VT,Lamoille County,50015,44.611192,-72.632659,county_centroid,461.255,4.921,2022,USDA NASS 2022 Ag Census Web Maps,Census Gazetteer 2024 county centroid,3.87,2.5099999999999998,0.56999999999999995,20.69,6.77,,5,1537,1598,,0,,,4.05,4,Milk from Cows Market Value Share
VT,Orange County,50017,44.003373,-72.369579,county_centroid,687.008,4.635,2022,USDA NASS 2022 Ag Census Web Maps,Census Gazetteer 2024 county centroid,4.5199999999999996,2.41,0.28999999999999998,64.040000000000006,6.49,0.17,20,9372,5615,0,0,0,0.2,1.68,0,Milk from Cows Market Value Share
VT,Orleans County,50019,44.828442,-72.25163,county_centroid,694.552,27.571,2022,USDA NASS 2022 Ag Census Web Maps,Census Gazetteer 2024 county centroid,0.96,0.84,,68.17,6.46,0.14000000000000001,24,16689,10512,,0,0,0.04,0.24,2,Milk from Cows Market Value Share
VT,Rutland County,50021,43.612399,-73.060304,county_centroid,930.552,14.964,2022,USDA NASS 2022 Ag Census Web Maps,Census Gazetteer 2024 county centroid,8.6300000000000008,1.42,0.67,34.47,15.39,0.45,7,4307,5508,3.2,,0.91,0.1,1.52,1,Milk from Cows Market Value Share
VT,Washington County,50023,44.274969,-72.609444,county_centroid,687.06,8.308,2022,USDA NASS 2022 Ag Census Web Maps,Census Gazetteer 2024 county centroid,5.89,2.63,0.68,56.54,5.71,0.21,13,4063,2633,1.83,0,0,0.04,1.96,0,Milk from Cows Market Value Share
VT,Windham County,50025,42.995304,-72.721877,county_centroid,785.959,12.709,2022,USDA NASS 2022 Ag Census Web Maps,Census Gazetteer 2024 county centroid,13.51,16.47,1.23,42.32,5.07,,11,2247,1506,0.04,0,0,0.1,5.23,1,Milk from Cows Market Value Share
VT,Windsor County,50027,43.572448,-72.598813,county_centroid,969.144,7.477,2022,USDA NASS 2022 Ag Census Web Maps,Census Gazetteer 2024 county centroid,23.74,5.77,1.37,29.14,7.11,0.77,7,3259,2444,,0,0,7.0000000000000007E-2,2.71,1,Milk from Cows Market Value Share
VA,Accomack County,51001,37.765944,-75.757807,county_centroid,449.303,860.737,2022,USDA NASS 2022 Ag Census Web Maps,Census Gazetteer 2024 county centroid,2.68,0.04,79.930000000000007,0,0.02,,0,136,80,39.19,19.579999999999998,53.52,1.86,2.4500000000000002,1,Poultry and Eggs Market Value Share
VA,Albemarle County,51003,38.024184,-78.553506,county_centroid,720.477,5.487,2022,USDA NASS 2022 Ag Census Web Maps,Census Gazetteer 2024 county centroid,2.37,43.23,0.81,,15.9,0.13,11,10301,7988,2.82,,,0.01,0.28000000000000003,3,"Fruits, Tree Nuts, and Berries Market Value Share"
VA,Alleghany County,51005,37.787905,-80.008669,county_centroid,446.572,3.152,2022,USDA NASS 2022 Ag Census Web Maps,Census Gazetteer 2024 county centroid,0,0.75,1.06,,38.26,,9,1918,1617,,,,0,0,5,Cattle and Calves Market Value Share
VA,Amelia County,51007,37.331927,-77.977462,county_centroid,355.36,3.161,2022,USDA NASS 2022 Ag Census Web Maps,Census Gazetteer 2024 county centroid,0.39,,65.59,9.4600000000000009,5.93,0.03,18,6471,5626,16,6.3,43.16,0.01,0.28999999999999998,1,Poultry and Eggs Market Value Share
VA,Amherst County,51009,37.629301,-79.154756,county_centroid,473.962,4.98,2022,USDA NASS 2022 Ag Census Web Maps,Census Gazetteer 2024 county centroid,0.79,33.979999999999997,0.56999999999999995,0,45.24,,16,6740,5853,,0,0,0,0.2,2,Cattle and Calves Market Value Share
VA,Appomattox County,51011,37.370725,-78.81094,county_centroid,334.224,1.238,2022,USDA NASS 2022 Ag Census Web Maps,Census Gazetteer 2024 county centroid,0.98,1.04,0.43,,61.95,0.25,22,9680,9372,6.53,3.29,7.44,,0.13,2,Cattle and Calves Market Value Share
VA,Arlington County,51013,38.878337,-77.100703,county_centroid,25.997,0.106,2022,USDA NASS 2022 Ag Census Web Maps,Census Gazetteer 2024 county centroid,0,0,0,0,0,0,0,0,0,0,0,0,0,0,0,"Vegetables, Melons, Potatoes, and Sweet Potatoes Market Value Share"
VA,Augusta County,51015,38.17259,-79.140975,county_centroid,967.074,3.682,2022,USDA NASS 2022 Ag Census Web Maps,Census Gazetteer 2024 county centroid,,0.28000000000000003,70.17,7.94,10.36,0.06,35,40316,47993,19.12,3.5,9.6300000000000008,0.01,1.21,1,Poultry and Eggs Market Value Share
VA,Bath County,51017,38.068368,-79.731203,county_centroid,529.202,5.421,2022,USDA NASS 2022 Ag Census Web Maps,Census Gazetteer 2024 county centroid,,,0.08,,20.72,,10,1967,1559,0.87,0,1.31,,,6,Cattle and Calves Market Value Share
VA,Bedford County,51019,37.312257,-79.527223,county_centroid,760.116,16.239,2022,USDA NASS 2022 Ag Census Web Maps,Census Gazetteer 2024 county centroid,0.42,4.12,0.75,,48.9,,21,21214,17110,3.01,2.35,1.92,0.01,0.06,2,Cattle and Calves Market Value Share
VA,Bland County,51021,37.130612,-81.125853,county_centroid,357.645,0.989,2022,USDA NASS 2022 Ag Census Web Maps,Census Gazetteer 2024 county centroid,12.92,,0.89,0,58.35,,17,6952,6918,2.94,,0,,2.31,4,Cattle and Calves Market Value Share
VA,Botetourt County,51023,37.565482,-79.797546,county_centroid,541.276,4.682,2022,USDA NASS 2022 Ag Census Web Maps,Census Gazetteer 2024 county centroid,0.49,7.62,0.28000000000000003,6.88,57.58,0.1,20,8635,10939,7.78,2.52,5.27,,0.09,1,Cattle and Calves Market Value Share
VA,Brunswick County,51025,36.764204,-77.861483,county_centroid,566.351,3.231,2022,USDA NASS 2022 Ag Census Web Maps,Census Gazetteer 2024 county centroid,4.53,1.74,7.0000000000000007E-2,,,,7,2321,1889,1.23,6.74,56.29,,1.03,4,Soybeans Harvested Share of Harvested Cropland
VA,Buchanan County,51027,37.26812,-82.038151,county_centroid,502.855,1.082,2022,USDA NASS 2022 Ag Census Web Maps,Census Gazetteer 2024 county centroid,,43.69,,,23.58,0,6,304,177,,0,0,0.5,0.5,4,"Fruits, Tree Nuts, and Berries Market Value Share"
VA,Buckingham County,51029,37.573928,-78.529169,county_centroid,579.623,3.827,2022,USDA NASS 2022 Ag Census Web Maps,Census Gazetteer 2024 county centroid,0.39,0.16,58.28,,9.69,17.87,15,7050,6328,6.8,,25.01,0.04,0.08,2,Poultry and Eggs Market Value Share
VA,Campbell County,51031,37.210152,-79.095428,county_centroid,503.257,3.432,2022,USDA NASS 2022 Ag Census Web Maps,Census Gazetteer 2024 county centroid,1.03,,0.42,14.05,43.07,0.12,19,12388,12526,2,4.5199999999999996,11.64,0.02,0.23,1,Cattle and Calves Market Value Share
VA,Caroline County,51033,38.028033,-77.353736,county_centroid,527.365,9.621,2022,USDA NASS 2022 Ag Census Web Maps,Census Gazetteer 2024 county centroid,9.3000000000000007,1.01,0.19,,3.54,,4,1446,1160,33.4,14.33,50.52,,1.1100000000000001,3,Soybeans Harvested Share of Harvested Cropland
VA,Carroll County,51035,36.731963,-80.727831,county_centroid,474.742,2.929,2022,USDA NASS 2022 Ag Census Web Maps,Census Gazetteer 2024 county centroid,11.34,11.59,0.16,,63.46,,28,12870,19985,,0,0,0.02,4.6500000000000004,3,Cattle and Calves Market Value Share
VA,Charles City County,51036,37.361054,-77.05417,county_centroid,182.901,21.342,2022,USDA NASS 2022 Ag Census Web Maps,Census Gazetteer 2024 county centroid,1.97,1.77,0.05,0,,0.02,0,67,58,38.450000000000003,13.66,41.17,0.01,0.15,1,Soybeans Harvested Share of Harvested Cropland
VA,Charlotte County,51037,37.009042,-78.658568,county_centroid,475.296,2.243,2022,USDA NASS 2022 Ag Census Web Maps,Census Gazetteer 2024 county centroid,5.57,0.4,,4.05,16.09,,12,8304,7027,7.56,6.36,37.04,0,0.63,2,Soybeans Harvested Share of Harvested Cropland
VA,Chesterfield County,51041,37.378434,-77.585847,county_centroid,423.506,13.501,2022,USDA NASS 2022 Ag Census Web Maps,Census Gazetteer 2024 county centroid,16.41,20.399999999999999,1.21,0,6.19,0.48,5,567,340,9.39,7.05,17.829999999999998,0.06,1.36,0,"Fruits, Tree Nuts, and Berries Market Value Share"
VA,Clarke County,51043,39.115307,-77.990748,county_centroid,175.958,2.195,2022,USDA NASS 2022 Ag Census Web Maps,Census Gazetteer 2024 county centroid,,4.07,3.16,,21.21,0.27,21,6205,4129,7.8,2.94,8.6199999999999992,,0.17,3,Cattle and Calves Market Value Share
VA,Craig County,51045,37.473603,-80.231051,county_centroid,328.098,1.078,2022,USDA NASS 2022 Ag Census Web Maps,Census Gazetteer 2024 county centroid,,11.9,0.21,,50.95,0.31,18,4466,4110,1.78,0,,0,,4,Cattle and Calves Market Value Share
VA,Culpeper County,51047,38.48593,-77.956476,county_centroid,379.179,3.48,2022,USDA NASS 2022 Ag Census Web Maps,Census Gazetteer 2024 county centroid,0.61,0.35,,,13.68,0.05,16,9940,10225,12.15,3.62,22.34,0.01,0.22,2,Soybeans Harvested Share of Harvested Cropland
VA,Cumberland County,51049,37.520189,-78.252836,county_centroid,297.474,2.285,2022,USDA NASS 2022 Ag Census Web Maps,Census Gazetteer 2024 county centroid,,0.25,81.63,,5.25,,16,4486,3902,6.81,2.78,18.350000000000001,0,0.54,3,Poultry and Eggs Market Value Share
VA,Dickenson County,51051,37.136701,-82.34922,county_centroid,330.442,3.128,2022,USDA NASS 2022 Ag Census Web Maps,Census Gazetteer 2024 county centroid,2.02,,2.61,0,59.94,,9,628,395,1.43,0,0,0.15,0.15,2,Cattle and Calves Market Value Share
VA,Dinwiddie County,51053,37.073498,-77.635492,county_centroid,503.826,3.47,2022,USDA NASS 2022 Ag Census Web Maps,Census Gazetteer 2024 county centroid,1.84,1.66,0.26,,4.79,,4,2324,1850,18.420000000000002,11.37,47.48,,0.24,3,Soybeans Harvested Share of Harvested Cropland
VA,Essex County,51057,37.936389,-76.933747,county_centroid,257.354,28.879,2022,USDA NASS 2022 Ag Census Web Maps,Census Gazetteer 2024 county centroid,0.43,0.16,0.05,0,1.1299999999999999,0.06,2,559,456,38.33,17.079999999999998,58.34,0.01,0.09,0,Soybeans Harvested Share of Harvested Cropland
VA,Fairfax County,51059,38.82952,-77.273252,county_centroid,391.02,15.45,2022,USDA NASS 2022 Ag Census Web Maps,Census Gazetteer 2024 county centroid,16.43,4.72,,0,0,,,,0,,,,0.88,10.92,7,"Vegetables, Melons, Potatoes, and Sweet Potatoes Market Value Share"
VA,Fauquier County,51061,38.744096,-77.8215,county_centroid,647.994,3.732,2022,USDA NASS 2022 Ag Census Web Maps,Census Gazetteer 2024 county centroid,2.1,6.82,0.43,11.2,20.51,0.36,17,16535,14690,9.15,5.29,19.98,0.01,0.4,0,Cattle and Calves Market Value Share
VA,Floyd County,51063,36.931433,-80.350266,county_centroid,380.923,0.846,2022,USDA NASS 2022 Ag Census Web Maps,Census Gazetteer 2024 county centroid,4.4800000000000004,7.43,0.45,7.4,38.47,0.43,24,11475,13314,0.43,,,0.08,1.19,2,Cattle and Calves Market Value Share
VA,Fluvanna County,51065,37.830584,-78.283494,county_centroid,287.117,4.149,2022,USDA NASS 2022 Ag Census Web Maps,Census Gazetteer 2024 county centroid,1.91,1.42,1.08,0,17.61,0.82,9,2320,1977,10.14,6.91,15.17,0.01,0.19,0,Cattle and Calves Market Value Share
VA,Franklin County,51067,36.991186,-79.882715,county_centroid,690.611,21.005,2022,USDA NASS 2022 Ag Census Web Maps,Census Gazetteer 2024 county centroid,,0.54,0.24,53.38,18.420000000000002,,26,19441,17795,11.38,6.11,13.83,,0.12,3,Milk from Cows Market Value Share
VA,Frederick County,51069,39.20366,-78.263829,county_centroid,413.135,2.263,2022,USDA NASS 2022 Ag Census Web Maps,Census Gazetteer 2024 county centroid,1.5,66.84,0.28000000000000003,,8.5399999999999991,,11,6323,4847,12.63,1.51,6.44,0,0.37,2,"Fruits, Tree Nuts, and Berries Market Value Share"
VA,Giles County,51071,37.318072,-80.698321,county_centroid,357.225,4.337,2022,USDA NASS 2022 Ag Census Web Maps,Census Gazetteer 2024 county centroid,,1.63,0.22,0,73.84,,18,6391,7943,1.41,,0,0.06,0.09,3,Cattle and Calves Market Value Share
VA,Gloucester County,51073,37.403541,-76.523505,county_centroid,217.81,70.173,2022,USDA NASS 2022 Ag Census Web Maps,Census Gazetteer 2024 county centroid,0.45,,0.74,0,,7.0000000000000007E-2,1,209,158,34.590000000000003,3.83,53.54,,0.09,3,Soybeans Harvested Share of Harvested Cropland
VA,Goochland County,51075,37.718814,-77.917626,county_centroid,282.101,8.477,2022,USDA NASS 2022 Ag Census Web Maps,Census Gazetteer 2024 county centroid,0.35,0.83,,24.51,,0.01,16,3624,2407,25.1,12.38,23.93,,,4,Corn Grain Harvested Share of Harvested Cropland
VA,Grayson County,51077,36.652229,-81.215324,county_centroid,441.785,3.781,2022,USDA NASS 2022 Ag Census Web Maps,Census Gazetteer 2024 county centroid,,0.25,0.16,4.91,38.46,0.09,28,13606,27357,9.14,0,,0.01,,3,Cattle and Calves Market Value Share
VA,Greene County,51079,38.297981,-78.470163,county_centroid,155.947,0.649,2022,USDA NASS 2022 Ag Census Web Maps,Census Gazetteer 2024 county centroid,0.68,,,,16.420000000000002,0.1,24,3943,3531,,,1.64,0.01,0.1,5,Cattle and Calves Market Value Share
VA,Greensville County,51081,36.680336,-77.560277,county_centroid,295.377,1.596,2022,USDA NASS 2022 Ag Census Web Maps,Census Gazetteer 2024 county centroid,,0,,0,2.2599999999999998,,2,435,433,12.32,4.75,37.54,0,,4,Soybeans Harvested Share of Harvested Cropland
VA,Halifax County,51083,36.766461,-78.939614,county_centroid,817.731,11.785,2022,USDA NASS 2022 Ag Census Web Maps,Census Gazetteer 2024 county centroid,3.96,1.97,2.2799999999999998,0.96,12.61,38.659999999999997,9,8940,7661,10.029999999999999,12.06,30.12,0.01,1.1000000000000001,0,Hogs and Pigs Market Value Share
VA,Hanover County,51085,37.760215,-77.491317,county_centroid,467.573,4.904,2022,USDA NASS 2022 Ag Census Web Maps,Census Gazetteer 2024 county centroid,7.41,,12.69,,3.23,0.34,8,3978,2388,23.83,9.43,45.17,0.01,1.73,2,Soybeans Harvested Share of Harvested Cropland
VA,Henrico County,51087,37.43752,-77.300333,county_centroid,233.699,11.152,2022,USDA NASS 2022 Ag Census Web Maps,Census Gazetteer 2024 county centroid,9.0299999999999994,1.1499999999999999,0.47,0,0.41,0.01,3,106,57,29.07,,54.09,,2.2400000000000002,2,Soybeans Harvested Share of Harvested Cropland
VA,Henry County,51089,36.620612,-79.980662,county_centroid,382.351,2.035,2022,USDA NASS 2022 Ag Census Web Maps,Census Gazetteer 2024 county centroid,4.1100000000000003,0.71,0.49,,,0.15,9,2481,1867,0.44,1.47,0,0.04,0.88,2,"Vegetables, Melons, Potatoes, and Sweet Potatoes Market Value Share"
VA,Highland County,51091,38.366243,-79.564472,county_centroid,415.163,0.692,2022,USDA NASS 2022 Ag Census Web Maps,Census Gazetteer 2024 county centroid,2.84,0.8,58.51,0,33.49,0.03,12,4126,11580,,0,0,0,2.79,1,Poultry and Eggs Market Value Share
VA,Isle of Wight County,51093,36.901418,-76.707569,county_centroid,315.685,47.143,2022,USDA NASS 2022 Ag Census Web Maps,Census Gazetteer 2024 county centroid,0.17,0.49,4.95,0,,16.96,4,1681,1620,20.99,9.8699999999999992,32.68,0,0.04,1,Soybeans Harvested Share of Harvested Cropland
VA,James City County,51095,37.324837,-76.777888,county_centroid,142.298,36.772,2022,USDA NASS 2022 Ag Census Web Maps,Census Gazetteer 2024 county centroid,9.6199999999999992,27.6,,13.39,,0,12,310,169,,0,,0.04,1.83,4,"Fruits, Tree Nuts, and Berries Market Value Share"
VA,King and Queen County,51097,37.717772,-76.905581,county_centroid,315.131,11.17,2022,USDA NASS 2022 Ag Census Web Maps,Census Gazetteer 2024 county centroid,0.92,,0.02,,0.84,0.06,2,389,328,39.68,5.01,54.05,,0.09,3,Soybeans Harvested Share of Harvested Cropland
VA,King George County,51099,38.27718,-77.162636,county_centroid,179.628,8.142,2022,USDA NASS 2022 Ag Census Web Maps,Census Gazetteer 2024 county centroid,,,0.23,,3.78,,5,1012,654,11.69,14.55,42.02,,,6,Soybeans Harvested Share of Harvested Cropland
VA,King William County,51101,37.70826,-77.091054,county_centroid,273.91,12.004,2022,USDA NASS 2022 Ag Census Web Maps,Census Gazetteer 2024 county centroid,2.69,,0.39,,2.82,,3,811,828,31.04,13.31,56.2,0.01,0.32,3,Soybeans Harvested Share of Harvested Cropland
VA,Lancaster County,51103,37.704843,-76.412663,county_centroid,133.306,98.114,2022,USDA NASS 2022 Ag Census Web Maps,Census Gazetteer 2024 county centroid,,0.36,0.28999999999999998,0,,0,,,,35.229999999999997,14.01,54.5,,0.84,6,Soybeans Harvested Share of Harvested Cropland
VA,Lee County,51105,36.701721,-83.130112,county_centroid,435.378,1.891,2022,USDA NASS 2022 Ag Census Web Maps,Census Gazetteer 2024 county centroid,1.45,9.6,0.37,,59.29,,21,10916,11304,2.4900000000000002,0,0,0.03,0.24,2,Cattle and Calves Market Value Share
VA,Loudoun County,51107,39.0812,-77.638898,county_centroid,515.737,5.597,2022,USDA NASS 2022 Ag Census Web Maps,Census Gazetteer 2024 county centroid,4.4400000000000004,16.14,1.49,1.75,10.46,,12,6897,5927,9.33,3.14,10.58,0.02,0.41,1,"Fruits, Tree Nuts, and Berries Market Value Share"
VA,Louisa County,51109,37.972704,-77.959795,county_centroid,495.006,14.595,2022,USDA NASS 2022 Ag Census Web Maps,Census Gazetteer 2024 county centroid,1.2,1.04,35.119999999999997,0,15.01,0.15,15,7199,5633,15.74,,27.53,0.01,0.16,1,Poultry and Eggs Market Value Share
VA,Lunenburg County,51111,36.945555,-78.240528,county_centroid,431.7,0.673,2022,USDA NASS 2022 Ag Census Web Maps,Census Gazetteer 2024 county centroid,1.98,0.92,,0,13.18,,9,3443,2638,5.99,2.99,31.87,,0.52,3,Soybeans Harvested Share of Harvested Cropland
VA,Madison County,51113,38.412059,-78.276961,county_centroid,320.639,1.238,2022,USDA NASS 2022 Ag Census Web Maps,Census Gazetteer 2024 county centroid,0.61,3.19,5.17,,28.3,0.67,19,11169,11066,19.489999999999998,3.65,25.1,0,0.1,1,Cattle and Calves Market Value Share
VA,Mathews County,51115,37.425348,-76.268808,county_centroid,85.911,166.052,2022,USDA NASS 2022 Ag Census Web Maps,Census Gazetteer 2024 county centroid,,,9.93,0,,0,1,32,,,0,64.06,,,7,Soybeans Harvested Share of Harvested Cropland
VA,Mecklenburg County,51117,36.687256,-78.368959,county_centroid,625.31,53.921,2022,USDA NASS 2022 Ag Census Web Maps,Census Gazetteer 2024 county centroid,0.72,1.56,0.13,,9.67,0.02,9,6653,5128,4.87,8.86,45.57,0.03,0.26,1,Soybeans Harvested Share of Harvested Cropland
VA,Middlesex County,51119,37.606975,-76.528082,county_centroid,130.33,80.429,2022,USDA NASS 2022 Ag Census Web Maps,Census Gazetteer 2024 county centroid,,0.48,,0,2.35,,5,659,368,37.69,17.54,40.86,,,5,Soybeans Harvested Share of Harvested Cropland
VA,Montgomery County,51121,37.175538,-80.387794,county_centroid,386.848,2.424,2022,USDA NASS 2022 Ag Census Web Maps,Census Gazetteer 2024 county centroid,3.67,,0.69,24.51,25.83,,23,10816,8864,4.13,4.82,0.57999999999999996,,0.34,3,Cattle and Calves Market Value Share
VA,Nelson County,51125,37.789079,-78.88344,county_centroid,470.745,3.469,2022,USDA NASS 2022 Ag Census Web Maps,Census Gazetteer 2024 county centroid,,28.83,,0,10.95,0.12,16,6122,4598,6.75,0,2.38,0.01,0.69,2,"Fruits, Tree Nuts, and Berries Market Value Share"
VA,New Kent County,51127,37.51016,-76.999331,county_centroid,210.031,13.747,2022,USDA NASS 2022 Ag Census Web Maps,Census Gazetteer 2024 county centroid,1.87,14.42,0.42,0,1.46,,1,107,138,41.85,11.67,47.89,,0.57999999999999996,2,Soybeans Harvested Share of Harvested Cropland
VA,Northampton County,51131,37.302775,-75.924018,county_centroid,211.712,583.543,2022,USDA NASS 2022 Ag Census Web Maps,Census Gazetteer 2024 county centroid,32.94,,,0,,0,,,,15.99,23.19,57.52,6.12,12.12,6,Soybeans Harvested Share of Harvested Cropland
VA,Northumberland County,51133,37.856974,-76.379687,county_centroid,191.433,94.164,2022,USDA NASS 2022 Ag Census Web Maps,Census Gazetteer 2024 county centroid,0.14000000000000001,1.35,0.06,0,0.21,,1,272,151,42.08,18.059999999999999,52.41,0,7.0000000000000007E-2,1,Soybeans Harvested Share of Harvested Cropland
VA,Nottoway County,51135,37.141167,-78.053866,county_centroid,314.39,1.659,2022,USDA NASS 2022 Ag Census Web Maps,Census Gazetteer 2024 county centroid,0.17,0.33,80.790000000000006,,,0.02,14,5118,3433,13.92,6.41,19.649999999999999,,0.24,3,Poultry and Eggs Market Value Share
VA,Orange County,51137,38.249326,-78.011092,county_centroid,340.515,2.709,2022,USDA NASS 2022 Ag Census Web Maps,Census Gazetteer 2024 county centroid,,2.11,11.06,3.07,6.04,,18,8654,8232,23.21,5.25,34.79,0,0.09,2,Soybeans Harvested Share of Harvested Cropland
VA,Page County,51139,38.623209,-78.491872,county_centroid,310.017,3.235,2022,USDA NASS 2022 Ag Census Web Maps,Census Gazetteer 2024 county centroid,,,90.66,,3.72,0.03,30,8891,7449,16.690000000000001,0.72,3.24,0.01,0.09,3,Poultry and Eggs Market Value Share
VA,Patrick County,51141,36.667138,-80.286413,county_centroid,482.957,2.757,2022,USDA NASS 2022 Ag Census Web Maps,Census Gazetteer 2024 county centroid,3.35,13.07,0.2,2.41,31.61,0.1,15,6292,5989,3.03,2.98,1.18,0.01,1.05,0,Cattle and Calves Market Value Share
VA,Pittsylvania County,51143,36.821721,-79.398502,county_centroid,969.003,9.229,2022,USDA NASS 2022 Ag Census Web Maps,Census Gazetteer 2024 county centroid,0.78,0.46,2.95,39.450000000000003,19.16,,20,27358,21734,5.47,9.17,13.55,0.01,0.43,1,Milk from Cows Market Value Share
VA,Powhatan County,51145,37.549404,-77.912855,county_centroid,260.202,2.102,2022,USDA NASS 2022 Ag Census Web Maps,Census Gazetteer 2024 county centroid,3.14,0.41,,,16.02,0.53,14,2160,2437,27.15,5.5,19.14,0.01,0.32,2,Corn Grain Harvested Share of Harvested Cropland
VA,Prince Edward County,51147,37.224881,-78.432957,county_centroid,349.946,3.892,2022,USDA NASS 2022 Ag Census Web Maps,Census Gazetteer 2024 county centroid,,1.64,48.47,,14.23,,16,4890,4071,2.38,3.73,9.26,0.02,0.15,3,Poultry and Eggs Market Value Share
VA,Prince George County,51149,37.187325,-77.220993,county_centroid,265.342,16.504,2022,USDA NASS 2022 Ag Census Web Maps,Census Gazetteer 2024 county centroid,3.99,0,,0,1.26,0.6,2,254,243,34.51,13.91,50.96,0.02,0.42,1,Soybeans Harvested Share of Harvested Cropland
VA,Prince William County,51153,38.701119,-77.479579,county_centroid,335.255,11.929,2022,USDA NASS 2022 Ag Census Web Maps,Census Gazetteer 2024 county centroid,3.24,1.26,0.98,0,6.23,2.74,8,768,676,4.2,,34.450000000000003,0.01,0.55000000000000004,1,Soybeans Harvested Share of Harvested Cropland
VA,Pulaski County,51155,37.063385,-80.713444,county_centroid,319.84,9.604,2022,USDA NASS 2022 Ag Census Web Maps,Census Gazetteer 2024 county centroid,0.45,0.4,,18.829999999999998,44.28,0.01,38,13109,13414,,,1.1200000000000001,,0.21,4,Cattle and Calves Market Value Share
VA,Rappahannock County,51157,38.684522,-78.168824,county_centroid,266.372,0.827,2022,USDA NASS 2022 Ag Census Web Maps,Census Gazetteer 2024 county centroid,0.69,26.66,1.03,,38.86,,18,6560,6530,,,2.0299999999999998,,0.11,5,Cattle and Calves Market Value Share
VA,Richmond County,51159,37.942894,-76.730561,county_centroid,191.478,24.888,2022,USDA NASS 2022 Ag Census Web Maps,Census Gazetteer 2024 county centroid,3.3,0,7.0000000000000007E-2,0,0.63,,1,287,206,36.94,17.559999999999999,53.71,0.02,0.41,1,Soybeans Harvested Share of Harvested Cropland
VA,Roanoke County,51161,37.330792,-80.191237,county_centroid,250.548,0.677,2022,USDA NASS 2022 Ag Census Web Maps,Census Gazetteer 2024 county centroid,6.27,4.6399999999999997,0.94,0,23,,12,1512,1099,,0,,0.06,0.55000000000000004,3,Cattle and Calves Market Value Share
VA,Rockbridge County,51163,37.814517,-79.447754,county_centroid,596.548,3.406,2022,USDA NASS 2022 Ag Census Web Maps,Census Gazetteer 2024 county centroid,3.86,1.65,30.89,13.29,27.95,,24,16327,14478,11.01,1.34,1.89,0.01,0.65,1,Poultry and Eggs Market Value Share
VA,Rockingham County,51165,38.507612,-78.885329,county_centroid,849.796,4.108,2022,USDA NASS 2022 Ag Census Web Maps,Census Gazetteer 2024 county centroid,0.15,,79.59,10.029999999999999,3.78,0.01,46,43730,49220,20.34,5.18,13.65,0.01,0.27,1,Poultry and Eggs Market Value Share
VA,Russell County,51167,36.93342,-82.095934,county_centroid,473.524,2.918,2022,USDA NASS 2022 Ag Census Web Maps,Census Gazetteer 2024 county centroid,0.5,0.27,,,87.89,0.01,21,21568,35986,0.41,0,0,0.06,0.16,2,Cattle and Calves Market Value Share
VA,Scott County,51169,36.712776,-82.613624,county_centroid,535.827,3.129,2022,USDA NASS 2022 Ag Census Web Maps,Census Gazetteer 2024 county centroid,11.88,,0.34,2.57,55.5,0.05,17,12002,10909,1.0900000000000001,0,,0.06,0.56999999999999995,2,Cattle and Calves Market Value Share
VA,Shenandoah County,51171,38.856204,-78.573987,county_centroid,508.08,3.751,2022,USDA NASS 2022 Ag Census Web Maps,Census Gazetteer 2024 county centroid,0.14000000000000001,3.7,73.22,3.05,8.24,0.3,27,16048,17777,24.28,2.81,13.73,0.01,0.17,0,Poultry and Eggs Market Value Share
VA,Smyth County,51173,36.842318,-81.539786,county_centroid,451.439,1.27,2022,USDA NASS 2022 Ag Census Web Maps,Census Gazetteer 2024 county centroid,0.38,0.15,0.17,1.24,85.99,0.25,35,12838,40274,1.29,0,0,0.14000000000000001,0.2,0,Cattle and Calves Market Value Share
VA,Southampton County,51175,36.720068,-77.103813,county_centroid,599.249,3.124,2022,USDA NASS 2022 Ag Census Web Maps,Census Gazetteer 2024 county centroid,1.32,0.04,18.79,0,0.99,19.8,1,1005,1653,16.98,8.9,25.49,0,0.33,0,Soybeans Harvested Share of Harvested Cropland
VA,Spotsylvania County,51177,38.182431,-77.657226,county_centroid,401.968,12.71,2022,USDA NASS 2022 Ag Census Web Maps,Census Gazetteer 2024 county centroid,5.22,4.3600000000000003,1.1399999999999999,0,35.81,1,17,2595,5284,13.36,3.07,34.44,0.01,0.52,0,Cattle and Calves Market Value Share
VA,Stafford County,51179,38.423084,-77.458048,county_centroid,268.497,11.553,2022,USDA NASS 2022 Ag Census Web Maps,Census Gazetteer 2024 county centroid,,,1.53,0,15.7,,15,743,863,26.72,0,32.89,,0.46,4,Soybeans Harvested Share of Harvested Cropland
VA,Surry County,51181,37.119761,-76.880172,county_centroid,278.949,31.358,2022,USDA NASS 2022 Ag Census Web Maps,Census Gazetteer 2024 county centroid,0.27,7.0000000000000007E-2,0.08,0,0.61,,2,546,518,27.75,4.6399999999999997,54.07,,0.11,2,Soybeans Harvested Share of Harvested Cropland
VA,Sussex County,51183,36.926645,-77.259732,county_centroid,490.244,2.602,2022,USDA NASS 2022 Ag Census Web Maps,Census Gazetteer 2024 county centroid,0.05,,0.03,0,0.16,,1,278,134,18.05,15.65,47.99,0,0.02,2,Soybeans Harvested Share of Harvested Cropland
VA,Tazewell County,51185,37.125395,-81.562924,county_centroid,518.791,1.128,2022,USDA NASS 2022 Ag Census Web Maps,Census Gazetteer 2024 county centroid,0.84,0.56000000000000005,2.09,2.7,81.260000000000005,,22,10471,20638,,0,,0.06,0.17,3,Cattle and Calves Market Value Share
VA,Warren County,51187,38.908221,-78.207594,county_centroid,214.572,3.314,2022,USDA NASS 2022 Ag Census Web Maps,Census Gazetteer 2024 county centroid,1.94,3.5,,0,22.06,0.28000000000000003,13,2864,2309,2.0699999999999998,2.46,1.33,0.01,0.13,1,Cattle and Calves Market Value Share
VA,Washington County,51191,36.747814,-81.950322,county_centroid,561.193,5.013,2022,USDA NASS 2022 Ag Census Web Maps,Census Gazetteer 2024 county centroid,0.37,1.1399999999999999,,13.98,50.35,0.03,38,22577,44623,1.19,0,0,0.03,0.16,1,Cattle and Calves Market Value Share
VA,Westmoreland County,51193,38.109311,-76.803933,county_centroid,229.327,23.593,2022,USDA NASS 2022 Ag Census Web Maps,Census Gazetteer 2024 county centroid,11.94,1.48,0.02,0,,,4,742,557,34.35,19.48,46.47,0.04,5.66,2,Soybeans Harvested Share of Harvested Cropland
VA,Wise County,51195,36.974561,-82.62156,county_centroid,403.443,2.023,2022,USDA NASS 2022 Ag Census Web Maps,Census Gazetteer 2024 county centroid,3.61,12.03,,0,30.63,0,11,1018,923,,0,0,0,,3,Cattle and Calves Market Value Share
VA,Wythe County,51197,36.899868,-81.08301,county_centroid,461.952,2.792,2022,USDA NASS 2022 Ag Census Web Maps,Census Gazetteer 2024 county centroid,0.33,0.37,0.19,12.67,68.540000000000006,7.0000000000000007E-2,41,21835,47718,13.46,3.37,0,0,0.15,0,Cattle and Calves Market Value Share
VA,York County,51199,37.220914,-76.395533,county_centroid,104.701,110.285,2022,USDA NASS 2022 Ag Census Web Maps,Census Gazetteer 2024 county centroid,,,2.2000000000000002,0,,,7,,28,0,0,,0,37.090000000000003,6,Vegetables Harvested Share of Harvested Cropland
VA,Chesapeake city,51550,36.679376,-76.301788,county_centroid,338.456,12.49,2022,USDA NASS 2022 Ag Census Web Maps,Census Gazetteer 2024 county centroid,,1.77,,0,2.15,0.03,4,296,850,22.15,6.84,68.430000000000007,,7.0000000000000007E-2,3,Soybeans Harvested Share of Harvested Cropland
VA,Suffolk city,51800,36.697157,-76.634781,county_centroid,399.167,29.74,2022,USDA NASS 2022 Ag Census Web Maps,Census Gazetteer 2024 county centroid,0.41,0.19,5.41,0,,0.08,1,415,327,16.649999999999999,8.19,37.15,,0.1,2,Soybeans Harvested Share of Harvested Cropland
VA,Virginia Beach city,51810,36.779525,-76.029142,county_centroid,244.72,252.779,2022,USDA NASS 2022 Ag Census Web Maps,Census Gazetteer 2024 county centroid,3.46,6.04,0.47,0,0.83,0.37,2,234,179,27.29,16.72,66.81,,0.7,1,Soybeans Harvested Share of Harvested Cropland
WA,Adams County,53001,47.011238,-118.512861,county_centroid,1924.989,4.813,2022,USDA NASS 2022 Ag Census Web Maps,Census Gazetteer 2024 county centroid,29.16,12.26,,11.09,,0.01,5,19975,38738,1.44,77.11,0,6.62,9.33,2,All Wheat Harvested Share of Harvested Cropland
WA,Asotin County,53003,46.181861,-117.227781,county_centroid,636.075,4.36,2022,USDA NASS 2022 Ag Census Web Maps,Census Gazetteer 2024 county centroid,,0.92,0.11,0,,,3,4148,3742,,,,,,8,"Fruits, Tree Nuts, and Berries Market Value Share"
WA,Benton County,53005,46.228125,-119.516659,county_centroid,1700.128,59.573,2022,USDA NASS 2022 Ag Census Web Maps,Census Gazetteer 2024 county centroid,39.35,29.02,0.01,5.43,5.24,,10,17053,40462,8.09,39.17,0,14.15,33.229999999999997,1,"Vegetables, Melons, Potatoes, and Sweet Potatoes Market Value Share"
WA,Chelan County,53007,47.860974,-120.619041,county_centroid,2921.178,73.226,2022,USDA NASS 2022 Ag Census Web Maps,Census Gazetteer 2024 county centroid,0.18,96.64,0.01,0,0.05,,1,200,124,0,0.26,0,0.01,0.24,1,"Fruits, Tree Nuts, and Berries Market Value Share"
WA,Clallam County,53009,48.110903,-123.88986,county_centroid,1738.774,930.244,2022,USDA NASS 2022 Ag Census Web Maps,Census Gazetteer 2024 county centroid,14.5,7.44,1.06,,4.21,0.76,14,1248,615,0,,0,0.09,4.6399999999999997,2,"Vegetables, Melons, Potatoes, and Sweet Potatoes Market Value Share"
WA,Clark County,53011,45.77173,-122.485953,county_centroid,628.501,27.098,2022,USDA NASS 2022 Ag Census Web Maps,Census Gazetteer 2024 county centroid,3.37,13.07,12.45,11.84,9.02,,16,4963,,0,,0,0.01,1.61,3,"Fruits, Tree Nuts, and Berries Market Value Share"
WA,Columbia County,53013,46.29285,-117.911634,county_centroid,868.585,4.85,2022,USDA NASS 2022 Ag Census Web Maps,Census Gazetteer 2024 county centroid,0,1.39,0.02,0,3.14,0,1,2255,2845,,72.739999999999995,0,0,0,1,All Wheat Harvested Share of Harvested Cropland
WA,Cowlitz County,53015,46.196785,-122.67846,county_centroid,1141.159,25.348,2022,USDA NASS 2022 Ag Census Web Maps,Census Gazetteer 2024 county centroid,2.81,18.16,0.22,0,5.54,0.08,12,1726,1560,0,,0,0,4.4800000000000004,1,"Fruits, Tree Nuts, and Berries Market Value Share"
WA,Douglas County,53017,47.741763,-119.694622,county_centroid,1819.244,29.559,2022,USDA NASS 2022 Ag Census Web Maps,Census Gazetteer 2024 county centroid,,70.709999999999994,,0,3.88,0,2,8963,7462,,,,,,7,"Fruits, Tree Nuts, and Berries Market Value Share"
WA,Ferry County,53019,48.473256,-118.533589,county_centroid,2203.241,54.168,2022,USDA NASS 2022 Ag Census Web Maps,Census Gazetteer 2024 county centroid,1.67,8.4,0.55000000000000004,0,,0.15,0,1584,1158,,,,,,6,"Fruits, Tree Nuts, and Berries Market Value Share"
WA,Franklin County,53021,46.537502,-118.903891,county_centroid,1241.596,23.363,2022,USDA NASS 2022 Ag Census Web Maps,Census Gazetteer 2024 county centroid,26.79,20.78,,16.670000000000002,,0,16,36029,77511,,,,,,7,"Vegetables, Melons, Potatoes, and Sweet Potatoes Market Value Share"
WA,Garfield County,53023,46.429318,-117.536705,county_centroid,710.835,7.45,2022,USDA NASS 2022 Ag Census Web Maps,Census Gazetteer 2024 county centroid,,,0.01,0,8.82,,3,4620,,0,91.86,0,0,,5,All Wheat Harvested Share of Harvested Cropland
WA,Grant County,53025,47.213633,-119.467788,county_centroid,2679.547,111.9,2022,USDA NASS 2022 Ag Census Web Maps,Census Gazetteer 2024 county centroid,22.74,33.68,,7.27,16.22,,19,44548,238972,6.35,24.77,0,10.29,18.89,2,"Fruits, Tree Nuts, and Berries Market Value Share"
WA,Grays Harbor County,53027,47.113732,-123.826735,county_centroid,1901.464,322.139,2022,USDA NASS 2022 Ag Census Web Maps,Census Gazetteer 2024 county centroid,0.27,1.88,0.13,25.26,5.96,0.16,7,3893,3066,0,,0,0.01,0.25,1,Milk from Cows Market Value Share
WA,Island County,53029,48.158554,-122.670649,county_centroid,208.474,308.851,2022,USDA NASS 2022 Ag Census Web Maps,Census Gazetteer 2024 county centroid,15.51,11.43,0.75,,29.99,0.53,63,1418,5489,0,,0,,5.19,3,Cattle and Calves Market Value Share
WA,Jefferson County,53031,47.805708,-123.527057,county_centroid,1803.728,384.169,2022,USDA NASS 2022 Ag Census Web Maps,Census Gazetteer 2024 county centroid,7.69,6.25,0.93,0,2.54,0.61,10,466,361,0,0,0,0.14000000000000001,5.44,0,"Vegetables, Melons, Potatoes, and Sweet Potatoes Market Value Share"
WA,King County,53033,47.490552,-121.833977,county_centroid,2115.696,191.707,2022,USDA NASS 2022 Ag Census Web Maps,Census Gazetteer 2024 county centroid,8.1,3.13,0.74,30.23,5.18,0.13,29,8083,6368,0.03,0.05,0,,6.11,1,Milk from Cows Market Value Share
WA,Kitsap County,53035,47.639687,-122.649636,county_centroid,395.111,170.72,2022,USDA NASS 2022 Ag Census Web Maps,Census Gazetteer 2024 county centroid,10.9,7.41,,,2.6,0.49,9,461,271,0.3,0,0,0.3,8.26,2,"Vegetables, Melons, Potatoes, and Sweet Potatoes Market Value Share"
WA,Kittitas County,53037,47.124441,-120.676709,county_centroid,2297.291,35.717,2022,USDA NASS 2022 Ag Census Web Maps,Census Gazetteer 2024 county centroid,5.66,,0.2,,14.51,0.05,10,10063,11021,0,2.41,0,,2.29,3,Cattle and Calves Market Value Share
WA,Klickitat County,53039,45.870446,-120.779305,county_centroid,1871.636,32.792,2022,USDA NASS 2022 Ag Census Web Maps,Census Gazetteer 2024 county centroid,,53.59,0.15,2.63,10.15,0.09,4,15034,12089,0,61.11,0,,,3,All Wheat Harvested Share of Harvested Cropland
WA,Lewis County,53041,46.580071,-122.377444,county_centroid,2402.782,33.564,2022,USDA NASS 2022 Ag Census Web Maps,Census Gazetteer 2024 county centroid,3.26,13.1,37.450000000000003,9.2200000000000006,4.6500000000000004,0.06,17,10682,10373,0,2.64,0,0,2.23,0,Poultry and Eggs Market Value Share
WA,Lincoln County,53043,47.582743,-118.417692,county_centroid,2310.599,29.059,2022,USDA NASS 2022 Ag Census Web Maps,Census Gazetteer 2024 county centroid,,,0.12,0,6.01,,2,11610,11455,,87.25,0,,0.33,5,All Wheat Harvested Share of Harvested Cropland
WA,Mason County,53045,47.350832,-123.173103,county_centroid,959.553,91.49,2022,USDA NASS 2022 Ag Census Web Maps,Census Gazetteer 2024 county centroid,1.7,0.27,0.17,0,1.03,7.0000000000000007E-2,5,1008,630,0,0,0,0.04,3.06,0,Vegetables Harvested Share of Harvested Cropland
WA,Okanogan County,53047,48.548453,-119.742235,county_centroid,5266.193,46.5,2022,USDA NASS 2022 Ag Census Web Maps,Census Gazetteer 2024 county centroid,0.25,80.94,0.04,,6.52,0.01,4,23635,22455,,,,,,6,"Fruits, Tree Nuts, and Berries Market Value Share"
WA,Pacific County,53049,46.556587,-123.782419,county_centroid,933.373,293.165,2022,USDA NASS 2022 Ag Census Web Maps,Census Gazetteer 2024 county centroid,,14.74,0.03,8.89,2.48,,10,2662,1935,0,0,0,0,0.06,2,"Fruits, Tree Nuts, and Berries Market Value Share"
WA,Pend Oreille County,53051,48.543825,-117.232191,county_centroid,1400.245,25.254,2022,USDA NASS 2022 Ag Census Web Maps,Census Gazetteer 2024 county centroid,1.1100000000000001,,,0,21.09,0.44,9,1799,1239,0,,0,,0.05,4,Cattle and Calves Market Value Share
WA,Pierce County,53053,47.051413,-122.15324,county_centroid,1668.004,137.486,2022,USDA NASS 2022 Ag Census Web Maps,Census Gazetteer 2024 county centroid,20.43,6.23,,,3.63,0.14000000000000001,14,3733,4450,0.11,0,0,0.05,26.71,2,Vegetables Harvested Share of Harvested Cropland
WA,San Juan County,53055,48.50719,-123.103769,county_centroid,173.914,446.904,2022,USDA NASS 2022 Ag Census Web Maps,Census Gazetteer 2024 county centroid,20.21,8.48,1.02,0,10.91,1.4,15,,1195,,1.1299999999999999,0,0.06,1.71,2,"Vegetables, Melons, Potatoes, and Sweet Potatoes Market Value Share"
WA,Skagit County,53057,48.493292,-121.81577,county_centroid,1730.231,186.804,2022,USDA NASS 2022 Ag Census Web Maps,Census Gazetteer 2024 county centroid,39.020000000000003,8.0500000000000007,,16.62,4.1100000000000003,0.02,25,13341,15727,0.06,4.71,0,23.58,35.44,1,"Vegetables, Melons, Potatoes, and Sweet Potatoes Market Value Share"
WA,Skamania County,53059,46.024785,-121.953232,county_centroid,1658.268,28.312,2022,USDA NASS 2022 Ag Census Web Maps,Census Gazetteer 2024 county centroid,1.66,23.33,0.11,0,5.32,0.15,9,381,272,0,0,0,,0.59,1,"Fruits, Tree Nuts, and Berries Market Value Share"
WA,Snohomish County,53061,48.054913,-121.765038,county_centroid,2086.515,109.238,2022,USDA NASS 2022 Ag Census Web Maps,Census Gazetteer 2024 county centroid,2.13,3.81,14.48,29.72,4.5,0.11,39,15744,16103,,1.05,0,0.04,2.65,1,Milk from Cows Market Value Share
WA,Spokane County,53063,47.620375,-117.403371,county_centroid,1764.224,16.76,2022,USDA NASS 2022 Ag Census Web Maps,Census Gazetteer 2024 county centroid,2.92,1.51,0.23,,6.5,,3,11417,11591,,52.25,,,0.42,5,All Wheat Harvested Share of Harvested Cropland
WA,Stevens County,53065,48.388728,-117.854455,county_centroid,2477.103,62.909,2022,USDA NASS 2022 Ag Census Web Maps,Census Gazetteer 2024 county centroid,2.77,,0.7,,,0.76,3,7989,8190,0,13.49,0,0.06,0.17,3,All Wheat Harvested Share of Harvested Cropland
WA,Thurston County,53067,46.935822,-122.830152,county_centroid,722.501,51.589,2022,USDA NASS 2022 Ag Census Web Maps,Census Gazetteer 2024 county centroid,3.89,1.75,38.42,16.329999999999998,4.84,7.0000000000000007E-2,33,9165,9012,0.05,,0,0.08,2.94,1,Poultry and Eggs Market Value Share
WA,Wahkiakum County,53069,46.294638,-123.424458,county_centroid,262.928,23.77,2022,USDA NASS 2022 Ag Census Web Maps,Census Gazetteer 2024 county centroid,,2,,45.18,19.41,0.87,,900,653,0,0,0,0,,4,Milk from Cows Market Value Share
WA,Walla Walla County,53071,46.254606,-118.48037,county_centroid,1270.033,28.932,2022,USDA NASS 2022 Ag Census Web Maps,Census Gazetteer 2024 county centroid,9.3699999999999992,33.86,0.02,0,,0,,,,2.0299999999999998,70.5,,4.07,7,5,All Wheat Harvested Share of Harvested Cropland
WA,Whatcom County,53073,48.842653,-121.836432,county_centroid,2107.949,396.925,2022,USDA NASS 2022 Ag Census Web Maps,Census Gazetteer 2024 county centroid,3.44,35.96,2.96,40.08,5.5,0.03,62,37176,40112,,0.6,0,3,3.43,1,Milk from Cows Market Value Share
WA,Whitman County,53075,46.905944,-117.53539,county_centroid,2159.262,18.628,2022,USDA NASS 2022 Ag Census Web Maps,Census Gazetteer 2024 county centroid,,,,,3.36,0,2,10830,11978,0.02,72.73,0,,,6,All Wheat Harvested Share of Harvested Cropland
WA,Yakima County,53077,46.456558,-120.740145,county_centroid,4294.512,15.903,2022,USDA NASS 2022 Ag Census Web Maps,Census Gazetteer 2024 county centroid,,39.369999999999997,,27.8,8.17,,13,118408,199511,,,,,,8,"Fruits, Tree Nuts, and Berries Market Value Share"
WV,Barbour County,54001,39.139725,-79.996947,county_centroid,341.059,1.791,2022,USDA NASS 2022 Ag Census Web Maps,Census Gazetteer 2024 county centroid,3.23,5.03,1,0,58.15,0.17,11,7013,5964,0.59,0,0,0.01,0.12,0,Cattle and Calves Market Value Share
WV,Berkeley County,54003,39.447938,-78.037754,county_centroid,321.149,0.408,2022,USDA NASS 2022 Ag Census Web Maps,Census Gazetteer 2024 county centroid,2.61,51.51,,8.36,9.3699999999999992,0.24,12,4355,3759,10.94,1.69,9.24,0.09,0.45,1,"Fruits, Tree Nuts, and Berries Market Value Share"
WV,Boone County,54005,38.022814,-81.713538,county_centroid,502.37,1.663,2022,USDA NASS 2022 Ag Census Web Maps,Census Gazetteer 2024 county centroid,13.02,,5.33,0,2.31,,3,42,,0,0,0,,,5,"Vegetables, Melons, Potatoes, and Sweet Potatoes Market Value Share"
WV,Braxton County,54007,38.69933,-80.73166,county_centroid,510.735,5.539,2022,USDA NASS 2022 Ag Census Web Maps,Census Gazetteer 2024 county centroid,2.4,1.1599999999999999,0.95,5.24,63.66,1.29,7,3178,3877,0.22,0,0,0.08,0.26,0,Cattle and Calves Market Value Share
WV,Brooke County,54009,40.272645,-80.578691,county_centroid,89.196,3.372,2022,USDA NASS 2022 Ag Census Web Maps,Census Gazetteer 2024 county centroid,,8.33,,,48.58,0.22,10,534,1180,3.77,0,,,0.31,5,Cattle and Calves Market Value Share
WV,Cabell County,54011,38.419578,-82.243397,county_centroid,281.024,6.992,2022,USDA NASS 2022 Ag Census Web Maps,Census Gazetteer 2024 county centroid,9.8000000000000007,7.01,4.37,0,41.04,0.5,7,1578,1248,0.51,0,0,0.17,0.73,0,Cattle and Calves Market Value Share
WV,Calhoun County,54013,38.844159,-81.115478,county_centroid,279.263,1.417,2022,USDA NASS 2022 Ag Census Web Maps,Census Gazetteer 2024 county centroid,7.86,,1.42,0,44.84,,5,2118,1627,0.73,0,0,0.06,0.45,2,Cattle and Calves Market Value Share
WV,Clay County,54015,38.459826,-81.081866,county_centroid,341.939,1.877,2022,USDA NASS 2022 Ag Census Web Maps,Census Gazetteer 2024 county centroid,,20.23,2.44,,21.38,1.28,4,567,293,0,0,0,0.04,0.78,2,Cattle and Calves Market Value Share
WV,Doddridge County,54017,39.264307,-80.711498,county_centroid,319.723,0.753,2022,USDA NASS 2022 Ag Census Web Maps,Census Gazetteer 2024 county centroid,,8.77,1.57,0,42.36,0.43,4,1650,1482,0.06,0,,,1.41,3,Cattle and Calves Market Value Share
WV,Fayette County,54019,38.030966,-81.086089,county_centroid,661.957,6.745,2022,USDA NASS 2022 Ag Census Web Maps,Census Gazetteer 2024 county centroid,2.23,6.34,0.68,0,12.51,,8,1344,1193,0.4,0,,0.1,0.49,2,Cattle and Calves Market Value Share
WV,Gilmer County,54021,38.915867,-80.849413,county_centroid,338.503,1.576,2022,USDA NASS 2022 Ag Census Web Maps,Census Gazetteer 2024 county centroid,0.7,,0.37,0,87.87,0.1,11,1655,8066,0,0,0,0.06,0.16,1,Cattle and Calves Market Value Share
WV,Grant County,54023,39.105988,-79.195064,county_centroid,477.372,2.914,2022,USDA NASS 2022 Ag Census Web Maps,Census Gazetteer 2024 county centroid,,0.47,80.739999999999995,,10.69,7.0000000000000007E-2,11,7184,6383,4.66,0,,0.02,0.18,3,Poultry and Eggs Market Value Share
WV,Greenbrier County,54025,37.924418,-80.45059,county_centroid,1019.819,4.686,2022,USDA NASS 2022 Ag Census Web Maps,Census Gazetteer 2024 county centroid,,,,,57.11,0.13,23,16962,29871,2.77,0,,0.04,0.13,5,Cattle and Calves Market Value Share
WV,Hampshire County,54027,39.312139,-78.611989,county_centroid,640.402,4.209,2022,USDA NASS 2022 Ag Census Web Maps,Census Gazetteer 2024 county centroid,3.76,,72.599999999999994,,10.15,0.2,11,9563,10440,4.2300000000000004,0.34,1.04,0.11,1.27,2,Poultry and Eggs Market Value Share
WV,Hancock County,54029,40.516958,-80.570164,county_centroid,82.61,5.358,2022,USDA NASS 2022 Ag Census Web Maps,Census Gazetteer 2024 county centroid,41.41,,1.48,0,4.62,,4,220,62,,0,0,,,5,"Vegetables, Melons, Potatoes, and Sweet Potatoes Market Value Share"
WV,Hardy County,54031,39.011361,-78.841729,county_centroid,582.315,2.171,2022,USDA NASS 2022 Ag Census Web Maps,Census Gazetteer 2024 county centroid,0.06,7.0000000000000007E-2,92.25,0,3.66,0.02,16,10478,10031,17.79,,5.89,,0.11,2,Poultry and Eggs Market Value Share
WV,Harrison County,54033,39.279182,-80.386498,county_centroid,416.01,0.507,2022,USDA NASS 2022 Ag Census Web Maps,Census Gazetteer 2024 county centroid,3.53,3.53,32.090000000000003,7.76,33.340000000000003,,10,6071,4550,,0,,0.03,0.31,3,Cattle and Calves Market Value Share
WV,Jackson County,54035,38.834234,-81.677717,county_centroid,464.36,7.269,2022,USDA NASS 2022 Ag Census Web Maps,Census Gazetteer 2024 county centroid,3.07,2.91,1.02,4.67,44.49,0.74,8,5864,4721,1.81,,,0.01,0.12,2,Cattle and Calves Market Value Share
WV,Jefferson County,54037,39.307398,-77.86322,county_centroid,209.296,2.375,2022,USDA NASS 2022 Ag Census Web Maps,Census Gazetteer 2024 county centroid,2.36,13.34,0.17,8.6999999999999993,7.95,,15,5346,3957,30.22,4.87,28.49,0.02,0.21,1,Corn Grain Harvested Share of Harvested Cropland
WV,Kanawha County,54039,38.328068,-81.523516,county_centroid,901.737,9.287,2022,USDA NASS 2022 Ag Census Web Maps,Census Gazetteer 2024 county centroid,11.76,14.15,3.63,,21.82,,5,777,453,0.2,0,0,0.35,0.95,2,Cattle and Calves Market Value Share
WV,Lewis County,54041,38.988877,-80.495477,county_centroid,386.93,2.717,2022,USDA NASS 2022 Ag Census Web Maps,Census Gazetteer 2024 county centroid,1.45,1.25,2.04,0,67.150000000000006,0.49,10,4900,4373,,0,0,0.01,0.17,1,Cattle and Calves Market Value Share
WV,Lincoln County,54043,38.17177,-82.077623,county_centroid,437.093,1.565,2022,USDA NASS 2022 Ag Census Web Maps,Census Gazetteer 2024 county centroid,4.53,8.92,,0,32.369999999999997,,7,1130,630,0.23,0,0,0.09,0.48,2,Cattle and Calves Market Value Share
WV,Logan County,54045,37.830591,-81.940853,county_centroid,452.904,1.809,2022,USDA NASS 2022 Ag Census Web Maps,Census Gazetteer 2024 county centroid,,0,0,0,0,0.88,11,49,0,,,,,,6,Hogs and Pigs Market Value Share
WV,McDowell County,54047,37.38276,-81.658204,county_centroid,533.458,1.441,2022,USDA NASS 2022 Ag Census Web Maps,Census Gazetteer 2024 county centroid,,0,4.68,0,,0,16,115,,,0,0,,3.9,5,Poultry and Eggs Market Value Share
WV,Marion County,54049,39.505839,-80.243402,county_centroid,308.785,2.733,2022,USDA NASS 2022 Ag Census Web Maps,Census Gazetteer 2024 county centroid,8.24,9.67,2.64,,39.26,,8,2499,1755,0.19,0,0.16,0.13,0.42,2,Cattle and Calves Market Value Share
WV,Marshall County,54051,39.854426,-80.671794,county_centroid,305.431,6.728,2022,USDA NASS 2022 Ag Census Web Maps,Census Gazetteer 2024 county centroid,10.220000000000001,8.64,1.45,,28.47,0.72,8,3424,2075,0.85,0,0,0.02,0.37,1,Cattle and Calves Market Value Share
WV,Mason County,54053,38.770914,-82.029007,county_centroid,430.768,13.948,2022,USDA NASS 2022 Ag Census Web Maps,Census Gazetteer 2024 county centroid,,0.98,0.3,,11.08,0.27,9,6818,6053,9.86,1.3,24.07,0.03,0.49,2,Soybeans Harvested Share of Harvested Cropland
WV,Mercer County,54055,37.403448,-81.106456,county_centroid,418.962,1.715,2022,USDA NASS 2022 Ag Census Web Maps,Census Gazetteer 2024 county centroid,1.68,7.72,1.94,,45.77,,8,2875,2366,0.17,,0,,0.17,4,Cattle and Calves Market Value Share
WV,Mineral County,54057,39.404781,-78.95669,county_centroid,327.882,1.338,2022,USDA NASS 2022 Ag Census Web Maps,Census Gazetteer 2024 county centroid,1.6,3.5,74.31,,8.59,,7,3618,2877,6.24,0,,0.04,0.64,3,Poultry and Eggs Market Value Share
WV,Mingo County,54059,37.721161,-82.158989,county_centroid,423.113,0.841,2022,USDA NASS 2022 Ag Census Web Maps,Census Gazetteer 2024 county centroid,0,,0,0,62.31,0,15,396,106,,,,,,6,Cattle and Calves Market Value Share
WV,Monongalia County,54061,39.633645,-80.059074,county_centroid,360.093,5.787,2022,USDA NASS 2022 Ag Census Web Maps,Census Gazetteer 2024 county centroid,7.06,11.7,1.27,18.260000000000002,34.33,0.62,9,3070,2549,,,0,0.03,0.33,2,Cattle and Calves Market Value Share
WV,Monroe County,54063,37.554062,-80.550329,county_centroid,472.754,0.887,2022,USDA NASS 2022 Ag Census Web Maps,Census Gazetteer 2024 county centroid,1.97,1.44,21.92,10.96,48.92,,17,12474,14089,2.17,0.55000000000000004,0,0.04,0.36,1,Cattle and Calves Market Value Share
WV,Morgan County,54065,39.557345,-78.256517,county_centroid,229.073,0.541,2022,USDA NASS 2022 Ag Census Web Maps,Census Gazetteer 2024 county centroid,12.85,19.149999999999999,1.1499999999999999,0,11.7,2.57,7,1140,693,2.25,2.19,,0.44,1.6,1,"Fruits, Tree Nuts, and Berries Market Value Share"
WV,Nicholas County,54067,38.291432,-80.797515,county_centroid,646.842,7.481,2022,USDA NASS 2022 Ag Census Web Maps,Census Gazetteer 2024 county centroid,4.1900000000000004,6.22,1.82,,41.55,,9,2831,2049,0.19,0,0,0.09,0.28000000000000003,2,Cattle and Calves Market Value Share
WV,Ohio County,54069,40.100323,-80.6199,county_centroid,105.831,3.19,2022,USDA NASS 2022 Ag Census Web Maps,Census Gazetteer 2024 county centroid,,,0.82,21.45,17.88,,13,1364,790,3.75,0,1.17,,0.36,4,Milk from Cows Market Value Share
WV,Pendleton County,54071,38.67445,-79.340617,county_centroid,696.05,2.096,2022,USDA NASS 2022 Ag Census Web Maps,Census Gazetteer 2024 county centroid,0.03,0.05,85.37,,8.59,0.04,11,10352,10651,8.6300000000000008,,1.28,,0.04,3,Poultry and Eggs Market Value Share
WV,Pleasants County,54073,39.368133,-81.161172,county_centroid,130.119,4.428,2022,USDA NASS 2022 Ag Census Web Maps,Census Gazetteer 2024 county centroid,,8.61,1.59,0,56.36,1.28,9,1473,1552,7.62,0,0,,,3,Cattle and Calves Market Value Share
WV,Pocahontas County,54075,38.332606,-80.010121,county_centroid,940.239,1.581,2022,USDA NASS 2022 Ag Census Web Maps,Census Gazetteer 2024 county centroid,4.1399999999999997,6.18,1.07,,64.239999999999995,0.12,10,6033,6731,0.4,0,0.24,0.15,0.47,1,Cattle and Calves Market Value Share
WV,Preston County,54077,39.46903,-79.668865,county_centroid,648.814,2.575,2022,USDA NASS 2022 Ag Census Web Maps,Census Gazetteer 2024 county centroid,5.81,2.04,1.48,,38.94,,11,8801,8519,6.78,0.4,3.88,0.14000000000000001,0.42,2,Cattle and Calves Market Value Share
WV,Putnam County,54079,38.510518,-81.906109,county_centroid,345.677,4.722,2022,USDA NASS 2022 Ag Census Web Maps,Census Gazetteer 2024 county centroid,16.23,6.35,2.0499999999999998,0,22.68,0.83,7,2788,2010,0.74,0,0,0.02,1.39,0,Cattle and Calves Market Value Share
WV,Raleigh County,54081,37.762469,-81.264672,county_centroid,604.968,4.013,2022,USDA NASS 2022 Ag Census Web Maps,Census Gazetteer 2024 county centroid,,17.510000000000002,,0,27.99,0.66,11,2045,1518,0.04,0,0,,0.27,3,Cattle and Calves Market Value Share
WV,Randolph County,54083,38.781095,-79.867788,county_centroid,1039.7,0.258,2022,USDA NASS 2022 Ag Census Web Maps,Census Gazetteer 2024 county centroid,,5.47,,,49.84,0.13,8,3456,4793,4.99,,,0.26,0.47,5,Cattle and Calves Market Value Share
WV,Ritchie County,54085,39.177112,-81.066317,county_centroid,451.99,1.708,2022,USDA NASS 2022 Ag Census Web Maps,Census Gazetteer 2024 county centroid,0.64,3.28,1.77,0,54.52,0.37,9,4777,2791,,0,,0,0.03,2,Cattle and Calves Market Value Share
WV,Roane County,54087,38.74295,-81.354494,county_centroid,483.563,0.156,2022,USDA NASS 2022 Ag Census Web Maps,Census Gazetteer 2024 county centroid,6.33,,1.0900000000000001,,47.62,,9,4880,3466,,0,0,7.0000000000000007E-2,,5,Cattle and Calves Market Value Share
WV,Summers County,54089,37.655999,-80.856325,county_centroid,360.588,7.136,2022,USDA NASS 2022 Ag Census Web Maps,Census Gazetteer 2024 county centroid,3.18,1.58,0.78,,55.33,,9,2852,3342,0.09,0,0,0.06,0.16,2,Cattle and Calves Market Value Share
WV,Taylor County,54091,39.332478,-80.046554,county_centroid,172.771,2.908,2022,USDA NASS 2022 Ag Census Web Maps,Census Gazetteer 2024 county centroid,4.4000000000000004,,1.56,,52.43,0.17,14,3363,2509,0.03,0,0,0.06,0.2,2,Cattle and Calves Market Value Share
WV,Tucker County,54093,39.111175,-79.559968,county_centroid,419.042,2.05,2022,USDA NASS 2022 Ag Census Web Maps,Census Gazetteer 2024 county centroid,3.23,1.95,,0,46.94,1.55,8,1267,1261,3.4,0,0,0.05,0.17,1,Cattle and Calves Market Value Share
WV,Tyler County,54095,39.465634,-80.877219,county_centroid,256.302,4.395,2022,USDA NASS 2022 Ag Census Web Maps,Census Gazetteer 2024 county centroid,19.25,9.7799999999999994,1.22,0,36.14,,8,2160,1620,0.84,,0,,0.99,3,Cattle and Calves Market Value Share
WV,Upshur County,54097,38.90253,-80.231606,county_centroid,354.638,0.117,2022,USDA NASS 2022 Ag Census Web Maps,Census Gazetteer 2024 county centroid,20.51,6.38,1.45,,39.979999999999997,,8,2930,2399,1.81,0,0,0.17,0.75,2,Cattle and Calves Market Value Share
WV,Wayne County,54099,38.143642,-82.422666,county_centroid,506.005,6.107,2022,USDA NASS 2022 Ag Census Web Maps,Census Gazetteer 2024 county centroid,33.520000000000003,16.09,3.38,0,24.9,0.47,5,909,544,3.97,0,0,,1.62,1,"Vegetables, Melons, Potatoes, and Sweet Potatoes Market Value Share"
WV,Webster County,54101,38.483459,-80.449052,county_centroid,553.47,2.759,2022,USDA NASS 2022 Ag Census Web Maps,Census Gazetteer 2024 county centroid,31.67,23.07,1.84,0,18.149999999999999,,5,167,146,,0,0,0.52,2.46,2,"Vegetables, Melons, Potatoes, and Sweet Potatoes Market Value Share"
WV,Wetzel County,54103,39.59818,-80.635399,county_centroid,358.067,3.263,2022,USDA NASS 2022 Ag Census Web Maps,Census Gazetteer 2024 county centroid,10.32,6.44,4.83,0,24.94,0.86,3,662,402,1.01,0,0,0.05,0.26,0,Cattle and Calves Market Value Share
WV,Wirt County,54105,39.020034,-81.382975,county_centroid,232.511,2.255,2022,USDA NASS 2022 Ag Census Web Maps,Census Gazetteer 2024 county centroid,3.58,,1.28,0,51.19,1.35,10,2356,1964,0.76,0,,0.04,0.24,2,Cattle and Calves Market Value Share
WV,Wood County,54107,39.211602,-81.516234,county_centroid,366.5,10.267,2022,USDA NASS 2022 Ag Census Web Maps,Census Gazetteer 2024 county centroid,6.86,11.98,1.8,0,33.08,0.86,9,3831,2445,2.41,,,0.09,0.44,2,Cattle and Calves Market Value Share
WV,Wyoming County,54109,37.60366,-81.549032,county_centroid,499.47,2.349,2022,USDA NASS 2022 Ag Census Web Maps,Census Gazetteer 2024 county centroid,,,,0,,,3,31,,,0,0,,1.6,8,Vegetables Harvested Share of Harvested Cropland
WI,Adams County,55001,43.973757,-89.767228,county_centroid,645.646,41.834,2022,USDA NASS 2022 Ag Census Web Maps,Census Gazetteer 2024 county centroid,55.94,4.05,0.02,,,0.01,12,11299,13994,21.97,0.82,14.99,16.440000000000001,46.76,2,"Vegetables, Melons, Potatoes, and Sweet Potatoes Market Value Share"
WI,Ashland County,55003,46.544424,-90.679691,county_centroid,1044.97,1247.391,2022,USDA NASS 2022 Ag Census Web Maps,Census Gazetteer 2024 county centroid,0.56999999999999995,0.57999999999999996,0.14000000000000001,67.12,17.670000000000002,0.23,13,5346,4908,7.69,0,6.75,0.02,0.06,0,Milk from Cows Market Value Share
WI,Barron County,55005,45.437192,-91.852892,county_centroid,863.054,26.709,2022,USDA NASS 2022 Ag Census Web Maps,Census Gazetteer 2024 county centroid,1.9,0.09,35.590000000000003,24.53,12.14,,17,23540,41666,36.39,2.1800000000000002,26.13,,3.44,2,Corn Grain Harvested Share of Harvested Cropland
WI,Bayfield County,55007,46.634199,-91.177282,county_centroid,1477.881,563.819,2022,USDA NASS 2022 Ag Census Web Maps,Census Gazetteer 2024 county centroid,,8.33,0.32,,,0.6,7,2951,2872,6.14,3.7,6.55,0.01,0.18,3,"Fruits, Tree Nuts, and Berries Market Value Share"
WI,Brown County,55009,44.474024,-87.99613,county_centroid,530.092,85.642,2022,USDA NASS 2022 Ag Census Web Maps,Census Gazetteer 2024 county centroid,0.38,0.3,0.39,63.89,19.12,0.03,72,51543,108398,19.62,7.57,15.55,0,0.31,0,Milk from Cows Market Value Share
WI,Buffalo County,55011,44.385633,-91.761294,county_centroid,675.791,33.803,2022,USDA NASS 2022 Ag Census Web Maps,Census Gazetteer 2024 county centroid,0.13,0.47,30.76,32.86,8.02,0.15,21,27039,29179,43.75,0.34,23.36,0,0.04,0,Corn Grain Harvested Share of Harvested Cropland
WI,Burnett County,55013,45.866897,-92.37573,county_centroid,821.596,58.628,2022,USDA NASS 2022 Ag Census Web Maps,Census Gazetteer 2024 county centroid,0.23,,0.14000000000000001,45.06,9.52,,14,5579,5369,32.659999999999997,0.37,24.75,0,0.1,2,Milk from Cows Market Value Share
WI,Calumet County,55015,44.07841,-88.212132,county_centroid,318.25,78.827,2022,USDA NASS 2022 Ag Census Web Maps,Census Gazetteer 2024 county centroid,1.26,,,63.58,10.41,0.02,51,37759,40755,23.36,9.1999999999999993,23.32,0,2.54,2,Milk from Cows Market Value Share
WI,Chippewa County,55017,45.069092,-91.283505,county_centroid,1008.355,32.909,2022,USDA NASS 2022 Ag Census Web Maps,Census Gazetteer 2024 county centroid,0.35,0.5,11.11,37.340000000000003,7,,15,25139,23664,38.96,0.88,28.24,0,0.11,1,Corn Grain Harvested Share of Harvested Cropland
WI,Clark County,55019,44.739166,-90.609909,county_centroid,1209.698,8.972,2022,USDA NASS 2022 Ag Census Web Maps,Census Gazetteer 2024 county centroid,0.16,0.28000000000000003,1.61,65.959999999999994,10.53,0.1,36,72370,71746,26.51,1.48,21.2,0,0.08,0,Milk from Cows Market Value Share
WI,Columbia County,55021,43.471882,-89.330472,county_centroid,765.6,30.385,2022,USDA NASS 2022 Ag Census Web Maps,Census Gazetteer 2024 county centroid,1.85,0.35,2.0299999999999998,34.81,6.88,0.46,20,24411,26281,51.78,3.04,24.23,0.01,1.06,0,Corn Grain Harvested Share of Harvested Cropland
WI,Crawford County,55023,43.242768,-90.935185,county_centroid,570.805,28.405,2022,USDA NASS 2022 Ag Census Web Maps,Census Gazetteer 2024 county centroid,,6.66,,20.28,15.63,,15,13217,14204,36.340000000000003,1.5,22.77,0,0.11,3,Corn Grain Harvested Share of Harvested Cropland
WI,Dane County,55025,43.067468,-89.417852,county_centroid,1196.497,41.006,2022,USDA NASS 2022 Ag Census Web Maps,Census Gazetteer 2024 county centroid,0.99,0.85,,41.36,11.63,0.37,28,52947,63044,45.41,3.2,25.93,0,0.37,1,Corn Grain Harvested Share of Harvested Cropland
WI,Dodge County,55027,43.429628,-88.701939,county_centroid,875.699,31.402,2022,USDA NASS 2022 Ag Census Web Maps,Census Gazetteer 2024 county centroid,1.57,,0.6,42.67,10.1,0.94,26,40552,46805,41.81,5.05,28.83,0,1.43,1,Milk from Cows Market Value Share
WI,Door County,55029,45.093417,-87.048683,county_centroid,481.936,1888.299,2022,USDA NASS 2022 Ag Census Web Maps,Census Gazetteer 2024 county centroid,2.58,6.21,0.27,50.69,5.6,7.0000000000000007E-2,19,10275,8708,20.239999999999998,13.02,20.62,0,2.39,0,Milk from Cows Market Value Share
WI,Douglas County,55031,46.463218,-91.892477,county_centroid,1304.272,175.404,2022,USDA NASS 2022 Ag Census Web Maps,Census Gazetteer 2024 county centroid,0.73,,0.36,6.09,45.62,0.36,9,3114,4648,,0,,,0.04,4,Cattle and Calves Market Value Share
WI,Dunn County,55033,44.947751,-91.897645,county_centroid,850.159,13.735,2022,USDA NASS 2022 Ag Census Web Maps,Census Gazetteer 2024 county centroid,2.15,,2.31,43.18,9.67,0.6,18,31221,38133,39.51,0.1,30.88,,1.52,2,Milk from Cows Market Value Share
WI,Eau Claire County,55035,44.726355,-91.286414,county_centroid,637.922,7.277,2022,USDA NASS 2022 Ag Census Web Maps,Census Gazetteer 2024 county centroid,0.51,1.34,8.85,31.25,16.989999999999998,1.1200000000000001,17,11690,20377,40.71,0.28999999999999998,27.03,0,0.1,0,Corn Grain Harvested Share of Harvested Cropland
WI,Florence County,55037,45.871828,-88.406988,county_centroid,488.024,9.31,2022,USDA NASS 2022 Ag Census Web Maps,Census Gazetteer 2024 county centroid,,,,,,,7,835,585,0.37,0,,,0.11,8,Corn Grain Harvested Share of Harvested Cropland
WI,Fond du Lac County,55039,43.754722,-88.493284,county_centroid,719.566,46.276,2022,USDA NASS 2022 Ag Census Web Maps,Census Gazetteer 2024 county centroid,5.8,0.12,7.0000000000000007E-2,60.41,9.69,,40,61854,71111,32.06,6.54,23.7,0,3.94,1,Milk from Cows Market Value Share
WI,Forest County,55041,45.666881,-88.773326,county_centroid,1014.266,32.254,2022,USDA NASS 2022 Ag Census Web Maps,Census Gazetteer 2024 county centroid,0.54,4.17,,0,14.52,0.89,5,625,579,16.600000000000001,,7.14,0,0.13,2,Corn Grain Harvested Share of Harvested Cropland
WI,Grant County,55043,42.870028,-90.694229,county_centroid,1147.604,35.769,2022,USDA NASS 2022 Ag Census Web Maps,Census Gazetteer 2024 county centroid,0.14000000000000001,,2.34,36.03,17.79,7.04,29,68485,95486,40.61,0.98,25.31,0,0.05,1,Corn Grain Harvested Share of Harvested Cropland
WI,Green County,55045,42.675522,-89.605074,county_centroid,584.044,0.507,2022,USDA NASS 2022 Ag Census Web Maps,Census Gazetteer 2024 county centroid,0.52,0.31,,45.7,10.44,0.17,25,34041,39074,39.53,2.79,29.61,,0.3,2,Milk from Cows Market Value Share
WI,Green Lake County,55047,43.780247,-88.97038,county_centroid,349.541,30.584,2022,USDA NASS 2022 Ag Census Web Maps,Census Gazetteer 2024 county centroid,16.57,,0.71,38.93,5.36,7.0000000000000007E-2,19,10257,9902,44.31,4.0199999999999996,21.25,,11.92,2,Corn Grain Harvested Share of Harvested Cropland
WI,Iowa County,55049,43.001021,-90.133691,county_centroid,762.698,5.355,2022,USDA NASS 2022 Ag Census Web Maps,Census Gazetteer 2024 county centroid,,0.32,1.52,30.71,20.83,0.28999999999999998,25,33811,54947,39.18,0.93,24.27,,,3,Corn Grain Harvested Share of Harvested Cropland
WI,Iron County,55051,46.32655,-90.261298,county_centroid,758.214,160.95,2022,USDA NASS 2022 Ag Census Web Maps,Census Gazetteer 2024 county centroid,,,,,,,28,1394,1115,,,,,,11,No dominant food signal
WI,Jackson County,55053,44.32459,-90.79951,county_centroid,987.915,12.563,2022,USDA NASS 2022 Ag Census Web Maps,Census Gazetteer 2024 county centroid,,11.37,2.67,29.53,6.35,1.58,14,15952,17063,36.299999999999997,,25.5,,0.08,3,Corn Grain Harvested Share of Harvested Cropland
WI,Jefferson County,55055,43.013804,-88.773985,county_centroid,556.493,26.249,2022,USDA NASS 2022 Ag Census Web Maps,Census Gazetteer 2024 county centroid,1.35,0.13,37.22,16.8,4.01,0.16,20,17114,19047,44.46,3.21,30.5,,0.56999999999999995,1,Corn Grain Harvested Share of Harvested Cropland
WI,Juneau County,55057,43.932836,-90.113984,county_centroid,767.081,38.085,2022,USDA NASS 2022 Ag Census Web Maps,Census Gazetteer 2024 county centroid,,14.84,,35.840000000000003,9.5,,14,10297,17627,36.880000000000003,1.59,29.05,,,5,Corn Grain Harvested Share of Harvested Cropland
WI,Kenosha County,55059,42.587526,-87.879996,county_centroid,271.833,482.192,2022,USDA NASS 2022 Ag Census Web Maps,Census Gazetteer 2024 county centroid,2.67,2.42,0.12,25.96,4.66,0.25,11,3727,3946,41.37,6.51,34.43,0.01,1.23,0,Corn Grain Harvested Share of Harvested Cropland
WI,Kewaunee County,55061,44.605677,-87.448008,county_centroid,342.454,741.832,2022,USDA NASS 2022 Ag Census Web Maps,Census Gazetteer 2024 county centroid,,0.05,,64.790000000000006,17.239999999999998,,62,54648,79479,22.93,8.81,11.73,0,1.1599999999999999,3,Milk from Cows Market Value Share
WI,La Crosse County,55063,43.908222,-91.111758,county_centroid,451.803,28.247,2022,USDA NASS 2022 Ag Census Web Maps,Census Gazetteer 2024 county centroid,0.52,1.08,1.35,32.65,10.85,0.34,13,9657,8655,41.14,0.27,31.13,0,0.1,0,Corn Grain Harvested Share of Harvested Cropland
WI,Lafayette County,55065,42.655578,-90.130292,county_centroid,633.588,0.98,2022,USDA NASS 2022 Ag Census Web Maps,Census Gazetteer 2024 county centroid,0.4,7.0000000000000007E-2,0.51,34.46,15.4,1.53,28,39972,58430,45.7,0.89,28.1,0.01,0.14000000000000001,0,Corn Grain Harvested Share of Harvested Cropland
WI,Langlade County,55067,45.254863,-89.06707,county_centroid,870.69,17.104,2022,USDA NASS 2022 Ag Census Web Maps,Census Gazetteer 2024 county centroid,46.48,0.23,7.0000000000000007E-2,35.97,5.05,0.01,13,10147,8204,8.26,4.47,9.01,17.579999999999998,27.86,0,"Vegetables, Melons, Potatoes, and Sweet Potatoes Market Value Share"
WI,Lincoln County,55069,45.333148,-89.73224,county_centroid,878.71,28.081,2022,USDA NASS 2022 Ag Census Web Maps,Census Gazetteer 2024 county centroid,,,3.32,37.450000000000003,11.39,1.05,14,4868,5245,20.81,0.81,16.059999999999999,0.03,0.33,2,Milk from Cows Market Value Share
WI,Manitowoc County,55071,44.156137,-87.577352,county_centroid,589.309,904.768,2022,USDA NASS 2022 Ag Census Web Maps,Census Gazetteer 2024 county centroid,1.08,,,74.260000000000005,7.28,,46,62115,54514,18.13,8.94,16.43,0,1.39,3,Milk from Cows Market Value Share
WI,Marathon County,55073,44.898036,-89.757823,county_centroid,1545.238,31.096,2022,USDA NASS 2022 Ag Census Web Maps,Census Gazetteer 2024 county centroid,2.4900000000000002,0.25,0.24,62.65,11.26,0.03,32,73967,72949,27.56,1.43,22.15,,1.05,1,Milk from Cows Market Value Share
WI,Marinette County,55075,45.346899,-87.991198,county_centroid,1399.468,150.53,2022,USDA NASS 2022 Ag Census Web Maps,Census Gazetteer 2024 county centroid,3.57,,0.06,62.69,11.1,0.06,29,21083,21435,32.28,2.7,13.05,,1.97,2,Milk from Cows Market Value Share
WI,Marquette County,55077,43.826053,-89.409095,county_centroid,455.713,8.752,2022,USDA NASS 2022 Ag Census Web Maps,Census Gazetteer 2024 county centroid,15.1,,1.98,29.04,5.89,0.09,13,5806,6244,41.58,1.56,25.63,,4.57,2,Corn Grain Harvested Share of Harvested Cropland
WI,Menominee County,55078,44.991304,-88.669251,county_centroid,357.615,7.345,2022,USDA NASS 2022 Ag Census Web Maps,Census Gazetteer 2024 county centroid,,,,,,,,0,0,,,,,,12,No dominant food signal
WI,Milwaukee County,55079,42.912643,-87.862312,county_centroid,241.457,948.055,2022,USDA NASS 2022 Ag Census Web Maps,Census Gazetteer 2024 county centroid,18.02,3.34,,0,,0,,0,,,,,,,9,"Vegetables, Melons, Potatoes, and Sweet Potatoes Market Value Share"
WI,Monroe County,55081,43.945175,-90.619969,county_centroid,900.904,7.176,2022,USDA NASS 2022 Ag Census Web Maps,Census Gazetteer 2024 county centroid,0.44,11.43,7.12,45.05,10.09,0.17,22,27392,26731,34.76,0.14000000000000001,20.010000000000002,0,0.14000000000000001,0,Milk from Cows Market Value Share
WI,Oconto County,55083,44.996575,-88.206516,county_centroid,997.477,151.371,2022,USDA NASS 2022 Ag Census Web Maps,Census Gazetteer 2024 county centroid,0.74,0.16,0.42,64.25,6.15,0.03,24,25325,21070,29.79,3.71,24.41,0,1.07,0,Milk from Cows Market Value Share
WI,Oneida County,55085,45.716176,-89.534533,county_centroid,1113.944,122.627,2022,USDA NASS 2022 Ag Census Web Maps,Census Gazetteer 2024 county centroid,,35.42,0.1,0,1.77,0.22,2,,,6.96,0,5.49,,,5,"Fruits, Tree Nuts, and Berries Market Value Share"
WI,Outagamie County,55087,44.418226,-88.464988,county_centroid,637.557,7.051,2022,USDA NASS 2022 Ag Census Web Maps,Census Gazetteer 2024 county centroid,1.52,0.14000000000000001,0.03,57.54,9.4499999999999993,0.08,34,39500,43214,32.56,3.49,30.55,0,1.06,0,Milk from Cows Market Value Share
WI,Ozaukee County,55089,43.501807,-87.847551,county_centroid,233.011,883.183,2022,USDA NASS 2022 Ag Census Web Maps,Census Gazetteer 2024 county centroid,2.48,3.31,7.0000000000000007E-2,56.07,9.8000000000000007,0.04,35,8651,8328,20.05,7.04,27.11,0.01,0.9,0,Milk from Cows Market Value Share
WI,Pepin County,55091,44.627436,-91.83489,county_centroid,232.008,16.695,2022,USDA NASS 2022 Ag Census Web Maps,Census Gazetteer 2024 county centroid,0.73,0.31,0.03,43.49,19.2,,26,9626,17012,37.51,,27.96,0,0.19,2,Milk from Cows Market Value Share
WI,Pierce County,55093,44.725336,-92.426279,county_centroid,574.018,18.708,2022,USDA NASS 2022 Ag Census Web Maps,Census Gazetteer 2024 county centroid,0.33,0.4,,33.85,11.9,0.21,18,17202,22921,43.52,0.41,28.74,0,0.1,1,Corn Grain Harvested Share of Harvested Cropland
WI,Polk County,55095,45.462041,-92.447066,county_centroid,914.32,42.096,2022,USDA NASS 2022 Ag Census Web Maps,Census Gazetteer 2024 county centroid,2.41,0.51,7.82,39.5,7.41,,15,19292,15814,38.33,0.33,26.88,0,2,1,Milk from Cows Market Value Share
WI,Portage County,55097,44.476246,-89.49807,county_centroid,800.874,21.944,2022,USDA NASS 2022 Ag Census Web Maps,Census Gazetteer 2024 county centroid,54.43,1.9,0.19,17.09,7.43,,15,16716,23594,23.68,0.44,11.24,12.56,35.909999999999997,1,"Vegetables, Melons, Potatoes, and Sweet Potatoes Market Value Share"
WI,Price County,55099,45.679072,-90.35965,county_centroid,1254.057,23.975,2022,USDA NASS 2022 Ag Census Web Maps,Census Gazetteer 2024 county centroid,0.89,1.0900000000000001,0.19,65.83,12.27,,13,5912,4209,4.2699999999999996,,3.41,,0.27,3,Milk from Cows Market Value Share
WI,Racine County,55101,42.780392,-87.771599,county_centroid,332.611,459.532,2022,USDA NASS 2022 Ag Census Web Maps,Census Gazetteer 2024 county centroid,,,,14.18,6.06,1.42,11,4594,6922,36.840000000000003,7.89,38.31,0.01,,4,Soybeans Harvested Share of Harvested Cropland
WI,Richland County,55103,43.376199,-90.435693,county_centroid,586.15,3.148,2022,USDA NASS 2022 Ag Census Web Maps,Census Gazetteer 2024 county centroid,0.47,1.82,1.88,47.52,11.85,,20,23022,24379,34.909999999999997,1.66,16.920000000000002,0.01,7.0000000000000007E-2,1,Milk from Cows Market Value Share
WI,Rock County,55105,42.66988,-89.075284,county_centroid,718.168,7.99,2022,USDA NASS 2022 Ag Census Web Maps,Census Gazetteer 2024 county centroid,2.77,0.09,,24.25,9.08,3.08,15,19206,32509,49.51,1.86,35.14,0,2.33,1,Corn Grain Harvested Share of Harvested Cropland
WI,Rusk County,55107,45.472734,-91.136745,county_centroid,913.511,17.345,2022,USDA NASS 2022 Ag Census Web Maps,Census Gazetteer 2024 county centroid,0.04,0.36,0.11,62.52,9.85,0.05,20,13023,10827,26.16,0.64,23.08,,0.02,1,Milk from Cows Market Value Share
WI,St. Croix County,55109,45.028959,-92.447284,county_centroid,722.158,13.027,2022,USDA NASS 2022 Ag Census Web Maps,Census Gazetteer 2024 county centroid,0.76,0.13,,38.71,11.02,0.12,16,19808,25910,42.09,0.25,34,0,0.56999999999999995,1,Corn Grain Harvested Share of Harvested Cropland
WI,Sauk County,55111,43.428001,-89.943318,county_centroid,831.587,17.598,2022,USDA NASS 2022 Ag Census Web Maps,Census Gazetteer 2024 county centroid,0.33,0.46,0.33,36.5,11.78,3.43,20,24005,28370,42.47,2.83,23.76,0,0.08,0,Corn Grain Harvested Share of Harvested Cropland
WI,Sawyer County,55113,45.864999,-91.147063,county_centroid,1257.6,92.638,2022,USDA NASS 2022 Ag Census Web Maps,Census Gazetteer 2024 county centroid,1.35,10.119999999999999,0.3,49.18,5.77,0.25,15,3070,1935,23.04,,8.2200000000000006,0,0.15,1,Milk from Cows Market Value Share
WI,Shawano County,55115,44.789641,-88.755813,county_centroid,893.225,16.171,2022,USDA NASS 2022 Ag Census Web Maps,Census Gazetteer 2024 county centroid,0.1,0.13,0.12,53.84,10.9,0.06,39,43893,66114,26.46,2.31,18.600000000000001,,0.08,1,Milk from Cows Market Value Share
WI,Sheboygan County,55117,43.738713,-87.731531,county_centroid,511.519,759.722,2022,USDA NASS 2022 Ag Census Web Maps,Census Gazetteer 2024 county centroid,0.86,0.17,,53.46,13.06,0.03,38,31048,43459,23.85,9.26,24.67,0,1.1299999999999999,1,Milk from Cows Market Value Share
WI,Taylor County,55119,45.211656,-90.504853,county_centroid,975.052,9.51,2022,USDA NASS 2022 Ag Census Web Maps,Census Gazetteer 2024 county centroid,0.14000000000000001,0.16,0.06,52.14,7.63,,18,21251,16109,24.33,0.39,25.39,0,0.03,1,Milk from Cows Market Value Share
WI,Trempealeau County,55121,44.30305,-91.358867,county_centroid,732.966,9.008,2022,USDA NASS 2022 Ag Census Web Maps,Census Gazetteer 2024 county centroid,,1.05,32.47,30.02,5.74,,19,25180,22711,43.18,0.21,24.81,,0.65,3,Corn Grain Harvested Share of Harvested Cropland
WI,Vernon County,55123,43.599366,-90.821983,county_centroid,791.563,24.821,2022,USDA NASS 2022 Ag Census Web Maps,Census Gazetteer 2024 county centroid,1.33,0.86,4.88,45.71,13.73,0.27,22,34978,42146,33.32,1.1299999999999999,21.75,0.02,0.3,0,Milk from Cows Market Value Share
WI,Vilas County,55125,46.049848,-89.501254,county_centroid,857.71,160.006,2022,USDA NASS 2022 Ag Census Web Maps,Census Gazetteer 2024 county centroid,,64.17,,0,0.44,0,,,17,,0,0,,,7,"Fruits, Tree Nuts, and Berries Market Value Share"
WI,Walworth County,55127,42.66811,-88.541731,county_centroid,555.433,21.163,2022,USDA NASS 2022 Ag Census Web Maps,Census Gazetteer 2024 county centroid,1.98,0.54,,37.729999999999997,9.9,2.31,27,21542,27788,45.13,2.42,28.67,0.01,0.84,1,Corn Grain Harvested Share of Harvested Cropland
WI,Washburn County,55129,45.892489,-91.796422,county_centroid,797.114,56.203,2022,USDA NASS 2022 Ag Census Web Maps,Census Gazetteer 2024 county centroid,,,23.45,28.98,6.08,,9,3611,3268,33.97,0.6,27.98,0.02,0.15,3,Corn Grain Harvested Share of Harvested Cropland
WI,Washington County,55131,43.391156,-88.232917,county_centroid,430.644,5.019,2022,USDA NASS 2022 Ag Census Web Maps,Census Gazetteer 2024 county centroid,2.62,0.54,,48.58,8.7899999999999991,0.05,29,16734,16516,30.49,5.67,30.19,0.02,0.81,1,Milk from Cows Market Value Share
WI,Waukesha County,55133,43.018368,-88.30424,county_centroid,549.725,30.814,2022,USDA NASS 2022 Ag Census Web Maps,Census Gazetteer 2024 county centroid,3.24,0.55000000000000004,1.1000000000000001,15.03,5.01,0.59,8,2596,2908,39.76,3.48,34.79,0.02,0.6,0,Corn Grain Harvested Share of Harvested Cropland
WI,Waupaca County,55135,44.478004,-88.967005,county_centroid,747.702,17.472,2022,USDA NASS 2022 Ag Census Web Maps,Census Gazetteer 2024 county centroid,1.86,0.63,0.05,66.14,8.74,0.15,28,33658,31490,33.25,1.84,22.37,,1.26,1,Milk from Cows Market Value Share
WI,Waushara County,55137,44.112823,-89.239786,county_centroid,626.161,11.234,2022,USDA NASS 2022 Ag Census Web Maps,Census Gazetteer 2024 county centroid,45.1,0.28999999999999998,,19.809999999999999,4.3600000000000003,0.09,10,7527,10135,31.22,1.42,20.37,6.16,23.98,1,"Vegetables, Melons, Potatoes, and Sweet Potatoes Market Value Share"
WI,Winnebago County,55139,44.085707,-88.668149,county_centroid,434.697,143.873,2022,USDA NASS 2022 Ag Census Web Maps,Census Gazetteer 2024 county centroid,0.4,,0.1,53.19,10.11,,28,17841,20373,33.6,7.19,34.49,,0.45,3,Milk from Cows Market Value Share
WI,Wood County,55141,44.461413,-90.038825,county_centroid,793.02,16.232,2022,USDA NASS 2022 Ag Census Web Maps,Census Gazetteer 2024 county centroid,0.13,19.55,0.09,46.21,9.17,0.09,20,21361,24519,26.96,2.2200000000000002,21.54,0,0.03,0,Milk from Cows Market Value Share
WY,Albany County,56001,41.665514,-105.721883,county_centroid,4274.175,34.577,2022,USDA NASS 2022 Ag Census Web Maps,Census Gazetteer 2024 county centroid,0.19,,0.11,0.04,87.38,,4,28091,48335,,0,0,0,,4,Cattle and Calves Market Value Share
WY,Big Horn County,56003,44.525117,-107.994848,county_centroid,3136.957,21.324,2022,USDA NASS 2022 Ag Census Web Maps,Census Gazetteer 2024 county centroid,7.0000000000000007E-2,,0.06,0,36.700000000000003,,10,26666,27947,6.12,0.9,0.31,0,0.01,2,Cattle and Calves Market Value Share
WY,Campbell County,56005,44.191999,-105.517014,county_centroid,4802.065,4.251,2022,USDA NASS 2022 Ag Census Web Maps,Census Gazetteer 2024 county centroid,,,0.35,,85.23,,3,42981,45574,0,3.96,0,,0,5,Cattle and Calves Market Value Share
WY,Carbon County,56007,41.70359,-106.933153,county_centroid,7897.746,66.23,2022,USDA NASS 2022 Ag Census Web Maps,Census Gazetteer 2024 county centroid,0,0,0.01,,89.55,0.01,3,56164,60649,,,,0,0,4,Cattle and Calves Market Value Share
WY,Converse County,56009,42.984623,-105.524752,county_centroid,4254.994,10.066,2022,USDA NASS 2022 Ag Census Web Maps,Census Gazetteer 2024 county centroid,,0,0.08,,83.47,,2,33226,40977,,,0,0,,6,Cattle and Calves Market Value Share
WY,Crook County,56011,44.589266,-104.567298,county_centroid,2854.48,10.883,2022,USDA NASS 2022 Ag Census Web Maps,Census Gazetteer 2024 county centroid,0,0,0.04,0,87.76,,5,41792,54352,0,3.37,0,0,0,1,Cattle and Calves Market Value Share
WY,Fremont County,56013,43.054831,-108.608935,county_centroid,9183.597,82.144,2022,USDA NASS 2022 Ag Census Web Maps,Census Gazetteer 2024 county centroid,0.56000000000000005,,0.12,2.5299999999999998,61.91,,7,54473,56243,2.61,0,0,,,4,Cattle and Calves Market Value Share
WY,Goshen County,56015,42.089455,-104.35354,county_centroid,2225.613,6.552,2022,USDA NASS 2022 Ag Census Web Maps,Census Gazetteer 2024 county centroid,,0.04,0.03,0,73.13,0,9,35163,95362,17.739999999999998,11.36,0.64,,,3,Cattle and Calves Market Value Share
WY,Hot Springs County,56017,43.720209,-108.435076,county_centroid,2004.431,1.969,2022,USDA NASS 2022 Ag Census Web Maps,Census Gazetteer 2024 county centroid,,0,0.1,0,84.39,0.23,3,11901,10255,,0,,,,5,Cattle and Calves Market Value Share
WY,Johnson County,56019,44.044048,-106.588541,county_centroid,4154.152,20.445,2022,USDA NASS 2022 Ag Census Web Maps,Census Gazetteer 2024 county centroid,,0.21,0.09,,78.16,,3,38305,41217,0.18,0,0,,0,4,Cattle and Calves Market Value Share
WY,Laramie County,56021,41.29283,-104.660395,county_centroid,2685.864,1.679,2022,USDA NASS 2022 Ag Census Web Maps,Census Gazetteer 2024 county centroid,,0,0.05,,45.65,,6,38491,53452,6.88,51.96,0,0,0,3,All Wheat Harvested Share of Harvested Cropland
WY,Lincoln County,56023,42.229993,-110.682961,county_centroid,4075.337,19.285,2022,USDA NASS 2022 Ag Census Web Maps,Census Gazetteer 2024 county centroid,0.32,0.03,0.05,,63.46,,12,26121,27380,,,0,0,0.01,4,Cattle and Calves Market Value Share
WY,Natrona County,56025,42.977645,-106.768219,county_centroid,5340.537,35.124,2022,USDA NASS 2022 Ag Census Web Maps,Census Gazetteer 2024 county centroid,,0,0.12,0,77.260000000000005,,3,35530,41535,2.11,0,0,0,,3,Cattle and Calves Market Value Share
WY,Niobrara County,56027,43.062159,-104.468373,county_centroid,2626.028,1.919,2022,USDA NASS 2022 Ag Census Web Maps,Census Gazetteer 2024 county centroid,,0,0.01,0,76.209999999999994,,4,27950,35106,3.89,7.65,0,,,4,Cattle and Calves Market Value Share
WY,Park County,56029,44.492387,-109.593597,county_centroid,6939.039,26.115,2022,USDA NASS 2022 Ag Census Web Maps,Census Gazetteer 2024 county centroid,0.1,,0.7,,,0.15,5,24393,24067,9.1199999999999992,1.8,,0,0.01,4,Corn Grain Harvested Share of Harvested Cropland
WY,Platte County,56031,42.131593,-104.953963,county_centroid,2081.459,29.383,2022,USDA NASS 2022 Ag Census Web Maps,Census Gazetteer 2024 county centroid,0.02,0.02,0.05,0,,,5,30554,45374,13.16,14.17,0,,0.01,3,All Wheat Harvested Share of Harvested Cropland
WY,Sheridan County,56033,44.781369,-106.881211,county_centroid,2523.361,3.084,2022,USDA NASS 2022 Ag Census Web Maps,Census Gazetteer 2024 county centroid,,0.01,0.28000000000000003,,88.17,,5,33135,45915,0,1.27,0,0,0.03,3,Cattle and Calves Market Value Share
WY,Sublette County,56035,42.767928,-109.91617,county_centroid,4886.482,49.172,2022,USDA NASS 2022 Ag Census Web Maps,Census Gazetteer 2024 county centroid,0,0,0.02,0,82.43,0.02,11,23834,36962,0,0,0,0,0,0,Cattle and Calves Market Value Share
WY,Sweetwater County,56037,41.660328,-108.875677,county_centroid,10426.981,64.182,2022,USDA NASS 2022 Ag Census Web Maps,Census Gazetteer 2024 county centroid,0,0,0.06,,,0.05,1,12733,13397,0,0,0,0,0,2,Poultry and Eggs Market Value Share
WY,Teton County,56039,44.048662,-110.426087,county_centroid,3996.846,220.413,2022,USDA NASS 2022 Ag Census Web Maps,Census Gazetteer 2024 county centroid,0.4,0.08,0.41,0,,,14,2172,5217,0,0.97,0,0.01,0.04,2,All Wheat Harvested Share of Harvested Cropland
WY,Uinta County,56041,41.284726,-110.558947,county_centroid,2081.726,6.414,2022,USDA NASS 2022 Ag Census Web Maps,Census Gazetteer 2024 county centroid,0,,0.1,0,73.680000000000007,,5,23372,21642,0,0,0,0,0,2,Cattle and Calves Market Value Share
WY,Washakie County,56043,43.878831,-107.669052,county_centroid,2238.679,4.022,2022,USDA NASS 2022 Ag Census Web Maps,Census Gazetteer 2024 county centroid,0.08,0.02,0.08,0,44.33,,10,14888,22147,5.94,0,0,,0.01,2,Cattle and Calves Market Value Share
WY,Weston County,56045,43.846213,-104.57002,county_centroid,2398.005,2.018,2022,USDA NASS 2022 Ag Census Web Maps,Census Gazetteer 2024 county centroid,0.01,0,0.11,0,96.65,0.04,3,27585,30394,0,,0,0,0.01,1,Cattle and Calves Market Value Share
