record_scope,state,county,latitude,longitude,geometry_precision,plant_count,generator_count,operable_nameplate_capacity_mw,operable_summer_capacity_mw,operable_winter_capacity_mw,dominant_primary_fuel_code,source_dataset
county,AK,Aleutians East,55.245044,-161.997477,county_centroid,2,12,7.6,5.6,5.6,DFO,EIA-860 2024 public county summary
county,AK,Aleutians West,51.948964,+179.621188,county_centroid,4,19,47.1,41.3,41.3,DFO,EIA-860 2024 public county summary
county,AK,Anchorage,61.17425,-149.284329,county_centroid,8,29,869.2,771.4,798.8,NG,EIA-860 2024 public county summary
county,AK,Bethel,60.929141,-160.152625,county_centroid,11,36,29.9,29.9,29.9,DFO,EIA-860 2024 public county summary
county,AK,Bristol Bay,58.730546,-156.994473,county_centroid,1,12,16.5,15.9,10.1,DFO,EIA-860 2024 public county summary
county,AK,Denali,63.682039,-150.027016,county_centroid,2,4,117.4,102.4,102.4,WND,EIA-860 2024 public county summary
county,AK,Dillingham,59.543326,-158.267123,county_centroid,3,16,15.1,15.1,15.1,DFO,EIA-860 2024 public county summary
county,AK,Fairbanks North Star,64.670454,-146.496061,county_centroid,7,28,376.3,329.2,382.5,SUB,EIA-860 2024 public county summary
county,AK,Haines,59.098404,-135.575791,county_centroid,1,5,8.4,8.4,8.4,DFO,EIA-860 2024 public county summary
county,AK,Juneau,,,county_centroid,9,30,254.3,220.1,220.1,WAT,EIA-860 2024 public county summary
county,AK,Kenai Peninsula,60.366668,-152.322283,county_centroid,10,32,750.7,713.3,765.6,NG,EIA-860 2024 public county summary
county,AK,Ketchikan Gateway,55.449938,-131.106685,county_centroid,7,15,65,62.1,60.4,WAT,EIA-860 2024 public county summary
county,AK,Kodiak Island,57.7044,-153.918372,county_centroid,8,17,84.8,84.6,84.7,DFO,EIA-860 2024 public county summary
county,AK,Kusilvak,62.283588,-163.190171,county_centroid,6,16,7.3,7.5,7.5,DFO,EIA-860 2024 public county summary
county,AK,Lake and Peninsula,58.108507,-156.413413,county_centroid,1,5,1.7,1.7,1.7,DFO,EIA-860 2024 public county summary
county,AK,Matanuska Susitna,,,county_centroid,2,3,50.4,50.4,50.4,WAT,EIA-860 2024 public county summary
county,AK,NORTHWEST ARCTIC,67.005066,-160.021086,county_centroid,1,35,18,18,18,SUN,EIA-860 2024 public county summary
county,AK,Nome,64.783686,-164.188912,county_centroid,10,35,31.3,30.7,30.7,DFO,EIA-860 2024 public county summary
county,AK,North Slope,69.449343,-153.47283,county_centroid,10,48,72.2,69,75.8,DFO,EIA-860 2024 public county summary
county,AK,Northwest Arctic,67.005066,-160.021086,county_centroid,7,24,10.1,9.7,9.7,DFO,EIA-860 2024 public county summary
county,AK,Prince of Wales Ketchikan,,,county_centroid,13,19,30.3,30.1,30,DFO,EIA-860 2024 public county summary
county,AK,Sitka,,,county_centroid,3,10,60.1,59.6,59.6,WAT,EIA-860 2024 public county summary
county,AK,Skagway Hoonah Angoon,,,county_centroid,7,25,19,18.6,18.6,DFO,EIA-860 2024 public county summary
county,AK,Southeast Fairbanks,63.864997,-143.218628,county_centroid,7,21,42.5,42.4,45.3,DFO,EIA-860 2024 public county summary
county,AK,Valdez Cordova,,,county_centroid,9,23,58.5,56.4,56.4,WAT,EIA-860 2024 public county summary
county,AK,Wrangell Petersburg,,,county_centroid,4,20,52.4,50.3,50.3,DFO,EIA-860 2024 public county summary
county,AK,Yakutat,,,county_centroid,1,4,3.8,3.8,3.8,DFO,EIA-860 2024 public county summary
county,AK,Yukon Koyukuk,,,county_centroid,3,13,7.5,5.9,6.5,DFO,EIA-860 2024 public county summary
county,AL,,,,county_centroid,3,0,0,0,0,,EIA-860 2024 public county summary
county,AL,Autauga,32.532237,-86.64644,county_centroid,5,20,3342.3,3246.8,3379.7,NG,EIA-860 2024 public county summary
county,AL,Baldwin,30.659218,-87.746067,county_centroid,1,0,0,0,0,,EIA-860 2024 public county summary
county,AL,Calhoun,33.770516,-85.827909,county_centroid,3,8,828.3,782.5,855.5,SUN,EIA-860 2024 public county summary
county,AL,Chambers,32.915504,-85.394032,county_centroid,3,1,79.2,79.2,79.2,SUN,EIA-860 2024 public county summary
county,AL,Cherokee,34.069515,-85.654242,county_centroid,1,3,87.6,81,72.9,WAT,EIA-860 2024 public county summary
county,AL,Chilton,32.854051,-86.726607,county_centroid,2,6,177,180,181.8,WAT,EIA-860 2024 public county summary
county,AL,Choctaw,31.990954,-88.248889,county_centroid,1,2,87.5,66.8,67.4,BLQ,EIA-860 2024 public county summary
county,AL,Clarke,31.685521,-87.818624,county_centroid,3,2,44.4,42.1,44.4,BLQ,EIA-860 2024 public county summary
county,AL,Colbert,34.703112,-87.801457,county_centroid,3,12,1396.6,1253.2,1406.4,NG,EIA-860 2024 public county summary
county,AL,Coosa,32.931445,-86.243482,county_centroid,1,4,170,163.1,164.9,WAT,EIA-860 2024 public county summary
county,AL,Covington,31.243987,-86.448721,county_centroid,4,13,742.2,737,831,WAT,EIA-860 2024 public county summary
county,AL,Dale,31.430654,-85.609476,county_centroid,2,1,10.6,10.6,10.6,SUN,EIA-860 2024 public county summary
county,AL,Dallas,32.333526,-87.11436,county_centroid,3,4,104.2,104.2,104.2,NG,EIA-860 2024 public county summary
county,AL,Dekalb,34.460915,-85.804021,county_centroid,1,3,4.8,4.8,4.8,LFG,EIA-860 2024 public county summary
county,AL,Elmore,32.597229,-86.142735,county_centroid,5,16,677.1,659.3,649.9,WAT,EIA-860 2024 public county summary
county,AL,Escambia,31.122287,-87.16841,county_centroid,2,3,103.4,69.1,75.1,NG,EIA-860 2024 public county summary
county,AL,Etowah,34.047641,-86.034263,county_centroid,1,0,0,0,0,,EIA-860 2024 public county summary
county,AL,Fayette,33.716157,-87.764292,county_centroid,1,0,0,0,0,,EIA-860 2024 public county summary
county,AL,Greene,32.844497,-87.9642,county_centroid,1,11,1288.4,1256.1,1400.1,NG,EIA-860 2024 public county summary
county,AL,Houston,31.158183,-85.296411,county_centroid,2,9,1785,1800,1800.9,DFO,EIA-860 2024 public county summary
county,AL,Jackson,34.764114,-85.980056,county_centroid,2,2,14,14,14,DFO,EIA-860 2024 public county summary
county,AL,Jefferson,33.553444,-86.896536,county_centroid,3,5,2825.8,2781.3,2781.3,OG,EIA-860 2024 public county summary
county,AL,LEE,32.604064,-85.353048,county_centroid,1,2,103,100,100,NG,EIA-860 2024 public county summary
county,AL,Lauderdale,34.904168,-87.651108,county_centroid,2,22,741.7,742.5,737.8,SUN,EIA-860 2024 public county summary
county,AL,Lawrence,34.529776,-87.321865,county_centroid,3,11,404,398.2,366,WAT,EIA-860 2024 public county summary
county,AL,Lee,32.604064,-85.353048,county_centroid,3,21,2207.3,2129.5,2206.7,WAT,EIA-860 2024 public county summary
county,AL,Limestone,34.810239,-86.981399,county_centroid,2,4,3868.7,3676.4,3770.5,NUC,EIA-860 2024 public county summary
county,AL,Lowndes,32.147888,-86.650586,county_centroid,1,2,97,84.5,94.5,NG,EIA-860 2024 public county summary
county,AL,MOBILE,30.684572,-88.196568,county_centroid,1,0,0,0,0,,EIA-860 2024 public county summary
county,AL,Madison,34.764238,-86.55108,county_centroid,2,3,43.4,40.6,37.6,MWH,EIA-860 2024 public county summary
county,AL,Marengo,32.247591,-87.791091,county_centroid,1,2,47.4,43.5,45.7,BLQ,EIA-860 2024 public county summary
county,AL,Marion,34.138219,-87.881551,county_centroid,1,0,0,0,0,,EIA-860 2024 public county summary
county,AL,Marshall,34.309564,-86.321668,county_centroid,2,8,119.2,126.3,128.1,DFO,EIA-860 2024 public county summary
county,AL,Mobile,30.684572,-88.196568,county_centroid,6,22,4002.9,3615.4,3743.2,NG,EIA-860 2024 public county summary
county,AL,Monroe,31.580353,-87.383342,county_centroid,2,2,117,112.2,118.6,BLQ,EIA-860 2024 public county summary
county,AL,Montgomery,32.202881,-86.204461,county_centroid,3,1,100,100,100,SUN,EIA-860 2024 public county summary
county,AL,Morgan,34.454484,-86.846402,county_centroid,3,10,1804,1583.6,1711.6,NG,EIA-860 2024 public county summary
county,AL,Randolph,33.296461,-85.464064,county_centroid,1,2,135,133,123,WAT,EIA-860 2024 public county summary
county,AL,Russell,32.289811,-85.18698,county_centroid,2,4,150.5,146.5,150.5,SUN,EIA-860 2024 public county summary
county,AL,Shelby,33.266893,-86.661007,county_centroid,1,6,2034,1868,1872,NG,EIA-860 2024 public county summary
county,AL,Talladega,33.369314,-86.17593,county_centroid,4,6,252.6,248.9,240.6,NG,EIA-860 2024 public county summary
county,AL,Tallapoosa,32.863308,-85.799618,county_centroid,1,3,822.8,752.7,815,NG,EIA-860 2024 public county summary
county,AL,Tuscaloosa,33.29022,-87.522783,county_centroid,2,2,100.8,101,101,WAT,EIA-860 2024 public county summary
county,AL,Walker,33.791558,-87.301094,county_centroid,2,2,181,178,175,WAT,EIA-860 2024 public county summary
county,AL,Washington,31.408503,-88.212404,county_centroid,3,9,1531.2,1319,1484,NG,EIA-860 2024 public county summary
county,AL,Wilcox,31.990082,-87.304935,county_centroid,2,5,178.5,164.8,165.1,WDS,EIA-860 2024 public county summary
county,AR,Arkansas,34.28957,-91.376547,county_centroid,1,1,81,81,81,SUN,EIA-860 2024 public county summary
county,AR,Ashley,33.190835,-91.772267,county_centroid,6,5,236.2,229.96,229.76,SUN,EIA-860 2024 public county summary
county,AR,Baxter,36.280268,-92.329949,county_centroid,1,2,80.4,80,80,WAT,EIA-860 2024 public county summary
county,AR,Benton,36.337819,-94.256298,county_centroid,2,1,558,494,494,SUB,EIA-860 2024 public county summary
county,AR,Calhoun,33.56046,-92.513879,county_centroid,1,1,12,12,12,SUN,EIA-860 2024 public county summary
county,AR,Carroll,36.33737,-93.540972,county_centroid,4,4,114.2,131,130.8,SUN,EIA-860 2024 public county summary
county,AR,Chicot,33.267139,-91.297158,county_centroid,1,1,100,100,100,SUN,EIA-860 2024 public county summary
county,AR,Clark,34.053316,-93.176208,county_centroid,3,4,76,76,76,SUN,EIA-860 2024 public county summary
county,AR,Clay,36.367302,-90.418704,county_centroid,2,6,8.2,8.2,8.2,SUN,EIA-860 2024 public county summary
county,AR,Cleburne,35.593628,-92.008898,county_centroid,1,2,96,90,90,WAT,EIA-860 2024 public county summary
county,AR,Conway,35.26569,-92.689249,county_centroid,1,3,32.4,17,17,WAT,EIA-860 2024 public county summary
county,AR,Craighead,35.827729,-90.631421,county_centroid,3,8,236.5,189.2,202.2,MWH,EIA-860 2024 public county summary
county,AR,Crawford,35.582959,-94.236193,county_centroid,2,4,33.7,18.3,18.3,WAT,EIA-860 2024 public county summary
county,AR,Crittenden,35.197559,-90.30512,county_centroid,2,2,360,360,360,SUN,EIA-860 2024 public county summary
county,AR,Cross,35.285692,-90.763984,county_centroid,5,0,0,0,0,,EIA-860 2024 public county summary
county,AR,Desha,33.828752,-91.244103,county_centroid,3,4,130.6,63,63,BLQ,EIA-860 2024 public county summary
county,AR,Franklin,35.508558,-93.887665,county_centroid,4,9,291,283,293,SUN,EIA-860 2024 public county summary
county,AR,Fulton,36.381322,-91.819285,county_centroid,1,1,1,1,1,SUN,EIA-860 2024 public county summary
county,AR,Garland,34.578852,-93.146932,county_centroid,3,5,132,136.4,136.4,WAT,EIA-860 2024 public county summary
county,AR,Greene,36.120607,-90.566346,county_centroid,4,9,34.6,33.3,33.3,NG,EIA-860 2024 public county summary
county,AR,Hempstead,33.735953,-93.664355,county_centroid,2,2,763.8,803,803,NG,EIA-860 2024 public county summary
county,AR,Hot Spring,34.315177,-92.944147,county_centroid,4,10,2022.3,1737.6,1871.9,NG,EIA-860 2024 public county summary
county,AR,Howard,34.083064,-93.990931,county_centroid,2,2,4.8,4.8,3.8,SUN,EIA-860 2024 public county summary
county,AR,Independence,35.737499,-91.559942,county_centroid,3,4,1807.8,1669.8,1685.8,WAT,EIA-860 2024 public county summary
county,AR,Jackson,35.596467,-91.223205,county_centroid,3,3,183.9,183.9,183.3,SUN,EIA-860 2024 public county summary
county,AR,Jefferson,34.277239,-91.929673,county_centroid,4,7,2115.4,1483.5,1525.6,NG,EIA-860 2024 public county summary
county,AR,Johnson,35.573359,-93.466322,county_centroid,3,2,7.2,7.2,7.2,SUN,EIA-860 2024 public county summary
county,AR,Lafayette,33.240629,-93.611514,county_centroid,1,0,0,0,0,,EIA-860 2024 public county summary
county,AR,Lee,34.779505,-90.779717,county_centroid,2,1,100,100,100,SUN,EIA-860 2024 public county summary
county,AR,Lincoln,33.956385,-91.742355,county_centroid,3,3,6.9,6.9,5.9,SUN,EIA-860 2024 public county summary
county,AR,Little River,33.701941,-94.236287,county_centroid,1,4,156.5,128,128,BLQ,EIA-860 2024 public county summary
county,AR,Logan,35.218654,-93.72091,county_centroid,3,3,9.5,9.5,7.9,SUN,EIA-860 2024 public county summary
county,AR,Madison,36.012545,-93.724053,county_centroid,1,0,0,0,0,,EIA-860 2024 public county summary
county,AR,Marion,36.266664,-92.678577,county_centroid,1,8,340,370,370,WAT,EIA-860 2024 public county summary
county,AR,Miller,33.305505,-93.901502,county_centroid,1,1,1,1,1,SUN,EIA-860 2024 public county summary
county,AR,Mississippi,35.766944,-90.052207,county_centroid,7,8,1726.7,1485.6,1525.4,SUN,EIA-860 2024 public county summary
county,AR,Ouachita,33.591168,-92.878413,county_centroid,3,5,144,142,142,MWH,EIA-860 2024 public county summary
county,AR,Phillips,34.423687,-90.855593,county_centroid,3,0,0,0,0,,EIA-860 2024 public county summary
county,AR,Pike,34.158191,-93.658659,county_centroid,1,3,25.5,29.1,29.1,WAT,EIA-860 2024 public county summary
county,AR,Poinsett,35.56887,-90.681104,county_centroid,1,0,0,0,0,,EIA-860 2024 public county summary
county,AR,Polk,34.49096,-94.230894,county_centroid,1,1,1,1,1,SUN,EIA-860 2024 public county summary
county,AR,Pope,35.456557,-93.026818,county_centroid,2,6,2005.8,1961,1980.5,NUC,EIA-860 2024 public county summary
county,AR,Prairie,34.831116,-91.55362,county_centroid,2,0,0,0,0,,EIA-860 2024 public county summary
county,AR,Pulaski,34.770311,-92.312996,county_centroid,12,22,663.6,609.1,608.9,SUN,EIA-860 2024 public county summary
county,AR,Saline,34.648525,-92.674463,county_centroid,1,0,0,0,0,,EIA-860 2024 public county summary
county,AR,St Francis,,,county_centroid,6,2,2,2,2,SUN,EIA-860 2024 public county summary
county,AR,St. Francis,35.022838,-90.751506,county_centroid,1,1,1,1,1,SUN,EIA-860 2024 public county summary
county,AR,Stone,35.857001,-92.140482,county_centroid,1,1,4.3,4.3,4.3,WAT,EIA-860 2024 public county summary
county,AR,Union,33.168219,-92.598145,county_centroid,2,13,2429.8,2038.8,2319.5,SUN,EIA-860 2024 public county summary
county,AR,Van Buren,35.582953,-92.515976,county_centroid,1,1,1,1,1,SUN,EIA-860 2024 public county summary
county,AR,Washington,35.978001,-94.217269,county_centroid,11,21,453.9,392.5,434.3,SUN,EIA-860 2024 public county summary
county,AR,White,35.255118,-91.753034,county_centroid,4,5,208.8,208.8,208,SUN,EIA-860 2024 public county summary
county,AR,Woodruff,35.192777,-91.244535,county_centroid,2,1,122,122,122,SUN,EIA-860 2024 public county summary
county,AZ,,,,county_centroid,1,0,0,0,0,,EIA-860 2024 public county summary
county,AZ,Apache,35.385084,-109.490172,county_centroid,3,10,2604,2397.3,2397.3,SUB,EIA-860 2024 public county summary
county,AZ,Cochise,31.840129,-109.775163,county_centroid,10,19,915.5,792.5,806,SUN,EIA-860 2024 public county summary
county,AZ,Coconino,35.829692,-111.773728,county_centroid,12,12,2028.4,2028.4,2028.4,WND,EIA-860 2024 public county summary
county,AZ,GILA,33.789618,-110.81187,county_centroid,1,1,20,20,20,SUN,EIA-860 2024 public county summary
county,AZ,Gila,33.789618,-110.81187,county_centroid,1,0,0,0,0,,EIA-860 2024 public county summary
county,AZ,La Paz,33.72761,-114.038806,county_centroid,12,4,52,52,52,WAT,EIA-860 2024 public county summary
county,AZ,Maricopa,33.345176,-112.49893,county_centroid,82,176,19634.1,17655.1,18499.1,SUN,EIA-860 2024 public county summary
county,AZ,Mohave,35.717705,-113.749689,county_centroid,16,35,3271,2934.3,2974.3,SUN,EIA-860 2024 public county summary
county,AZ,Navajo,35.390785,-110.321025,county_centroid,7,7,636.5,585.6,585.6,WND,EIA-860 2024 public county summary
county,AZ,Pima,32.128038,-111.783657,county_centroid,36,52,1084.4,991.2,1008.3,SUN,EIA-860 2024 public county summary
county,AZ,Pinal,32.918521,-111.366339,county_centroid,26,51,4002.9,3488.1,3641.3,SUN,EIA-860 2024 public county summary
county,AZ,Santa Cruz,31.525733,-110.845228,county_centroid,2,5,114,66.3,71.6,SUN,EIA-860 2024 public county summary
county,AZ,Yavapai,34.631071,-112.577225,county_centroid,6,5,66.7,66.7,66.7,SUN,EIA-860 2024 public county summary
county,AZ,Yuma,32.773942,-113.910905,county_centroid,16,31,1915.4,1799,1817.3,SUN,EIA-860 2024 public county summary
county,CA,Alameda,37.647139,-121.912488,county_centroid,44,49,1342.6,1240.8,1271.2,NG,EIA-860 2024 public county summary
county,CA,Amador,38.443549,-120.653858,county_centroid,7,8,210.3,214.5,214.5,WAT,EIA-860 2024 public county summary
county,CA,Butte,39.665336,-121.603209,county_centroid,24,40,1175.7,1235.1,1250,WAT,EIA-860 2024 public county summary
county,CA,Calaveras,38.191068,-120.554107,county_centroid,5,9,284.6,285.5,286.5,WAT,EIA-860 2024 public county summary
county,CA,Colusa,39.177739,-122.237563,county_centroid,3,5,745.5,669.5,697.5,AB,EIA-860 2024 public county summary
county,CA,Contra Costa,37.919479,-121.951543,county_centroid,44,61,4224.1,3841.1,3974.2,SUN,EIA-860 2024 public county summary
county,CA,El Dorado,38.785612,-120.534225,county_centroid,15,25,779.1,746.7,746.7,WAT,EIA-860 2024 public county summary
county,CA,Fresno,36.761006,-119.655019,county_centroid,117,157,5580.1,5606.3,5627.8,SUN,EIA-860 2024 public county summary
county,CA,Glenn,39.602546,-122.4017,county_centroid,2,3,6.5,6.5,6.5,SUN,EIA-860 2024 public county summary
county,CA,Humboldt,40.706655,-123.926176,county_centroid,9,19,238,228,228,WDS,EIA-860 2024 public county summary
county,CA,Imperial,33.040814,-115.3554,county_centroid,83,115,4286,3958.8,4114.4,SUN,EIA-860 2024 public county summary
county,CA,Inyo,36.56216,-117.404209,county_centroid,21,34,420.3,376.2,397.9,WAT,EIA-860 2024 public county summary
county,CA,KERN,35.346629,-118.729506,county_centroid,1,1,20,20,20,SUN,EIA-860 2024 public county summary
county,CA,Kern,35.346629,-118.729506,county_centroid,285,336,15793.3,15071.6,15289.2,SUN,EIA-860 2024 public county summary
county,CA,Kings,36.072478,-119.81553,county_centroid,54,60,2539.2,2531.2,2537.7,SUN,EIA-860 2024 public county summary
county,CA,Lake,39.108009,-122.745217,county_centroid,10,10,352.8,202.1,217,GEO,EIA-860 2024 public county summary
county,CA,Lassen,40.715287,-120.621223,county_centroid,7,7,91.7,84.2,83.8,WDS,EIA-860 2024 public county summary
county,CA,Los Angeles,34.196398,-118.261862,county_centroid,280,417,14013.6,13092.7,13192.9,SUN,EIA-860 2024 public county summary
county,CA,Madera,37.209821,-119.749802,county_centroid,27,47,495.9,500.3,496.3,SUN,EIA-860 2024 public county summary
county,CA,Marin,38.051367,-122.746396,county_centroid,3,6,8,8,8,SUN,EIA-860 2024 public county summary
county,CA,Mariposa,37.574343,-119.911721,county_centroid,2,2,103.5,103.5,103.5,WAT,EIA-860 2024 public county summary
county,CA,Mendocino,39.432388,-123.442881,county_centroid,4,5,12.9,12.7,12.7,WAT,EIA-860 2024 public county summary
county,CA,Merced,37.194806,-120.722802,county_centroid,31,35,836.2,796.99,744.49,SUN,EIA-860 2024 public county summary
county,CA,Mono,37.915836,-118.875167,county_centroid,9,16,186.8,155.7,184.1,WAT,EIA-860 2024 public county summary
county,CA,Monterey,36.240104,-121.315578,county_centroid,26,44,2693.6,2279.1,2287.7,NG,EIA-860 2024 public county summary
county,CA,Napa,38.5071,-122.325904,county_centroid,8,9,11.9,11.9,11.9,SUN,EIA-860 2024 public county summary
county,CA,Nevada,39.297508,-120.771343,county_centroid,12,12,110.4,112.2,112.2,WAT,EIA-860 2024 public county summary
county,CA,Orange,33.675687,-117.777207,county_centroid,51,92,1740.3,1668.3,1727,MWH,EIA-860 2024 public county summary
county,CA,Placer,39.062032,-120.722718,county_centroid,23,41,772.2,742.6,764.5,WAT,EIA-860 2024 public county summary
county,CA,Plumas,39.992295,-120.824371,county_centroid,13,17,610.5,604.8,604.8,WAT,EIA-860 2024 public county summary
county,CA,Riverside,33.729828,-116.002239,county_centroid,137,202,10939.1,10796.7,10804.3,SUN,EIA-860 2024 public county summary
county,CA,Sacramento,38.450136,-121.344329,county_centroid,64,75,1684.1,1661.5,1682.2,SUN,EIA-860 2024 public county summary
county,CA,San Benito,36.611651,-121.085811,county_centroid,5,5,148.4,148.4,148.1,SUN,EIA-860 2024 public county summary
county,CA,San Bernardino,34.856661,-116.181571,county_centroid,178,194,6304.2,6100.7,6143.6,SUN,EIA-860 2024 public county summary
county,CA,San Diego,33.023604,-116.776117,county_centroid,119,149,4189,3784.1,3855,NG,EIA-860 2024 public county summary
county,CA,San Francisco,37.727239,-123.032229,county_centroid,9,11,24,22.4,22.4,NG,EIA-860 2024 public county summary
county,CA,San Joaquin,37.934982,-121.272244,county_centroid,41,43,1189.6,1119.7,1153.8,SUN,EIA-860 2024 public county summary
county,CA,San Luis Obispo,35.388189,-120.448897,county_centroid,19,28,3463.3,3379.7,3379.6,SUN,EIA-860 2024 public county summary
county,CA,San Mateo,37.414672,-122.371546,county_centroid,9,17,29,28,25.5,NG,EIA-860 2024 public county summary
county,CA,Santa Barbara,34.536677,-120.038364,county_centroid,15,15,349,343.9,342.8,SUN,EIA-860 2024 public county summary
county,CA,Santa Clara,37.221614,-121.68954,county_centroid,64,162,1779,1636.3,1670.7,NG,EIA-860 2024 public county summary
county,CA,Santa Cruz,37.012347,-122.007789,county_centroid,4,9,14.4,14.3,14.2,LFG,EIA-860 2024 public county summary
county,CA,Shasta,40.760514,-122.043556,county_centroid,43,63,2421.7,2426,2440,WAT,EIA-860 2024 public county summary
county,CA,Sierra,39.576925,-120.521993,county_centroid,2,4,13.6,13.6,13.6,WAT,EIA-860 2024 public county summary
county,CA,Siskiyou,41.587986,-122.533287,county_centroid,8,6,20.5,15.9,15.9,WAT,EIA-860 2024 public county summary
county,CA,Solano,38.267226,-121.939594,county_centroid,38,47,1458,1438.6,1440,WND,EIA-860 2024 public county summary
county,CA,Sonoma,38.525182,-122.92611,county_centroid,23,46,1443.7,819.9,855.8,SUN,EIA-860 2024 public county summary
county,CA,Stanislaus,37.562316,-121.002831,county_centroid,23,45,1504.6,1387.36,1411.35,NG,EIA-860 2024 public county summary
county,CA,Sutter,39.03619,-121.70394,county_centroid,8,11,904.5,787.4,807.4,NG,EIA-860 2024 public county summary
county,CA,Tehama,40.126157,-122.232274,county_centroid,7,22,77.3,76.4,76.4,WAT,EIA-860 2024 public county summary
county,CA,Trinity,40.647858,-123.114666,county_centroid,5,7,153.2,151.22,151.72,WAT,EIA-860 2024 public county summary
county,CA,Tulare,36.228834,-118.781055,county_centroid,66,93,591.3,581.5,570.98,SUN,EIA-860 2024 public county summary
county,CA,Tuolumne,38.021434,-119.964733,county_centroid,20,31,1143.5,1270.4,1242.9,WAT,EIA-860 2024 public county summary
county,CA,Ventura,34.358748,-119.133145,county_centroid,25,28,2015.6,1892.7,1893.3,NG,EIA-860 2024 public county summary
county,CA,Yolo,38.679609,-121.90275,county_centroid,14,17,61.4,56.9,55.7,SUN,EIA-860 2024 public county summary
county,CA,Yuba,39.27013,-121.344259,county_centroid,5,6,367.2,412.6,412.7,WAT,EIA-860 2024 public county summary
county,CO,Adams,39.874325,-104.331872,county_centroid,36,43,1767.1,1491,1558.7,SUN,EIA-860 2024 public county summary
county,CO,Alamosa,37.568442,-105.788041,county_centroid,9,12,202.1,173.24,180.02,SUN,EIA-860 2024 public county summary
county,CO,Arapahoe,39.644554,-104.331706,county_centroid,15,17,148.9,148.9,148.9,SUN,EIA-860 2024 public county summary
county,CO,Baca,37.30978,-102.543741,county_centroid,3,6,8.2,8.2,8.2,DFO,EIA-860 2024 public county summary
county,CO,Bent,37.931891,-103.077584,county_centroid,2,6,80.6,80.1,80.1,DFO,EIA-860 2024 public county summary
county,CO,Boulder,40.094971,-105.39771,county_centroid,12,14,261,176.4,190.4,WAT,EIA-860 2024 public county summary
county,CO,Broomfield,39.953593,-105.050787,county_centroid,1,1,7.8,7.8,7.8,MWH,EIA-860 2024 public county summary
county,CO,Chaffee,38.734599,-106.300025,county_centroid,3,4,5.6,5.6,5.6,SUN,EIA-860 2024 public county summary
county,CO,Cheyenne,38.835646,-102.601791,county_centroid,1,1,498.4,477.1,477.1,WND,EIA-860 2024 public county summary
county,CO,Clear Creek,39.689403,-105.670783,county_centroid,2,4,301.2,341.6,341.2,WAT,EIA-860 2024 public county summary
county,CO,Conejos,37.213406,-106.176447,county_centroid,2,2,2.7,2.7,2.7,SUN,EIA-860 2024 public county summary
county,CO,Crowley,38.30618,-103.772736,county_centroid,1,1,2,2,2,SUN,EIA-860 2024 public county summary
county,CO,Delta,38.861423,-107.865043,county_centroid,1,0,0,0,0,,EIA-860 2024 public county summary
county,CO,Denver,39.76185,-104.881105,county_centroid,8,13,217.8,141.1,145.4,SUN,EIA-860 2024 public county summary
county,CO,Douglas,39.325414,-104.925987,county_centroid,2,2,4.1,4.1,4.1,WAT,EIA-860 2024 public county summary
county,CO,Eagle,39.626992,-106.695169,county_centroid,3,6,27.2,24.7,25.5,DFO,EIA-860 2024 public county summary
county,CO,El Paso,38.827383,-104.527472,county_centroid,19,35,1948,1730.7,1772.6,SUN,EIA-860 2024 public county summary
county,CO,Elbert,39.315157,-104.114076,county_centroid,2,1,600,582.3,582.3,WND,EIA-860 2024 public county summary
county,CO,Fremont,38.45517,-105.424958,county_centroid,2,1,1.8,1.8,1.8,SUN,EIA-860 2024 public county summary
county,CO,Garfield,39.599352,-107.90978,county_centroid,12,11,29.4,29.8,22.6,SUN,EIA-860 2024 public county summary
county,CO,Grand,40.113065,-106.110837,county_centroid,3,4,5.7,5.7,4.7,WAT,EIA-860 2024 public county summary
county,CO,Gunnison,38.670499,-107.05688,county_centroid,2,2,86.4,86.4,86.4,WAT,EIA-860 2024 public county summary
county,CO,Huerfano,37.687815,-104.959928,county_centroid,4,7,157.2,157.2,157.2,WND,EIA-860 2024 public county summary
county,CO,Jackson,40.663432,-106.329248,county_centroid,1,1,1,1,1,SUN,EIA-860 2024 public county summary
county,CO,Jefferson,39.579511,-105.245462,county_centroid,6,41,277.3,273.02,273.92,NG,EIA-860 2024 public county summary
county,CO,Kit Carson,39.30534,-102.603023,county_centroid,7,7,934.4,903,923,WND,EIA-860 2024 public county summary
county,CO,La Plata,37.287367,-107.839718,county_centroid,4,7,18.2,18.2,18.2,WAT,EIA-860 2024 public county summary
county,CO,Lake,39.205341,-106.350079,county_centroid,2,3,202.5,232.5,232.5,WAT,EIA-860 2024 public county summary
county,CO,Larimer,40.658093,-105.486764,county_centroid,12,23,1052.7,928.8,925.9,WAT,EIA-860 2024 public county summary
county,CO,Las Animas,37.318831,-104.04411,county_centroid,4,7,179.2,179.2,179.2,SUN,EIA-860 2024 public county summary
county,CO,Lincoln,38.99374,-103.507555,county_centroid,5,6,1006.8,986.6,1002.6,WND,EIA-860 2024 public county summary
county,CO,Logan,40.728091,-103.090464,county_centroid,18,20,1047.9,1047.3,1047.3,SUN,EIA-860 2024 public county summary
county,CO,Mesa,39.019524,-108.460571,county_centroid,12,10,56.1,42.5,47.5,SUN,EIA-860 2024 public county summary
county,CO,Moffat,40.610864,-108.217154,county_centroid,3,4,1431.6,1289,1289,SUB,EIA-860 2024 public county summary
county,CO,Montezuma,37.338025,-108.595786,county_centroid,9,5,21.8,21.8,20.9,SUN,EIA-860 2024 public county summary
county,CO,Montrose,38.407507,-108.266282,county_centroid,10,10,227.5,233.8,224.7,WAT,EIA-860 2024 public county summary
county,CO,Morgan,40.263159,-103.81221,county_centroid,10,15,1135.2,1031.5,1076.5,SUN,EIA-860 2024 public county summary
county,CO,Otero,37.88417,-103.72126,county_centroid,2,6,11.5,11.5,11.5,SUN,EIA-860 2024 public county summary
county,CO,Ouray,38.154731,-107.78848,county_centroid,1,2,8,8,0.9,WAT,EIA-860 2024 public county summary
county,CO,Park,39.118914,-105.717648,county_centroid,1,1,5.5,5.5,5.5,WAT,EIA-860 2024 public county summary
county,CO,Pitkin,39.217541,-106.916162,county_centroid,2,1,5,5,5,SUN,EIA-860 2024 public county summary
county,CO,Prowers,37.958443,-102.391754,county_centroid,4,9,247.9,247.2,247.4,WND,EIA-860 2024 public county summary
county,CO,Pueblo,38.162765,-104.484668,county_centroid,18,33,3094.9,2888.72,2901.37,SUN,EIA-860 2024 public county summary
county,CO,Rio Blanco,39.972622,-108.200716,county_centroid,2,2,6.3,6,6,SUN,EIA-860 2024 public county summary
county,CO,Rio Grande,37.485853,-106.453128,county_centroid,1,1,1.6,1.6,1.6,SUN,EIA-860 2024 public county summary
county,CO,Routt,40.483664,-106.987702,county_centroid,1,2,465.4,441,441,BIT,EIA-860 2024 public county summary
county,CO,Saguache,38.031651,-106.234666,county_centroid,1,1,2.7,2.7,2.7,SUN,EIA-860 2024 public county summary
county,CO,San Miguel,38.009319,-108.427263,county_centroid,1,1,3.6,2.8,2.8,WAT,EIA-860 2024 public county summary
county,CO,Sedgwick,40.871568,-102.355358,county_centroid,1,4,2.8,2.2,2.2,DFO,EIA-860 2024 public county summary
county,CO,Summit,39.621023,-106.137555,county_centroid,2,3,27.8,27.8,27.8,WAT,EIA-860 2024 public county summary
county,CO,Weld,40.555961,-104.383666,county_centroid,57,64,3808.3,3300.9,3512.9,SUN,EIA-860 2024 public county summary
county,CT,Fairfield,,,county_centroid,20,50,1456.9,1362.27,1444.95,NG,EIA-860 2024 public county summary
county,CT,Hartford,,,county_centroid,45,51,268,255.7,271.8,SUN,EIA-860 2024 public county summary
county,CT,Litchfield,,,county_centroid,18,30,151.2,138.4,152.6,SUN,EIA-860 2024 public county summary
county,CT,Middlesex,,,county_centroid,13,17,1730.3,1588.6,1617.7,SUN,EIA-860 2024 public county summary
county,CT,New Haven,,,county_centroid,31,50,3169.8,2787.15,3084.19,NG,EIA-860 2024 public county summary
county,CT,New London,,,county_centroid,46,74,3040,2870.3,2898.7,SUN,EIA-860 2024 public county summary
county,CT,Tolland,,,county_centroid,11,13,41.5,39.9,39.2,SUN,EIA-860 2024 public county summary
county,CT,Windham,,,county_centroid,17,18,970.2,951.6,1021.9,SUN,EIA-860 2024 public county summary
county,DC,District of Columbia,38.904247,-77.016517,county_centroid,22,22,66.2,61.85,60.55,SUN,EIA-860 2024 public county summary
county,DE,Kent,39.097088,-75.502982,county_centroid,15,18,650.8,582.6,608.6,SUN,EIA-860 2024 public county summary
county,DE,New Castle,39.575915,-75.644132,county_centroid,18,40,2312.8,2273.6,2295.4,NG,EIA-860 2024 public county summary
county,DE,Sussex,38.673227,-75.337024,county_centroid,10,13,485.1,446.8,444.5,SUN,EIA-860 2024 public county summary
county,FL,,,,county_centroid,4,0,0,0,0,,EIA-860 2024 public county summary
county,FL,Alachua,29.67574,-82.357221,county_centroid,13,18,956.9,846.7,880.7,SUN,EIA-860 2024 public county summary
county,FL,Baker,30.324442,-82.302284,county_centroid,5,4,298,298,298,SUN,EIA-860 2024 public county summary
county,FL,Bay,30.15914,-85.534395,county_centroid,5,8,960.7,991.2,985.2,SUN,EIA-860 2024 public county summary
county,FL,Brevard,28.298311,-80.700333,county_centroid,12,25,3555.6,3272.4,3489,SUN,EIA-860 2024 public county summary
county,FL,Broward,26.193535,-80.476683,county_centroid,7,20,4093.9,3772.6,3822.7,NG,EIA-860 2024 public county summary
county,FL,Calhoun,30.388801,-85.197915,county_centroid,9,4,298,298,298,SUN,EIA-860 2024 public county summary
county,FL,Charlotte,26.906396,-82.003657,county_centroid,5,5,162,161.8,161.8,SUN,EIA-860 2024 public county summary
county,FL,Citrus,28.850292,-82.595552,county_centroid,2,9,3523.9,3113.9,3370.9,SUN,EIA-860 2024 public county summary
county,FL,Clay,29.986584,-81.865036,county_centroid,3,3,223.5,223.5,223.5,SUN,EIA-860 2024 public county summary
county,FL,Collier,26.118786,-81.400955,county_centroid,4,6,78.5,78.5,78.5,SUN,EIA-860 2024 public county summary
county,FL,Columbia,30.221651,-82.623371,county_centroid,5,5,328.8,328.8,328.8,SUN,EIA-860 2024 public county summary
county,FL,DeSoto,27.190581,-81.806253,county_centroid,9,7,401.5,401.5,401.5,SUN,EIA-860 2024 public county summary
county,FL,Desoto,27.190581,-81.806253,county_centroid,1,1,74.5,74.5,74.5,SUN,EIA-860 2024 public county summary
county,FL,Duval,30.335245,-81.648113,county_centroid,20,39,3054,2881.2,3026.9,SUN,EIA-860 2024 public county summary
county,FL,Escambia,30.529998,-87.320322,county_centroid,10,32,2657.2,2396.9,2408.9,SUN,EIA-860 2024 public county summary
county,FL,Gadsden,30.578687,-84.612607,county_centroid,3,5,192.5,192.5,192.5,SUN,EIA-860 2024 public county summary
county,FL,Gilchrist,29.723456,-82.795801,county_centroid,4,4,235.3,235.3,235.3,SUN,EIA-860 2024 public county summary
county,FL,Gulf,29.859238,-85.272013,county_centroid,1,1,5.5,5.5,5.5,MWH,EIA-860 2024 public county summary
county,FL,Hamilton,30.498438,-82.951116,county_centroid,5,4,174.1,171.2,171.2,SUN,EIA-860 2024 public county summary
county,FL,Hardee,27.492846,-81.82158,county_centroid,6,19,2201.2,1968.8,2135.8,NG,EIA-860 2024 public county summary
county,FL,Hendry,26.539967,-81.152114,county_centroid,13,11,645,640.6,640.7,SUN,EIA-860 2024 public county summary
county,FL,Hernando,28.555995,-82.525969,county_centroid,1,1,1.6,1.6,1.6,LFG,EIA-860 2024 public county summary
county,FL,Highlands,27.34108,-81.342353,county_centroid,6,2,62.3,62.3,62.3,MWH,EIA-860 2024 public county summary
county,FL,Hillsborough,27.893154,-82.379991,county_centroid,29,46,4930.7,4348.5,4661.5,SUN,EIA-860 2024 public county summary
county,FL,Indian River,27.700528,-80.574789,county_centroid,6,5,372.5,372.5,372.5,SUN,EIA-860 2024 public county summary
county,FL,Jackson,30.789249,-85.208814,county_centroid,6,9,228.3,228.3,228.3,SUN,EIA-860 2024 public county summary
county,FL,Jefferson,30.396898,-83.921761,county_centroid,1,0,0,0,0,,EIA-860 2024 public county summary
county,FL,Lake,28.764113,-81.712282,county_centroid,4,4,23.6,20.8,20.4,SUN,EIA-860 2024 public county summary
county,FL,Lee,26.563273,-81.984182,county_centroid,2,16,2739.9,2790.5,2811,NG,EIA-860 2024 public county summary
county,FL,Leon,30.45931,-84.2778,county_centroid,5,13,753.7,564.9,598.9,NG,EIA-860 2024 public county summary
county,FL,Levy,29.271854,-82.831233,county_centroid,4,1,74.9,74.9,74.9,SUN,EIA-860 2024 public county summary
county,FL,Madison,30.447233,-83.470416,county_centroid,4,2,149.4,149.4,149.4,SUN,EIA-860 2024 public county summary
county,FL,Manatee,27.475556,-82.393144,county_centroid,13,16,3928.5,3712.5,3868.5,SUN,EIA-860 2024 public county summary
county,FL,Marion,29.202805,-82.0431,county_centroid,1,2,2.4,2.3,2.3,LFG,EIA-860 2024 public county summary
county,FL,Martin,27.083604,-80.398201,county_centroid,6,14,2672,2432.5,2560.5,SUN,EIA-860 2024 public county summary
county,FL,Miami Dade,,,county_centroid,11,31,3070.9,3158.4,3241.3,SUN,EIA-860 2024 public county summary
county,FL,Monroe,25.58612,-81.022603,county_centroid,4,11,137.5,125.5,125.5,DFO,EIA-860 2024 public county summary
county,FL,Nassau,30.605963,-81.765087,county_centroid,5,6,235,217.9,217.9,NG,EIA-860 2024 public county summary
county,FL,Okaloosa,30.614325,-86.59108,county_centroid,3,3,179,179,179,SUN,EIA-860 2024 public county summary
county,FL,Okeechobee,27.385592,-80.887388,county_centroid,10,9,2095.6,2095.6,2095.6,SUN,EIA-860 2024 public county summary
county,FL,Orange,28.514391,-81.323284,county_centroid,12,22,2222,2141,2166,SUN,EIA-860 2024 public county summary
county,FL,Osceola,28.059027,-81.139312,county_centroid,10,34,2720.2,2325.7,2601.7,SUN,EIA-860 2024 public county summary
county,FL,Palm Beach,26.649126,-80.448354,county_centroid,11,32,6167.4,5623.9,6068.9,SUN,EIA-860 2024 public county summary
county,FL,Pasco,28.309823,-82.511006,county_centroid,6,8,1809.4,1618.8,1686.2,NG,EIA-860 2024 public county summary
county,FL,Pinellas,27.905342,-82.798066,county_centroid,6,18,1784.1,1509.8,1726.8,DFO,EIA-860 2024 public county summary
county,FL,Polk,27.953686,-81.693493,county_centroid,33,89,6716.7,6013.5,6303.3,SUN,EIA-860 2024 public county summary
county,FL,Putnam,29.593896,-81.732039,county_centroid,10,13,2499.5,2326.3,2365.5,SUN,EIA-860 2024 public county summary
county,FL,Santa Rosa,30.675348,-87.018919,county_centroid,5,8,477.6,436.9,450.7,SUN,EIA-860 2024 public county summary
county,FL,Sarasota,27.225329,-82.423714,county_centroid,1,4,6.4,6.4,6.4,LFG,EIA-860 2024 public county summary
county,FL,Seminole,28.690065,-81.131975,county_centroid,2,4,6.3,6.3,6.3,SUN,EIA-860 2024 public county summary
county,FL,St Johns,,,county_centroid,1,1,74.5,74.5,74.5,SUN,EIA-860 2024 public county summary
county,FL,St Lucie,,,county_centroid,16,13,3241.9,2956.5,3012.6,SUN,EIA-860 2024 public county summary
county,FL,Suwannee,30.189244,-82.992754,county_centroid,5,8,460.8,408.1,457.1,SUN,EIA-860 2024 public county summary
county,FL,Taylor,29.967146,-83.639573,county_centroid,2,1,5.1,5.1,5.1,SUN,EIA-860 2024 public county summary
county,FL,Union,30.05428,-82.366918,county_centroid,1,1,74.5,74.5,74.5,SUN,EIA-860 2024 public county summary
county,FL,Volusia,29.057769,-81.161792,county_centroid,9,24,3324.4,3069.8,3234.8,SUN,EIA-860 2024 public county summary
county,FL,Wakulla,30.091335,-84.359111,county_centroid,1,2,270.1,226,258,NG,EIA-860 2024 public county summary
county,FL,Walton,30.571247,-86.162798,county_centroid,6,3,223.5,223.5,223.5,SUN,EIA-860 2024 public county summary
county,FL,Washington,30.602102,-85.655805,county_centroid,1,1,74.5,74.5,74.5,SUN,EIA-860 2024 public county summary
county,GA,,,,county_centroid,7,0,0,0,0,,EIA-860 2024 public county summary
county,GA,Appling,31.739726,-82.290102,county_centroid,2,3,1873,1784,1784,SUN,EIA-860 2024 public county summary
county,GA,Bacon,31.55021,-82.451433,county_centroid,3,0,0,0,0,,EIA-860 2024 public county summary
county,GA,Baldwin,33.05949,-83.255457,county_centroid,2,2,45,43.8,43.8,WAT,EIA-860 2024 public county summary
county,GA,Barrow,33.992009,-83.712303,county_centroid,2,4,8.6,8.3,8.3,SUN,EIA-860 2024 public county summary
county,GA,Bartow,34.240917,-84.838188,county_centroid,3,8,3587.8,3274.6,3274.6,WAT,EIA-860 2024 public county summary
county,GA,Bibb,32.80899,-83.69406,county_centroid,5,11,210.5,213.45,213.45,SUN,EIA-860 2024 public county summary
county,GA,Bleckley,32.435403,-83.331717,county_centroid,2,2,4.3,4.3,4.3,SUN,EIA-860 2024 public county summary
county,GA,Brooks,30.822934,-83.581905,county_centroid,2,2,300,300,300,SUN,EIA-860 2024 public county summary
county,GA,Bryan,32.017969,-81.438543,county_centroid,1,1,1.9,1.9,1.9,SUN,EIA-860 2024 public county summary
county,GA,Bulloch,32.394498,-81.741449,county_centroid,5,5,14.6,14.6,14.6,SUN,EIA-860 2024 public county summary
county,GA,Burke,33.060181,-82.000164,county_centroid,7,16,5166.5,5018.4,5087.4,SUN,EIA-860 2024 public county summary
county,GA,Camden,30.913358,-81.642019,county_centroid,2,13,60,60.2,60.2,SUN,EIA-860 2024 public county summary
county,GA,Candler,32.40395,-82.071266,county_centroid,2,1,51,51,51,SUN,EIA-860 2024 public county summary
county,GA,Charlton,30.779904,-82.139644,county_centroid,1,1,2.1,2.1,2.1,SUN,EIA-860 2024 public county summary
county,GA,Chatham,31.980404,-81.085184,county_centroid,8,18,246.6,246.2,246.3,BLQ,EIA-860 2024 public county summary
county,GA,Chattooga,34.474178,-85.345289,county_centroid,1,1,2.4,2.4,2.4,SUN,EIA-860 2024 public county summary
county,GA,Cherokee,34.244317,-84.475057,county_centroid,1,0,0,0,0,,EIA-860 2024 public county summary
county,GA,Clarke,33.952185,-83.367152,county_centroid,3,9,8.5,8.3,8.3,DFO,EIA-860 2024 public county summary
county,GA,Clay,31.619831,-84.992583,county_centroid,2,5,274,274,274,SUN,EIA-860 2024 public county summary
county,GA,Cobb,33.939926,-84.57411,county_centroid,4,15,2853,2539.5,2793.1,NG,EIA-860 2024 public county summary
county,GA,Colquitt,31.189707,-83.769773,county_centroid,2,2,21.4,21.6,21.4,SUN,EIA-860 2024 public county summary
county,GA,Columbia,33.552075,-82.249608,county_centroid,3,10,21,15.4,18.6,SUN,EIA-860 2024 public county summary
county,GA,Coweta,33.352897,-84.762138,county_centroid,1,2,807.4,714,714,NG,EIA-860 2024 public county summary
county,GA,DeKalb,33.770661,-84.226343,county_centroid,4,7,7.1,6.6,6.6,DFO,EIA-860 2024 public county summary
county,GA,Decatur,30.880643,-84.58389,county_centroid,7,9,637,630,635.8,SUN,EIA-860 2024 public county summary
county,GA,Dougherty,31.532588,-84.20904,county_centroid,7,9,216.8,212.4,212.3,SUN,EIA-860 2024 public county summary
county,GA,Douglas,33.701242,-84.767314,county_centroid,1,1,3,3,3,SUN,EIA-860 2024 public county summary
county,GA,Early,31.324191,-84.906723,county_centroid,5,6,295.2,284,294,SUN,EIA-860 2024 public county summary
county,GA,Effingham,32.361688,-81.343355,county_centroid,7,24,2956,2663.7,2847.8,NG,EIA-860 2024 public county summary
county,GA,Elbert,34.116415,-82.841892,county_centroid,2,9,668,704,704,WAT,EIA-860 2024 public county summary
county,GA,Emanuel,32.5912,-82.300195,county_centroid,2,1,2.9,2.9,2.9,SUN,EIA-860 2024 public county summary
county,GA,Fannin,34.866543,-84.317331,county_centroid,1,2,23.5,17.3,14.7,WAT,EIA-860 2024 public county summary
county,GA,Fayette,33.412717,-84.493941,county_centroid,1,0,0,0,0,,EIA-860 2024 public county summary
county,GA,Floyd,34.26369,-85.213685,county_centroid,3,7,918.2,1096,1095,BLQ,EIA-860 2024 public county summary
county,GA,Forsyth,34.225143,-84.127408,county_centroid,1,3,131.2,126.8,126.6,WAT,EIA-860 2024 public county summary
county,GA,Franklin,34.375266,-83.227532,county_centroid,2,2,61,61,61,SUN,EIA-860 2024 public county summary
county,GA,Fulton,33.790034,-84.468182,county_centroid,14,53,71.5,64,65.1,DFO,EIA-860 2024 public county summary
county,GA,Glynn,31.21271,-81.49645,county_centroid,3,14,650.2,506.2,605.2,BLQ,EIA-860 2024 public county summary
county,GA,Gordon,34.509667,-84.873862,county_centroid,2,2,5.4,5.4,5.4,SUN,EIA-860 2024 public county summary
county,GA,Grady,30.8759,-84.244965,county_centroid,1,1,2,2,2,SUN,EIA-860 2024 public county summary
county,GA,Greene,33.576704,-83.166625,county_centroid,1,1,3,3,3,SUN,EIA-860 2024 public county summary
county,GA,Gwinnett,33.958756,-84.025735,county_centroid,2,5,11.2,10.8,10.8,LFG,EIA-860 2024 public county summary
county,GA,Habersham,34.634392,-83.525875,county_centroid,2,10,116.8,124.9,125.3,WAT,EIA-860 2024 public county summary
county,GA,Hancock,33.26922,-83.000465,county_centroid,2,6,321.2,328,327.4,WAT,EIA-860 2024 public county summary
county,GA,Harris,32.731549,-84.912432,county_centroid,2,2,4.4,4.4,4.4,SUN,EIA-860 2024 public county summary
county,GA,Hart,34.348733,-82.96329,county_centroid,2,7,780,702.5,758,NG,EIA-860 2024 public county summary
county,GA,Heard,33.291347,-85.137886,county_centroid,6,21,3967,3513.4,3782,NG,EIA-860 2024 public county summary
county,GA,Houston,32.458147,-83.662309,county_centroid,5,7,576.6,532.8,585.8,LFG,EIA-860 2024 public county summary
county,GA,Jackson,34.130905,-83.562557,county_centroid,1,10,919,745.6,876.2,NG,EIA-860 2024 public county summary
county,GA,Jasper,33.316981,-83.689151,county_centroid,1,6,14.4,22.8,22.8,WAT,EIA-860 2024 public county summary
county,GA,Jeff Davis,31.811615,-82.636825,county_centroid,6,6,412.5,412.5,412.5,SUN,EIA-860 2024 public county summary
county,GA,Jefferson,33.058176,-82.420004,county_centroid,2,1,1,1,1,SUN,EIA-860 2024 public county summary
county,GA,Jenkins,32.794563,-81.971524,county_centroid,1,1,19.7,19.7,19.7,SUN,EIA-860 2024 public county summary
county,GA,Lamar,33.07444,-84.146689,county_centroid,1,1,60,55,55,WDS,EIA-860 2024 public county summary
county,GA,Lanier,31.038197,-83.063164,county_centroid,1,2,1.8,1.8,1.8,SUN,EIA-860 2024 public county summary
county,GA,Laurens,32.39322,-82.926317,county_centroid,3,3,86.2,88.1,90.1,SUN,EIA-860 2024 public county summary
county,GA,Lee,31.818419,-84.146681,county_centroid,3,3,290,290,290,SUN,EIA-860 2024 public county summary
county,GA,Liberty,31.807458,-81.457871,county_centroid,3,2,44.5,44.5,44.5,SUN,EIA-860 2024 public county summary
county,GA,Lowndes,30.833145,-83.268995,county_centroid,11,19,143.5,143.7,143.6,SUN,EIA-860 2024 public county summary
county,GA,Macon,32.362686,-84.051231,county_centroid,3,3,157,157,157,SUN,EIA-860 2024 public county summary
county,GA,Madison,34.12748,-83.208653,county_centroid,2,2,60,60.2,60.2,SUN,EIA-860 2024 public county summary
county,GA,McDuffie,33.48061,-82.479572,county_centroid,1,0,0,0,0,,EIA-860 2024 public county summary
county,GA,Meriwether,33.029267,-84.667058,county_centroid,3,3,6.4,6.4,6.6,SUN,EIA-860 2024 public county summary
county,GA,Mitchell,31.228997,-84.192038,county_centroid,8,9,701,667.4,669,SUN,EIA-860 2024 public county summary
county,GA,Monroe,33.018784,-83.921837,county_centroid,4,5,2915,2770.4,2798.2,SUB,EIA-860 2024 public county summary
county,GA,Montgomery,32.172108,-82.533349,county_centroid,2,2,330,330,330,SUN,EIA-860 2024 public county summary
county,GA,Morgan,33.598649,-83.499416,county_centroid,1,1,1.4,1.4,1.4,WAT,EIA-860 2024 public county summary
county,GA,Murray,34.797097,-84.73799,county_centroid,4,12,1701.5,1922.5,1982.5,SUN,EIA-860 2024 public county summary
county,GA,Muscogee,32.510191,-84.874946,county_centroid,3,9,91.1,94.9,94.5,WAT,EIA-860 2024 public county summary
county,GA,Oconee,33.834125,-83.437728,county_centroid,1,0,0,0,0,,EIA-860 2024 public county summary
county,GA,Oglethorpe,33.866806,-83.074081,county_centroid,2,1,38,38,38,SUN,EIA-860 2024 public county summary
county,GA,Peach,32.571324,-83.831978,county_centroid,1,1,10.8,10.8,10.8,SUN,EIA-860 2024 public county summary
county,GA,Pierce,31.353998,-82.21037,county_centroid,2,1,1.9,1.9,1.9,SUN,EIA-860 2024 public county summary
county,GA,Polk,33.996015,-85.188338,county_centroid,7,8,580.2,456,521.6,SUN,EIA-860 2024 public county summary
county,GA,Putnam,33.32106,-83.37179,county_centroid,4,3,6.6,6.6,6.6,SUN,EIA-860 2024 public county summary
county,GA,RABUN,34.883934,-83.40487,county_centroid,1,1,17.9,18,18,WDS,EIA-860 2024 public county summary
county,GA,Rabun,34.883934,-83.40487,county_centroid,3,6,26.8,33.2,32.4,WAT,EIA-860 2024 public county summary
county,GA,Randolph,31.762651,-84.752311,county_centroid,1,1,80,80,80,SUN,EIA-860 2024 public county summary
county,GA,Richland,,,county_centroid,1,1,1,0.9,0.9,SUN,EIA-860 2024 public county summary
county,GA,Richmond,33.361486,-82.074998,county_centroid,8,14,128,122.2,122.6,SUN,EIA-860 2024 public county summary
county,GA,Saminole,,,county_centroid,1,1,1.6,1.6,1.6,SUN,EIA-860 2024 public county summary
county,GA,Spalding,33.262348,-84.284905,county_centroid,1,3,6.6,6.3,6.3,LFG,EIA-860 2024 public county summary
county,GA,Stephens,34.553582,-83.290588,county_centroid,1,3,22.5,28.5,28.8,WAT,EIA-860 2024 public county summary
county,GA,Stewart,32.073225,-84.834912,county_centroid,1,1,100,100,100,SUN,EIA-860 2024 public county summary
county,GA,Sumter,32.042266,-84.204294,county_centroid,2,2,3.2,3.2,3.2,SUN,EIA-860 2024 public county summary
county,GA,Talbot,32.704603,-84.530029,county_centroid,2,7,791,637.4,746.1,MWH,EIA-860 2024 public county summary
county,GA,Tattnall,32.043768,-82.059208,county_centroid,2,2,4.1,4.1,4.1,SUN,EIA-860 2024 public county summary
county,GA,Taylor,32.554667,-84.251426,county_centroid,7,13,413.7,402.2,402.2,SUN,EIA-860 2024 public county summary
county,GA,Telfair,31.913641,-82.931063,county_centroid,1,1,1.9,1.9,1.9,SUN,EIA-860 2024 public county summary
county,GA,Terrell,31.777191,-84.439446,county_centroid,3,3,77.6,77.6,77.6,SUN,EIA-860 2024 public county summary
county,GA,Thomas,30.864619,-83.919815,county_centroid,1,1,1.4,1.4,1.4,SUN,EIA-860 2024 public county summary
county,GA,Tift,31.457003,-83.525931,county_centroid,3,3,7.8,7.8,7.8,SUN,EIA-860 2024 public county summary
county,GA,Troup,33.034482,-85.02836,county_centroid,3,5,77.1,90.8,90.8,SUN,EIA-860 2024 public county summary
county,GA,Twiggs,32.665847,-83.425879,county_centroid,3,4,226.8,226.8,226.8,SUN,EIA-860 2024 public county summary
county,GA,Union,34.833333,-83.989257,county_centroid,1,2,15.9,20.1,19.3,WAT,EIA-860 2024 public county summary
county,GA,Upson,32.881837,-84.292283,county_centroid,3,6,705,595.7,696.5,SUN,EIA-860 2024 public county summary
county,GA,Walton,33.783887,-83.731829,county_centroid,8,14,1325.7,1104.6,1264.8,SUN,EIA-860 2024 public county summary
county,GA,Ware,31.050881,-82.421507,county_centroid,3,3,84.9,84.9,84.9,SUN,EIA-860 2024 public county summary
county,GA,Warren,33.408381,-82.675685,county_centroid,2,1,80,80,80,SUN,EIA-860 2024 public county summary
county,GA,Washington,32.971843,-82.798112,county_centroid,5,14,1645.3,1357.5,1580.3,NG,EIA-860 2024 public county summary
county,GA,Wayne,31.547845,-81.912376,county_centroid,3,5,72.1,67.3,68,BLQ,EIA-860 2024 public county summary
county,GA,Whitfield,34.801726,-84.968541,county_centroid,1,1,1.1,1.1,1.1,SUN,EIA-860 2024 public county summary
county,GA,Wilcox,31.96272,-83.438259,county_centroid,3,0,0,0,0,,EIA-860 2024 public county summary
county,GA,Wilkinson,32.804266,-83.175512,county_centroid,2,2,5.3,5.3,5.3,SUN,EIA-860 2024 public county summary
county,GA,Worth,31.551773,-83.84996,county_centroid,2,7,39.7,34.2,34.2,NG,EIA-860 2024 public county summary
county,HI,Hawaii,19.597764,-155.502443,county_centroid,19,46,418.2,386.6,390,DFO,EIA-860 2024 public county summary
county,HI,Honolulu,21.461365,-158.201974,county_centroid,45,73,2377,2239.47,2239.27,SUN,EIA-860 2024 public county summary
county,HI,Kauai,22.012038,-159.705965,county_centroid,13,32,280.2,254.8,254.8,SUN,EIA-860 2024 public county summary
county,HI,Maui,20.855931,-156.60155,county_centroid,16,72,523.1,488.3,488.3,DFO,EIA-860 2024 public county summary
county,IA,Adair,41.328528,-94.478164,county_centroid,17,23,1151.7,1139.6,1139.7,WND,EIA-860 2024 public county summary
county,IA,Adams,41.021656,-94.696906,county_centroid,4,9,204.8,200.5,200.5,WND,EIA-860 2024 public county summary
county,IA,Allamakee,43.274964,-91.382751,county_centroid,2,2,2.1,2.1,2.1,DFO,EIA-860 2024 public county summary
county,IA,Appanoose,40.744249,-92.873062,county_centroid,2,1,7.9,7.9,7.9,WND,EIA-860 2024 public county summary
county,IA,Audubon,41.679178,-94.904312,county_centroid,3,5,485,443.6,443.6,WND,EIA-860 2024 public county summary
county,IA,BREMER,42.780895,-92.327356,county_centroid,1,3,5.4,5.4,5.4,DFO,EIA-860 2024 public county summary
county,IA,Benton,42.092547,-92.05763,county_centroid,1,7,17.5,17.2,17.2,NG,EIA-860 2024 public county summary
county,IA,Black Hawk,42.471132,-92.3076,county_centroid,8,22,394.4,321.6,346.4,NG,EIA-860 2024 public county summary
county,IA,Boone,42.038623,-93.938605,county_centroid,4,7,347.9,348,348,WND,EIA-860 2024 public county summary
county,IA,Bremer,42.780895,-92.327356,county_centroid,4,18,74.8,73.2,73.2,WND,EIA-860 2024 public county summary
county,IA,Buchanan,42.470328,-91.838666,county_centroid,1,1,1.8,1.1,1.1,DFO,EIA-860 2024 public county summary
county,IA,Buena Vista,42.741522,-95.141432,county_centroid,4,8,373.6,361.7,361.9,WND,EIA-860 2024 public county summary
county,IA,Carroll,42.039502,-94.86765,county_centroid,5,12,298.1,282.7,283,WND,EIA-860 2024 public county summary
county,IA,Cass,41.333824,-94.933302,county_centroid,6,10,502.2,460.8,461.2,WND,EIA-860 2024 public county summary
county,IA,Cedar,41.77236,-91.132611,county_centroid,3,8,19.7,19.5,19.5,DFO,EIA-860 2024 public county summary
county,IA,Cerro Gordo,43.074975,-93.250965,county_centroid,5,8,784.5,695.4,794,WND,EIA-860 2024 public county summary
county,IA,Cherokee,42.742737,-95.633262,county_centroid,1,1,211.7,200,200,WND,EIA-860 2024 public county summary
county,IA,Chickasaw,43.059741,-92.31721,county_centroid,2,6,228.9,224.1,224.1,WND,EIA-860 2024 public county summary
county,IA,Clay,43.081224,-95.149875,county_centroid,3,4,442.2,429.8,437.3,NG,EIA-860 2024 public county summary
county,IA,Clayton,42.840985,-91.323576,county_centroid,4,5,6.4,6.4,6.4,DFO,EIA-860 2024 public county summary
county,IA,Clinton,41.898073,-90.534243,county_centroid,3,2,180,180,180,SUB,EIA-860 2024 public county summary
county,IA,Crawford,42.043119,-95.38909,county_centroid,3,2,101.8,101.8,101.8,WND,EIA-860 2024 public county summary
county,IA,Dallas,41.68532,-94.040706,county_centroid,1,1,1,1,1,SUN,EIA-860 2024 public county summary
county,IA,Davis,40.748089,-92.410345,county_centroid,2,7,10.1,8.5,8.5,NG,EIA-860 2024 public county summary
county,IA,Decatur,40.736379,-93.78458,county_centroid,1,8,10.5,10,10.1,DFO,EIA-860 2024 public county summary
county,IA,Delaware,42.473014,-91.366767,county_centroid,5,6,110,108.3,108.3,WND,EIA-860 2024 public county summary
county,IA,Des Moines,40.915339,-91.186925,county_centroid,2,5,290.8,177.5,179.8,NG,EIA-860 2024 public county summary
county,IA,Dickinson,43.389611,-95.196057,county_centroid,5,10,164.5,164.5,164.5,WND,EIA-860 2024 public county summary
county,IA,Dubuque,42.463481,-90.878771,county_centroid,6,18,27.1,25.7,25.5,DFO,EIA-860 2024 public county summary
county,IA,Emmet,43.377984,-94.66937,county_centroid,2,6,17.3,14.6,14.8,NG,EIA-860 2024 public county summary
county,IA,Floyd,43.052741,-92.787367,county_centroid,3,6,118.9,110.3,112.9,WND,EIA-860 2024 public county summary
county,IA,Franklin,42.736545,-93.271415,county_centroid,5,5,508.8,508.4,508.4,WND,EIA-860 2024 public county summary
county,IA,GUTHRIE,41.683573,-94.501272,county_centroid,1,3,4.5,4.5,4.5,DFO,EIA-860 2024 public county summary
county,IA,Greene,42.042513,-94.388727,county_centroid,4,4,74.4,74.4,74.4,WND,EIA-860 2024 public county summary
county,IA,Grundy,42.403339,-92.790244,county_centroid,4,6,242.5,239.3,239.3,DFO,EIA-860 2024 public county summary
county,IA,Guthrie,41.683573,-94.501272,county_centroid,2,4,209.9,202.7,202.7,WND,EIA-860 2024 public county summary
county,IA,Hamilton,42.390789,-93.70913,county_centroid,4,6,451.9,447.2,451.5,WND,EIA-860 2024 public county summary
county,IA,Hancock,43.075411,-93.743697,county_centroid,3,3,448,447,447,WND,EIA-860 2024 public county summary
county,IA,Hardin,42.390208,-93.241669,county_centroid,2,2,153,153,153,WND,EIA-860 2024 public county summary
county,IA,Henry,40.984802,-91.547259,county_centroid,3,17,33.5,33.5,33.5,DFO,EIA-860 2024 public county summary
county,IA,Howard,43.365312,-92.321908,county_centroid,3,3,166.6,166.6,166.6,WND,EIA-860 2024 public county summary
county,IA,Ida,42.39186,-95.507421,county_centroid,2,5,502.1,500,500,WND,EIA-860 2024 public county summary
county,IA,Iowa,41.683918,-92.059123,county_centroid,3,13,274.1,271.6,271.6,DFO,EIA-860 2024 public county summary
county,IA,Jackson,42.164226,-90.574582,county_centroid,5,23,47,40.8,41.8,DFO,EIA-860 2024 public county summary
county,IA,Johnson,41.670668,-91.590529,county_centroid,5,18,124.3,115.7,121.1,NG,EIA-860 2024 public county summary
county,IA,Kossuth,43.212336,-94.213971,county_centroid,8,12,462.3,455.2,455.2,WND,EIA-860 2024 public county summary
county,IA,Lee,40.647588,-91.477157,county_centroid,4,19,359.2,380,378,WAT,EIA-860 2024 public county summary
county,IA,Linn,42.077951,-91.597674,county_centroid,22,41,760.4,701.7,715.2,DFO,EIA-860 2024 public county summary
county,IA,Louisa,41.218211,-91.256994,county_centroid,2,2,911.9,845.6,855,SUB,EIA-860 2024 public county summary
county,IA,Lucas,41.033321,-93.331462,county_centroid,1,1,2.3,2.3,2.3,SUN,EIA-860 2024 public county summary
county,IA,Lyon,43.38358,-96.207201,county_centroid,1,1,2.5,2.5,2.5,DFO,EIA-860 2024 public county summary
county,IA,Madison,41.330622,-94.015184,county_centroid,2,9,137.2,137.2,137.2,WND,EIA-860 2024 public county summary
county,IA,Mahaska,41.330797,-92.636366,county_centroid,1,1,168,169,169,WND,EIA-860 2024 public county summary
county,IA,Marion,41.331433,-93.093868,county_centroid,5,25,100.3,97.3,97.3,DFO,EIA-860 2024 public county summary
county,IA,Marshall,42.0417,-92.981403,county_centroid,7,23,1189.1,1110.8,1179.9,DFO,EIA-860 2024 public county summary
county,IA,Mitchell,43.348564,-92.784466,county_centroid,5,10,521.2,519.8,519.18,WND,EIA-860 2024 public county summary
county,IA,Monroe,41.028847,-92.869642,county_centroid,1,2,40,36.7,36.8,NG,EIA-860 2024 public county summary
county,IA,Montgomery,41.021735,-95.15779,county_centroid,1,2,4,4,4,DFO,EIA-860 2024 public county summary
county,IA,Muscatine,41.483776,-91.118699,county_centroid,6,13,303,274.7,275.7,DFO,EIA-860 2024 public county summary
county,IA,O'Brien,43.083746,-95.625624,county_centroid,3,11,754.3,752.3,752.3,WND,EIA-860 2024 public county summary
county,IA,Osceola,43.378542,-95.633788,county_centroid,6,11,167.4,164.7,168.8,WND,EIA-860 2024 public county summary
county,IA,Page,40.739097,-95.144301,county_centroid,2,10,20,20,20,DFO,EIA-860 2024 public county summary
county,IA,Palo Alto,43.075337,-94.669055,county_centroid,5,10,374.3,373.2,373.2,WND,EIA-860 2024 public county summary
county,IA,Plymouth,42.737615,-96.215973,county_centroid,1,1,202.7,200,200,WND,EIA-860 2024 public county summary
county,IA,Pocahontas,42.734033,-94.678279,county_centroid,4,12,379.5,389,389,DFO,EIA-860 2024 public county summary
county,IA,Polk,41.684816,-93.568971,county_centroid,8,31,1065.6,934.44,1076.4,NG,EIA-860 2024 public county summary
county,IA,Pottawattamie,41.340184,-95.544905,county_centroid,2,3,1813.5,1661.7,1661.7,WND,EIA-860 2024 public county summary
county,IA,Poweshiek,41.684642,-92.522934,county_centroid,9,15,532.8,532,532.2,DFO,EIA-860 2024 public county summary
county,IA,Sac,42.387526,-95.105224,county_centroid,2,2,210.9,210.9,210.9,WND,EIA-860 2024 public county summary
county,IA,Scott,41.642079,-90.622289,county_centroid,3,3,2.6,2.6,2.6,OBG,EIA-860 2024 public county summary
county,IA,Shelby,41.679014,-95.308917,county_centroid,1,2,3.4,3.2,3.2,DFO,EIA-860 2024 public county summary
county,IA,Story,42.037538,-93.466093,county_centroid,18,33,431.2,393.3,374.3,WND,EIA-860 2024 public county summary
county,IA,Tama,42.074848,-92.529411,county_centroid,5,7,11,10.5,10.5,DFO,EIA-860 2024 public county summary
county,IA,Taylor,40.737949,-94.697108,county_centroid,4,8,122.1,119.4,119.5,WND,EIA-860 2024 public county summary
county,IA,Union,41.02855,-94.245091,county_centroid,4,7,422.8,411.8,422.9,SUN,EIA-860 2024 public county summary
county,IA,Wapello,41.031275,-92.409466,county_centroid,2,4,729.1,702.9,719.5,SUB,EIA-860 2024 public county summary
county,IA,Warren,41.332446,-93.568751,county_centroid,1,2,40.9,42.2,47,DFO,EIA-860 2024 public county summary
county,IA,Webster,42.433579,-94.175831,county_centroid,5,5,360.3,359,359,DFO,EIA-860 2024 public county summary
county,IA,Winnebago,43.378124,-93.743488,county_centroid,7,19,332.5,331.7,331.7,WND,EIA-860 2024 public county summary
county,IA,Winneshiek,43.292989,-91.850788,county_centroid,3,3,5.6,5.6,5.6,SUN,EIA-860 2024 public county summary
county,IA,Woodbury,42.39322,-96.053296,county_centroid,3,3,1284,1161.1,1169,SUB,EIA-860 2024 public county summary
county,IA,Worth,43.373491,-93.248533,county_centroid,7,8,354.9,354.9,354.9,WND,EIA-860 2024 public county summary
county,IA,Wright,42.733007,-93.734735,county_centroid,1,3,5.4,5.4,5.4,DFO,EIA-860 2024 public county summary
county,ID,Ada,43.451476,-116.244376,county_centroid,13,15,203,179.92,152.05,WAT,EIA-860 2024 public county summary
county,ID,Adams,44.876955,-116.461614,county_centroid,1,1,6.2,5.8,6.2,WDS,EIA-860 2024 public county summary
county,ID,Bannock,42.692921,-112.228982,county_centroid,3,4,20.7,19.1,19.3,LFG,EIA-860 2024 public county summary
county,ID,Benewah,47.218451,-116.633541,county_centroid,1,1,6.2,5.8,5.8,WDS,EIA-860 2024 public county summary
county,ID,Bingham,43.216357,-112.399206,county_centroid,1,1,160,160,160,WND,EIA-860 2024 public county summary
county,ID,Blaine,43.394192,-113.955371,county_centroid,2,4,11.8,11.1,11,WAT,EIA-860 2024 public county summary
county,ID,Boise,43.987275,-115.71511,county_centroid,1,2,9.4,9.4,9.4,WAT,EIA-860 2024 public county summary
county,ID,Bonner,48.324634,-116.62745,county_centroid,2,7,307.2,296.6,336.8,WAT,EIA-860 2024 public county summary
county,ID,Bonneville,43.395171,-111.621878,county_centroid,13,13,593.1,589.2,589.2,WAT,EIA-860 2024 public county summary
county,ID,Boundary,48.773131,-116.524668,county_centroid,2,7,42,24.4,42.4,WAT,EIA-860 2024 public county summary
county,ID,Butte,43.685101,-113.177631,county_centroid,1,1,3.6,2.2,1.5,WAT,EIA-860 2024 public county summary
county,ID,Canyon,43.625795,-116.709058,county_centroid,4,3,9.3,9.3,8.2,NG,EIA-860 2024 public county summary
county,ID,Caribou,42.786072,-111.544273,county_centroid,4,8,49.3,49.6,49.6,WAT,EIA-860 2024 public county summary
county,ID,Cassia,42.282313,-113.626328,county_centroid,6,10,134.2,114.99,72.65,WND,EIA-860 2024 public county summary
county,ID,Clark,44.290218,-112.354613,county_centroid,2,1,2.6,2.6,2.6,WAT,EIA-860 2024 public county summary
county,ID,Clearwater,46.67257,-115.6535,county_centroid,2,6,466.2,465.6,401.5,WAT,EIA-860 2024 public county summary
county,ID,Elmore,43.394698,-115.471205,county_centroid,20,24,923.6,917.86,986.13,WND,EIA-860 2024 public county summary
county,ID,Franklin,42.173609,-111.822965,county_centroid,2,4,33.1,29.9,28.5,WAT,EIA-860 2024 public county summary
county,ID,Fremont,44.218091,-111.484429,county_centroid,4,10,24.1,24.5,24.5,WAT,EIA-860 2024 public county summary
county,ID,Gem,44.061473,-116.398784,county_centroid,1,2,10.2,10.2,10.2,WAT,EIA-860 2024 public county summary
county,ID,Gooding,42.973185,-114.82142,county_centroid,13,23,187.5,204.22,166.43,WAT,EIA-860 2024 public county summary
county,ID,Idaho,45.849644,-115.467337,county_centroid,1,1,2.6,2.3,2.3,WAT,EIA-860 2024 public county summary
county,ID,Jefferson,43.796965,-112.318588,county_centroid,1,2,1.8,1.8,1.8,OBG,EIA-860 2024 public county summary
county,ID,Jerome,42.691395,-114.262086,county_centroid,8,19,53.1,53.78,44.28,WAT,EIA-860 2024 public county summary
county,ID,Kootenai,47.675957,-116.695919,county_centroid,4,12,485.6,362.7,481.2,NG,EIA-860 2024 public county summary
county,ID,Lemhi,44.928506,-113.887042,county_centroid,1,2,5,5.58,5.58,DFO,EIA-860 2024 public county summary
county,ID,Lincoln,42.990782,-114.153089,county_centroid,3,3,7,7,5.8,WAT,EIA-860 2024 public county summary
county,ID,Madison,43.788614,-111.656993,county_centroid,1,1,5.6,4.6,5.3,NG,EIA-860 2024 public county summary
county,ID,Minidoka,42.857211,-113.63984,county_centroid,1,4,27.7,27.7,27.7,WAT,EIA-860 2024 public county summary
county,ID,Nez Perce,46.333791,-116.760909,county_centroid,1,4,113.8,54.5,68,BLQ,EIA-860 2024 public county summary
county,ID,Owyhee,42.572851,-116.18969,county_centroid,3,4,102.8,111.78,111.55,WAT,EIA-860 2024 public county summary
county,ID,Payette,44.00243,-116.750238,county_centroid,1,2,318.5,305.43,301.63,NG,EIA-860 2024 public county summary
county,ID,Power,42.694126,-112.844407,county_centroid,6,8,256.6,264.62,214.3,WND,EIA-860 2024 public county summary
county,ID,Teton,43.760994,-111.211765,county_centroid,1,4,7.4,5.9,5.9,WAT,EIA-860 2024 public county summary
county,ID,Twin Falls,42.352309,-114.665639,county_centroid,27,34,533.6,532.87,482.35,WND,EIA-860 2024 public county summary
county,ID,Valley,44.85596,-115.618061,county_centroid,1,2,12.4,13.59,1.62,WAT,EIA-860 2024 public county summary
county,ID,Washington,44.448223,-116.797792,county_centroid,2,5,675,660.89,652.48,WAT,EIA-860 2024 public county summary
county,IL,Adams,39.986052,-91.194961,county_centroid,2,1,1.5,1.5,1.5,SUN,EIA-860 2024 public county summary
county,IL,Boone,42.318983,-88.824295,county_centroid,3,2,4,4,3.6,SUN,EIA-860 2024 public county summary
county,IL,Brown,39.962069,-90.750309,county_centroid,1,1,1.5,1.5,1.5,WND,EIA-860 2024 public county summary
county,IL,Bureau,41.401304,-89.528377,county_centroid,10,15,721.7,721.5,721.5,WND,EIA-860 2024 public county summary
county,IL,Carroll,42.0709,-89.924189,county_centroid,1,1,1.5,1.5,1.5,SUN,EIA-860 2024 public county summary
county,IL,Cass,39.969202,-90.245704,county_centroid,3,1,150,150,150,SUN,EIA-860 2024 public county summary
county,IL,Champaign,40.138985,-88.196975,county_centroid,12,31,122.3,121.3,125.7,SUN,EIA-860 2024 public county summary
county,IL,Christian,39.545524,-89.279593,county_centroid,6,8,1328.7,1121.7,1121.7,SUN,EIA-860 2024 public county summary
county,IL,Clark,39.332334,-87.791683,county_centroid,3,13,187.6,194.5,194.5,DFO,EIA-860 2024 public county summary
county,IL,Clay,38.746819,-88.482325,county_centroid,7,16,726,574,637.8,DFO,EIA-860 2024 public county summary
county,IL,Clinton,38.606295,-89.426228,county_centroid,10,17,39.2,39.3,39.3,SUN,EIA-860 2024 public county summary
county,IL,Coles,39.51368,-88.220782,county_centroid,4,1,200,200,200,SUN,EIA-860 2024 public county summary
county,IL,Cook,41.894294,-87.645455,county_centroid,54,81,1341.1,1224.94,1342.54,NG,EIA-860 2024 public county summary
county,IL,DeKalb,41.894612,-88.768991,county_centroid,13,11,255.5,255.1,254,SUN,EIA-860 2024 public county summary
county,IL,DeWitt,,,county_centroid,4,9,1609.9,1548.9,1577.1,WND,EIA-860 2024 public county summary
county,IL,Dekalb,41.894612,-88.768991,county_centroid,2,2,4,4,4,SUN,EIA-860 2024 public county summary
county,IL,Dewitt,,,county_centroid,2,3,281.2,281.2,281.2,LFG,EIA-860 2024 public county summary
county,IL,Douglas,39.766078,-88.222866,county_centroid,1,1,202,202,202,WND,EIA-860 2024 public county summary
county,IL,DuPage,41.852058,-88.086039,county_centroid,19,16,1104.8,1006.3,1127.8,NG,EIA-860 2024 public county summary
county,IL,Edgar,39.679037,-87.74711,county_centroid,2,0,0,0,0,,EIA-860 2024 public county summary
county,IL,Effingham,39.047945,-88.592849,county_centroid,1,4,7.2,7.2,7.2,DFO,EIA-860 2024 public county summary
county,IL,Fayette,39.001125,-89.017923,county_centroid,3,2,100.8,100.8,100.8,SUN,EIA-860 2024 public county summary
county,IL,Ford,40.596539,-88.224588,county_centroid,3,4,575.3,537.3,545.3,WND,EIA-860 2024 public county summary
county,IL,Franklin,37.991852,-88.926321,county_centroid,1,1,2,2,2,SUN,EIA-860 2024 public county summary
county,IL,Fulton,40.46524,-90.202269,county_centroid,2,1,2,2,2,SUN,EIA-860 2024 public county summary
county,IL,Grundy,41.29241,-88.401054,county_centroid,9,11,3542.3,3216.2,3306,SUN,EIA-860 2024 public county summary
county,IL,Hamilton,38.085227,-88.539009,county_centroid,1,6,9.2,8.4,8.4,DFO,EIA-860 2024 public county summary
county,IL,Henderson,40.814471,-90.941246,county_centroid,1,1,1.4,1.4,1.4,SUN,EIA-860 2024 public county summary
county,IL,Henry,41.350021,-90.130838,county_centroid,6,15,539.1,532.7,532.7,WND,EIA-860 2024 public county summary
county,IL,Iroquois,40.748867,-87.833601,county_centroid,4,3,302.8,302.8,302.8,WND,EIA-860 2024 public county summary
county,IL,Jackson,37.786096,-89.381212,county_centroid,2,2,5.1,4.4,4.4,DFO,EIA-860 2024 public county summary
county,IL,Jasper,39.004886,-88.150725,county_centroid,2,1,617.4,595,615,SUB,EIA-860 2024 public county summary
county,IL,Jefferson,38.30078,-88.92421,county_centroid,1,1,2,2,2,SUN,EIA-860 2024 public county summary
county,IL,Jersey,39.080195,-90.361385,county_centroid,1,1,110,110,110,SUN,EIA-860 2024 public county summary
county,IL,Jo Daviess,42.362391,-90.21147,county_centroid,4,3,5,5,5,SUN,EIA-860 2024 public county summary
county,IL,Kane,41.939594,-88.42804,county_centroid,12,35,473.7,395.7,454.7,NG,EIA-860 2024 public county summary
county,IL,Kankakee,41.13951,-87.861117,county_centroid,18,17,203.6,203.2,204.7,SUN,EIA-860 2024 public county summary
county,IL,Kendall,41.58814,-88.430626,county_centroid,2,9,1258,1142,1262,NG,EIA-860 2024 public county summary
county,IL,Knox,40.930945,-90.213792,county_centroid,6,5,10,10,10,SUN,EIA-860 2024 public county summary
county,IL,LaSalle,41.343341,-88.885931,county_centroid,19,23,2783.1,2707.5,2782.5,SUN,EIA-860 2024 public county summary
county,IL,Lake,42.185968,-87.805939,county_centroid,6,13,724.3,601.3,690.4,NG,EIA-860 2024 public county summary
county,IL,Lasalle,41.343341,-88.885931,county_centroid,4,8,29.3,26.3,26.8,DFO,EIA-860 2024 public county summary
county,IL,Lee,41.747447,-89.299362,county_centroid,11,26,2275.8,2153.1,2218.3,WND,EIA-860 2024 public county summary
county,IL,Livingston,40.894376,-88.552852,county_centroid,10,10,880,875.2,875.2,WND,EIA-860 2024 public county summary
county,IL,Logan,40.129277,-89.365309,county_centroid,5,4,522,522,522,WND,EIA-860 2024 public county summary
county,IL,Macon,39.860237,-88.961529,county_centroid,4,11,404.5,401.7,401.7,BIT,EIA-860 2024 public county summary
county,IL,Macoupin,39.265914,-89.92633,county_centroid,4,2,4,4,4,SUN,EIA-860 2024 public county summary
county,IL,Madison,38.82712,-89.900227,county_centroid,9,14,685.2,584.4,660,SUN,EIA-860 2024 public county summary
county,IL,Marion,38.648236,-88.920362,county_centroid,4,3,272,210,252,NG,EIA-860 2024 public county summary
county,IL,Marshall,41.031119,-89.342371,county_centroid,6,2,95,95,95,WND,EIA-860 2024 public county summary
county,IL,Mason,40.236993,-89.913575,county_centroid,4,2,356,350,350,WND,EIA-860 2024 public county summary
county,IL,McDonough,40.455808,-90.678954,county_centroid,5,12,168.8,168.8,168.8,SUN,EIA-860 2024 public county summary
county,IL,McHenry,42.324298,-88.452245,county_centroid,21,24,74.7,74.1,74.5,SUN,EIA-860 2024 public county summary
county,IL,McLean,40.494559,-88.844539,county_centroid,9,11,790.9,790.9,790.8,WND,EIA-860 2024 public county summary
county,IL,Mclean,40.494559,-88.844539,county_centroid,1,0,0,0,0,,EIA-860 2024 public county summary
county,IL,Mercer,41.205605,-90.74177,county_centroid,1,0,0,0,0,,EIA-860 2024 public county summary
county,IL,Monroe,38.277983,-90.179078,county_centroid,1,13,30.2,28.3,29.1,DFO,EIA-860 2024 public county summary
county,IL,Montgomery,39.228068,-89.478141,county_centroid,3,2,46.2,46.2,46.2,SUN,EIA-860 2024 public county summary
county,IL,Morgan,39.717657,-90.204993,county_centroid,6,6,178,178,178,SUN,EIA-860 2024 public county summary
county,IL,Moultrie,39.636896,-88.625726,county_centroid,1,11,23.7,24.1,24.1,DFO,EIA-860 2024 public county summary
county,IL,Ogle,42.041884,-89.320176,county_centroid,11,25,2493.8,2339.8,2430.5,SUN,EIA-860 2024 public county summary
county,IL,Peoria,40.785972,-89.766993,county_centroid,6,4,24,21,23.8,SUN,EIA-860 2024 public county summary
county,IL,Perry,38.084381,-89.368525,county_centroid,3,10,529,465,509,SUN,EIA-860 2024 public county summary
county,IL,Piatt,40.009033,-88.592355,county_centroid,2,6,684,438,552,NG,EIA-860 2024 public county summary
county,IL,Pike,39.625106,-90.889034,county_centroid,4,2,25.7,21.8,23.7,DFO,EIA-860 2024 public county summary
county,IL,Pulaski,37.215615,-89.127755,county_centroid,1,0,0,0,0,,EIA-860 2024 public county summary
county,IL,Putnam,41.198961,-89.298347,county_centroid,3,2,4,4,4,SUN,EIA-860 2024 public county summary
county,IL,Randolph,38.056515,-89.82121,county_centroid,5,12,1349,1245.7,1273.8,SUN,EIA-860 2024 public county summary
county,IL,Richland,38.712187,-88.085452,county_centroid,1,1,2,2,1.6,SUN,EIA-860 2024 public county summary
county,IL,Rock Island,41.468421,-90.572125,county_centroid,3,13,2705.4,2403.4,2551,NG,EIA-860 2024 public county summary
county,IL,STARK,41.096908,-89.797411,county_centroid,1,1,150,150,150,WND,EIA-860 2024 public county summary
county,IL,Saline,37.751508,-88.545024,county_centroid,1,0,0,0,0,,EIA-860 2024 public county summary
county,IL,Sangamon,39.756886,-89.662435,county_centroid,9,9,1313,1240.5,1268.1,DFO,EIA-860 2024 public county summary
county,IL,Scott,39.637002,-90.477771,county_centroid,1,6,173,164.3,180.8,NG,EIA-860 2024 public county summary
county,IL,Shelby,39.384917,-88.798865,county_centroid,3,11,1185.1,938.2,1035.9,NG,EIA-860 2024 public county summary
county,IL,St Clair,,,county_centroid,9,20,1799.9,1663.9,1663.2,SUN,EIA-860 2024 public county summary
county,IL,Stephenson,42.349726,-89.665994,county_centroid,25,22,246.3,244.5,244.1,SUN,EIA-860 2024 public county summary
county,IL,Tazewell,40.508074,-89.51626,county_centroid,6,7,1890.5,1642.9,1642.9,SUB,EIA-860 2024 public county summary
county,IL,Vermilion,40.186754,-87.726778,county_centroid,9,10,510.6,487.6,505.6,SUN,EIA-860 2024 public county summary
county,IL,Warren,40.850441,-90.620223,county_centroid,1,1,35,35,35,SUN,EIA-860 2024 public county summary
county,IL,Washington,38.35314,-89.417187,county_centroid,1,0,0,0,0,,EIA-860 2024 public county summary
county,IL,White,38.087326,-88.178623,county_centroid,4,9,312.4,312,312,SUN,EIA-860 2024 public county summary
county,IL,Whiteside,41.750673,-89.911005,county_centroid,18,24,47.2,47,47,SUN,EIA-860 2024 public county summary
county,IL,Will,41.448474,-87.978456,county_centroid,35,64,7681.9,6707.9,7227.9,SUN,EIA-860 2024 public county summary
county,IL,Williamson,37.730353,-88.930018,county_centroid,8,10,258.3,269,308.2,SUN,EIA-860 2024 public county summary
county,IL,Winnebago,42.337396,-89.161205,county_centroid,21,19,512.4,571.1,589.9,SUN,EIA-860 2024 public county summary
county,IL,Woodford,40.789787,-89.210587,county_centroid,3,1,200,192.3,192.3,WND,EIA-860 2024 public county summary
county,IN,Adams,40.74573,-84.936134,county_centroid,1,1,2,2.2,2.2,NG,EIA-860 2024 public county summary
county,IN,Benton,40.600939,-87.314786,county_centroid,6,9,1175.2,1175.2,1175.2,WND,EIA-860 2024 public county summary
county,IN,Blackford,40.472672,-85.32373,county_centroid,3,0,0,0,0,,EIA-860 2024 public county summary
county,IN,Carroll,40.58498,-86.565141,county_centroid,1,3,11.8,6,6,WAT,EIA-860 2024 public county summary
county,IN,Cass,40.753799,-86.355168,county_centroid,3,5,19.2,19.2,19.2,SUN,EIA-860 2024 public county summary
county,IN,Clark,38.476217,-85.711122,county_centroid,4,2,6.1,6.1,6.1,SUN,EIA-860 2024 public county summary
county,IN,Clay,39.393928,-87.115858,county_centroid,2,2,9.2,9.2,9.2,SUN,EIA-860 2024 public county summary
county,IN,Clinton,40.305944,-86.477567,county_centroid,1,1,195,195,195,SUN,EIA-860 2024 public county summary
county,IN,Daviess,38.69609,-87.076943,county_centroid,2,2,13.9,13.9,13.1,SUN,EIA-860 2024 public county summary
county,IN,DeKalb,41.39676,-85.002697,county_centroid,2,1,1,1,1,SUN,EIA-860 2024 public county summary
county,IN,Dearborn,39.140897,-84.975868,county_centroid,2,6,1232,1190,1288,NG,EIA-860 2024 public county summary
county,IN,Decatur,39.30598,-85.499831,county_centroid,1,1,1.1,1.1,1.1,SUN,EIA-860 2024 public county summary
county,IN,Dekalb,41.39676,-85.002697,county_centroid,1,1,11,11,11,SUN,EIA-860 2024 public county summary
county,IN,Dubois,38.373344,-86.873385,county_centroid,2,1,2,2,1.6,SUN,EIA-860 2024 public county summary
county,IN,Elkhart,41.600693,-85.863986,county_centroid,5,14,14,12,12.7,LFG,EIA-860 2024 public county summary
county,IN,Fayette,39.639654,-85.185034,county_centroid,1,0,0,0,0,,EIA-860 2024 public county summary
county,IN,Floyd,38.318081,-85.911847,county_centroid,1,0,0,0,0,,EIA-860 2024 public county summary
county,IN,Fountain,40.121237,-87.234872,county_centroid,2,0,0,0,0,,EIA-860 2024 public county summary
county,IN,Gibson,38.317398,-87.580523,county_centroid,3,5,3339.5,3132,3157,BIT,EIA-860 2024 public county summary
county,IN,Grant,40.515758,-85.654946,county_centroid,4,3,6.8,6.8,5.9,SUN,EIA-860 2024 public county summary
county,IN,Greene,39.047147,-87.004771,county_centroid,4,6,248.5,176,198.9,SUN,EIA-860 2024 public county summary
county,IN,Hamilton,40.053513,-86.021709,county_centroid,2,7,284.5,264.8,310.8,NG,EIA-860 2024 public county summary
county,IN,Hancock,39.822529,-85.77315,county_centroid,1,1,2.8,2.8,2.2,SUN,EIA-860 2024 public county summary
county,IN,Harrison,38.186454,-86.103766,county_centroid,1,1,1.1,1.1,1.1,SUN,EIA-860 2024 public county summary
county,IN,Hendricks,39.768963,-86.509908,county_centroid,3,21,24.1,24.1,24.1,SUN,EIA-860 2024 public county summary
county,IN,Henry,39.929591,-85.397363,county_centroid,5,7,337.9,282.4,290.4,SUN,EIA-860 2024 public county summary
county,IN,Howard,40.483537,-86.114118,county_centroid,1,1,5.4,5.4,5.4,SUN,EIA-860 2024 public county summary
county,IN,Jackson,38.911957,-86.042516,county_centroid,1,1,1.1,1.1,1.1,SUN,EIA-860 2024 public county summary
county,IN,Jasper,41.017688,-87.118814,county_centroid,9,10,1378.3,1149.4,1148.5,NG,EIA-860 2024 public county summary
county,IN,Jay,40.434956,-85.002331,county_centroid,6,7,256.4,256.4,256.4,WND,EIA-860 2024 public county summary
county,IN,Jefferson,38.783604,-85.44009,county_centroid,1,6,1303.8,1173,1198.2,BIT,EIA-860 2024 public county summary
county,IN,Johnson,39.496092,-86.094264,county_centroid,4,4,10.1,10.1,10.1,MWH,EIA-860 2024 public county summary
county,IN,Knox,38.688381,-87.420358,county_centroid,3,7,1313.1,997,1086,SGC,EIA-860 2024 public county summary
county,IN,LaPorte,41.549013,-86.744739,county_centroid,2,9,546.4,461.4,461.4,NG,EIA-860 2024 public county summary
county,IN,Lake,41.472247,-87.374337,county_centroid,16,19,1159.7,1033.9,1072.9,SUN,EIA-860 2024 public county summary
county,IN,Lawrence,38.839815,-86.48782,county_centroid,2,7,403.1,237.6,261.6,NG,EIA-860 2024 public county summary
county,IN,Madison,40.166203,-85.722454,county_centroid,10,12,214.7,186,211.5,SUN,EIA-860 2024 public county summary
county,IN,Marion,39.782976,-86.135794,county_centroid,23,38,1514.4,1388.1,1444.4,SUN,EIA-860 2024 public county summary
county,IN,Marshall,41.325003,-86.269036,county_centroid,2,5,14.4,13.9,12.5,SUN,EIA-860 2024 public county summary
county,IN,Martin,38.705322,-86.801847,county_centroid,2,2,22,22,22,MWH,EIA-860 2024 public county summary
county,IN,Miami,40.772883,-86.044258,county_centroid,4,4,17.2,17.2,14.1,SUN,EIA-860 2024 public county summary
county,IN,Monroe,39.160729,-86.52331,county_centroid,1,1,1.1,1.1,1.1,SUN,EIA-860 2024 public county summary
county,IN,Montgomery,40.040296,-86.892715,county_centroid,6,5,27.8,27.8,22.2,SUN,EIA-860 2024 public county summary
county,IN,Morgan,39.482646,-86.447457,county_centroid,1,3,644,673,723,NG,EIA-860 2024 public county summary
county,IN,NOT IN FILE,,,county_centroid,1,0,0,0,0,,EIA-860 2024 public county summary
county,IN,Perry,38.081436,-86.62654,county_centroid,2,2,4.3,4.3,3.4,SUN,EIA-860 2024 public county summary
county,IN,Pike,38.397961,-87.232547,county_centroid,7,7,1353.1,1068.4,1085.9,DFO,EIA-860 2024 public county summary
county,IN,Porter,41.509914,-87.071313,county_centroid,5,7,239.7,230.2,238.2,SUN,EIA-860 2024 public county summary
county,IN,Posey,38.027614,-87.868653,county_centroid,4,3,284.4,238.6,272.5,NG,EIA-860 2024 public county summary
county,IN,Pulaski,41.045272,-86.692538,county_centroid,5,0,0,0,0,,EIA-860 2024 public county summary
county,IN,Randolph,40.164079,-85.00579,county_centroid,6,4,700,700,700,WND,EIA-860 2024 public county summary
county,IN,Scott,38.679431,-85.751898,county_centroid,1,1,7.1,7.1,5.7,SUN,EIA-860 2024 public county summary
county,IN,Shelby,39.524135,-85.792174,county_centroid,2,1,6.1,5.5,6.1,NG,EIA-860 2024 public county summary
county,IN,Spencer,38.009697,-87.010375,county_centroid,3,4,2651.5,2651.5,2649.5,SUN,EIA-860 2024 public county summary
county,IN,St Joseph,,,county_centroid,11,37,1012,946,990,SUN,EIA-860 2024 public county summary
county,IN,Starke,41.284478,-86.644636,county_centroid,2,1,400,400,400,SUN,EIA-860 2024 public county summary
county,IN,Sullivan,39.089225,-87.415843,county_centroid,4,7,1098.4,995.2,1007.2,BIT,EIA-860 2024 public county summary
county,IN,Switzerland,38.825854,-85.029681,county_centroid,1,3,77.7,53.7,53.7,WAT,EIA-860 2024 public county summary
county,IN,Tippecanoe,40.389133,-86.893554,county_centroid,7,15,140.1,132.6,150.1,NG,EIA-860 2024 public county summary
county,IN,Tipton,40.310229,-86.056207,county_centroid,3,2,205.3,205.3,204.2,SUN,EIA-860 2024 public county summary
county,IN,Vanderburgh,38.02007,-87.586166,county_centroid,4,3,5,5,5,SUN,EIA-860 2024 public county summary
county,IN,Vermillion,39.854045,-87.462071,county_centroid,3,15,1876.9,1665,1888,DFO,EIA-860 2024 public county summary
county,IN,Vigo,39.430874,-87.390989,county_centroid,4,5,816.6,696.5,828.1,NG,EIA-860 2024 public county summary
county,IN,Wabash,40.843747,-85.795192,county_centroid,2,1,3.9,3.9,3.9,NG,EIA-860 2024 public county summary
county,IN,Warren,40.352498,-87.375163,county_centroid,1,1,398.6,398.6,398.6,WND,EIA-860 2024 public county summary
county,IN,Warrick,38.097728,-87.272049,county_centroid,4,6,1191.7,954.5,1084,BIT,EIA-860 2024 public county summary
county,IN,Wayne,39.863091,-85.006735,county_centroid,11,13,224.6,215.6,224.1,SUN,EIA-860 2024 public county summary
county,IN,Wells,40.735547,-85.213349,county_centroid,1,4,236,233.1,236,NG,EIA-860 2024 public county summary
county,IN,White,40.75095,-86.864293,county_centroid,16,34,1838.3,1833.4,1833.4,WND,EIA-860 2024 public county summary
county,IN,Whitley,41.136426,-85.501892,county_centroid,2,1,4.3,4.3,3.5,SUN,EIA-860 2024 public county summary
county,KS,Allen,37.884228,-95.300945,county_centroid,2,11,228.6,229.6,229.6,DFO,EIA-860 2024 public county summary
county,KS,Anderson,38.215114,-95.292046,county_centroid,2,8,13.7,11,11,WH,EIA-860 2024 public county summary
county,KS,Barber,37.222906,-98.685052,county_centroid,3,2,94,94,94,WND,EIA-860 2024 public county summary
county,KS,Barton,38.481239,-98.767837,county_centroid,4,10,101,118,118,NG,EIA-860 2024 public county summary
county,KS,Bourbon,37.8561,-94.850928,county_centroid,1,0,0,0,0,,EIA-860 2024 public county summary
county,KS,Butler,37.773649,-96.83884,county_centroid,6,16,223.1,215.6,221.6,NG,EIA-860 2024 public county summary
county,KS,Chautauqua,37.154259,-96.245396,county_centroid,1,1,1,1,1,SUN,EIA-860 2024 public county summary
county,KS,Cherokee,37.169392,-94.845698,county_centroid,1,4,300.2,274,319,NG,EIA-860 2024 public county summary
county,KS,Cheyenne,39.789901,-101.727317,county_centroid,2,5,9.1,9.1,9.1,DFO,EIA-860 2024 public county summary
county,KS,Clark,37.233831,-99.813869,county_centroid,4,8,604.4,603.7,603.7,WND,EIA-860 2024 public county summary
county,KS,Clay,39.344964,-97.168853,county_centroid,1,8,29.9,29.7,29.7,NG,EIA-860 2024 public county summary
county,KS,Cloud,39.487329,-97.64139,county_centroid,2,2,201,201,201,WND,EIA-860 2024 public county summary
county,KS,Coffey,38.23645,-95.729137,county_centroid,5,17,1526.7,1407.1,1485.4,DFO,EIA-860 2024 public county summary
county,KS,Comanche,37.181442,-99.251293,county_centroid,1,1,2,2,2,SUN,EIA-860 2024 public county summary
county,KS,Cowley,37.234507,-96.837247,county_centroid,3,4,40.7,40.1,43,NG,EIA-860 2024 public county summary
county,KS,Crawford,37.505821,-94.853897,county_centroid,4,8,212.8,211.3,211.4,DFO,EIA-860 2024 public county summary
county,KS,Decatur,39.783542,-100.459708,county_centroid,1,2,6,6,6,DFO,EIA-860 2024 public county summary
county,KS,Dickinson,38.867735,-97.157943,county_centroid,3,2,2.6,2.5,2.5,DFO,EIA-860 2024 public county summary
county,KS,Douglas,38.896417,-95.290947,county_centroid,5,20,538.1,507.18,507.28,DFO,EIA-860 2024 public county summary
county,KS,Elk,37.456026,-96.244642,county_centroid,1,1,200,200,200,WND,EIA-860 2024 public county summary
county,KS,Ellis,38.914597,-99.317313,county_centroid,4,15,308,305.9,305.9,WND,EIA-860 2024 public county summary
county,KS,Ellsworth,38.700845,-98.205355,county_centroid,1,1,201,201,201,WND,EIA-860 2024 public county summary
county,KS,Finney,38.049808,-100.739967,county_centroid,4,9,634.6,607.1,612.2,NG,EIA-860 2024 public county summary
county,KS,Ford,37.68851,-99.884743,county_centroid,9,8,1329.8,1329.6,1329.6,WND,EIA-860 2024 public county summary
county,KS,Franklin,38.558019,-95.278962,county_centroid,1,4,19.2,18,18,NG,EIA-860 2024 public county summary
county,KS,Geary,39.002139,-96.7681,county_centroid,1,1,1,1,1,SUN,EIA-860 2024 public county summary
county,KS,Gove,38.917239,-100.48736,county_centroid,1,1,2.7,2.7,2.7,WND,EIA-860 2024 public county summary
county,KS,Graham,39.354972,-99.879894,county_centroid,1,6,6.9,6.2,6.4,DFO,EIA-860 2024 public county summary
county,KS,Grant,37.547537,-101.299362,county_centroid,1,12,120,106.4,106.4,NG,EIA-860 2024 public county summary
county,KS,Gray,37.744513,-100.451716,county_centroid,4,4,507.7,507.7,507.7,WND,EIA-860 2024 public county summary
county,KS,Harper,37.188184,-98.06659,county_centroid,2,3,11.1,11.1,11.1,NG,EIA-860 2024 public county summary
county,KS,Harvey,38.050144,-97.436706,county_centroid,1,1,1,1,1,SUN,EIA-860 2024 public county summary
county,KS,Haskell,37.554979,-100.879952,county_centroid,1,1,249.8,249.8,249.8,WND,EIA-860 2024 public county summary
county,KS,Hodgeman,38.087493,-99.898407,county_centroid,1,1,2.5,2.5,2.5,DFO,EIA-860 2024 public county summary
county,KS,Jackson,39.411096,-95.794492,county_centroid,1,8,21.5,19.4,20.9,DFO,EIA-860 2024 public county summary
county,KS,Jefferson,39.239644,-95.375314,county_centroid,1,1,1,1,1,SUN,EIA-860 2024 public county summary
county,KS,Johnson,38.883907,-94.82233,county_centroid,2,6,447.2,339.8,416.4,NG,EIA-860 2024 public county summary
county,KS,Kingman,37.552951,-98.144529,county_centroid,3,8,617.5,616.4,616.6,WND,EIA-860 2024 public county summary
county,KS,Kingsman,,,county_centroid,1,0,0,0,0,,EIA-860 2024 public county summary
county,KS,Kiowa,37.561231,-99.286539,county_centroid,3,3,117.5,117.5,117.5,WND,EIA-860 2024 public county summary
county,KS,Labette,37.191468,-95.297473,county_centroid,2,1,1,1,1,SUN,EIA-860 2024 public county summary
county,KS,Lincoln,39.04728,-98.214284,county_centroid,3,7,258.1,256.9,256.9,WND,EIA-860 2024 public county summary
county,KS,Linn,38.216549,-94.844932,county_centroid,1,2,1598.9,1426.3,1447.89,SUB,EIA-860 2024 public county summary
county,KS,Lyon,38.455403,-96.161641,county_centroid,4,10,932.3,856.1,947.5,SUN,EIA-860 2024 public county summary
county,KS,Marion,38.359647,-97.102771,county_centroid,2,2,499.9,499.9,499.9,WND,EIA-860 2024 public county summary
county,KS,Marshall,39.782709,-96.521243,county_centroid,2,2,374.4,372.6,372.6,WND,EIA-860 2024 public county summary
county,KS,McPherson,38.395812,-97.647489,county_centroid,3,5,331.4,235.5,290,NG,EIA-860 2024 public county summary
county,KS,Meade,37.243886,-100.360094,county_centroid,1,5,8.2,5.7,5.9,NG,EIA-860 2024 public county summary
county,KS,Miami,38.566772,-94.832963,county_centroid,5,8,118.9,93.5,112.6,DFO,EIA-860 2024 public county summary
county,KS,Mitchell,39.393026,-98.207362,county_centroid,2,8,21.3,18.6,18.6,NG,EIA-860 2024 public county summary
county,KS,Montgomery,37.189537,-95.742403,county_centroid,2,6,100.1,97.1,98.3,NG,EIA-860 2024 public county summary
county,KS,Nemaha,39.791043,-96.005381,county_centroid,2,12,321.8,318.7,318.7,DFO,EIA-860 2024 public county summary
county,KS,Neosho,37.564283,-95.315682,county_centroid,8,22,425.1,397.4,407.4,NG,EIA-860 2024 public county summary
county,KS,Ness,38.480437,-99.908745,county_centroid,1,1,198.6,198.6,198.6,WND,EIA-860 2024 public county summary
county,KS,Osage,38.650215,-95.708255,county_centroid,3,12,16.9,15.5,15.7,NG,EIA-860 2024 public county summary
county,KS,Osborne,39.348261,-98.767942,county_centroid,1,6,7.1,4.6,5.1,DFO,EIA-860 2024 public county summary
county,KS,Ottawa,39.137963,-97.654802,county_centroid,1,5,9.1,8,8,NG,EIA-860 2024 public county summary
county,KS,Pawnee,38.181477,-99.234772,county_centroid,2,6,16.4,16,16,DFO,EIA-860 2024 public county summary
county,KS,Phillips,39.784506,-99.34215,county_centroid,1,1,1.7,0.7,0.7,NG,EIA-860 2024 public county summary
county,KS,Pottawatomie,39.382187,-96.337113,county_centroid,4,13,2176.2,2195,2195,SUB,EIA-860 2024 public county summary
county,KS,Pratt,37.647594,-98.74012,county_centroid,7,10,705.1,688.5,688.5,WND,EIA-860 2024 public county summary
county,KS,Reno,37.948185,-98.078346,county_centroid,4,7,347.3,241.3,293.2,SUN,EIA-860 2024 public county summary
county,KS,Republic,39.828906,-97.650883,county_centroid,2,6,657.7,618.3,618.3,NG,EIA-860 2024 public county summary
county,KS,Rice,38.347178,-98.201415,county_centroid,2,8,23.8,20.2,21.8,NG,EIA-860 2024 public county summary
county,KS,Riley,39.29121,-96.727488,county_centroid,3,1,1.3,1.3,1.3,SUN,EIA-860 2024 public county summary
county,KS,Rooks,39.346006,-99.324492,county_centroid,1,5,8.6,7.3,7.3,NG,EIA-860 2024 public county summary
county,KS,Rush,38.523596,-99.309184,county_centroid,2,6,58.2,58.2,58.2,WND,EIA-860 2024 public county summary
county,KS,Russell,38.91604,-98.770949,county_centroid,3,7,30.7,26.4,30.2,NG,EIA-860 2024 public county summary
county,KS,Sedgwick,37.681045,-97.461054,county_centroid,6,9,389.2,313.7,358.3,SUN,EIA-860 2024 public county summary
county,KS,Seward,37.18096,-100.855257,county_centroid,2,3,68,70.3,70.3,NG,EIA-860 2024 public county summary
county,KS,Shawnee,39.041805,-95.755664,county_centroid,4,9,8.2,8.2,8.2,SUN,EIA-860 2024 public county summary
county,KS,Sherman,39.351352,-101.719859,county_centroid,1,8,18.7,16.1,17.7,NG,EIA-860 2024 public county summary
county,KS,Stafford,38.03563,-98.719889,county_centroid,2,8,11.7,11.7,11.7,DFO,EIA-860 2024 public county summary
county,KS,Stanton,37.565932,-101.789383,county_centroid,2,3,26,26,26,DFO,EIA-860 2024 public county summary
county,KS,Stevens,37.2017,-101.317268,county_centroid,2,7,19.2,17.3,17.3,DFO,EIA-860 2024 public county summary
county,KS,Sumner,37.236662,-97.493352,county_centroid,7,8,199.1,199.3,199.3,DFO,EIA-860 2024 public county summary
county,KS,Thomas,39.357713,-101.083386,county_centroid,5,11,509.1,503,503,WND,EIA-860 2024 public county summary
county,KS,Wallace,38.926626,-101.771103,county_centroid,1,4,3,3,3,NG,EIA-860 2024 public county summary
county,KS,Washington,39.776714,-97.095611,county_centroid,2,9,98.9,88.8,89.1,NG,EIA-860 2024 public county summary
county,KS,Wichita,38.481922,-101.347434,county_centroid,1,1,99,99,99,WND,EIA-860 2024 public county summary
county,KS,Wilson,37.558515,-95.745175,county_centroid,4,4,6,6,6,SUN,EIA-860 2024 public county summary
county,KS,Wyandotte,39.115384,-94.763087,county_centroid,4,10,914.4,707.3,707.3,SUN,EIA-860 2024 public county summary
county,KY,,,,county_centroid,1,0,0,0,0,,EIA-860 2024 public county summary
county,KY,Allen,36.75077,-86.192458,county_centroid,1,0,0,0,0,,EIA-860 2024 public county summary
county,KY,Barren,36.962805,-85.932108,county_centroid,1,1,1,0.9,0.9,LFG,EIA-860 2024 public county summary
county,KY,Bell,36.728928,-83.680718,county_centroid,1,0,0,0,0,,EIA-860 2024 public county summary
county,KY,Boone,38.9589,-84.736371,county_centroid,4,8,779.9,607.6,607.3,SUN,EIA-860 2024 public county summary
county,KY,Bourbon,38.202562,-84.20986,county_centroid,1,6,10.6,10.8,10.8,DFO,EIA-860 2024 public county summary
county,KY,Bracken,38.680365,-84.115235,county_centroid,1,3,105,105,105,WAT,EIA-860 2024 public county summary
county,KY,Breckinridge,37.777988,-86.432919,county_centroid,2,0,0,0,0,,EIA-860 2024 public county summary
county,KY,Carroll,38.668394,-85.124024,county_centroid,1,4,2225.9,1919,1919,BIT,EIA-860 2024 public county summary
county,KY,Clark,37.970314,-84.145115,county_centroid,3,10,1063.5,792.5,997.5,SUN,EIA-860 2024 public county summary
county,KY,Estill,37.692449,-83.963983,county_centroid,3,6,4.1,3.7,3.7,LFG,EIA-860 2024 public county summary
county,KY,Fayette,38.040678,-84.458272,county_centroid,1,2,41.4,24,28,NG,EIA-860 2024 public county summary
county,KY,Fleming,38.367848,-83.699205,county_centroid,1,0,0,0,0,,EIA-860 2024 public county summary
county,KY,Garrard,37.630162,-84.545856,county_centroid,1,1,50,50,50,SUN,EIA-860 2024 public county summary
county,KY,Grant,38.649167,-84.625924,county_centroid,1,1,2.7,2.7,2.7,SUN,EIA-860 2024 public county summary
county,KY,Greenup,38.563562,-82.93382,county_centroid,2,3,2.4,2.4,2.4,LFG,EIA-860 2024 public county summary
county,KY,Hancock,37.843325,-86.792761,county_centroid,3,4,175.9,136.9,147.9,WAT,EIA-860 2024 public county summary
county,KY,Hardin,37.695836,-85.963183,county_centroid,1,3,2.4,2.4,2.4,LFG,EIA-860 2024 public county summary
county,KY,Harrison,38.444578,-84.334131,county_centroid,2,0,0,0,0,,EIA-860 2024 public county summary
county,KY,Hart,37.305827,-85.878443,county_centroid,1,0,0,0,0,,EIA-860 2024 public county summary
county,KY,Henderson,37.792542,-87.572577,county_centroid,2,0,0,0,0,,EIA-860 2024 public county summary
county,KY,Hopkins,37.31107,-87.542196,county_centroid,1,0,0,0,0,,EIA-860 2024 public county summary
county,KY,Jefferson,38.189532,-85.657624,county_centroid,6,16,2488.9,2126.8,2171.8,NG,EIA-860 2024 public county summary
county,KY,Kenton,38.930503,-84.533438,county_centroid,3,3,5.3,5.3,5.3,SUN,EIA-860 2024 public county summary
county,KY,Laurel,37.113268,-84.119395,county_centroid,2,1,70,61,61,WAT,EIA-860 2024 public county summary
county,KY,Lawrence,38.074453,-82.73829,county_centroid,2,6,1430.5,1085,1210,NG,EIA-860 2024 public county summary
county,KY,Lee,37.608116,-83.719248,county_centroid,2,0,0,0,0,,EIA-860 2024 public county summary
county,KY,Livingston,37.209517,-88.363426,county_centroid,1,3,75.9,75.9,75.9,WAT,EIA-860 2024 public county summary
county,KY,Logan,36.859607,-86.881288,county_centroid,1,1,173,173,173,SUN,EIA-860 2024 public county summary
county,KY,Lyon,37.023976,-88.083391,county_centroid,2,4,130,148,148,WAT,EIA-860 2024 public county summary
county,KY,Madison,37.725511,-84.278362,county_centroid,1,0,0,0,0,,EIA-860 2024 public county summary
county,KY,Marshall,36.882017,-88.332752,county_centroid,3,14,933.3,827.1,954,NG,EIA-860 2024 public county summary
county,KY,Martin,37.796774,-82.506623,county_centroid,1,1,111,111,111,SUN,EIA-860 2024 public county summary
county,KY,Mason,38.594137,-83.828125,county_centroid,2,4,1608.5,1346,1346,BIT,EIA-860 2024 public county summary
county,KY,McCracken,37.054111,-88.712454,county_centroid,4,11,1695,1316,1366,NG,EIA-860 2024 public county summary
county,KY,Meade,37.967476,-86.200863,county_centroid,1,0,0,0,0,,EIA-860 2024 public county summary
county,KY,Mercer,37.812085,-84.879695,county_centroid,3,15,1487.9,1361.8,1463.8,WAT,EIA-860 2024 public county summary
county,KY,Metcalfe,36.99243,-85.633456,county_centroid,1,1,55,55,55,SUN,EIA-860 2024 public county summary
county,KY,Muhlenberg,37.213816,-87.134092,county_centroid,2,7,1853.6,1763,1853,NG,EIA-860 2024 public county summary
county,KY,Ohio,37.477859,-86.844871,county_centroid,1,1,509.4,417,417,BIT,EIA-860 2024 public county summary
county,KY,Oldham,38.400127,-85.45615,county_centroid,1,3,624,501,567,NG,EIA-860 2024 public county summary
county,KY,Pendleton,38.696284,-84.351943,county_centroid,1,4,3.2,3.2,3.2,LFG,EIA-860 2024 public county summary
county,KY,Perry,37.241282,-83.217772,county_centroid,2,0,0,0,0,,EIA-860 2024 public county summary
county,KY,Pulaski,37.107428,-84.576969,county_centroid,1,2,344,341,341,BIT,EIA-860 2024 public county summary
county,KY,Rowan,38.204266,-83.428079,county_centroid,1,1,1.4,1.4,1.4,LFG,EIA-860 2024 public county summary
county,KY,Russell,36.990587,-85.05495,county_centroid,1,6,270,300,300,WAT,EIA-860 2024 public county summary
county,KY,Scott,38.28571,-84.57834,county_centroid,1,2,2,2,2,LFG,EIA-860 2024 public county summary
county,KY,Shelby,38.239011,-85.228247,county_centroid,1,1,2.1,1.7,1.7,SUN,EIA-860 2024 public county summary
county,KY,Simpson,36.740929,-86.581787,county_centroid,3,2,6,6,6,SUN,EIA-860 2024 public county summary
county,KY,Taylor,37.36621,-85.328059,county_centroid,1,2,5,3.3,3.4,WDS,EIA-860 2024 public county summary
county,KY,Trimble,38.62004,-85.351208,county_centroid,1,8,2594.1,2179,2327,NG,EIA-860 2024 public county summary
county,KY,Washington,37.754209,-85.175416,county_centroid,1,0,0,0,0,,EIA-860 2024 public county summary
county,KY,Webster,37.520375,-87.685206,county_centroid,3,3,684.8,512,519,NG,EIA-860 2024 public county summary
county,KY,Woodford,38.043103,-84.748855,county_centroid,1,0,0,0,0,,EIA-860 2024 public county summary
county,LA,Acadia,30.291497,-92.411037,county_centroid,5,13,1818.1,1366.8,907.7,NG,EIA-860 2024 public county summary
county,LA,Allen,30.652744,-92.819605,county_centroid,1,1,142.8,125,125,SUN,EIA-860 2024 public county summary
county,LA,Ascension,30.206444,-90.912502,county_centroid,3,6,248,221.6,235.8,NG,EIA-860 2024 public county summary
county,LA,Beauregard,30.645018,-93.340253,county_centroid,1,1,61.5,61.5,61.5,BLQ,EIA-860 2024 public county summary
county,LA,Bienville,32.340952,-93.041151,county_centroid,1,0,0,0,0,,EIA-860 2024 public county summary
county,LA,Bolivar,,,county_centroid,1,0,0,0,0,,EIA-860 2024 public county summary
county,LA,Caddo,32.580106,-93.88497,county_centroid,4,6,977,829,852,NG,EIA-860 2024 public county summary
county,LA,Calcasieu,30.229559,-93.358015,county_centroid,12,34,4015.6,3429.2,3578.1,NG,EIA-860 2024 public county summary
county,LA,Concordia,31.469805,-91.626315,county_centroid,1,8,192,192,192,WAT,EIA-860 2024 public county summary
county,LA,DeSoto,,,county_centroid,3,4,172,117.3,128.5,BLQ,EIA-860 2024 public county summary
county,LA,East Baton Rouge,30.54393,-91.093131,county_centroid,5,14,831.6,689.3,722.4,NG,EIA-860 2024 public county summary
county,LA,Evangeline,30.720693,-92.404086,county_centroid,1,5,922.8,733.6,0,NG,EIA-860 2024 public county summary
county,LA,Franklin,32.139076,-91.672371,county_centroid,1,0,0,0,0,,EIA-860 2024 public county summary
county,LA,Iberia,29.606013,-91.842706,county_centroid,1,1,1,1,1,AB,EIA-860 2024 public county summary
county,LA,Iberville,30.270658,-91.36587,county_centroid,9,16,1959.8,1648.4,1853.4,NG,EIA-860 2024 public county summary
county,LA,Jackson,32.30429,-92.5617,county_centroid,1,3,66.4,66.4,66.4,BLQ,EIA-860 2024 public county summary
county,LA,Jefferson,29.5033,-90.036231,county_centroid,2,8,2448.7,2384.2,2497.1,NG,EIA-860 2024 public county summary
county,LA,Lafayette,30.206507,-92.06417,county_centroid,4,4,201.6,190.6,187.9,NG,EIA-860 2024 public county summary
county,LA,Lafourche,29.491992,-90.394849,county_centroid,2,0,0,0,0,,EIA-860 2024 public county summary
county,LA,Lincoln,32.601823,-92.662303,county_centroid,1,1,7.5,6.4,7.4,NG,EIA-860 2024 public county summary
county,LA,Morehouse,32.820008,-91.800399,county_centroid,2,0,0,0,0,,EIA-860 2024 public county summary
county,LA,Morehouse Parish,32.820008,-91.800399,county_centroid,1,1,98.1,98.1,98.1,SUN,EIA-860 2024 public county summary
county,LA,Natchitoches,31.732509,-93.082546,county_centroid,1,1,78.8,55,62,BLQ,EIA-860 2024 public county summary
county,LA,Orleans,30.05342,-89.934502,county_centroid,8,11,156.1,156.1,156.1,SUN,EIA-860 2024 public county summary
county,LA,Ouachita,32.480932,-92.151581,county_centroid,6,14,1871.5,1570,1786.3,NG,EIA-860 2024 public county summary
county,LA,Plaquemines,29.282447,-89.576068,county_centroid,2,5,23.5,22.2,23.5,NG,EIA-860 2024 public county summary
county,LA,Pointe Coupee,30.708319,-91.604621,county_centroid,5,14,2705.1,2345.5,2405.1,NG,EIA-860 2024 public county summary
county,LA,Rapides,31.193204,-92.535953,county_centroid,3,10,1772.4,1582.6,1603.2,NG,EIA-860 2024 public county summary
county,LA,Red River,32.101213,-93.34905,county_centroid,1,1,20.8,20.5,20.8,WH,EIA-860 2024 public county summary
county,LA,Richland,32.413158,-91.748353,county_centroid,4,1,200,200,200,SUN,EIA-860 2024 public county summary
county,LA,St Bernard,,,county_centroid,4,6,65.7,55.4,54.2,WH,EIA-860 2024 public county summary
county,LA,St Charles,,,county_centroid,6,16,4907,4434.4,4624.7,NG,EIA-860 2024 public county summary
county,LA,St James,,,county_centroid,5,11,138,127.3,132.2,NG,EIA-860 2024 public county summary
county,LA,St Landry,,,county_centroid,2,1,135,135,135,SUN,EIA-860 2024 public county summary
county,LA,St Mary,,,county_centroid,8,6,202.7,169,172.4,WH,EIA-860 2024 public county summary
county,LA,Tangipahoa,30.621348,-90.40649,county_centroid,1,0,0,0,0,,EIA-860 2024 public county summary
county,LA,Terrebonne,29.33413,-90.843674,county_centroid,1,3,78.9,67.5,67.5,NG,EIA-860 2024 public county summary
county,LA,Vermilion,29.806638,-92.321394,county_centroid,1,0,0,0,0,,EIA-860 2024 public county summary
county,LA,Washington,30.852144,-90.046253,county_centroid,4,7,599.1,557.3,608.8,SUN,EIA-860 2024 public county summary
county,LA,West Baton Rouge,30.464052,-91.309808,county_centroid,2,3,57.6,57,57,SUN,EIA-860 2024 public county summary
county,LA,West Feliciana,30.873364,-91.421776,county_centroid,2,2,1048.4,991.5,1007.3,NUC,EIA-860 2024 public county summary
county,MA,Barnstable,41.706123,-70.164823,county_centroid,22,32,1585.4,1539.2,1586.7,SUN,EIA-860 2024 public county summary
county,MA,Berkshire,42.371493,-73.217928,county_centroid,41,52,1016.1,994.7,1019.3,SUN,EIA-860 2024 public county summary
county,MA,Bristol,41.748588,-71.088894,county_centroid,70,82,586.1,520.8,557.4,SUN,EIA-860 2024 public county summary
county,MA,Dukes,41.38097,-70.701499,county_centroid,7,8,16.6,17.1,17.1,SUN,EIA-860 2024 public county summary
county,MA,Essex,42.642708,-70.864909,county_centroid,34,53,1173,989.2,1047.7,SUN,EIA-860 2024 public county summary
county,MA,Franklin,42.584504,-72.591792,county_centroid,33,58,1334,1338.03,1337.23,SUN,EIA-860 2024 public county summary
county,MA,Hampden,42.136198,-72.635648,county_centroid,82,125,1407.2,1233.9,1386.8,SUN,EIA-860 2024 public county summary
county,MA,Hampshire,42.339459,-72.663694,county_centroid,37,56,147.7,143.1,138.2,SUN,EIA-860 2024 public county summary
county,MA,Middlesex,42.481718,-71.394916,county_centroid,60,81,463.8,439.2,451.3,SUN,EIA-860 2024 public county summary
county,MA,Nantucket,41.293392,-70.102164,county_centroid,1,3,22.4,20.5,22.4,DFO,EIA-860 2024 public county summary
county,MA,Norfolk,42.171738,-71.18111,county_centroid,38,59,2489.6,2064.23,2368.97,SUN,EIA-860 2024 public county summary
county,MA,Plymouth,41.987196,-70.741942,county_centroid,79,84,313.7,295.8,295.8,SUN,EIA-860 2024 public county summary
county,MA,Suffolk,42.338551,-71.018253,county_centroid,12,48,268.9,229.1,269.1,DFO,EIA-860 2024 public county summary
county,MA,Worcester,42.311693,-71.940282,county_centroid,184,230,1933.2,1680.5,1800.7,SUN,EIA-860 2024 public county summary
county,MD,,,,county_centroid,2,0,0,0,0,,EIA-860 2024 public county summary
county,MD,Allegany,39.612313,-78.703104,county_centroid,4,1,19.8,19.8,19.8,SUN,EIA-860 2024 public county summary
county,MD,Anne Arundel,38.991617,-76.560894,county_centroid,12,15,2318.2,2137.4,2137.1,SUN,EIA-860 2024 public county summary
county,MD,Baltimore,39.443167,-76.616569,county_centroid,21,20,30.7,31.9,31.2,SUN,EIA-860 2024 public county summary
county,MD,Baltimore City,39.300032,-76.610476,county_centroid,12,18,177.4,150.7,155.4,SUN,EIA-860 2024 public county summary
county,MD,Calvert,38.522719,-76.529762,county_centroid,1,2,1850.4,1745.2,1810,NUC,EIA-860 2024 public county summary
county,MD,Caroline,38.871531,-75.831662,county_centroid,2,2,2,2,2,MWH,EIA-860 2024 public county summary
county,MD,Carroll,39.563328,-77.01533,county_centroid,4,3,16.2,16.2,16.2,SUN,EIA-860 2024 public county summary
county,MD,Cecil,39.562354,-75.941585,county_centroid,9,12,1917.9,1666.6,1764.9,SUN,EIA-860 2024 public county summary
county,MD,Charles,38.472853,-77.015427,county_centroid,5,8,948.6,883.6,932.8,SUN,EIA-860 2024 public county summary
county,MD,Dorchester,38.429196,-76.047433,county_centroid,7,6,207.3,194,194,SUN,EIA-860 2024 public county summary
county,MD,Frederick,39.470177,-77.397636,county_centroid,9,8,51.7,51.7,48.6,SUN,EIA-860 2024 public county summary
county,MD,GARRETT,39.547299,-79.274619,county_centroid,1,1,70,70,70,WND,EIA-860 2024 public county summary
county,MD,Garrett,39.547299,-79.274619,county_centroid,14,11,149.2,147.2,145.2,SUN,EIA-860 2024 public county summary
county,MD,Harford,39.537429,-76.299789,county_centroid,18,32,1087.2,963.1,1132,SUN,EIA-860 2024 public county summary
county,MD,Howard,39.252264,-76.924406,county_centroid,25,23,41.1,41.1,40.6,SUN,EIA-860 2024 public county summary
county,MD,Kent,39.241279,-76.125987,county_centroid,6,5,11.5,11.5,11.5,SUN,EIA-860 2024 public county summary
county,MD,Montgomery,39.137381,-77.203063,county_centroid,16,31,500.4,459.1,498.1,SUN,EIA-860 2024 public county summary
county,MD,Prince Georges,,,county_centroid,35,51,3121.9,2763.4,2922.1,SUN,EIA-860 2024 public county summary
county,MD,Prince Geroges,,,county_centroid,1,1,3,3,3,SUN,EIA-860 2024 public county summary
county,MD,Queen Annes,,,county_centroid,8,7,102.8,102.8,102.4,SUN,EIA-860 2024 public county summary
county,MD,Somerset,38.07445,-75.853323,county_centroid,6,13,98.7,96.3,94.5,DFO,EIA-860 2024 public county summary
county,MD,Talbot,38.748349,-76.178476,county_centroid,3,18,71.4,68.4,69.6,DFO,EIA-860 2024 public county summary
county,MD,Washington,39.603621,-77.814671,county_centroid,14,14,62.2,53.7,56.2,SUN,EIA-860 2024 public county summary
county,MD,Wicomico,38.367368,-75.632084,county_centroid,8,22,24,24,24,SUN,EIA-860 2024 public county summary
county,MD,Worcester,38.222133,-75.309931,county_centroid,3,6,15.2,15.2,15.2,SUN,EIA-860 2024 public county summary
county,ME,Androscoggin,44.167681,-70.207435,county_centroid,29,42,191.9,181.2,190.3,SUN,EIA-860 2024 public county summary
county,ME,Aroostook,46.709193,-68.612409,county_centroid,26,26,289.2,285.4,284.1,SUN,EIA-860 2024 public county summary
county,ME,Cumberland,43.808348,-70.330375,county_centroid,22,44,1619.7,1537.27,1620,SUN,EIA-860 2024 public county summary
county,ME,Franklin,44.976724,-70.414935,county_centroid,13,28,495,460.8,495,SUN,EIA-860 2024 public county summary
county,ME,Hancock,44.564906,-68.370703,county_centroid,12,13,377.6,369.2,373.9,SUN,EIA-860 2024 public county summary
county,ME,Kennebec,44.417012,-69.765764,county_centroid,27,35,112,111,110.8,SUN,EIA-860 2024 public county summary
county,ME,Knox,44.042045,-69.038514,county_centroid,5,4,14,14,14,SUN,EIA-860 2024 public county summary
county,ME,Lincoln,43.994781,-69.513624,county_centroid,3,3,12.5,12.5,12.5,SUN,EIA-860 2024 public county summary
county,ME,Oxford,44.4945,-70.734421,county_centroid,20,24,585,546.8,581.6,SUN,EIA-860 2024 public county summary
county,ME,Penobscot,45.409284,-68.666616,county_centroid,34,86,1016.8,928.8,981.3,SUN,EIA-860 2024 public county summary
county,ME,Piscataquis,45.915639,-69.102231,county_centroid,3,3,210.5,210.5,210.3,SUN,EIA-860 2024 public county summary
county,ME,Sagadahoc,43.916845,-69.844227,county_centroid,5,7,24.1,23.5,23.1,SUN,EIA-860 2024 public county summary
county,ME,Somerset,45.503646,-69.95611,county_centroid,35,66,429.2,447.6,446.3,SUN,EIA-860 2024 public county summary
county,ME,WALDO,44.475023,-69.117429,county_centroid,1,2,3.2,2.9,2.9,DFO,EIA-860 2024 public county summary
county,ME,Waldo,44.475023,-69.117429,county_centroid,8,7,143.3,141.8,141.8,SUN,EIA-860 2024 public county summary
county,ME,Washington,44.967009,-67.609354,county_centroid,7,17,188.1,176.2,175.4,SUN,EIA-860 2024 public county summary
county,ME,York,43.426019,-70.668425,county_centroid,19,27,128.8,136.8,136.8,SUN,EIA-860 2024 public county summary
county,MI,Alcona,44.657509,-83.29458,county_centroid,2,3,28,19.1,21,WAT,EIA-860 2024 public county summary
county,MI,Alger,46.521736,-86.657119,county_centroid,1,1,6.2,5.8,5.8,BIT,EIA-860 2024 public county summary
county,MI,Allegan,42.421251,-86.261403,county_centroid,5,10,230.3,204,231.3,NG,EIA-860 2024 public county summary
county,MI,Alpena,44.894954,-83.426574,county_centroid,5,14,54.4,54.4,54.4,WAT,EIA-860 2024 public county summary
county,MI,BAY,43.699711,-83.978701,county_centroid,1,2,3.2,3,3,LFG,EIA-860 2024 public county summary
county,MI,Baraga,46.695859,-88.36181,county_centroid,3,6,80.6,75,75,NG,EIA-860 2024 public county summary
county,MI,Bay,43.699711,-83.978701,county_centroid,5,6,1430.3,1227,1267.3,NG,EIA-860 2024 public county summary
county,MI,Berrien,41.791382,-86.742543,county_centroid,7,33,2311.6,2198.2,2296.8,WAT,EIA-860 2024 public county summary
county,MI,Branch,41.918455,-85.066885,county_centroid,8,6,36.2,36.2,36.2,SUN,EIA-860 2024 public county summary
county,MI,Calhoun,42.24299,-85.012385,county_centroid,14,17,498.6,493.2,495.7,SUN,EIA-860 2024 public county summary
county,MI,Cass,41.917243,-86.000142,county_centroid,2,3,1174.4,1081.5,1097.1,NG,EIA-860 2024 public county summary
county,MI,Charlevoix,45.618554,-85.543684,county_centroid,1,3,3.3,2.8,2.8,DFO,EIA-860 2024 public county summary
county,MI,Cheboygan,45.476022,-84.495431,county_centroid,3,6,24.6,21.8,27.6,WAT,EIA-860 2024 public county summary
county,MI,Chippewa,46.321819,-84.52063,county_centroid,5,86,89.4,71.4,64.7,DFO,EIA-860 2024 public county summary
county,MI,Clare,43.991137,-84.838325,county_centroid,2,1,1.6,1.6,1.6,LFG,EIA-860 2024 public county summary
county,MI,Clinton,42.950455,-84.591695,county_centroid,3,5,23.2,23.2,23.2,SUN,EIA-860 2024 public county summary
county,MI,Crawford,44.680175,-84.611343,county_centroid,1,1,38.6,38.6,38.6,WDS,EIA-860 2024 public county summary
county,MI,Delta,45.805229,-86.901938,county_centroid,6,8,248.1,220.1,225.3,WND,EIA-860 2024 public county summary
county,MI,Dickinson,46.012833,-87.866139,county_centroid,6,13,89.9,92.8,92.8,WAT,EIA-860 2024 public county summary
county,MI,Eaton,42.58953,-84.84645,county_centroid,4,6,287.2,246.8,278.9,SUN,EIA-860 2024 public county summary
county,MI,Emmet,45.590094,-84.986822,county_centroid,1,0,0,0,0,,EIA-860 2024 public county summary
county,MI,Genesee,43.021077,-83.706372,county_centroid,11,19,76.2,71.7,71.7,SUN,EIA-860 2024 public county summary
county,MI,Gladwin,43.98975,-84.389816,county_centroid,1,1,20,20,20,SUN,EIA-860 2024 public county summary
county,MI,Gogebic,46.488054,-89.788314,county_centroid,1,2,1.4,1,1.2,WAT,EIA-860 2024 public county summary
county,MI,Grand Traverse,44.718688,-85.553848,county_centroid,1,1,1,1,1,SUN,EIA-860 2024 public county summary
county,MI,Gratiot,43.292326,-84.60469,county_centroid,11,13,943.6,943.4,943.4,WND,EIA-860 2024 public county summary
county,MI,Hillsdale,41.927461,-84.637479,county_centroid,4,4,163.6,163.6,163.6,SUN,EIA-860 2024 public county summary
county,MI,Houghton,46.998427,-88.651903,county_centroid,1,0,0,0,0,,EIA-860 2024 public county summary
county,MI,Huron,43.907616,-82.857045,county_centroid,19,41,1023.8,1019.3,1022,WND,EIA-860 2024 public county summary
county,MI,Ingham,42.603534,-84.373811,county_centroid,6,15,276,251,278,SUN,EIA-860 2024 public county summary
county,MI,Ionia,42.94465,-85.073766,county_centroid,3,5,8.1,4.5,5.1,DFO,EIA-860 2024 public county summary
county,MI,Iosco,44.386912,-83.380141,county_centroid,4,10,28,21.3,22,WAT,EIA-860 2024 public county summary
county,MI,Iron,46.170254,-88.540526,county_centroid,5,9,27.2,27.2,27.2,WAT,EIA-860 2024 public county summary
county,MI,Isabella,43.645233,-84.839424,county_centroid,4,4,549.6,549,549.7,WND,EIA-860 2024 public county summary
county,MI,Jackson,42.248474,-84.420868,county_centroid,3,11,674,559.4,603.8,SUN,EIA-860 2024 public county summary
county,MI,KENT,43.032497,-85.547446,county_centroid,1,3,4.8,4.5,4.5,LFG,EIA-860 2024 public county summary
county,MI,Kalamazoo,42.246266,-85.532854,county_centroid,6,9,96.2,89.1,95.9,NG,EIA-860 2024 public county summary
county,MI,Kalkaska,44.678881,-85.088992,county_centroid,1,1,60.5,48.3,57.09,NG,EIA-860 2024 public county summary
county,MI,Kent,43.032497,-85.547446,county_centroid,8,10,67.5,61.4,64.1,NG,EIA-860 2024 public county summary
county,MI,Lapeer,43.088633,-83.224325,county_centroid,2,2,48,48,48,SUN,EIA-860 2024 public county summary
county,MI,Leelanau,45.146182,-86.051574,county_centroid,2,2,2.8,2.8,2.8,SUN,EIA-860 2024 public county summary
county,MI,Lenawee,41.896022,-84.074356,county_centroid,5,6,44.4,44.4,44.4,SUN,EIA-860 2024 public county summary
county,MI,Livingston,42.602532,-83.911718,county_centroid,1,5,13.5,14,14,DFO,EIA-860 2024 public county summary
county,MI,Macomb,42.671553,-82.911456,county_centroid,3,23,135.4,122.6,151.6,LFG,EIA-860 2024 public county summary
county,MI,Manistee,44.245268,-86.327537,county_centroid,3,6,109.6,85.5,86.1,WAT,EIA-860 2024 public county summary
county,MI,Marquette,46.656596,-87.584028,county_centroid,9,18,223.5,213.3,213.1,WAT,EIA-860 2024 public county summary
county,MI,Mason,43.957196,-86.442937,county_centroid,4,9,2217.7,2408.6,2439,WND,EIA-860 2024 public county summary
county,MI,Mecosta,43.635295,-85.332751,county_centroid,1,4,6.8,2.4,2.8,WAT,EIA-860 2024 public county summary
county,MI,Menominee,45.535568,-87.501457,county_centroid,4,15,25.1,24.3,24.3,WAT,EIA-860 2024 public county summary
county,MI,Midland,43.648203,-84.379414,county_centroid,1,16,1853.8,1864.6,2044.6,NG,EIA-860 2024 public county summary
county,MI,Missaukee,44.325424,-85.085471,county_centroid,5,5,86,83,83,SUN,EIA-860 2024 public county summary
county,MI,Monroe,41.916097,-83.487106,county_centroid,4,15,4594.1,4292,4356,DFO,EIA-860 2024 public county summary
county,MI,Montcalm,43.312782,-85.149468,county_centroid,6,10,961.7,826.5,957.5,NG,EIA-860 2024 public county summary
county,MI,Muskegon,43.428739,-86.420908,county_centroid,4,5,23.2,23.2,23.2,NG,EIA-860 2024 public county summary
county,MI,Newaygo,43.562712,-85.791372,county_centroid,3,9,46.2,42.7,43.3,WAT,EIA-860 2024 public county summary
county,MI,Oakland,42.660452,-83.38421,county_centroid,4,16,151.8,124.2,155.2,DFO,EIA-860 2024 public county summary
county,MI,Oceana,43.603954,-86.467177,county_centroid,2,3,5.1,5.1,5.1,DFO,EIA-860 2024 public county summary
county,MI,Ontonagon,46.835203,-89.276943,county_centroid,1,2,12,11.8,11.8,WAT,EIA-860 2024 public county summary
county,MI,Osceola,43.997552,-85.322283,county_centroid,2,4,53.1,51.8,63.2,NG,EIA-860 2024 public county summary
county,MI,Oscoda,44.687257,-84.126905,county_centroid,2,3,15,11.4,11.6,SUN,EIA-860 2024 public county summary
county,MI,Otsego,45.021787,-84.576603,county_centroid,4,9,694.1,597.8,681.3,NG,EIA-860 2024 public county summary
county,MI,Ottawa,43.054969,-86.219349,county_centroid,12,35,2725.3,2348.3,2459.6,NG,EIA-860 2024 public county summary
county,MI,Presque Isle,45.252397,-83.432283,county_centroid,1,0,0,0,0,,EIA-860 2024 public county summary
county,MI,Saginaw,43.328267,-84.05541,county_centroid,5,4,9.2,8.2,8.2,SUN,EIA-860 2024 public county summary
county,MI,Sanilac,43.449155,-82.642815,county_centroid,4,8,128.4,127.1,128.3,WND,EIA-860 2024 public county summary
county,MI,Schoolcraft,46.021122,-86.197029,county_centroid,1,2,4.8,4.8,4.8,DFO,EIA-860 2024 public county summary
county,MI,Shiawassee,42.951545,-84.146352,county_centroid,7,11,287,286.6,286.6,SUN,EIA-860 2024 public county summary
county,MI,St Clair,,,county_centroid,11,28,4393,4007.8,4214.8,NG,EIA-860 2024 public county summary
county,MI,St Joseph,,,county_centroid,5,14,26,24,24.8,WAT,EIA-860 2024 public county summary
county,MI,Tuscola,43.487902,-83.436618,county_centroid,7,19,655.9,655.5,655.5,WND,EIA-860 2024 public county summary
county,MI,Van Buren,42.28215,-86.306076,county_centroid,2,7,1987.8,2354.8,2606.4,NG,EIA-860 2024 public county summary
county,MI,Washtenaw,42.252217,-83.843423,county_centroid,10,23,175.5,152.8,183.2,NG,EIA-860 2024 public county summary
county,MI,Wayne,42.284664,-83.261953,county_centroid,18,41,1340.9,1275.1,1493.3,NG,EIA-860 2024 public county summary
county,MI,Wexford,44.331375,-85.570046,county_centroid,2,3,61,42.2,42.8,WDS,EIA-860 2024 public county summary
county,MN,Anoka,45.27411,-93.242723,county_centroid,3,3,16.7,16.7,16.7,SUN,EIA-860 2024 public county summary
county,MN,Becker,46.937629,-95.741757,county_centroid,1,1,12.5,9.6,9.6,DFO,EIA-860 2024 public county summary
county,MN,Beltrami,47.879508,-95.00505,county_centroid,2,2,51.3,43.57,51.3,NG,EIA-860 2024 public county summary
county,MN,Benton,45.701225,-94.00144,county_centroid,17,31,29.3,28.9,28.9,SUN,EIA-860 2024 public county summary
county,MN,Blue Earth,44.03371,-94.064012,county_centroid,22,39,825.5,730,795.6,SUN,EIA-860 2024 public county summary
county,MN,Brown,44.246541,-94.733647,county_centroid,3,16,98.9,90.8,92.8,DFO,EIA-860 2024 public county summary
county,MN,Carlton,46.603818,-92.671044,county_centroid,6,26,182.3,167.9,169.3,WAT,EIA-860 2024 public county summary
county,MN,Carver,44.82132,-93.800091,county_centroid,19,29,150.6,145.7,153.2,SUN,EIA-860 2024 public county summary
county,MN,Cass,46.951745,-94.333705,county_centroid,3,6,18.6,18.7,18.7,WAT,EIA-860 2024 public county summary
county,MN,Chippewa,45.028625,-95.564108,county_centroid,17,23,64.9,63.8,63.6,SUN,EIA-860 2024 public county summary
county,MN,Chisago,45.505444,-92.903849,county_centroid,43,63,190.3,188.4,188.4,SUN,EIA-860 2024 public county summary
county,MN,Clay,46.898377,-96.494901,county_centroid,12,17,77.6,74.3,74.3,SUN,EIA-860 2024 public county summary
county,MN,Cook,47.758556,-90.344319,county_centroid,2,3,6.7,6.1,6.1,DFO,EIA-860 2024 public county summary
county,MN,Cottonwood,44.010639,-95.183152,county_centroid,8,15,306.7,298.3,298.9,WND,EIA-860 2024 public county summary
county,MN,Crow Wing,46.491653,-94.070718,county_centroid,2,6,8.7,8.7,8.7,SUN,EIA-860 2024 public county summary
county,MN,Dakota,44.670893,-93.062481,county_centroid,36,78,1059.2,944.2,1058.1,SUN,EIA-860 2024 public county summary
county,MN,Dodge,44.020706,-92.869353,county_centroid,20,27,76.5,75.9,75.7,SUN,EIA-860 2024 public county summary
county,MN,Douglas,45.936835,-95.462155,county_centroid,5,7,17.2,16.2,16.2,SUN,EIA-860 2024 public county summary
county,MN,Faribault,43.676522,-93.947234,county_centroid,6,16,60.4,60.2,60.2,WND,EIA-860 2024 public county summary
county,MN,Fillmore,43.679187,-92.093937,county_centroid,7,13,65.4,65.5,65.5,SUN,EIA-860 2024 public county summary
county,MN,Freeborn,43.674202,-93.350289,county_centroid,6,6,425.3,407.3,407.3,WND,EIA-860 2024 public county summary
county,MN,Goodhue,44.406178,-92.716,county_centroid,31,35,1605.8,1423.89,1521.89,SUN,EIA-860 2024 public county summary
county,MN,Grant,45.930743,-96.010699,county_centroid,1,1,21,20,20,WND,EIA-860 2024 public county summary
county,MN,Hennepin,45.006121,-93.475228,county_centroid,11,39,695.9,536.6,595.6,SUN,EIA-860 2024 public county summary
county,MN,Houston,43.66699,-91.501556,county_centroid,2,2,2,2,2,SUN,EIA-860 2024 public county summary
county,MN,Isanti,45.562431,-93.296339,county_centroid,6,7,215.2,194.6,219.4,SUN,EIA-860 2024 public county summary
county,MN,Itasca,47.490817,-93.611102,county_centroid,4,10,955.7,963.9,963.9,SUB,EIA-860 2024 public county summary
county,MN,Jackson,43.671111,-95.149731,county_centroid,9,10,358.6,354.8,354.8,WND,EIA-860 2024 public county summary
county,MN,Kanabec,45.94776,-93.297788,county_centroid,2,4,15.4,14.7,14.7,NG,EIA-860 2024 public county summary
county,MN,Kandiyohi,45.152714,-95.004981,county_centroid,14,19,30,29.8,29.4,SUN,EIA-860 2024 public county summary
county,MN,Koochiching,48.245374,-93.782896,county_centroid,2,8,66.5,54.2,54.2,BLQ,EIA-860 2024 public county summary
county,MN,Lake,47.517111,-91.411704,county_centroid,2,4,135.6,109.1,109.1,SUB,EIA-860 2024 public county summary
county,MN,Le Sueur,44.373421,-93.730106,county_centroid,14,21,47.9,47.1,47.1,SUN,EIA-860 2024 public county summary
county,MN,Lincoln,44.408238,-96.272032,county_centroid,26,25,1051.9,1040,1040,WND,EIA-860 2024 public county summary
county,MN,Lyon,44.409195,-95.847268,county_centroid,15,17,121.2,116.8,121.8,SUN,EIA-860 2024 public county summary
county,MN,Martin,43.677173,-94.547096,county_centroid,9,24,844.8,801.5,857.2,WND,EIA-860 2024 public county summary
county,MN,McLeod,44.821657,-94.272323,county_centroid,21,40,188.5,167.29,169.59,SUN,EIA-860 2024 public county summary
county,MN,Meeker,45.123155,-94.527346,county_centroid,7,15,65.9,65.9,65.9,SUN,EIA-860 2024 public county summary
county,MN,Mille Lacs,45.929266,-93.632748,county_centroid,1,5,12.3,12.8,12.8,DFO,EIA-860 2024 public county summary
county,MN,Morrison,46.020484,-94.266619,county_centroid,3,10,33.5,32.1,32.1,WAT,EIA-860 2024 public county summary
county,MN,Mower,43.666249,-92.759514,county_centroid,8,11,1141.7,1087.7,1142,WND,EIA-860 2024 public county summary
county,MN,Murray,44.015594,-95.761581,county_centroid,17,12,358,349.5,349.3,SUN,EIA-860 2024 public county summary
county,MN,Nicollet,44.35882,-94.245684,county_centroid,9,13,16.5,16.5,16.5,SUN,EIA-860 2024 public county summary
county,MN,Nobles,43.677686,-95.763132,county_centroid,11,23,510.6,509.6,509.6,WND,EIA-860 2024 public county summary
county,MN,Norman,47.329453,-96.463776,county_centroid,1,2,4,3.8,3.8,DFO,EIA-860 2024 public county summary
county,MN,Olmsted,43.9995,-92.410096,county_centroid,18,42,231,211.7,211.4,SUN,EIA-860 2024 public county summary
county,MN,Otter Tail,46.405727,-95.714581,county_centroid,4,4,53.4,53.2,53.2,WAT,EIA-860 2024 public county summary
county,MN,Pennington,48.069247,-96.037725,county_centroid,1,6,6.5,5.8,5.8,DFO,EIA-860 2024 public county summary
county,MN,Pine,46.10094,-92.763094,county_centroid,2,2,28,24.4,31.5,SUN,EIA-860 2024 public county summary
county,MN,Pipestone,44.015361,-96.257015,county_centroid,29,39,383.7,381.6,381.6,WND,EIA-860 2024 public county summary
county,MN,Polk,47.774254,-96.400027,county_centroid,2,4,14,14,14,SUB,EIA-860 2024 public county summary
county,MN,Pope,45.589623,-95.446705,county_centroid,20,23,29,28.5,28.5,SUN,EIA-860 2024 public county summary
county,MN,Ramsey,45.015204,-93.099965,county_centroid,5,9,701,582.9,624.9,NG,EIA-860 2024 public county summary
county,MN,Red Lake,47.865487,-96.08718,county_centroid,1,2,5.6,5.6,5.6,SUN,EIA-860 2024 public county summary
county,MN,Redwood,44.403536,-95.254241,county_centroid,12,19,29.9,29.3,29.1,SUN,EIA-860 2024 public county summary
county,MN,Renville,44.723697,-94.955617,county_centroid,29,28,35.4,35.3,35.3,SUN,EIA-860 2024 public county summary
county,MN,Rice,44.350775,-93.298513,county_centroid,31,37,401,327.2,355.3,SUN,EIA-860 2024 public county summary
county,MN,Rock,43.669587,-96.263238,county_centroid,8,7,328.5,328.5,328.5,WND,EIA-860 2024 public county summary
county,MN,Scott,44.651811,-93.533733,county_centroid,10,19,639.4,530.9,621.9,SUN,EIA-860 2024 public county summary
county,MN,Sherburne,45.453166,-93.769164,county_centroid,34,33,2181.3,2021.51,2042.11,SUN,EIA-860 2024 public county summary
county,MN,Sibley,44.575734,-94.230123,county_centroid,5,5,7.3,7.3,7.3,SUN,EIA-860 2024 public county summary
county,MN,St Louis,,,county_centroid,7,11,268.9,235.4,240.9,NG,EIA-860 2024 public county summary
county,MN,Stearns,45.555235,-94.610482,county_centroid,42,67,190.7,189.5,189.5,SUN,EIA-860 2024 public county summary
county,MN,Steele,44.015261,-93.220453,county_centroid,11,18,123.8,121.1,121.1,SUN,EIA-860 2024 public county summary
county,MN,Stevens,45.593461,-95.992315,county_centroid,3,3,4.4,2,2.6,WND,EIA-860 2024 public county summary
county,MN,Swift,45.27581,-95.690124,county_centroid,1,5,9,9,9,DFO,EIA-860 2024 public county summary
county,MN,Wabasha,44.289634,-92.233454,county_centroid,10,11,13.5,13.19,13.19,SUN,EIA-860 2024 public county summary
county,MN,Waseca,44.01846,-93.589844,county_centroid,21,28,37.8,37.29,37.59,SUN,EIA-860 2024 public county summary
county,MN,Washington,45.037929,-92.890117,county_centroid,18,31,924.2,803.7,818.7,SUN,EIA-860 2024 public county summary
county,MN,Watonwan,43.978109,-94.613798,county_centroid,2,11,23.8,22.6,23.3,DFO,EIA-860 2024 public county summary
county,MN,Wilkin,46.362335,-96.476657,county_centroid,1,0,0,0,0,,EIA-860 2024 public county summary
county,MN,Winona,43.981353,-91.777044,county_centroid,14,18,32,30.09,29.99,SUN,EIA-860 2024 public county summary
county,MN,Wright,45.175091,-93.966396,county_centroid,25,40,806.4,733,770.4,SUN,EIA-860 2024 public county summary
county,MN,Yellow Medicine,44.715736,-95.862756,county_centroid,5,6,13,13,13,SUN,EIA-860 2024 public county summary
county,MO,Adair,40.190666,-92.603592,county_centroid,2,0,0,0,0,,EIA-860 2024 public county summary
county,MO,Atchison,40.431846,-95.437555,county_centroid,5,5,800.4,776.9,790.3,WND,EIA-860 2024 public county summary
county,MO,Audrain,39.214481,-91.843418,county_centroid,6,12,1118.4,903.3,1048,SUN,EIA-860 2024 public county summary
county,MO,Barton,37.500799,-94.344089,county_centroid,1,1,149.4,145.5,145.5,WND,EIA-860 2024 public county summary
county,MO,Bates,38.257217,-94.339246,county_centroid,2,7,13.7,12.1,12.1,DFO,EIA-860 2024 public county summary
county,MO,Benton,38.301036,-93.287942,county_centroid,1,6,161.4,186,186,WAT,EIA-860 2024 public county summary
county,MO,Bollinger,37.318427,-90.024645,county_centroid,1,0,0,0,0,,EIA-860 2024 public county summary
county,MO,Boone,38.989861,-92.310202,county_centroid,5,27,320.6,283.9,310.5,DFO,EIA-860 2024 public county summary
county,MO,Buchanan,39.660369,-94.808173,county_centroid,2,8,280,250.79,256.69,NG,EIA-860 2024 public county summary
county,MO,Butler,36.71518,-90.40313,county_centroid,1,5,34.1,32.69,32.69,NG,EIA-860 2024 public county summary
county,MO,Caldwell,39.658998,-93.979179,county_centroid,1,0,0,0,0,,EIA-860 2024 public county summary
county,MO,Callaway,38.835547,-91.923446,county_centroid,3,4,1269,1215.3,1266.9,NUC,EIA-860 2024 public county summary
county,MO,Camden,38.026504,-92.765328,county_centroid,1,2,3,3,3,WAT,EIA-860 2024 public county summary
county,MO,Cape Girardeau,37.384141,-89.685658,county_centroid,3,11,27.5,26.5,27.4,SUN,EIA-860 2024 public county summary
county,MO,Carroll,39.427375,-93.500227,county_centroid,1,6,20.6,19.5,19.5,NG,EIA-860 2024 public county summary
county,MO,Cass,38.646474,-94.354547,county_centroid,3,7,1095.1,1043.5,1132.3,NG,EIA-860 2024 public county summary
county,MO,Cedar,37.733655,-93.850014,county_centroid,2,2,54.5,54.5,54.5,SUN,EIA-860 2024 public county summary
county,MO,Chariton,39.517968,-92.96162,county_centroid,1,4,6.4,5.2,6,DFO,EIA-860 2024 public county summary
county,MO,Christian,36.969739,-93.187614,county_centroid,1,1,7.9,7.9,7.9,SUN,EIA-860 2024 public county summary
county,MO,Clark,40.407275,-91.729472,county_centroid,1,8,7.4,7.1,7.4,DFO,EIA-860 2024 public county summary
county,MO,Clay,39.315551,-94.421502,county_centroid,1,0,0,0,0,,EIA-860 2024 public county summary
county,MO,Clinton,39.608723,-94.395803,county_centroid,1,0,0,0,0,,EIA-860 2024 public county summary
county,MO,Cole,38.503233,-92.280027,county_centroid,3,5,132.1,111.7,140.7,DFO,EIA-860 2024 public county summary
county,MO,Dade,37.43235,-93.854878,county_centroid,1,0,0,0,0,,EIA-860 2024 public county summary
county,MO,Daviess,39.962839,-93.970053,county_centroid,2,4,7.2,7,7,DFO,EIA-860 2024 public county summary
county,MO,DeKalb,39.894665,-94.40719,county_centroid,2,2,368.9,363.8,363.8,WND,EIA-860 2024 public county summary
county,MO,Dunklin,36.153025,-90.062254,county_centroid,4,14,553.9,476.9,499.9,DFO,EIA-860 2024 public county summary
county,MO,Franklin,38.413003,-91.072832,county_centroid,1,4,2389.4,2372,2464,SUB,EIA-860 2024 public county summary
county,MO,Gentry,40.208127,-94.405321,county_centroid,2,5,61,61,61,WND,EIA-860 2024 public county summary
county,MO,Greene,37.258196,-93.340641,county_centroid,7,10,926.4,825.9,825.9,NG,EIA-860 2024 public county summary
county,MO,Grundy,40.112541,-93.565054,county_centroid,4,13,30.3,29.5,29.5,DFO,EIA-860 2024 public county summary
county,MO,Henry,38.386491,-93.792628,county_centroid,2,0,0,0,0,,EIA-860 2024 public county summary
county,MO,Howard,39.143365,-92.695926,county_centroid,1,4,10.9,9.2,9.2,DFO,EIA-860 2024 public county summary
county,MO,Howell,36.774369,-91.887368,county_centroid,2,3,55.4,50,57,NG,EIA-860 2024 public county summary
county,MO,Jackson,39.005364,-94.343211,county_centroid,14,31,2018.5,1736.8,1665.2,NG,EIA-860 2024 public county summary
county,MO,Jasper,37.205197,-94.337259,county_centroid,5,18,1113.6,923.9,1024.9,NG,EIA-860 2024 public county summary
county,MO,Jefferson,38.25763,-90.543681,county_centroid,1,0,0,0,0,,EIA-860 2024 public county summary
county,MO,Johnson,38.741528,-93.811863,county_centroid,1,3,321.3,261,294,NG,EIA-860 2024 public county summary
county,MO,Laclede,37.659698,-92.594843,county_centroid,1,1,2.5,2.5,2.5,SUN,EIA-860 2024 public county summary
county,MO,Lafayette,39.068705,-93.802639,county_centroid,2,7,54.1,49.7,53.1,DFO,EIA-860 2024 public county summary
county,MO,Lawrence,37.106611,-93.830542,county_centroid,1,1,149.4,145.6,145.6,WND,EIA-860 2024 public county summary
county,MO,Lincoln,39.062255,-90.962916,county_centroid,1,0,0,0,0,,EIA-860 2024 public county summary
county,MO,Linn,39.86444,-93.108019,county_centroid,1,4,8,8,8,DFO,EIA-860 2024 public county summary
county,MO,Livingston,39.778587,-93.548201,county_centroid,2,8,92.5,92.5,96.5,DFO,EIA-860 2024 public county summary
county,MO,Macon,39.829795,-92.56434,county_centroid,6,5,17.4,17.8,18.8,DFO,EIA-860 2024 public county summary
county,MO,Madison,37.474481,-90.343413,county_centroid,1,2,27.6,24,27.6,NG,EIA-860 2024 public county summary
county,MO,Maries,38.162615,-91.923601,county_centroid,1,0,0,0,0,,EIA-860 2024 public county summary
county,MO,Miller,38.21668,-92.429876,county_centroid,1,8,208,234,234,WAT,EIA-860 2024 public county summary
county,MO,Montgomery,38.935184,-91.465427,county_centroid,1,1,5.7,5.7,5.7,SUN,EIA-860 2024 public county summary
county,MO,New Madrid,36.594261,-89.655948,county_centroid,1,2,1300,1200,1222,SUB,EIA-860 2024 public county summary
county,MO,Nodaway,40.361136,-94.883146,county_centroid,5,6,844.5,699.9,756.9,WND,EIA-860 2024 public county summary
county,MO,Phelps,37.866326,-91.790349,county_centroid,1,1,2.8,2.8,2.8,SUN,EIA-860 2024 public county summary
county,MO,Pike,39.339959,-91.171607,county_centroid,1,4,240,172,216,NG,EIA-860 2024 public county summary
county,MO,Platte,39.37869,-94.761476,county_centroid,2,2,1753.9,1602.2,1602.2,SUB,EIA-860 2024 public county summary
county,MO,Pulaski,37.824835,-92.207022,county_centroid,1,1,2.8,2.8,2.8,SUN,EIA-860 2024 public county summary
county,MO,Putnam,40.478606,-93.014531,county_centroid,2,11,61.9,48,52,DFO,EIA-860 2024 public county summary
county,MO,Ralls,39.553455,-91.524787,county_centroid,2,2,58,58,58,WAT,EIA-860 2024 public county summary
county,MO,Randolph,39.439249,-92.492959,county_centroid,2,4,1242.3,1184,1222,DFO,EIA-860 2024 public county summary
county,MO,Reynolds,37.366464,-90.972282,county_centroid,1,2,408,440,440,WAT,EIA-860 2024 public county summary
county,MO,Saline,39.13584,-93.204164,county_centroid,2,7,33.6,32.1,35.1,NG,EIA-860 2024 public county summary
county,MO,Schuyler,40.469361,-92.519016,county_centroid,1,1,400,375.5,385.4,WND,EIA-860 2024 public county summary
county,MO,Scotland,40.447686,-92.142824,county_centroid,1,10,8.8,8.8,8.8,DFO,EIA-860 2024 public county summary
county,MO,Scott,37.047793,-89.568098,county_centroid,3,1,261,240,240,SUB,EIA-860 2024 public county summary
county,MO,Shelby,39.797531,-92.088719,county_centroid,3,8,14.8,14.8,14.8,DFO,EIA-860 2024 public county summary
county,MO,St Charles,,,county_centroid,2,3,1103.9,978.5,998.5,SUN,EIA-860 2024 public county summary
county,MO,St Francois,,,county_centroid,5,9,18.5,12.9,14.5,DFO,EIA-860 2024 public county summary
county,MO,St Louis,,,county_centroid,4,6,34.2,33.4,34.8,NG,EIA-860 2024 public county summary
county,MO,St Louis City,,,county_centroid,4,12,45.9,45.87,45.87,SUN,EIA-860 2024 public county summary
county,MO,Stoddard,36.851557,-89.947481,county_centroid,1,1,121.2,94,122,NG,EIA-860 2024 public county summary
county,MO,Taney,36.649827,-93.042819,county_centroid,2,8,216,232.5,232.5,WAT,EIA-860 2024 public county summary
county,MO,Vernon,37.850196,-94.341597,county_centroid,1,1,21.6,16,20.1,DFO,EIA-860 2024 public county summary
county,MO,Warren,38.761902,-91.159306,county_centroid,1,1,139,139,139,SUN,EIA-860 2024 public county summary
county,MO,Wright,37.267633,-92.479989,county_centroid,1,2,4,3.8,3.8,LFG,EIA-860 2024 public county summary
county,MS,,,,county_centroid,1,0,0,0,0,,EIA-860 2024 public county summary
county,MS,Adams,31.486224,-91.351797,county_centroid,1,0,0,0,0,,EIA-860 2024 public county summary
county,MS,Attala,33.090468,-89.588622,county_centroid,1,3,551.3,459.3,515.5,NG,EIA-860 2024 public county summary
county,MS,Benton,34.809593,-89.200213,county_centroid,1,6,1003.5,918,999,NG,EIA-860 2024 public county summary
county,MS,Bolivar,33.799139,-90.88412,county_centroid,1,0,0,0,0,,EIA-860 2024 public county summary
county,MS,Carroll,33.440795,-89.918887,county_centroid,1,1,100,100,100,SUN,EIA-860 2024 public county summary
county,MS,Chickasaw,33.933277,-88.947558,county_centroid,2,2,4.7,4.7,4.7,LFG,EIA-860 2024 public county summary
county,MS,Choctaw,33.345964,-89.251332,county_centroid,3,8,2263.2,1931,2089,NG,EIA-860 2024 public county summary
county,MS,Claiborne,31.97281,-90.915424,county_centroid,1,1,1440,1390.3,1404.7,NUC,EIA-860 2024 public county summary
county,MS,Clarke,32.045374,-88.687976,county_centroid,1,1,78.5,78.5,78.5,SUN,EIA-860 2024 public county summary
county,MS,Clay,33.65967,-88.782468,county_centroid,1,0,0,0,0,,EIA-860 2024 public county summary
county,MS,Coahoma,34.230316,-90.60401,county_centroid,4,9,546.1,542,544.8,NG,EIA-860 2024 public county summary
county,MS,Covington,31.633331,-89.548897,county_centroid,1,0,0,0,0,,EIA-860 2024 public county summary
county,MS,DeSoto,34.874922,-89.991211,county_centroid,3,1,100,100,100,SUN,EIA-860 2024 public county summary
county,MS,Desoto,34.874922,-89.991211,county_centroid,1,6,903.9,780,891,NG,EIA-860 2024 public county summary
county,MS,Forrest,31.18858,-89.259447,county_centroid,2,1,50,50,50,SUN,EIA-860 2024 public county summary
county,MS,George,30.855431,-88.642268,county_centroid,1,2,28.4,22.6,22.6,NG,EIA-860 2024 public county summary
county,MS,Grenada,33.770031,-89.80274,county_centroid,1,0,0,0,0,,EIA-860 2024 public county summary
county,MS,Hancock,30.391641,-89.482791,county_centroid,1,1,78.5,78.5,78.5,SUN,EIA-860 2024 public county summary
county,MS,Harrison,30.416536,-89.083376,county_centroid,2,4,922.6,757.5,765.7,SUN,EIA-860 2024 public county summary
county,MS,Henderson,,,county_centroid,1,0,0,0,0,,EIA-860 2024 public county summary
county,MS,Hinds,32.267788,-90.466017,county_centroid,4,5,604.6,476.9,552.4,NG,EIA-860 2024 public county summary
county,MS,Jackson,30.456005,-88.625101,county_centroid,2,13,2399.5,2289.6,2340.6,NG,EIA-860 2024 public county summary
county,MS,Jasper,32.016748,-89.119176,county_centroid,2,0,0,0,0,,EIA-860 2024 public county summary
county,MS,Jefferson Davis,31.564808,-89.827086,county_centroid,1,3,250.5,225,250.5,NG,EIA-860 2024 public county summary
county,MS,Jones,31.616601,-89.168532,county_centroid,1,7,510.5,477,510.5,NG,EIA-860 2024 public county summary
county,MS,Kemper,32.750136,-88.625631,county_centroid,2,7,1212,997.2,1104.4,NG,EIA-860 2024 public county summary
county,MS,Lamar,31.197586,-89.506369,county_centroid,3,4,662,634.5,685.7,SUN,EIA-860 2024 public county summary
county,MS,Lauderdale,32.404017,-88.660451,county_centroid,4,8,108.4,98.5,107.5,SUN,EIA-860 2024 public county summary
county,MS,Lawrence,31.550009,-90.10753,county_centroid,1,2,81.5,81.5,81.5,BLQ,EIA-860 2024 public county summary
county,MS,Leake,32.76063,-89.52225,county_centroid,1,2,3,3,3,MWH,EIA-860 2024 public county summary
county,MS,Lowndes,33.471424,-88.439723,county_centroid,4,12,1129.6,1093.6,1204.6,NG,EIA-860 2024 public county summary
county,MS,Madison,32.63437,-90.03416,county_centroid,1,1,100,100,100,SUN,EIA-860 2024 public county summary
county,MS,Marshall,34.76619,-89.504231,county_centroid,4,1,4.8,4.8,4.8,SUN,EIA-860 2024 public county summary
county,MS,Monroe,33.89003,-88.485038,county_centroid,1,0,0,0,0,,EIA-860 2024 public county summary
county,MS,Oktibbeha,33.422313,-88.876151,county_centroid,1,2,26,26,26,NG,EIA-860 2024 public county summary
county,MS,Panola,34.365205,-89.963065,county_centroid,6,9,904.1,871.1,896.6,SUN,EIA-860 2024 public county summary
county,MS,Perry,31.169307,-88.988755,county_centroid,1,2,50.4,52.2,53.4,BLQ,EIA-860 2024 public county summary
county,MS,Rankin,32.267123,-89.946063,county_centroid,1,1,1.2,1.2,1.2,SUN,EIA-860 2024 public county summary
county,MS,Scott,32.411959,-89.533486,county_centroid,1,1,175,175,175,SUN,EIA-860 2024 public county summary
county,MS,Smith,32.019029,-89.494876,county_centroid,2,4,148.2,135.2,149.2,NG,EIA-860 2024 public county summary
county,MS,Sunflower,33.605529,-90.59509,county_centroid,3,2,199,199,199,SUN,EIA-860 2024 public county summary
county,MS,Tallahatchie,33.954529,-90.172243,county_centroid,1,0,0,0,0,,EIA-860 2024 public county summary
county,MS,Walthall,31.164492,-90.103431,county_centroid,1,2,1.6,1.4,1.6,WH,EIA-860 2024 public county summary
county,MS,Warren,32.356095,-90.852384,county_centroid,4,11,58.5,46.2,46.4,NG,EIA-860 2024 public county summary
county,MS,Washington,33.273174,-90.944446,county_centroid,3,1,781.4,706.5,729.8,NG,EIA-860 2024 public county summary
county,MS,Yazoo,32.765675,-90.387928,county_centroid,2,4,59.1,53.3,57.3,NG,EIA-860 2024 public county summary
county,MT,Beaverhead,45.133863,-112.892869,county_centroid,2,1,80,80,80,SUN,EIA-860 2024 public county summary
county,MT,Big Horn,45.407868,-107.518162,county_centroid,3,6,396.9,397.5,397.5,SUB,EIA-860 2024 public county summary
county,MT,Broadwater,46.329849,-111.497873,county_centroid,1,1,9.7,9.7,9.7,WAT,EIA-860 2024 public county summary
county,MT,Carbon,45.224468,-109.028554,county_centroid,4,2,241.8,241.8,239.8,WND,EIA-860 2024 public county summary
county,MT,Cascade,47.316575,-111.350262,county_centroid,8,20,330.9,345.1,345.1,WAT,EIA-860 2024 public county summary
county,MT,Custer,46.261414,-105.550352,county_centroid,2,2,231.2,231.5,235.4,WND,EIA-860 2024 public county summary
county,MT,Dawson,47.26613,-104.898271,county_centroid,1,2,83.7,74.9,84.1,NG,EIA-860 2024 public county summary
county,MT,Deer Lodge,46.094672,-113.141624,county_centroid,2,3,203.1,132.3,144.3,NG,EIA-860 2024 public county summary
county,MT,Fallon,46.318184,-104.405718,county_centroid,1,1,30,30,30,WND,EIA-860 2024 public county summary
county,MT,Flathead,48.295422,-114.052059,county_centroid,4,10,438.1,438.8,438.8,WAT,EIA-860 2024 public county summary
county,MT,Gallatin,45.518054,-111.163921,county_centroid,1,1,2,2,2,SUN,EIA-860 2024 public county summary
county,MT,Golden Valley,46.380624,-109.174586,county_centroid,1,1,3,3,3,SUN,EIA-860 2024 public county summary
county,MT,Granite,46.395955,-113.427356,county_centroid,1,1,2,2,2,WAT,EIA-860 2024 public county summary
county,MT,Judith Basin,47.032558,-110.30532,county_centroid,2,2,120,120,120,WND,EIA-860 2024 public county summary
county,MT,Lake,47.642901,-114.083687,county_centroid,1,3,227.8,227.8,227.8,WAT,EIA-860 2024 public county summary
county,MT,Lewis and Clark,47.122105,-112.38289,county_centroid,4,10,77.3,79.9,79.9,WAT,EIA-860 2024 public county summary
county,MT,Liberty,48.559654,-111.036924,county_centroid,1,1,7.5,7.5,7.5,WAT,EIA-860 2024 public county summary
county,MT,Lincoln,48.552385,-115.463185,county_centroid,1,5,525,525,525,WAT,EIA-860 2024 public county summary
county,MT,Madison,45.32529,-111.913791,county_centroid,1,4,16.4,16.4,16.4,WAT,EIA-860 2024 public county summary
county,MT,McCone,47.629628,-105.757222,county_centroid,2,5,179.7,218,218,WAT,EIA-860 2024 public county summary
county,MT,Meagher,46.5857,-110.92174,county_centroid,1,4,17.7,17.7,17.7,WND,EIA-860 2024 public county summary
county,MT,Missoula,47.027263,-113.892691,county_centroid,1,0,0,0,0,,EIA-860 2024 public county summary
county,MT,Richland,47.785633,-104.563408,county_centroid,1,2,18.6,18.2,18.2,NG,EIA-860 2024 public county summary
county,MT,Roosevelt,48.282747,-104.99517,county_centroid,3,9,168.2,125,155,WH,EIA-860 2024 public county summary
county,MT,Rosebud,46.173206,-106.666792,county_centroid,5,6,2261.8,2086.3,2088.8,WND,EIA-860 2024 public county summary
county,MT,Sanders,47.756497,-115.180306,county_centroid,2,12,585.9,674.2,716.5,WAT,EIA-860 2024 public county summary
county,MT,Silver Bow,45.896232,-112.660071,county_centroid,1,9,54.9,54,54,NG,EIA-860 2024 public county summary
county,MT,Stillwater,45.658545,-109.381576,county_centroid,4,4,93.7,93.7,93.7,WAT,EIA-860 2024 public county summary
county,MT,Sweet Grass,45.811292,-109.944796,county_centroid,2,1,25,25,25,WND,EIA-860 2024 public county summary
county,MT,Teton,47.819035,-112.281725,county_centroid,3,4,48,48,35,WND,EIA-860 2024 public county summary
county,MT,Toole,48.645125,-111.733472,county_centroid,3,3,399,390.2,390.2,WND,EIA-860 2024 public county summary
county,MT,Wheatland,46.496967,-109.857684,county_centroid,6,4,164.7,164.7,164.7,WND,EIA-860 2024 public county summary
county,MT,Yellowstone,45.936987,-108.276656,county_centroid,8,23,359.9,302.2,305.2,SUN,EIA-860 2024 public county summary
county,NC,,,,county_centroid,2,0,0,0,0,,EIA-860 2024 public county summary
county,NC,Alamance,36.043954,-79.400573,county_centroid,11,10,32.7,32.7,32.7,SUN,EIA-860 2024 public county summary
county,NC,Alexander,35.920951,-81.177467,county_centroid,3,3,11,11,11,SUN,EIA-860 2024 public county summary
county,NC,Anson,34.974972,-80.109763,county_centroid,10,24,570.6,547.4,591,SUN,EIA-860 2024 public county summary
county,NC,Beaufort,35.482313,-76.842014,county_centroid,11,11,196.5,196.5,196.5,SUN,EIA-860 2024 public county summary
county,NC,Bertie,36.059043,-76.962364,county_centroid,6,6,45,44.7,44.7,SUN,EIA-860 2024 public county summary
county,NC,Bladen,34.591938,-78.539489,county_centroid,18,35,372,372,372,SUN,EIA-860 2024 public county summary
county,NC,Brunswick,34.038754,-78.227765,county_centroid,5,8,2070.6,1929.8,1995.3,SUN,EIA-860 2024 public county summary
county,NC,Buncombe,35.609371,-82.530423,county_centroid,9,13,1032.8,835.3,951.3,SUN,EIA-860 2024 public county summary
county,NC,Burke,35.746182,-81.70618,county_centroid,9,11,48.5,51.7,51.6,DFO,EIA-860 2024 public county summary
county,NC,Cabarrus,35.388346,-80.552728,county_centroid,7,8,126.7,124.3,124.8,SUN,EIA-860 2024 public county summary
county,NC,Caldwell,35.966396,-81.51254,county_centroid,4,6,39.8,47.4,47.2,SUN,EIA-860 2024 public county summary
county,NC,Camden,36.342344,-76.162488,county_centroid,4,4,35,35,35,SUN,EIA-860 2024 public county summary
county,NC,Carteret,34.858343,-76.53586,county_centroid,1,0,0,0,0,,EIA-860 2024 public county summary
county,NC,Caswell,36.394298,-79.339609,county_centroid,4,4,17.9,17.9,17.9,SUN,EIA-860 2024 public county summary
county,NC,Catawba,35.661883,-81.214906,county_centroid,18,20,2328.1,2269.5,2280,SUN,EIA-860 2024 public county summary
county,NC,Chatham,35.704994,-79.251454,county_centroid,13,12,42.1,42,42,SUN,EIA-860 2024 public county summary
county,NC,Cherokee,35.13715,-84.061449,county_centroid,4,5,168.3,176.4,144,SUN,EIA-860 2024 public county summary
county,NC,Chowan,36.128979,-76.602752,county_centroid,6,7,211.4,211.4,211.4,SUN,EIA-860 2024 public county summary
county,NC,Clay,35.052997,-83.752264,county_centroid,2,4,15,15.7,14.9,WAT,EIA-860 2024 public county summary
county,NC,Cleveland,35.33463,-81.557114,county_centroid,30,37,2953.6,2752.8,2817,SUN,EIA-860 2024 public county summary
county,NC,Columbus,34.261602,-78.639308,county_centroid,20,20,165.9,166.3,162.5,SUN,EIA-860 2024 public county summary
county,NC,Craven,35.116829,-77.08132,county_centroid,12,29,137,124.9,128.9,SUN,EIA-860 2024 public county summary
county,NC,Cumberland,35.050192,-78.828719,county_centroid,16,26,448.2,369.8,409.8,SUN,EIA-860 2024 public county summary
county,NC,Currituck,36.372174,-75.941224,county_centroid,5,5,262.4,262.4,262.4,SUN,EIA-860 2024 public county summary
county,NC,Dare,35.606269,-75.767536,county_centroid,2,5,15,15,15,DFO,EIA-860 2024 public county summary
county,NC,Davidson,35.795131,-80.207107,county_centroid,12,14,53.8,57.3,54,DFO,EIA-860 2024 public county summary
county,NC,Davie,35.929355,-80.542552,county_centroid,9,6,40.4,40.4,40.4,SUN,EIA-860 2024 public county summary
county,NC,Duplin,34.934403,-77.933543,county_centroid,37,47,194.9,193.8,193.6,SUN,EIA-860 2024 public county summary
county,NC,Durham,36.033828,-78.878125,county_centroid,5,6,18.7,18.6,18.6,SUN,EIA-860 2024 public county summary
county,NC,Edgecombe,35.917077,-77.602742,county_centroid,9,10,284,284.1,284.1,SUN,EIA-860 2024 public county summary
county,NC,Forsyth,36.132466,-80.256961,county_centroid,5,8,22,19.4,19.8,SUN,EIA-860 2024 public county summary
county,NC,Franklin,36.088247,-78.283082,county_centroid,12,14,135.6,135.5,135.5,SUN,EIA-860 2024 public county summary
county,NC,Gaston,35.292834,-81.177364,county_centroid,18,27,146.4,153.8,153.8,SUN,EIA-860 2024 public county summary
county,NC,Gates,36.442135,-76.702355,county_centroid,3,3,15,15,15,SUN,EIA-860 2024 public county summary
county,NC,Graham,35.348364,-83.830915,county_centroid,2,7,185,183,183,WAT,EIA-860 2024 public county summary
county,NC,Granville,36.299884,-78.657634,county_centroid,9,9,42.7,42.6,42.6,SUN,EIA-860 2024 public county summary
county,NC,Greene,35.481959,-77.681688,county_centroid,6,10,27,27,27,SUN,EIA-860 2024 public county summary
county,NC,Guilford,36.079065,-79.788665,county_centroid,14,17,41.9,40.9,40.9,SUN,EIA-860 2024 public county summary
county,NC,Halifax,36.251438,-77.644842,county_centroid,20,27,710.3,724,754.3,SUN,EIA-860 2024 public county summary
county,NC,Harnett,35.36866,-78.871665,county_centroid,14,13,56.7,56.6,56.6,SUN,EIA-860 2024 public county summary
county,NC,Haywood,35.558882,-82.981307,county_centroid,2,4,109.5,113.5,113.5,SUN,EIA-860 2024 public county summary
county,NC,Henderson,35.336427,-82.479583,county_centroid,4,5,12,12.9,12.9,SUN,EIA-860 2024 public county summary
county,NC,Hertford,36.363517,-76.981616,county_centroid,16,20,203.5,221.9,221.9,SUN,EIA-860 2024 public county summary
county,NC,Hoke,35.017233,-79.241964,county_centroid,5,5,34.8,34.7,34.7,SUN,EIA-860 2024 public county summary
county,NC,Hyde,35.408157,-76.153687,county_centroid,2,4,8.5,8.5,8.5,DFO,EIA-860 2024 public county summary
county,NC,Iredell,35.806251,-80.874524,county_centroid,8,9,42.9,43.9,43.9,SUN,EIA-860 2024 public county summary
county,NC,Jackson,35.285454,-83.123966,county_centroid,5,5,50.8,49.6,49.6,WAT,EIA-860 2024 public county summary
county,NC,Johnston,35.513419,-78.367348,county_centroid,32,30,107.1,105.9,105.9,SUN,EIA-860 2024 public county summary
county,NC,Jones,35.032268,-77.356195,county_centroid,12,10,120.5,120.6,120.4,SUN,EIA-860 2024 public county summary
county,NC,Lee,35.476336,-79.172117,county_centroid,9,9,38.8,40.1,40.1,SUN,EIA-860 2024 public county summary
county,NC,Lenoir,35.240066,-77.635514,county_centroid,15,18,165.2,165.2,165.2,SUN,EIA-860 2024 public county summary
county,NC,Lincoln,35.488491,-81.226893,county_centroid,6,25,2653.6,1863.6,2246.6,WAT,EIA-860 2024 public county summary
county,NC,Macon,35.152959,-83.421901,county_centroid,3,4,45.6,47.4,47.4,WAT,EIA-860 2024 public county summary
county,NC,Madison,35.864206,-82.712631,county_centroid,3,10,12.5,11.5,11.5,WAT,EIA-860 2024 public county summary
county,NC,Martin,35.847301,-77.119602,county_centroid,17,17,216,216.8,216.8,SUN,EIA-860 2024 public county summary
county,NC,Mecklenburg,35.246862,-80.833832,county_centroid,8,9,2457.4,2332,2402.6,DFO,EIA-860 2024 public county summary
county,NC,Montgomery,35.327548,-79.910752,county_centroid,13,23,261.2,258.1,258.1,SUN,EIA-860 2024 public county summary
county,NC,Moore,35.308273,-79.492723,county_centroid,11,20,49.2,49.2,49.2,SUN,EIA-860 2024 public county summary
county,NC,NOT IN FILE,,,county_centroid,1,0,0,0,0,,EIA-860 2024 public county summary
county,NC,Nash,35.965945,-77.987555,county_centroid,33,31,299.4,298.8,298.6,SUN,EIA-860 2024 public county summary
county,NC,New Hanover,34.183445,-77.864204,county_centroid,4,7,853.6,700.6,818.6,SUN,EIA-860 2024 public county summary
county,NC,Northampton,36.421774,-77.398352,county_centroid,17,17,362.8,362.8,362.8,SUN,EIA-860 2024 public county summary
county,NC,Onslow,34.763109,-77.499469,county_centroid,11,9,45.6,45.5,45.5,SUN,EIA-860 2024 public county summary
county,NC,Orange,36.062525,-79.120033,county_centroid,6,7,50,50.3,50.7,SUN,EIA-860 2024 public county summary
county,NC,Pamlico,35.147575,-76.665268,county_centroid,2,2,10,10,10,SUN,EIA-860 2024 public county summary
county,NC,Pasquotank,36.265199,-76.260691,county_centroid,3,3,43.1,42.9,42.9,SUN,EIA-860 2024 public county summary
county,NC,Pender,34.512556,-77.888106,county_centroid,9,9,137.3,137.3,137.3,SUN,EIA-860 2024 public county summary
county,NC,Perquimans,36.180897,-76.403244,county_centroid,9,9,259.2,258.8,258.8,SUN,EIA-860 2024 public county summary
county,NC,Person,36.386357,-78.965633,county_centroid,10,12,3343.9,3165.5,3197.5,SUN,EIA-860 2024 public county summary
county,NC,Pitt,35.59249,-77.372739,county_centroid,11,19,47.8,45.5,46,SUN,EIA-860 2024 public county summary
county,NC,Polk,35.277901,-82.167621,county_centroid,1,2,5.4,5.4,5.4,WAT,EIA-860 2024 public county summary
county,NC,ROCKINGHAM,36.381806,-79.782754,county_centroid,1,3,1.2,1.2,1.2,WAT,EIA-860 2024 public county summary
county,NC,Randolph,35.709915,-79.806215,county_centroid,19,21,70.7,70.6,70.6,SUN,EIA-860 2024 public county summary
county,NC,Richmond,35.004636,-79.755695,county_centroid,14,31,2682.2,2315,2707.6,SUN,EIA-860 2024 public county summary
county,NC,Robeson,34.63921,-79.100881,county_centroid,50,50,418.7,377.3,416.3,SUN,EIA-860 2024 public county summary
county,NC,Rockingham,36.381806,-79.782754,county_centroid,11,17,1717.3,1528.9,1654.9,SUN,EIA-860 2024 public county summary
county,NC,Rowan,35.641355,-80.521721,county_centroid,15,22,1943.4,1695.6,1888.4,SUN,EIA-860 2024 public county summary
county,NC,Rutherford,35.402747,-81.919582,county_centroid,13,13,126.8,126.3,126.3,SUN,EIA-860 2024 public county summary
county,NC,Sampson,34.989298,-78.371261,county_centroid,14,15,50.3,50.2,50.2,SUN,EIA-860 2024 public county summary
county,NC,Scotland,34.840023,-79.477337,county_centroid,19,16,148.7,148.7,148.7,SUN,EIA-860 2024 public county summary
county,NC,Stanly,35.310449,-80.254374,county_centroid,10,15,282,290.8,291.3,SUN,EIA-860 2024 public county summary
county,NC,Stokes,36.393797,-80.269921,county_centroid,6,6,2555.1,2283.9,2283.9,SUN,EIA-860 2024 public county summary
county,NC,Surry,36.415416,-80.686463,county_centroid,8,8,91.8,91.7,91.7,SUN,EIA-860 2024 public county summary
county,NC,Swain,35.568849,-83.465614,county_centroid,1,3,254.7,304.2,304.2,WAT,EIA-860 2024 public county summary
county,NC,Union,34.99182,-80.530426,county_centroid,7,8,106.7,100.6,106.6,SUN,EIA-860 2024 public county summary
county,NC,Vance,36.365481,-78.405434,county_centroid,13,13,107.8,107.6,106.6,SUN,EIA-860 2024 public county summary
county,NC,WILSON,35.700357,-77.921598,county_centroid,1,2,2.8,2.6,2.6,DFO,EIA-860 2024 public county summary
county,NC,Wake,35.789846,-78.650624,county_centroid,17,21,1007.9,1018.9,1065.3,SUN,EIA-860 2024 public county summary
county,NC,Warren,36.398105,-78.099899,county_centroid,11,11,154.4,154.3,138.8,SUN,EIA-860 2024 public county summary
county,NC,Washington,35.844713,-76.572291,county_centroid,3,3,149.6,159,159,SUN,EIA-860 2024 public county summary
county,NC,Wayne,35.35419,-78.00867,county_centroid,37,41,2180.9,1843.1,2162.1,SUN,EIA-860 2024 public county summary
county,NC,Wilkes,36.208883,-81.166095,county_centroid,1,0,0,0,0,,EIA-860 2024 public county summary
county,NC,Wilson,35.700357,-77.921598,county_centroid,13,13,128.4,122,111.7,SUN,EIA-860 2024 public county summary
county,NC,Yadkin,36.158765,-80.665164,county_centroid,9,7,81.4,81.4,81.4,SUN,EIA-860 2024 public county summary
county,ND,Adams,46.096815,-102.533198,county_centroid,1,2,155.5,155.5,155.5,WND,EIA-860 2024 public county summary
county,ND,Barnes,46.94255,-98.070195,county_centroid,3,3,258.9,258.9,258.9,WND,EIA-860 2024 public county summary
county,ND,Bowman,46.110144,-103.505943,county_centroid,2,1,19.5,19.5,19.5,WND,EIA-860 2024 public county summary
county,ND,Burke,48.786453,-102.520087,county_centroid,1,1,199.4,199.4,199.4,WND,EIA-860 2024 public county summary
county,ND,Burleigh,46.978829,-100.469533,county_centroid,3,4,201.4,201.4,201.4,WND,EIA-860 2024 public county summary
county,ND,Cass,46.927003,-97.252375,county_centroid,2,1,2,2,1.3,DFO,EIA-860 2024 public county summary
county,ND,Cavalier,48.768439,-98.46379,county_centroid,3,3,199.5,199.5,199.5,WND,EIA-860 2024 public county summary
county,ND,Dickey,46.107756,-98.496518,county_centroid,2,2,330,330,330,WND,EIA-860 2024 public county summary
county,ND,Emmons,46.284255,-100.237842,county_centroid,1,1,200,200,200,WND,EIA-860 2024 public county summary
county,ND,Grand Forks,47.926003,-97.450851,county_centroid,1,0,0,0,0,,EIA-860 2024 public county summary
county,ND,LaMoure,46.464195,-98.526057,county_centroid,1,1,61.5,61.5,61.5,WND,EIA-860 2024 public county summary
county,ND,McHenry,48.233842,-100.633267,county_centroid,2,2,111.9,111.9,111.9,WND,EIA-860 2024 public county summary
county,ND,McIntosh,46.108682,-99.416487,county_centroid,2,1,150,150,150,WND,EIA-860 2024 public county summary
county,ND,McKenzie,47.742475,-103.403215,county_centroid,1,6,363,240,270,NG,EIA-860 2024 public county summary
county,ND,McLean,47.653206,-101.421914,county_centroid,2,4,1215.6,1148.2,1148.2,RC,EIA-860 2024 public county summary
county,ND,Mercer,47.307147,-101.833328,county_centroid,6,10,2643.4,2496.4,2503.3,LIG,EIA-860 2024 public county summary
county,ND,Morton,46.710029,-101.310041,county_centroid,10,14,996,993.7,1037.1,WND,EIA-860 2024 public county summary
county,ND,Oliver,47.118079,-101.33142,county_centroid,4,5,1031.4,981.4,989.4,WND,EIA-860 2024 public county summary
county,ND,Pembina,48.766896,-97.545405,county_centroid,2,1,6,6,6,SUB,EIA-860 2024 public county summary
county,ND,Pierce,48.238883,-99.966497,county_centroid,1,1,149,149,149,WND,EIA-860 2024 public county summary
county,ND,Ransom,46.449276,-97.647554,county_centroid,1,2,9.8,9.8,9.8,AB,EIA-860 2024 public county summary
county,ND,Richland,46.265219,-96.93796,county_centroid,2,1,1.5,1.5,1.5,DFO,EIA-860 2024 public county summary
county,ND,Rolette,48.768271,-99.840463,county_centroid,1,1,150,147.9,147.9,WND,EIA-860 2024 public county summary
county,ND,Stark,46.817031,-102.662026,county_centroid,2,2,300,300,300,WND,EIA-860 2024 public county summary
county,ND,Steele,47.451062,-97.71892,county_centroid,2,2,169.5,169.5,169.5,WND,EIA-860 2024 public county summary
county,ND,Stutsman,46.972223,-98.956123,county_centroid,3,4,354.4,327.71,340.67,WND,EIA-860 2024 public county summary
county,ND,Traill,47.446271,-97.164636,county_centroid,2,3,17.3,17.3,17.3,SUB,EIA-860 2024 public county summary
county,ND,Walsh,48.376979,-97.72223,county_centroid,1,4,4,4,4,DFO,EIA-860 2024 public county summary
county,ND,Ward,48.216686,-101.540537,county_centroid,2,2,120,120,120,WND,EIA-860 2024 public county summary
county,ND,Williams,48.355765,-103.501333,county_centroid,5,17,741.9,681.6,690.6,WND,EIA-860 2024 public county summary
county,NE,Adams,40.520632,-98.500044,county_centroid,5,7,388.5,355,355,NG,EIA-860 2024 public county summary
county,NE,Antelope,42.183225,-98.058037,county_centroid,5,5,818.2,812.3,812.3,WND,EIA-860 2024 public county summary
county,NE,Boone,41.703934,-98.070476,county_centroid,2,2,120.4,120.4,120.4,WND,EIA-860 2024 public county summary
county,NE,Boyd,42.894448,-98.773022,county_centroid,1,0,0,0,0,,EIA-860 2024 public county summary
county,NE,Brown,42.359562,-99.92392,county_centroid,1,1,59.4,59.4,59.4,WND,EIA-860 2024 public county summary
county,NE,Buffalo,40.855265,-99.074984,county_centroid,2,2,7.3,6.8,6.8,WAT,EIA-860 2024 public county summary
county,NE,Burt,41.854179,-96.337746,county_centroid,3,5,3.9,2.5,2.5,SUN,EIA-860 2024 public county summary
county,NE,Butler,41.226054,-97.132003,county_centroid,1,7,10.6,8.7,8.7,DFO,EIA-860 2024 public county summary
county,NE,Cass,40.909878,-96.140609,county_centroid,2,3,346,324.8,247.8,MWH,EIA-860 2024 public county summary
county,NE,Cedar,42.60456,-97.25687,county_centroid,2,6,135.8,104.9,105.2,WAT,EIA-860 2024 public county summary
county,NE,Cherry,42.571323,-101.047653,county_centroid,1,1,1.9,1.9,1.9,WND,EIA-860 2024 public county summary
county,NE,Cheyenne,41.214236,-103.011929,county_centroid,1,3,5.1,4.1,4.2,NG,EIA-860 2024 public county summary
county,NE,Cuming,41.915865,-96.788517,county_centroid,3,7,10.7,10.7,10.7,WND,EIA-860 2024 public county summary
county,NE,Custer,41.393893,-99.726866,county_centroid,5,13,165.6,165.1,165.1,NG,EIA-860 2024 public county summary
county,NE,Dakota,42.391624,-96.561327,county_centroid,2,2,3.8,3.8,3.8,MWH,EIA-860 2024 public county summary
county,NE,Dawson,40.86784,-99.815583,county_centroid,3,3,6.5,6.6,4.6,SUN,EIA-860 2024 public county summary
county,NE,Deuel,41.111903,-102.332609,county_centroid,1,1,1.1,1,1,DFO,EIA-860 2024 public county summary
county,NE,Dixon,42.485086,-96.855784,county_centroid,3,8,323.8,322.9,322.9,NG,EIA-860 2024 public county summary
county,NE,Dodge,41.577008,-96.645852,county_centroid,3,10,177.7,164.2,166.2,SUN,EIA-860 2024 public county summary
county,NE,Douglas,41.297091,-96.154066,county_centroid,5,18,784.1,696.45,528.45,LFG,EIA-860 2024 public county summary
county,NE,Fillmore,40.52504,-97.596705,county_centroid,1,3,6.9,6.9,6.9,WND,EIA-860 2024 public county summary
county,NE,Franklin,40.183203,-98.96208,county_centroid,3,7,10.5,10.5,10.5,DFO,EIA-860 2024 public county summary
county,NE,Frontier,40.530947,-100.406683,county_centroid,1,3,3.4,3,3,NG,EIA-860 2024 public county summary
county,NE,Furnas,40.192252,-99.908637,county_centroid,3,10,9.4,8.7,9.2,DFO,EIA-860 2024 public county summary
county,NE,Gage,40.255234,-96.683453,county_centroid,1,3,247.1,219.5,219.5,NG,EIA-860 2024 public county summary
county,NE,Garfield,41.906912,-98.951283,county_centroid,1,4,3.9,3.9,3.9,DFO,EIA-860 2024 public county summary
county,NE,Gosper,40.509095,-99.823206,county_centroid,3,4,152.9,141.8,141.8,WAT,EIA-860 2024 public county summary
county,NE,Greeley,41.567563,-98.530567,county_centroid,1,5,2.1,2.1,2.1,DFO,EIA-860 2024 public county summary
county,NE,Hall,40.866027,-98.502664,county_centroid,3,5,262.5,191.5,214.7,NG,EIA-860 2024 public county summary
county,NE,Holt,42.459287,-98.784766,county_centroid,2,3,401.5,401.5,401.5,WND,EIA-860 2024 public county summary
county,NE,Howard,41.216851,-98.513342,county_centroid,1,1,1,1,1,SUN,EIA-860 2024 public county summary
county,NE,Jefferson,40.175736,-97.143103,county_centroid,1,1,74.8,74.8,74.8,WND,EIA-860 2024 public county summary
county,NE,Johnson,40.394955,-96.265264,county_centroid,1,5,7,6.6,6.6,DFO,EIA-860 2024 public county summary
county,NE,Keith,41.194245,-101.644449,county_centroid,1,1,50,41,41,WAT,EIA-860 2024 public county summary
county,NE,Keya Paha,42.87548,-99.718351,county_centroid,1,2,3,3,3,WND,EIA-860 2024 public county summary
county,NE,Kimball,41.199274,-103.703153,county_centroid,2,1,30,30,30,WND,EIA-860 2024 public county summary
county,NE,Knox,42.634404,-97.891349,county_centroid,2,2,121,121,121,WND,EIA-860 2024 public county summary
county,NE,Lancaster,40.783547,-96.688658,county_centroid,9,19,807.7,731.7,744.7,NG,EIA-860 2024 public county summary
county,NE,Lincoln,41.050322,-100.744481,county_centroid,3,6,1410.4,1410,1410,WAT,EIA-860 2024 public county summary
county,NE,Madison,41.909929,-97.606856,county_centroid,4,6,16.4,14.1,14.1,DFO,EIA-860 2024 public county summary
county,NE,Nemaha,40.387238,-95.852461,county_centroid,2,7,819.7,786,787.2,DFO,EIA-860 2024 public county summary
county,NE,Otoe,40.637992,-96.131027,county_centroid,4,14,1433.2,1375.5,1375.5,NG,EIA-860 2024 public county summary
county,NE,Platte,41.576866,-97.513467,county_centroid,5,11,139.1,121.7,120.7,WAT,EIA-860 2024 public county summary
county,NE,Polk,41.187925,-97.570663,county_centroid,2,2,3.5,3.5,3.5,WND,EIA-860 2024 public county summary
county,NE,Red Willow,40.16942,-100.468576,county_centroid,1,1,56.7,40.9,40.9,DFO,EIA-860 2024 public county summary
county,NE,Richardson,40.123743,-95.718603,county_centroid,2,10,91.3,89.2,89.2,NG,EIA-860 2024 public county summary
county,NE,Saline,40.516802,-97.131755,county_centroid,4,7,309.6,309.1,309.2,NG,EIA-860 2024 public county summary
county,NE,Sarpy,41.115064,-96.109125,county_centroid,3,9,339.9,317.4,371.4,NG,EIA-860 2024 public county summary
county,NE,Saunders,41.222966,-96.642696,county_centroid,2,7,95.2,94.6,94.6,SUN,EIA-860 2024 public county summary
county,NE,Scotts Bluff,41.850506,-103.703021,county_centroid,2,2,11.5,10,10,SUN,EIA-860 2024 public county summary
county,NE,Seward,40.871944,-97.140383,county_centroid,2,2,2.7,2.7,2.7,SUN,EIA-860 2024 public county summary
county,NE,Thayer,40.17342,-97.596258,county_centroid,3,4,59.4,44.7,44.7,DFO,EIA-860 2024 public county summary
county,NE,Thurston,42.154061,-96.533943,county_centroid,1,4,4.9,4.5,4.5,DFO,EIA-860 2024 public county summary
county,NE,Valley,41.564094,-98.983484,county_centroid,1,5,12,10.8,10.8,DFO,EIA-860 2024 public county summary
county,NE,Washington,41.533973,-96.224577,county_centroid,3,1,5,5,5,SUN,EIA-860 2024 public county summary
county,NE,Wayne,42.210746,-97.126243,county_centroid,4,11,709.8,708.2,708.2,WND,EIA-860 2024 public county summary
county,NE,Webster,40.180646,-98.49859,county_centroid,4,8,347.4,346.9,346.9,DFO,EIA-860 2024 public county summary
county,NE,York,40.873056,-97.596742,county_centroid,1,3,3.1,3.1,3.1,DFO,EIA-860 2024 public county summary
county,NH,Belknap,43.519109,-71.425366,county_centroid,2,5,3.6,3.5,3.5,WAT,EIA-860 2024 public county summary
county,NH,Carroll,43.867774,-71.20156,county_centroid,2,2,43.6,37.5,42.4,WDS,EIA-860 2024 public county summary
county,NH,Coos,44.652548,-71.289431,county_centroid,10,36,301.2,281.2,289.3,WAT,EIA-860 2024 public county summary
county,NH,GRAFTON,43.926439,-71.842424,county_centroid,1,1,17.5,15,15,WDS,EIA-860 2024 public county summary
county,NH,Grafton,43.926439,-71.842424,county_centroid,10,25,457.3,449.4,454.6,WAT,EIA-860 2024 public county summary
county,NH,Hillsborough,42.911532,-71.723055,county_centroid,9,17,62.6,63.7,64.2,WAT,EIA-860 2024 public county summary
county,NH,Merrimack,43.299579,-71.680041,county_centroid,12,20,550.4,520.5,530.9,WAT,EIA-860 2024 public county summary
county,NH,Rockingham,42.988664,-71.09908,county_centroid,6,13,3227.7,3038,3171.4,NG,EIA-860 2024 public county summary
county,NH,Strafford,43.293272,-71.035589,county_centroid,5,14,21.2,20.2,21.5,WAT,EIA-860 2024 public county summary
county,NH,Sullivan,43.361188,-72.222084,county_centroid,4,4,45.2,41.3,41.5,WND,EIA-860 2024 public county summary
county,NJ,,,,county_centroid,2,0,0,0,0,,EIA-860 2024 public county summary
county,NJ,Atlantic,39.469355,-74.633759,county_centroid,20,23,56.2,55.48,55.08,SUN,EIA-860 2024 public county summary
county,NJ,Bergen,40.959698,-74.074727,county_centroid,7,23,1428.6,1282.6,1281.8,SUN,EIA-860 2024 public county summary
county,NJ,Burlington,39.875786,-74.663006,county_centroid,39,42,425.9,351.1,351.5,SUN,EIA-860 2024 public county summary
county,NJ,Camden,39.802407,-74.961249,county_centroid,20,32,267.6,237,230.6,SUN,EIA-860 2024 public county summary
county,NJ,Cape May,39.085841,-74.846354,county_centroid,4,3,3.6,3.5,3.5,SUN,EIA-860 2024 public county summary
county,NJ,Cumberland,39.328434,-75.121628,county_centroid,22,29,540.1,438.7,475.9,SUN,EIA-860 2024 public county summary
county,NJ,Essex,40.7874,-74.246292,county_centroid,23,29,865.2,822,863.7,SUN,EIA-860 2024 public county summary
county,NJ,Gloucester,39.722875,-75.145679,county_centroid,19,27,1147.3,1106.6,1157.6,SUN,EIA-860 2024 public county summary
county,NJ,Hudson,40.731375,-74.078601,county_centroid,24,45,1282.6,1087.1,1117.8,SUN,EIA-860 2024 public county summary
county,NJ,Hunterdon,40.565283,-74.911969,county_centroid,16,21,605.5,548.6,588.4,SUN,EIA-860 2024 public county summary
county,NJ,Mercer,40.282503,-74.703724,county_centroid,26,35,121.1,114.3,119.1,SUN,EIA-860 2024 public county summary
county,NJ,Middlesex,40.439621,-74.40743,county_centroid,63,99,3040.9,2734.86,2916.3,SUN,EIA-860 2024 public county summary
county,NJ,Monmouth,40.287048,-74.152446,county_centroid,26,27,134.8,134.8,134.8,SUN,EIA-860 2024 public county summary
county,NJ,Morris,40.858896,-74.547292,county_centroid,15,15,47.6,47.5,46,SUN,EIA-860 2024 public county summary
county,NJ,Ocean,39.865669,-74.258864,county_centroid,22,44,820.2,788.4,823.3,SUN,EIA-860 2024 public county summary
county,NJ,Passaic,41.036655,-74.299408,county_centroid,6,21,36.4,33,33.4,WAT,EIA-860 2024 public county summary
county,NJ,Salem,39.573828,-75.357356,county_centroid,5,6,3692.5,3514.8,3514.8,NUC,EIA-860 2024 public county summary
county,NJ,Somerset,40.565527,-74.619938,county_centroid,24,24,62.7,61.74,61.34,SUN,EIA-860 2024 public county summary
county,NJ,Sussex,41.137461,-74.691914,county_centroid,9,10,74,74,74,SUN,EIA-860 2024 public county summary
county,NJ,Union,40.659871,-74.308696,county_centroid,20,41,2848.4,2663.4,2750,SUN,EIA-860 2024 public county summary
county,NJ,WARREN,40.853491,-75.009498,county_centroid,1,2,12.3,9.5,11.9,NG,EIA-860 2024 public county summary
county,NJ,Warren,40.853491,-75.009498,county_centroid,14,17,533.7,496.79,496.79,SUN,EIA-860 2024 public county summary
county,NM,Bernalillo,35.053628,-106.66908,county_centroid,18,23,982.2,962.7,968.7,SUN,EIA-860 2024 public county summary
county,NM,Catron,33.901621,-108.391928,county_centroid,1,1,100,100,100,WND,EIA-860 2024 public county summary
county,NM,Chaves,33.361604,-104.469837,county_centroid,7,7,189.3,188.1,187.4,SUN,EIA-860 2024 public county summary
county,NM,Cibola,34.928272,-107.99268,county_centroid,5,4,64,64,64,SUN,EIA-860 2024 public county summary
county,NM,Colfax,36.612964,-104.64011,county_centroid,4,5,43.8,43.7,43.6,SUN,EIA-860 2024 public county summary
county,NM,Curry,34.572984,-103.346055,county_centroid,6,6,566.6,566.6,566.6,WND,EIA-860 2024 public county summary
county,NM,Dona Ana,,,county_centroid,13,17,748.5,616.4,659.2,SUN,EIA-860 2024 public county summary
county,NM,Eddy,32.457835,-104.306434,county_centroid,4,2,30.1,30.1,30.1,SUN,EIA-860 2024 public county summary
county,NM,Grant,32.732087,-108.381504,county_centroid,3,13,85.4,80.4,85.5,NG,EIA-860 2024 public county summary
county,NM,Guadalupe,34.869748,-104.784898,county_centroid,2,2,235,235,235,WND,EIA-860 2024 public county summary
county,NM,Hidalgo,31.898052,-108.751929,county_centroid,3,11,293.2,249.2,281.6,NG,EIA-860 2024 public county summary
county,NM,Lea,32.795687,-103.413271,county_centroid,16,24,1736.3,1551.7,1593.6,SUN,EIA-860 2024 public county summary
county,NM,Lincoln,33.740841,-105.449805,county_centroid,5,4,730,730,730,WND,EIA-860 2024 public county summary
county,NM,Los Alamos,35.870047,-106.307968,county_centroid,1,1,1,1,1,SUN,EIA-860 2024 public county summary
county,NM,Luna,32.184523,-107.747191,county_centroid,8,9,794.4,700.6,752.6,SUN,EIA-860 2024 public county summary
county,NM,McKinley,35.584062,-108.253294,county_centroid,5,4,658,658,658,SUN,EIA-860 2024 public county summary
county,NM,Otero,32.615599,-105.751308,county_centroid,4,5,188,187.9,187.9,SUN,EIA-860 2024 public county summary
county,NM,Quay,35.107018,-103.548071,county_centroid,8,8,409.4,398.8,399.2,WND,EIA-860 2024 public county summary
county,NM,Rio Arriba,36.509669,-106.693983,county_centroid,7,9,147.6,148.8,148.8,SUN,EIA-860 2024 public county summary
county,NM,Roosevelt,34.021207,-103.483004,county_centroid,4,4,942,510,599,WND,EIA-860 2024 public county summary
county,NM,San Juan,36.511624,-108.324578,county_centroid,11,8,2033.2,1928,1937,NG,EIA-860 2024 public county summary
county,NM,San Miguel,35.476859,-104.803519,county_centroid,5,4,26.5,26.5,22.9,SUN,EIA-860 2024 public county summary
county,NM,Sandoval,35.685091,-106.883119,county_centroid,10,11,264.2,264.2,259,SUN,EIA-860 2024 public county summary
county,NM,Santa Fe,35.514531,-105.963972,county_centroid,1,1,9.5,9.3,9.3,SUN,EIA-860 2024 public county summary
county,NM,Sierra,33.119468,-107.188161,county_centroid,3,5,30.8,30.8,30.8,SUN,EIA-860 2024 public county summary
county,NM,Taos,36.577183,-105.638878,county_centroid,7,7,35.8,35.8,35.8,SUN,EIA-860 2024 public county summary
county,NM,Torrance,34.554998,-105.890577,county_centroid,7,7,1081.2,1081.2,1081.2,WND,EIA-860 2024 public county summary
county,NM,Union,36.488085,-103.475723,county_centroid,1,0,0,0,0,,EIA-860 2024 public county summary
county,NM,Valencia,34.71684,-106.806582,county_centroid,13,12,506.3,488.6,490.1,SUN,EIA-860 2024 public county summary
county,NV,CHURCHILL,39.53771,-118.264166,county_centroid,1,2,23.6,20.2,28.6,GEO,EIA-860 2024 public county summary
county,NV,Carson City,39.15306,-119.747368,county_centroid,1,3,6,6,6,DFO,EIA-860 2024 public county summary
county,NV,Churchill,39.53771,-118.264166,county_centroid,11,24,354.8,282.9,321.3,GEO,EIA-860 2024 public county summary
county,NV,Clark,36.21413,-115.014398,county_centroid,75,159,13711,12672.2,12814.8,SUN,EIA-860 2024 public county summary
county,NV,Elko,41.141133,-115.351424,county_centroid,1,2,32,21.4,32,GEO,EIA-860 2024 public county summary
county,NV,Esmeralda,37.778966,-117.632382,county_centroid,1,0,0,0,0,,EIA-860 2024 public county summary
county,NV,Eureka,39.977788,-116.272208,county_centroid,1,3,442,418.4,419.2,SUN,EIA-860 2024 public county summary
county,NV,Humboldt,41.407914,-118.127591,county_centroid,6,7,756.9,687,690.9,MWH,EIA-860 2024 public county summary
county,NV,Lander,39.90021,-117.04724,county_centroid,6,11,232,164.8,232,GEO,EIA-860 2024 public county summary
county,NV,Lincoln,37.634605,-114.863037,county_centroid,1,0,0,0,0,,EIA-860 2024 public county summary
county,NV,Lyon,39.022213,-119.197425,county_centroid,4,9,282.3,269.2,277.9,GEO,EIA-860 2024 public county summary
county,NV,Mineral,38.516647,-118.416279,county_centroid,3,3,90,76.6,90,GEO,EIA-860 2024 public county summary
county,NV,Nye,37.965864,-116.459011,county_centroid,6,3,242,227,227,SUN,EIA-860 2024 public county summary
county,NV,Pershing,40.439639,-118.409477,county_centroid,2,7,45.4,37.5,45.4,GEO,EIA-860 2024 public county summary
county,NV,Storey,39.438385,-119.524646,county_centroid,4,30,1168.2,1087.3,1135.7,NG,EIA-860 2024 public county summary
county,NV,Washoe,40.73132,-119.663269,county_centroid,20,31,668,604.7,651.3,GEO,EIA-860 2024 public county summary
county,NV,White Pine,39.418176,-114.900565,county_centroid,4,1,150,150,150,WND,EIA-860 2024 public county summary
county,NY,Albany,42.58824,-73.97401,county_centroid,30,52,1501.7,1328.29,1521.89,SUN,EIA-860 2024 public county summary
county,NY,Allegany,42.247853,-78.026153,county_centroid,17,15,117.8,110.8,110.8,SUN,EIA-860 2024 public county summary
county,NY,Bronx,40.848711,-73.852939,county_centroid,14,71,292.7,260.2,261.6,DFO,EIA-860 2024 public county summary
county,NY,Broome,42.161977,-75.830283,county_centroid,13,10,163.5,163.5,163.5,SUN,EIA-860 2024 public county summary
county,NY,Cattaraugus,42.239099,-78.662332,county_centroid,12,13,135.1,123.2,132.3,SUN,EIA-860 2024 public county summary
county,NY,Cayuga,43.008546,-76.574587,county_centroid,16,14,51.1,51,51,SUN,EIA-860 2024 public county summary
county,NY,Chautauqua,42.304216,-79.407595,county_centroid,26,24,458.5,449.2,454.2,SUN,EIA-860 2024 public county summary
county,NY,Chemung,42.148697,-76.752471,county_centroid,7,6,13.3,13.3,13.3,SUN,EIA-860 2024 public county summary
county,NY,Chenango,42.478024,-75.602241,county_centroid,6,5,23.3,23.3,23.3,SUN,EIA-860 2024 public county summary
county,NY,Clinton,44.752712,-73.705643,county_centroid,27,42,871,825.61,856.7,SUN,EIA-860 2024 public county summary
county,NY,Columbia,42.247696,-73.626718,county_centroid,12,10,42.8,40.8,42.8,SUN,EIA-860 2024 public county summary
county,NY,Cortland,42.594039,-76.07624,county_centroid,8,7,50,50,50,SUN,EIA-860 2024 public county summary
county,NY,Delaware,42.193986,-74.966728,county_centroid,1,1,2.3,2.3,2.3,SUN,EIA-860 2024 public county summary
county,NY,Dutchess,41.754825,-73.740014,county_centroid,21,37,1375.4,1077,1198.5,SUN,EIA-860 2024 public county summary
county,NY,Erie,42.752759,-78.778192,county_centroid,31,34,192,175.2,185.6,SUN,EIA-860 2024 public county summary
county,NY,Essex,44.109601,-73.778431,county_centroid,9,10,77.8,76,73.8,SUN,EIA-860 2024 public county summary
county,NY,Franklin,44.594376,-74.31067,county_centroid,13,15,220.7,218.4,219.1,WAT,EIA-860 2024 public county summary
county,NY,Fulton,43.115609,-74.423678,county_centroid,22,24,68,66.5,65.7,SUN,EIA-860 2024 public county summary
county,NY,Genesee,43.00091,-78.192778,county_centroid,24,26,122.1,103.7,114.4,SUN,EIA-860 2024 public county summary
county,NY,Greene,42.28697,-74.149542,county_centroid,13,15,1265.1,1032.5,1246.4,SUN,EIA-860 2024 public county summary
county,NY,Herkimer,43.571009,-74.841097,county_centroid,18,20,138.1,134.6,134.3,WAT,EIA-860 2024 public county summary
county,NY,Jefferson,43.996389,-76.052968,county_centroid,37,67,245.5,234.5,243.4,WAT,EIA-860 2024 public county summary
county,NY,Kings,40.635045,-73.95064,county_centroid,27,108,1519.1,1339.3,1647.3,DFO,EIA-860 2024 public county summary
county,NY,Lewis,43.782706,-75.444132,county_centroid,27,58,780.8,748.2,758.8,WAT,EIA-860 2024 public county summary
county,NY,Livingston,42.729042,-77.778463,county_centroid,12,9,214,214,214,SUN,EIA-860 2024 public county summary
county,NY,Madison,42.910026,-75.663575,county_centroid,15,12,109.1,109.1,106.9,SUN,EIA-860 2024 public county summary
county,NY,Monroe,43.250347,-77.700518,county_centroid,41,58,328.7,326.8,324.7,SUN,EIA-860 2024 public county summary
county,NY,Montgomery,42.900891,-74.435357,county_centroid,18,14,166.4,166.4,166.4,SUN,EIA-860 2024 public county summary
county,NY,Nassau,40.729612,-73.589414,county_centroid,17,46,1465.8,1303.87,1419.21,NG,EIA-860 2024 public county summary
county,NY,New York,40.776642,-73.970187,county_centroid,16,83,897.1,802.3,894.4,DFO,EIA-860 2024 public county summary
county,NY,Niagara,43.272672,-78.812943,county_centroid,24,59,3081.8,3057.1,3079.6,SUN,EIA-860 2024 public county summary
county,NY,Oneida,43.242727,-75.434282,county_centroid,38,39,203.3,197.2,202.3,SUN,EIA-860 2024 public county summary
county,NY,Onondaga,43.006516,-76.196134,county_centroid,34,35,377.7,322.1,349.8,SUN,EIA-860 2024 public county summary
county,NY,Ontario,42.856357,-77.303497,county_centroid,20,27,52.5,52.6,50.4,SUN,EIA-860 2024 public county summary
county,NY,Orange,41.40241,-74.306252,county_centroid,51,70,2727.2,2542.89,2639.81,SUN,EIA-860 2024 public county summary
county,NY,Orleans,43.339906,-78.207028,county_centroid,11,9,22,21.8,21.5,SUN,EIA-860 2024 public county summary
county,NY,Oswego,43.461443,-76.209262,county_centroid,32,64,5959.1,5545,5798.46,SUN,EIA-860 2024 public county summary
county,NY,Otsego,42.629776,-75.028841,county_centroid,3,8,9,9,8.9,DFO,EIA-860 2024 public county summary
county,NY,Putnam,41.427907,-73.743861,county_centroid,1,3,2.1,2.1,2.1,NG,EIA-860 2024 public county summary
county,NY,Queens,40.654658,-73.841209,county_centroid,20,44,5573.6,5184.07,5445.6,NG,EIA-860 2024 public county summary
county,NY,Rensselaer,42.710421,-73.513845,county_centroid,22,35,944.5,854.7,965.3,SUN,EIA-860 2024 public county summary
county,NY,Richmond,40.561263,-74.1399,county_centroid,19,23,993.7,992.3,993.6,NG,EIA-860 2024 public county summary
county,NY,Rockland,41.154628,-74.024662,county_centroid,9,22,1324,1226.4,1239.5,NG,EIA-860 2024 public county summary
county,NY,SUFFOLK,40.943554,-72.692218,county_centroid,1,1,54,56.7,51.2,KER,EIA-860 2024 public county summary
county,NY,Saratoga,43.106135,-73.855387,county_centroid,36,63,565.9,546.3,557.09,SUN,EIA-860 2024 public county summary
county,NY,Schenectady,42.817552,-74.043559,county_centroid,16,18,76,76,76,SUN,EIA-860 2024 public county summary
county,NY,Schoharie,42.591294,-74.438172,county_centroid,3,6,1052,1221.8,1221.4,SUN,EIA-860 2024 public county summary
county,NY,Schuyler,42.419776,-76.938603,county_centroid,7,5,18.6,18.5,18.6,SUN,EIA-860 2024 public county summary
county,NY,Seneca,42.782294,-76.827088,county_centroid,8,28,35.2,35.2,35.2,SUN,EIA-860 2024 public county summary
county,NY,St Lawrence,,,county_centroid,60,104,1350.3,1251.8,1267.6,WAT,EIA-860 2024 public county summary
county,NY,St. Lawrence,44.488112,-75.074311,county_centroid,9,9,38.4,38.4,38.4,SUN,EIA-860 2024 public county summary
county,NY,Steuben,42.266725,-77.385525,county_centroid,22,12,451.8,451.8,451.8,WND,EIA-860 2024 public county summary
county,NY,Suffolk,40.943554,-72.692218,county_centroid,61,97,4322.1,4178.9,4497.3,SUN,EIA-860 2024 public county summary
county,NY,Sullivan,41.719993,-74.771577,county_centroid,25,28,113.8,114.3,114.9,SUN,EIA-860 2024 public county summary
county,NY,Tioga,42.178057,-76.297456,county_centroid,16,14,75.8,75.8,75.8,SUN,EIA-860 2024 public county summary
county,NY,Tompkins,42.453006,-76.473483,county_centroid,15,24,105.5,98.4,101.7,SUN,EIA-860 2024 public county summary
county,NY,ULSTER,41.947212,-74.265458,county_centroid,1,1,3.2,3.2,3.2,WAT,EIA-860 2024 public county summary
county,NY,Ulster,41.947212,-74.265458,county_centroid,22,26,73.6,72.6,70.8,SUN,EIA-860 2024 public county summary
county,NY,Warren,43.555105,-73.838139,county_centroid,5,9,50.6,44.1,48.6,WAT,EIA-860 2024 public county summary
county,NY,Washington,43.312377,-73.439428,county_centroid,15,15,51.6,39.4,42.6,SUN,EIA-860 2024 public county summary
county,NY,Wayne,43.218114,-77.049402,county_centroid,12,14,636.6,604.1,604.4,SUN,EIA-860 2024 public county summary
county,NY,Westchester,41.152686,-73.745753,county_centroid,26,82,146.7,135.51,138.21,DFO,EIA-860 2024 public county summary
county,NY,Wyoming,42.701365,-78.228576,county_centroid,15,13,530.1,520,530.4,SUN,EIA-860 2024 public county summary
county,NY,Yates,42.638237,-77.104324,county_centroid,6,6,135.6,128.1,129.9,SUN,EIA-860 2024 public county summary
county,OH,Allen,40.771627,-84.106103,county_centroid,1,0,0,0,0,,EIA-860 2024 public county summary
county,OH,Ashtabula,41.906637,-80.745592,county_centroid,2,12,30.1,27.4,32.6,NG,EIA-860 2024 public county summary
county,OH,Auglaize,40.561309,-84.224018,county_centroid,5,6,49.5,46.9,46.9,SUN,EIA-860 2024 public county summary
county,OH,Brown,38.931377,-83.866772,county_centroid,2,4,204.8,204.5,204.5,LFG,EIA-860 2024 public county summary
county,OH,Butler,39.439747,-84.565734,county_centroid,8,25,2084.3,1727.2,2031.1,NG,EIA-860 2024 public county summary
county,OH,Carroll,40.579884,-81.090787,county_centroid,2,3,832.3,714.6,760.4,NG,EIA-860 2024 public county summary
county,OH,Champaign,40.132775,-83.767604,county_centroid,2,1,144,144,144,SUN,EIA-860 2024 public county summary
county,OH,Clark,39.917032,-83.783676,county_centroid,1,1,1.5,1.5,1.1,SUN,EIA-860 2024 public county summary
county,OH,Clermont,39.052054,-84.149485,county_centroid,2,3,84,84,84,SUN,EIA-860 2024 public county summary
county,OH,Clinton,39.416681,-83.804583,county_centroid,2,1,10,5,5,MWH,EIA-860 2024 public county summary
county,OH,Columbiana,40.770073,-80.778455,county_centroid,1,4,1210.4,1210.4,1210.4,NG,EIA-860 2024 public county summary
county,OH,Crawford,40.848524,-82.924783,county_centroid,3,5,54.9,43.4,54.9,DFO,EIA-860 2024 public county summary
county,OH,Cuyahoga,41.555037,-81.604957,county_centroid,12,19,171,168.2,164.8,DFO,EIA-860 2024 public county summary
county,OH,Darke,40.131467,-84.621191,county_centroid,5,11,247.7,207.7,247.7,SUN,EIA-860 2024 public county summary
county,OH,Defiance,41.321679,-84.486433,county_centroid,3,12,453.6,373.5,436.5,WAT,EIA-860 2024 public county summary
county,OH,Delaware,40.278941,-83.007462,county_centroid,1,2,5.2,5.2,5.2,WAT,EIA-860 2024 public county summary
county,OH,Erie,41.394143,-82.586835,county_centroid,2,2,2.4,2.4,2.4,LFG,EIA-860 2024 public county summary
county,OH,Fairfield,39.747694,-82.626685,county_centroid,1,0,0,0,0,,EIA-860 2024 public county summary
county,OH,Franklin,39.969875,-83.009086,county_centroid,8,6,9.1,7.9,7.9,DFO,EIA-860 2024 public county summary
county,OH,Fulton,41.597264,-84.124267,county_centroid,3,3,114.2,114.2,114.2,SUN,EIA-860 2024 public county summary
county,OH,Gallia,38.817046,-82.301746,county_centroid,2,7,3686.5,3684.8,3712.7,BIT,EIA-860 2024 public county summary
county,OH,Greene,39.687479,-83.894894,county_centroid,2,1,1.8,1.8,1.8,SUN,EIA-860 2024 public county summary
county,OH,Guernsey,40.056665,-81.497875,county_centroid,1,3,2055,1782,1875,NG,EIA-860 2024 public county summary
county,OH,Hamilton,39.196927,-84.544187,county_centroid,6,16,1243.7,1139.65,1162.5,DFO,EIA-860 2024 public county summary
county,OH,Hancock,41.000217,-83.665947,county_centroid,8,14,20.2,20.2,20.2,WND,EIA-860 2024 public county summary
county,OH,Hardin,40.660415,-83.664077,county_centroid,5,5,369,368.7,368.7,SUN,EIA-860 2024 public county summary
county,OH,Harrison,40.292318,-81.091565,county_centroid,1,0,0,0,0,,EIA-860 2024 public county summary
county,OH,Henry,41.331584,-84.0689,county_centroid,7,9,69.2,57.3,68.8,SUN,EIA-860 2024 public county summary
county,OH,Highland,39.184422,-83.601359,county_centroid,4,4,550,550,550,SUN,EIA-860 2024 public county summary
county,OH,Huron,41.14508,-82.594641,county_centroid,3,2,5.9,5.7,5.7,DFO,EIA-860 2024 public county summary
county,OH,Jackson,39.013477,-82.614142,county_centroid,1,0,0,0,0,,EIA-860 2024 public county summary
county,OH,Jefferson,40.399384,-80.763527,county_centroid,2,3,1880.4,1790,1810,BIT,EIA-860 2024 public county summary
county,OH,Lake,41.778142,-81.19733,county_centroid,2,6,1367.1,1288.8,1316.8,BIT,EIA-860 2024 public county summary
county,OH,Lawrence,38.603866,-82.517186,county_centroid,1,6,1429.8,1365,1426,NG,EIA-860 2024 public county summary
county,OH,Licking,40.091505,-82.483435,county_centroid,1,1,1.9,1.9,1.9,SUN,EIA-860 2024 public county summary
county,OH,Logan,40.387553,-83.766343,county_centroid,2,2,253.2,253.2,253.2,WND,EIA-860 2024 public county summary
county,OH,Lorain,41.438805,-82.179722,county_centroid,5,18,577.1,521.9,554.6,NG,EIA-860 2024 public county summary
county,OH,Lucas,41.682321,-83.468903,county_centroid,9,19,1286.2,1036.9,1152.8,SUN,EIA-860 2024 public county summary
county,OH,Madison,39.89661,-83.400887,county_centroid,5,4,957.2,957.2,957.2,SUN,EIA-860 2024 public county summary
county,OH,Mahoning,41.01088,-80.770396,county_centroid,3,5,4,4,4,LFG,EIA-860 2024 public county summary
county,OH,Marion,40.588034,-83.168803,county_centroid,4,6,14.1,14.1,14.1,NG,EIA-860 2024 public county summary
county,OH,Medina,41.116174,-81.899764,county_centroid,6,13,35.9,35.9,35.9,DFO,EIA-860 2024 public county summary
county,OH,Meigs,39.089807,-82.028397,county_centroid,2,2,47.4,20,26,WAT,EIA-860 2024 public county summary
county,OH,Mercer,40.535333,-84.632059,county_centroid,1,1,4,4,4,SUN,EIA-860 2024 public county summary
county,OH,Miami,40.053326,-84.228413,county_centroid,3,4,50.7,50.9,50.9,SUN,EIA-860 2024 public county summary
county,OH,Monroe,39.726253,-81.090983,county_centroid,2,7,529.7,492.8,492.8,DFO,EIA-860 2024 public county summary
county,OH,Montgomery,39.753736,-84.290591,county_centroid,5,25,853.3,772.6,944.6,NG,EIA-860 2024 public county summary
county,OH,Morgan,39.624946,-81.861697,county_centroid,2,0,0,0,0,,EIA-860 2024 public county summary
county,OH,Muskingum,39.966046,-81.943506,county_centroid,2,3,678.3,540,625,NG,EIA-860 2024 public county summary
county,OH,Ottawa,41.545495,-83.012613,county_centroid,3,4,931.2,900,914,NUC,EIA-860 2024 public county summary
county,OH,Paulding,41.118948,-84.582125,county_centroid,8,13,493.6,488.6,488.6,WND,EIA-860 2024 public county summary
county,OH,Perry,39.743187,-82.237952,county_centroid,1,7,5.6,5.6,5.6,LFG,EIA-860 2024 public county summary
county,OH,Pickaway,39.648947,-83.052827,county_centroid,3,6,564,480,540,NG,EIA-860 2024 public county summary
county,OH,Portage,41.16897,-81.196962,county_centroid,1,2,13.2,11.8,13.3,NG,EIA-860 2024 public county summary
county,OH,Putnam,41.024533,-84.129879,county_centroid,4,3,54.9,54.9,54.9,SUN,EIA-860 2024 public county summary
county,OH,Richland,40.774159,-82.542781,county_centroid,7,9,13.8,13.8,13.8,DFO,EIA-860 2024 public county summary
county,OH,Ross,39.323895,-83.059538,county_centroid,5,6,416.7,356.4,359.6,SUN,EIA-860 2024 public county summary
county,OH,Sandusky,41.355319,-83.142776,county_centroid,5,9,759.5,705.1,703,NG,EIA-860 2024 public county summary
county,OH,Scioto,38.814889,-82.998675,county_centroid,2,4,137.2,104.2,104.2,WAT,EIA-860 2024 public county summary
county,OH,Seneca,41.119992,-83.127547,county_centroid,1,1,3.5,3.5,3.5,NG,EIA-860 2024 public county summary
county,OH,Shelby,40.33668,-84.204142,county_centroid,3,7,16.9,16.9,16.9,DFO,EIA-860 2024 public county summary
county,OH,Stark,40.814131,-81.365667,county_centroid,2,1,1.9,1.9,1.9,SUN,EIA-860 2024 public county summary
county,OH,Summit,41.121847,-81.534928,county_centroid,4,13,20,20,20,OBG,EIA-860 2024 public county summary
county,OH,Trumbull,41.306374,-80.7704,county_centroid,8,12,1016,909.7,994.8,SUN,EIA-860 2024 public county summary
county,OH,Tuscarawas,40.447439,-81.471166,county_centroid,2,10,60.4,51.7,51.7,BIT,EIA-860 2024 public county summary
county,OH,Union,40.295901,-83.367042,county_centroid,3,1,325,325,325,SUN,EIA-860 2024 public county summary
county,OH,Van Wert,40.85552,-84.585775,county_centroid,5,5,903.2,747.5,846.5,WND,EIA-860 2024 public county summary
county,OH,Vinton,39.252042,-82.485961,county_centroid,1,5,977.5,925,1045,NG,EIA-860 2024 public county summary
county,OH,Washington,39.450676,-81.490636,county_centroid,7,7,1636.5,1527,1646,NG,EIA-860 2024 public county summary
county,OH,Wayne,40.829661,-81.887194,county_centroid,4,10,94.7,88.7,88.7,SUN,EIA-860 2024 public county summary
county,OH,Williams,41.564959,-84.584324,county_centroid,7,20,85.6,75.5,89.1,DFO,EIA-860 2024 public county summary
county,OH,Wood,41.360183,-83.622682,county_centroid,10,15,920.8,817.7,911.61,NG,EIA-860 2024 public county summary
county,OH,Wyandot,40.839782,-83.313681,county_centroid,3,3,12.8,12.8,12.8,SUN,EIA-860 2024 public county summary
county,OK,Beaver,36.748334,-100.483056,county_centroid,4,4,797.7,797.7,797.7,WND,EIA-860 2024 public county summary
county,OK,Bryan,33.964004,-96.265135,county_centroid,2,2,10,10,10,SUN,EIA-860 2024 public county summary
county,OK,Caddo,35.16792,-98.381045,county_centroid,12,23,2113.1,2021.8,2039.8,WND,EIA-860 2024 public county summary
county,OK,Canadian,35.543354,-97.979889,county_centroid,4,13,895.7,831.7,831.7,WND,EIA-860 2024 public county summary
county,OK,Cherokee,35.904367,-94.996796,county_centroid,1,4,44.8,49.3,49.3,WAT,EIA-860 2024 public county summary
county,OK,Choctaw,34.027699,-95.554079,county_centroid,2,1,446,440,440,SUB,EIA-860 2024 public county summary
county,OK,Cleveland,35.206376,-97.323088,county_centroid,2,6,20.6,20.6,20.6,SUN,EIA-860 2024 public county summary
county,OK,Coal,34.582861,-96.288039,county_centroid,3,25,62.5,56.48,51.1,NG,EIA-860 2024 public county summary
county,OK,Comanche,34.66263,-98.476612,county_centroid,4,6,519.7,462.7,471.7,WND,EIA-860 2024 public county summary
county,OK,Custer,35.645601,-98.997386,county_centroid,2,3,1146,1146,1146,WND,EIA-860 2024 public county summary
county,OK,Dewey,35.97796,-99.014385,county_centroid,6,5,854.1,854.1,854.1,WND,EIA-860 2024 public county summary
county,OK,Ellis,36.224258,-99.750139,county_centroid,2,2,475,475,475,WND,EIA-860 2024 public county summary
county,OK,Garfield,36.378132,-97.788741,county_centroid,8,7,1154.3,1154.3,1154.3,WND,EIA-860 2024 public county summary
county,OK,Grady,35.021058,-97.88689,county_centroid,7,6,421.1,421.1,421.1,WND,EIA-860 2024 public county summary
county,OK,Grant,36.788254,-97.788151,county_centroid,2,2,299,297,297,WND,EIA-860 2024 public county summary
county,OK,Greer,34.933853,-99.552968,county_centroid,1,4,6.7,5.4,5.4,NG,EIA-860 2024 public county summary
county,OK,Harper,36.80035,-99.662805,county_centroid,4,5,237.4,237.4,237.4,WND,EIA-860 2024 public county summary
county,OK,Haskell,35.232431,-95.109642,county_centroid,1,3,90,95,95,WAT,EIA-860 2024 public county summary
county,OK,Hughes,35.052934,-96.251183,county_centroid,2,3,7.5,6.73,6.07,NG,EIA-860 2024 public county summary
county,OK,Johnston,34.313455,-96.654254,county_centroid,1,1,303.5,303.5,303.5,WND,EIA-860 2024 public county summary
county,OK,Kay,36.814885,-97.143862,county_centroid,11,10,1358.4,1323.5,1323.5,WND,EIA-860 2024 public county summary
county,OK,Kingfisher,35.949436,-97.934557,county_centroid,3,7,606.4,606,606,WND,EIA-860 2024 public county summary
county,OK,Kiowa,34.921489,-98.981617,county_centroid,3,2,268.8,268.8,268.8,SUN,EIA-860 2024 public county summary
county,OK,Le Flore,34.897356,-94.695074,county_centroid,1,2,350,321,321,SUB,EIA-860 2024 public county summary
county,OK,Logan,35.914277,-97.450952,county_centroid,2,5,547.5,495,557,WND,EIA-860 2024 public county summary
county,OK,Love,33.957804,-97.245093,county_centroid,1,1,3,3,3,SUN,EIA-860 2024 public county summary
county,OK,Major,36.313119,-98.542015,county_centroid,1,1,288,288,288,WND,EIA-860 2024 public county summary
county,OK,Mayes,36.303804,-95.235638,county_centroid,12,26,2781.6,2330,2416,WAT,EIA-860 2024 public county summary
county,OK,McClain,35.016436,-97.449803,county_centroid,1,3,551.3,486.7,486.7,NG,EIA-860 2024 public county summary
county,OK,McCurtain,34.117073,-94.766086,county_centroid,2,3,168,172.8,172.8,WAT,EIA-860 2024 public county summary
county,OK,Murray,34.485766,-97.071557,county_centroid,6,5,512,513.3,513.3,WND,EIA-860 2024 public county summary
county,OK,Muskogee,35.617551,-95.383911,county_centroid,3,9,1905,1652.5,1656.4,NG,EIA-860 2024 public county summary
county,OK,Noble,36.384901,-97.236335,county_centroid,3,3,1435.8,1335.8,1335.8,SUB,EIA-860 2024 public county summary
county,OK,Okfuskee,35.466804,-96.327762,county_centroid,1,3,110,110,136,NG,EIA-860 2024 public county summary
county,OK,Oklahoma,35.554611,-97.409401,county_centroid,4,16,2431,1871.76,1871.76,NG,EIA-860 2024 public county summary
county,OK,Osage,36.624299,-96.408112,county_centroid,3,7,162.6,160,160,WND,EIA-860 2024 public county summary
county,OK,Payne,36.079225,-96.975255,county_centroid,5,14,81,77,77,NG,EIA-860 2024 public county summary
county,OK,Pittsburg,34.92554,-95.74813,county_centroid,2,8,1375,1217.49,1404.04,NG,EIA-860 2024 public county summary
county,OK,Pontotoc,34.721421,-96.691804,county_centroid,2,1,5,5,5,SUN,EIA-860 2024 public county summary
county,OK,Pushmataha,34.377899,-95.408082,county_centroid,1,1,100,100,100,WND,EIA-860 2024 public county summary
county,OK,Roger Mills,35.708554,-99.741572,county_centroid,3,4,453.1,453.1,453.1,WND,EIA-860 2024 public county summary
county,OK,Rogers,36.377794,-95.601383,county_centroid,1,6,1477.5,1342,1389,NG,EIA-860 2024 public county summary
county,OK,Seminole,35.158366,-96.602857,county_centroid,1,3,1701,1521.5,1521.5,NG,EIA-860 2024 public county summary
county,OK,Sequoyah,35.502435,-94.750757,county_centroid,2,6,149,147.6,147.6,WAT,EIA-860 2024 public county summary
county,OK,Stephens,34.481361,-97.855607,county_centroid,1,1,249.9,249.9,249.9,WND,EIA-860 2024 public county summary
county,OK,Texas,36.746317,-101.483855,county_centroid,4,2,201,201,201,WND,EIA-860 2024 public county summary
county,OK,Tulsa,36.120318,-95.941813,county_centroid,5,17,2460.6,2278.7,2314.9,NG,EIA-860 2024 public county summary
county,OK,Wagoner,35.963388,-95.514201,county_centroid,1,6,1214,1086.4,1128.2,NG,EIA-860 2024 public county summary
county,OK,Washita,35.289908,-98.992272,county_centroid,2,2,375.7,375.7,375.7,WND,EIA-860 2024 public county summary
county,OK,Woods,36.726984,-98.863649,county_centroid,2,4,202.9,202.9,202.9,WND,EIA-860 2024 public county summary
county,OK,Woodward,36.425619,-99.273661,county_centroid,8,9,1007,1024,1024,WND,EIA-860 2024 public county summary
county,OR,Baker,44.703427,-117.691933,county_centroid,9,12,260.8,281.64,288.45,WND,EIA-860 2024 public county summary
county,OR,Benton,44.493882,-123.424664,county_centroid,3,8,13.3,12.5,13.3,LFG,EIA-860 2024 public county summary
county,OR,Clackamas,45.160493,-122.195127,county_centroid,37,54,270.7,291,294.7,SUN,EIA-860 2024 public county summary
county,OR,Clatsop,46.024509,-123.705037,county_centroid,1,1,30,24,26,BLQ,EIA-860 2024 public county summary
county,OR,Columbia,45.941932,-123.081079,county_centroid,3,22,1319.3,1109.4,1171.8,NG,EIA-860 2024 public county summary
county,OR,Crook,44.163054,-120.371585,county_centroid,4,3,166.3,173.6,173.6,SUN,EIA-860 2024 public county summary
county,OR,Deschutes,43.915118,-121.225575,county_centroid,8,10,51.2,49.4,47.2,SUN,EIA-860 2024 public county summary
county,OR,Douglas,43.286328,-123.154476,county_centroid,14,21,267.8,273.2,273.1,WAT,EIA-860 2024 public county summary
county,OR,Gilliam,45.382955,-120.276246,county_centroid,12,24,1883.7,1873.8,1873.8,WND,EIA-860 2024 public county summary
county,OR,Grant,44.496326,-119.014057,county_centroid,1,1,7.5,7.5,7.5,WDS,EIA-860 2024 public county summary
county,OR,Harney,43.064449,-118.987169,county_centroid,4,4,39.9,39.9,39.9,SUN,EIA-860 2024 public county summary
county,OR,Hood River,45.511775,-121.655976,county_centroid,4,5,7.7,4.6,7.1,WAT,EIA-860 2024 public county summary
county,OR,Jackson,42.411621,-122.675611,county_centroid,14,20,188.3,188.8,188.8,WAT,EIA-860 2024 public county summary
county,OR,Jefferson,44.645151,-121.178632,county_centroid,9,14,532.1,510.7,512.4,WAT,EIA-860 2024 public county summary
county,OR,Josephine,42.386983,-123.57162,county_centroid,2,0,0,0,0,,EIA-860 2024 public county summary
county,OR,Klamath,42.683761,-121.646168,county_centroid,23,23,758.7,723,804.5,SUN,EIA-860 2024 public county summary
county,OR,Lake,42.788401,-120.38979,county_centroid,14,11,125.3,123.4,123.9,SUN,EIA-860 2024 public county summary
county,OR,Lane,43.928334,-122.897581,county_centroid,12,26,313.7,304.2,305.7,WAT,EIA-860 2024 public county summary
county,OR,Lincoln,44.641061,-123.911212,county_centroid,1,1,18.8,13.4,13.4,BLQ,EIA-860 2024 public county summary
county,OR,Linn,44.488898,-122.537208,county_centroid,7,11,243.3,221.6,225.2,WAT,EIA-860 2024 public county summary
county,OR,MARION,44.900898,-122.57626,county_centroid,1,1,13.1,11.5,11.5,MSW,EIA-860 2024 public county summary
county,OR,Malheur,43.188625,-117.603191,county_centroid,14,17,110,94.7,105.5,SUN,EIA-860 2024 public county summary
county,OR,Marion,44.900898,-122.57626,county_centroid,29,29,174.8,177.7,177.7,SUN,EIA-860 2024 public county summary
county,OR,Morrow,45.425496,-119.602311,county_centroid,22,27,1627.7,1495.2,1610.1,WND,EIA-860 2024 public county summary
county,OR,Multnomah,45.547711,-122.417363,county_centroid,6,23,1387.1,1379.3,1379.3,WAT,EIA-860 2024 public county summary
county,OR,Polk,44.900372,-123.39864,county_centroid,8,6,14.7,14.7,13.4,SUN,EIA-860 2024 public county summary
county,OR,Sherman,45.399216,-120.678512,county_centroid,12,28,3426.5,3324,3324,WND,EIA-860 2024 public county summary
county,OR,Tillamook,45.45589,-123.759299,county_centroid,1,1,1,1,1,OBG,EIA-860 2024 public county summary
county,OR,Umatilla,45.5912,-118.73388,county_centroid,16,33,2713.8,2466.1,2517.1,WND,EIA-860 2024 public county summary
county,OR,Union,45.304081,-117.999149,county_centroid,1,1,100.7,100.7,100.7,WND,EIA-860 2024 public county summary
county,OR,Wallowa,45.593753,-117.18558,county_centroid,2,4,412.2,438.1,443.64,WAT,EIA-860 2024 public county summary
county,OR,Wasco,45.164536,-121.165069,county_centroid,7,25,1826.2,1827.7,1827,WAT,EIA-860 2024 public county summary
county,OR,Washington,45.553542,-123.097615,county_centroid,6,6,98.8,98.8,98.8,MWH,EIA-860 2024 public county summary
county,OR,Yamhill,45.247827,-123.316399,county_centroid,14,19,36.5,36.5,36.5,SUN,EIA-860 2024 public county summary
county,PA,Adams,39.869437,-77.21775,county_centroid,7,11,1087.9,997.1,1122.7,DFO,EIA-860 2024 public county summary
county,PA,Allegheny,40.469757,-79.980451,county_centroid,13,24,1124.2,1037.3,1102.6,NG,EIA-860 2024 public county summary
county,PA,Armstrong,40.81238,-79.464129,county_centroid,7,19,2627,2434,2601,WAT,EIA-860 2024 public county summary
county,PA,Beaver,40.68414,-80.350721,county_centroid,9,16,2218.5,2125.6,2223.9,SUN,EIA-860 2024 public county summary
county,PA,Berks,40.413957,-75.92686,county_centroid,10,17,1326,1091.7,1152.5,SUN,EIA-860 2024 public county summary
county,PA,Blair,40.498683,-78.309597,county_centroid,5,5,252.1,250.3,250.3,WND,EIA-860 2024 public county summary
county,PA,Bradford,41.791504,-76.502123,county_centroid,8,22,962.4,854.9,939.9,NG,EIA-860 2024 public county summary
county,PA,Bucks,40.336887,-75.10706,county_centroid,10,28,2027.1,1789.7,2010,DFO,EIA-860 2024 public county summary
county,PA,Cambria,40.510209,-78.710488,county_centroid,10,10,1720.1,1579.2,1598.1,WND,EIA-860 2024 public county summary
county,PA,Carbon,40.918367,-75.705039,county_centroid,5,5,119.5,105.4,105.4,SUN,EIA-860 2024 public county summary
county,PA,Centre,40.909322,-77.847667,county_centroid,5,6,22.5,18.2,23.6,NG,EIA-860 2024 public county summary
county,PA,Chester,39.974029,-75.749751,county_centroid,8,9,63.1,46.1,62,SUN,EIA-860 2024 public county summary
county,PA,Clarion,41.198159,-79.420369,county_centroid,1,3,30,33.2,33.2,WAT,EIA-860 2024 public county summary
county,PA,Clearfield,41.006862,-78.477724,county_centroid,7,9,672,642,635.7,SUN,EIA-860 2024 public county summary
county,PA,Clinton,41.239508,-77.629009,county_centroid,1,0,0,0,0,,EIA-860 2024 public county summary
county,PA,Columbia,41.045517,-76.40426,county_centroid,3,0,0,0,0,,EIA-860 2024 public county summary
county,PA,Crawford,41.687876,-80.107795,county_centroid,2,0,0,0,0,,EIA-860 2024 public county summary
county,PA,Cumberland,40.164805,-77.263442,county_centroid,7,13,72.7,58.6,67,SUN,EIA-860 2024 public county summary
county,PA,Dauphin,40.412565,-76.792634,county_centroid,5,5,1018.5,832.5,858.7,NG,EIA-860 2024 public county summary
county,PA,Delaware,39.916685,-75.398818,county_centroid,5,18,2470.9,2395.4,2473.4,NG,EIA-860 2024 public county summary
county,PA,Elk,41.427332,-78.653937,county_centroid,1,1,54,49,49,BLQ,EIA-860 2024 public county summary
county,PA,Erie,42.117952,-80.096386,county_centroid,3,3,8.7,8.7,8.7,DFO,EIA-860 2024 public county summary
county,PA,FAYETTE,39.918911,-79.640253,county_centroid,1,2,87.6,96.8,98,NG,EIA-860 2024 public county summary
county,PA,Fayette,39.918911,-79.640253,county_centroid,7,10,844.5,798,836.3,SUN,EIA-860 2024 public county summary
county,PA,Forest,41.513304,-79.249705,county_centroid,1,0,0,0,0,,EIA-860 2024 public county summary
county,PA,Franklin,39.926772,-77.724521,county_centroid,13,67,378.1,389.6,390.6,SUN,EIA-860 2024 public county summary
county,PA,Fulton,39.91075,-78.122617,county_centroid,1,1,70,70,70,SUN,EIA-860 2024 public county summary
county,PA,Greene,39.847707,-80.225655,county_centroid,2,1,664.7,621.6,623.7,NG,EIA-860 2024 public county summary
county,PA,Huntingdon,40.422311,-77.968595,county_centroid,2,6,24.5,11.2,24.5,WAT,EIA-860 2024 public county summary
county,PA,Indiana,40.651432,-79.087545,county_centroid,4,11,2572.4,2256.2,2256.2,DFO,EIA-860 2024 public county summary
county,PA,Juniata,40.530673,-77.400438,county_centroid,1,1,20,20,20,SUN,EIA-860 2024 public county summary
county,PA,LUZERNE,41.173078,-75.976053,county_centroid,1,1,44,44.8,50.5,NG,EIA-860 2024 public county summary
county,PA,Lackawanna,41.436636,-75.608768,county_centroid,3,9,1596.8,1439.1,1551.6,NG,EIA-860 2024 public county summary
county,PA,Lancaster,40.041992,-76.250198,county_centroid,15,53,1814.6,1797,1810.2,LFG,EIA-860 2024 public county summary
county,PA,Lawrence,40.992735,-80.334446,county_centroid,3,8,1388.1,1269.3,1332.7,NG,EIA-860 2024 public county summary
county,PA,Lebanon,40.371448,-76.464819,county_centroid,3,6,783.8,766.2,766.2,SUN,EIA-860 2024 public county summary
county,PA,Lehigh,40.614241,-75.590627,county_centroid,3,2,5,5,5,SUN,EIA-860 2024 public county summary
county,PA,Luzerne,41.173078,-75.976053,county_centroid,9,14,4000.2,3855.6,3924.6,NG,EIA-860 2024 public county summary
county,PA,Lycoming,41.343882,-77.055262,county_centroid,7,7,945.4,870.2,981.2,LFG,EIA-860 2024 public county summary
county,PA,McKean,41.81459,-78.572463,county_centroid,1,0,0,0,0,,EIA-860 2024 public county summary
county,PA,Mercer,41.300014,-80.252786,county_centroid,2,1,4.4,4.3,4.2,DFO,EIA-860 2024 public county summary
county,PA,Monroe,41.05624,-75.329065,county_centroid,2,2,22.7,23.1,25.9,SUN,EIA-860 2024 public county summary
county,PA,Montgomery,40.209999,-75.370201,county_centroid,12,26,2473.3,2412.3,2553.2,SUN,EIA-860 2024 public county summary
county,PA,Montour,41.029284,-76.665225,county_centroid,2,2,1757.9,1504,1504,BIT,EIA-860 2024 public county summary
county,PA,Northampton,40.752791,-75.307447,county_centroid,10,25,3852,3742.7,3756.7,NG,EIA-860 2024 public county summary
county,PA,Northumberland,40.851524,-76.709877,county_centroid,5,2,67.3,63,60,SUN,EIA-860 2024 public county summary
county,PA,Philadelphia,40.009376,-75.133346,county_centroid,12,36,557,448.2,550.8,NG,EIA-860 2024 public county summary
county,PA,Potter,41.748587,-77.894436,county_centroid,2,1,90,90,90,WND,EIA-860 2024 public county summary
county,PA,Schuylkill,40.703682,-76.217788,county_centroid,11,26,363.4,335.8,335.5,WC,EIA-860 2024 public county summary
county,PA,Snyder,40.755412,-77.07302,county_centroid,4,9,1270.1,1147.75,1160.96,SUN,EIA-860 2024 public county summary
county,PA,Somerset,39.981297,-79.028486,county_centroid,16,16,446.3,444.7,442.5,WND,EIA-860 2024 public county summary
county,PA,Susquehanna,41.819665,-75.800969,county_centroid,1,5,22,21,21,NG,EIA-860 2024 public county summary
county,PA,Tioga,41.766858,-77.257288,county_centroid,3,3,125.6,122.5,120.6,WND,EIA-860 2024 public county summary
county,PA,Union,40.962179,-77.055475,county_centroid,3,5,12.7,12.1,13.5,NG,EIA-860 2024 public county summary
county,PA,Venango,41.400714,-79.765813,county_centroid,3,6,389.2,350,352.7,NG,EIA-860 2024 public county summary
county,PA,Warren,41.834298,-79.298182,county_centroid,2,4,491,525.4,513.5,WAT,EIA-860 2024 public county summary
county,PA,Washington,40.200005,-80.252132,county_centroid,2,6,4.8,4.8,4.8,LFG,EIA-860 2024 public county summary
county,PA,Wayne,41.646602,-75.292493,county_centroid,2,3,104.5,108.5,108.5,WAT,EIA-860 2024 public county summary
county,PA,Westmoreland,40.311068,-79.466688,county_centroid,4,7,1166.1,968.1,1057.1,SUN,EIA-860 2024 public county summary
county,PA,Wyoming,41.525167,-76.008682,county_centroid,3,9,283,266.7,286.4,NG,EIA-860 2024 public county summary
county,PA,York,39.921751,-76.728889,county_centroid,14,25,6218.2,5601.2,5779.3,SUN,EIA-860 2024 public county summary
county,RI,Bristol,41.70684,-71.286687,county_centroid,4,4,15.7,15.7,15.5,SUN,EIA-860 2024 public county summary
county,RI,Kent,41.675118,-71.580282,county_centroid,17,23,142.9,142.8,142.8,SUN,EIA-860 2024 public county summary
county,RI,Newport,41.501045,-71.283063,county_centroid,9,11,329.3,312.2,331,SUN,EIA-860 2024 public county summary
county,RI,Providence,41.869768,-71.578625,county_centroid,54,78,1841.9,1676.4,1824.7,SUN,EIA-860 2024 public county summary
county,RI,Washington,41.396792,-71.620282,county_centroid,25,32,176,174.6,171.8,SUN,EIA-860 2024 public county summary
county,SC,Abbeville,34.229041,-82.454058,county_centroid,1,1,2.9,2.5,2.5,DFO,EIA-860 2024 public county summary
county,SC,Aiken,33.550013,-81.632983,county_centroid,3,11,854.6,733.9,768.9,WDS,EIA-860 2024 public county summary
county,SC,Allendale,32.979757,-81.363265,county_centroid,6,5,121.1,118.1,118.1,SUN,EIA-860 2024 public county summary
county,SC,Anderson,34.521235,-82.638603,county_centroid,13,28,2133.2,1865.4,2079.2,SUN,EIA-860 2024 public county summary
county,SC,Bamberg,33.203021,-81.053161,county_centroid,1,1,6,6,6,SUN,EIA-860 2024 public county summary
county,SC,Barnwell,33.260552,-81.434228,county_centroid,7,5,41,41,41,SUN,EIA-860 2024 public county summary
county,SC,Beaufort,32.358112,-80.689422,county_centroid,6,13,229.4,195.5,211.5,SUN,EIA-860 2024 public county summary
county,SC,Berkeley,33.2077,-79.953655,county_centroid,8,18,3417,3217,3227,WAT,EIA-860 2024 public county summary
county,SC,Calhoun,33.67478,-80.780347,county_centroid,6,9,906.9,811.4,905.6,SUN,EIA-860 2024 public county summary
county,SC,Charleston,32.800458,-79.94248,county_centroid,2,3,177.3,126,141,NG,EIA-860 2024 public county summary
county,SC,Cherokee,35.049796,-81.607647,county_centroid,7,25,1929.9,1544.09,1754.11,WAT,EIA-860 2024 public county summary
county,SC,Chester,34.689339,-81.161213,county_centroid,3,12,99.3,105,105,WAT,EIA-860 2024 public county summary
county,SC,Chesterfield,34.637018,-80.159227,county_centroid,3,2,77,77,77,SUN,EIA-860 2024 public county summary
county,SC,Clarendon,33.664682,-80.217889,county_centroid,4,4,8,8,8,SUN,EIA-860 2024 public county summary
county,SC,Colleton,32.849386,-80.656402,county_centroid,3,1,2.5,2.5,2,SUN,EIA-860 2024 public county summary
county,SC,Darlington,34.332185,-79.962115,county_centroid,23,18,1162.4,1066.8,1134.7,SUN,EIA-860 2024 public county summary
county,SC,Dillon,34.390164,-79.37521,county_centroid,4,2,15,15,15,SUN,EIA-860 2024 public county summary
county,SC,Dorchester,33.082186,-80.404697,county_centroid,1,1,22.5,19.5,19.5,WDS,EIA-860 2024 public county summary
county,SC,Fairfield,34.395669,-81.127001,county_centroid,5,15,1631.8,1568.2,1590.3,WAT,EIA-860 2024 public county summary
county,SC,Florence,34.028535,-79.710233,county_centroid,10,12,128.8,123.8,123.8,SUN,EIA-860 2024 public county summary
county,SC,GREENVILLE,34.892645,-82.372077,county_centroid,1,4,4.1,4.1,4.1,DFO,EIA-860 2024 public county summary
county,SC,Georgetown,33.417531,-79.296333,county_centroid,7,8,1372.7,1221.4,1242.4,LFG,EIA-860 2024 public county summary
county,SC,Greenville,34.892645,-82.372077,county_centroid,6,9,8.8,8.8,8.8,WAT,EIA-860 2024 public county summary
county,SC,Greenwood,34.155796,-82.127876,county_centroid,6,4,7.5,7.5,7.5,SUN,EIA-860 2024 public county summary
county,SC,Hampton,32.778334,-81.143822,county_centroid,4,4,48.8,48.8,48.8,SUN,EIA-860 2024 public county summary
county,SC,Horry,33.909269,-78.976675,county_centroid,7,11,174.3,134.9,146.9,SUN,EIA-860 2024 public county summary
county,SC,Jasper,32.430591,-81.021629,county_centroid,5,7,1157.6,984.4,1050.4,SUN,EIA-860 2024 public county summary
county,SC,Kershaw,34.338356,-80.590885,county_centroid,2,6,109.5,91.5,92,NG,EIA-860 2024 public county summary
county,SC,Lancaster,34.686818,-80.703688,county_centroid,2,4,48,48,48,WAT,EIA-860 2024 public county summary
county,SC,Laurens,34.483676,-82.005498,county_centroid,2,2,6.2,6,6,WAT,EIA-860 2024 public county summary
county,SC,Lee,34.15864,-80.251209,county_centroid,10,12,35.2,34.6,34.6,SUN,EIA-860 2024 public county summary
county,SC,Lexington,33.892309,-81.272974,county_centroid,12,16,708.2,655.8,655.2,SUN,EIA-860 2024 public county summary
county,SC,Marion,34.08362,-79.354001,county_centroid,6,3,10.9,10.9,10.9,SUN,EIA-860 2024 public county summary
county,SC,Marlboro,34.60167,-79.679435,county_centroid,3,3,63.1,45.1,48.9,SUN,EIA-860 2024 public county summary
county,SC,McCormick,33.897599,-82.316196,county_centroid,1,7,361.9,336,336,WAT,EIA-860 2024 public county summary
county,SC,NOT IN FILE,,,county_centroid,3,0,0,0,0,,EIA-860 2024 public county summary
county,SC,Newberry,34.289881,-81.599676,county_centroid,1,1,3.3,3.5,3.5,SUN,EIA-860 2024 public county summary
county,SC,Oconee,34.748766,-83.06154,county_centroid,4,13,4359.6,4245.5,4309.5,DFO,EIA-860 2024 public county summary
county,SC,Orangeburg,33.436135,-80.802913,county_centroid,14,13,716.2,709.8,712,SUN,EIA-860 2024 public county summary
county,SC,Pickens,34.885368,-82.723377,county_centroid,5,8,950.5,949.2,952.7,NG,EIA-860 2024 public county summary
county,SC,Richland,34.029095,-80.898037,county_centroid,6,18,1031.7,922.7,932.7,DFO,EIA-860 2024 public county summary
county,SC,Saluda,34.005278,-81.727903,county_centroid,4,3,85.1,85.1,85.1,SUN,EIA-860 2024 public county summary
county,SC,Spartanburg,34.932014,-81.991624,county_centroid,18,22,61,60,60,SUN,EIA-860 2024 public county summary
county,SC,Sumter,33.91614,-80.382376,county_centroid,1,0,0,0,0,,EIA-860 2024 public county summary
county,SC,Union,34.690374,-81.615864,county_centroid,6,18,51.4,50,50.2,DFO,EIA-860 2024 public county summary
county,SC,Williamsburg,33.626462,-79.716474,county_centroid,3,2,20,20,20,SUN,EIA-860 2024 public county summary
county,SC,York,34.970188,-81.183187,county_centroid,4,8,2476,2375.2,2443.6,DFO,EIA-860 2024 public county summary
county,SD,Aurora,43.724719,-98.577587,county_centroid,1,1,20,20,20,WND,EIA-860 2024 public county summary
county,SD,Beadle,44.418265,-98.279422,county_centroid,3,6,69,55.2,55.2,NG,EIA-860 2024 public county summary
county,SD,Bon Homme,42.985714,-97.884175,county_centroid,1,1,80,80,80,WND,EIA-860 2024 public county summary
county,SD,Brookings,44.376675,-96.797797,county_centroid,5,5,681.8,652.8,657.8,WND,EIA-860 2024 public county summary
county,SD,Brown,45.589254,-98.352175,county_centroid,2,4,327.4,242.5,276,NG,EIA-860 2024 public county summary
county,SD,Brule,43.729873,-99.092909,county_centroid,2,1,20,20,20,WND,EIA-860 2024 public county summary
county,SD,Buffalo,44.044306,-99.203998,county_centroid,1,8,538.3,520,520,WAT,EIA-860 2024 public county summary
county,SD,Butte,44.896226,-103.501436,county_centroid,1,1,105,103.5,103.5,WND,EIA-860 2024 public county summary
county,SD,Campbell,45.785575,-100.002107,county_centroid,1,1,94.3,94.3,94.3,WND,EIA-860 2024 public county summary
county,SD,Charles Mix,43.206185,-98.595143,county_centroid,1,8,320,360,360,WAT,EIA-860 2024 public county summary
county,SD,Clark,44.855211,-97.724912,county_centroid,3,3,222.2,222.1,222.2,WND,EIA-860 2024 public county summary
county,SD,Clay,42.91615,-96.980468,county_centroid,1,2,135,95,120,DFO,EIA-860 2024 public county summary
county,SD,Codington,44.966285,-97.198837,county_centroid,3,3,468.2,437.3,447.3,WND,EIA-860 2024 public county summary
county,SD,Davison,43.680439,-98.155868,county_centroid,1,1,3.9,3.9,3.9,NG,EIA-860 2024 public county summary
county,SD,Day,45.355161,-97.58143,county_centroid,2,1,99,99,99,WND,EIA-860 2024 public county summary
county,SD,Deuel,44.75629,-96.690239,county_centroid,3,3,803,696.69,742.79,WND,EIA-860 2024 public county summary
county,SD,Fall River,43.221619,-103.512609,county_centroid,1,1,80,80,80,SUN,EIA-860 2024 public county summary
county,SD,Faulk,45.065476,-99.153564,county_centroid,1,1,2.7,2.5,2.5,DFO,EIA-860 2024 public county summary
county,SD,Grant,45.172637,-96.772261,county_centroid,5,8,914.8,932.28,946.29,WND,EIA-860 2024 public county summary
county,SD,Hand,44.546713,-99.004575,county_centroid,2,3,225.8,225.8,225.8,WND,EIA-860 2024 public county summary
county,SD,Hughes,44.384452,-99.975684,county_centroid,2,8,787.1,715,715,WAT,EIA-860 2024 public county summary
county,SD,Hyde,44.537174,-99.472736,county_centroid,5,3,490.7,490.7,490.7,WND,EIA-860 2024 public county summary
county,SD,Jerauld,44.06341,-98.62317,county_centroid,2,4,213,223,223,WND,EIA-860 2024 public county summary
county,SD,Kingsbury,44.362969,-97.499313,county_centroid,1,1,24.1,18.85,24.35,DFO,EIA-860 2024 public county summary
county,SD,Lawrence,44.348514,-103.806362,county_centroid,1,2,4,4,3,WAT,EIA-860 2024 public county summary
county,SD,Lincoln,43.27942,-96.722286,county_centroid,1,1,3.6,3.6,3.6,NG,EIA-860 2024 public county summary
county,SD,Minnehaha,43.667472,-96.795726,county_centroid,2,3,405.7,343,401,NG,EIA-860 2024 public county summary
county,SD,Pennington,44.002349,-102.823801,county_centroid,3,11,278,240,276,DFO,EIA-860 2024 public county summary
county,SD,Spink,44.923772,-98.339615,county_centroid,1,0,0,0,0,,EIA-860 2024 public county summary
county,SD,Stanley,44.413984,-100.747822,county_centroid,1,3,6,6,6,DFO,EIA-860 2024 public county summary
county,SD,Turner,43.30867,-97.150185,county_centroid,1,1,5.4,5.4,5.4,WDS,EIA-860 2024 public county summary
county,SD,Yankton,43.006603,-97.388361,county_centroid,2,5,233.4,233.5,233.5,WND,EIA-860 2024 public county summary
county,TN,Anderson,36.116731,-84.195418,county_centroid,5,10,138,133.9,116.5,WND,EIA-860 2024 public county summary
county,TN,Bedford,35.51366,-86.458294,county_centroid,1,1,35,35,35,SUN,EIA-860 2024 public county summary
county,TN,Benton,36.070948,-88.071232,county_centroid,2,3,4.8,4.8,4.8,LFG,EIA-860 2024 public county summary
county,TN,Blount,35.688185,-83.922973,county_centroid,5,6,206.4,207,207,WAT,EIA-860 2024 public county summary
county,TN,Carroll,35.965748,-88.452379,county_centroid,1,0,0,0,0,,EIA-860 2024 public county summary
county,TN,Carter,36.284744,-82.126593,county_centroid,2,6,68.2,78.1,76.7,WAT,EIA-860 2024 public county summary
county,TN,Clay,36.545749,-85.545717,county_centroid,1,3,54,62.1,62.1,WAT,EIA-860 2024 public county summary
county,TN,Cumberland,35.952398,-84.994761,county_centroid,1,0,0,0,0,,EIA-860 2024 public county summary
county,TN,Davidson,36.169129,-86.78479,county_centroid,4,6,52.8,52.95,55.47,NG,EIA-860 2024 public county summary
county,TN,DeKalb,35.982219,-85.833596,county_centroid,1,3,140,154,154,WAT,EIA-860 2024 public county summary
county,TN,Dickson,36.145533,-87.364155,county_centroid,1,3,36,41.4,41.4,WAT,EIA-860 2024 public county summary
county,TN,Fayette,35.196993,-89.413803,county_centroid,4,3,33.3,33.3,33.3,SUN,EIA-860 2024 public county summary
county,TN,Franklin,35.155926,-86.099203,county_centroid,2,2,45.7,40.2,36.7,WAT,EIA-860 2024 public county summary
county,TN,Gibson,35.991632,-88.933812,county_centroid,3,0,0,0,0,,EIA-860 2024 public county summary
county,TN,Greene,36.179487,-82.847523,county_centroid,3,2,9.6,9.6,9.6,SUN,EIA-860 2024 public county summary
county,TN,Hamilton,35.163472,-85.201843,county_centroid,5,14,4324.3,4045.1,4076.4,SUN,EIA-860 2024 public county summary
county,TN,Hancock,36.521353,-83.227493,county_centroid,1,11,22,19.8,19.8,DFO,EIA-860 2024 public county summary
county,TN,Hardeman,35.218785,-88.988697,county_centroid,3,2,18.3,18.3,18.3,SUN,EIA-860 2024 public county summary
county,TN,Hardin,35.201893,-88.185696,county_centroid,2,8,312.5,316.8,292.1,WDS,EIA-860 2024 public county summary
county,TN,Hawkins,36.452089,-82.931485,county_centroid,1,4,996.9,878,940,NG,EIA-860 2024 public county summary
county,TN,Haywood,35.586678,-89.282691,county_centroid,6,21,2092.4,1870.2,2259.8,NG,EIA-860 2024 public county summary
county,TN,Henderson,35.653994,-88.387674,county_centroid,1,0,0,0,0,,EIA-860 2024 public county summary
county,TN,Henry,36.325295,-88.300288,county_centroid,2,1,6.8,6.8,6.8,SUN,EIA-860 2024 public county summary
county,TN,Hickman,35.802327,-87.467116,county_centroid,1,0,0,0,0,,EIA-860 2024 public county summary
county,TN,Humphreys,36.040822,-87.790453,county_centroid,1,20,1426,1044.8,1372,NG,EIA-860 2024 public county summary
county,TN,Jefferson,36.048452,-83.441216,county_centroid,2,5,137,143.6,137.6,WAT,EIA-860 2024 public county summary
county,TN,Knox,35.992726,-83.937721,county_centroid,1,1,5,4.5,4.7,NG,EIA-860 2024 public county summary
county,TN,Lake,36.333905,-89.485536,county_centroid,1,0,0,0,0,,EIA-860 2024 public county summary
county,TN,Lauderdale,35.762951,-89.627732,county_centroid,1,0,0,0,0,,EIA-860 2024 public county summary
county,TN,Lincoln,35.142784,-86.593403,county_centroid,1,1,150,150,150,SUN,EIA-860 2024 public county summary
county,TN,Loudon,35.735085,-84.314085,county_centroid,3,8,286.7,299.4,302.5,WAT,EIA-860 2024 public county summary
county,TN,Madison,35.606056,-88.833424,county_centroid,4,3,87,87,87,SUN,EIA-860 2024 public county summary
county,TN,Marion,35.127565,-85.607429,county_centroid,1,4,103.9,105.6,108,WAT,EIA-860 2024 public county summary
county,TN,McMinn,35.424472,-84.619949,county_centroid,1,0,0,0,0,,EIA-860 2024 public county summary
county,TN,McNairy,35.175375,-88.56374,county_centroid,5,4,55.6,55.6,55.6,SUN,EIA-860 2024 public county summary
county,TN,Monroe,35.447818,-84.249705,county_centroid,1,0,0,0,0,,EIA-860 2024 public county summary
county,TN,Montgomery,36.500354,-87.380887,county_centroid,3,4,9.8,9.6,9.6,SUN,EIA-860 2024 public county summary
county,TN,Moore,35.288888,-86.358684,county_centroid,1,0,0,0,0,,EIA-860 2024 public county summary
county,TN,Obion,36.361892,-89.148078,county_centroid,1,1,100,108,100,SUN,EIA-860 2024 public county summary
county,TN,Overton,36.34485,-85.283076,county_centroid,1,0,0,0,0,,EIA-860 2024 public county summary
county,TN,Polk,35.109437,-84.541112,county_centroid,4,10,164.4,158.4,158.4,WAT,EIA-860 2024 public county summary
county,TN,Rhea,35.60059,-84.949548,county_centroid,3,7,2714.4,2441.4,2527.3,WAT,EIA-860 2024 public county summary
county,TN,Roane,35.84725,-84.523929,county_centroid,1,9,1700,1147,1175,SUB,EIA-860 2024 public county summary
county,TN,Rutherford,35.843369,-86.417213,county_centroid,3,1,5,5,5,NG,EIA-860 2024 public county summary
county,TN,Sequatchie,35.372336,-85.410082,county_centroid,2,1,1.3,1.3,1.3,SUN,EIA-860 2024 public county summary
county,TN,Sevier,35.787822,-83.5249,county_centroid,1,4,150.8,177.9,111.2,WAT,EIA-860 2024 public county summary
county,TN,Shelby,35.184553,-89.894612,county_centroid,7,26,1847.3,1534.9,1744.9,SUN,EIA-860 2024 public county summary
county,TN,Smith,36.256645,-85.941915,county_centroid,1,3,99.9,106,106,WAT,EIA-860 2024 public county summary
county,TN,Stewart,36.458464,-87.811889,county_centroid,1,2,2600,2470,2522,BIT,EIA-860 2024 public county summary
county,TN,Sullivan,36.509681,-82.301336,county_centroid,5,26,448.1,439.3,415.8,WAT,EIA-860 2024 public county summary
county,TN,Sumner,36.472423,-86.458405,county_centroid,2,16,2022.1,1671.3,1833.3,NG,EIA-860 2024 public county summary
county,TN,Warren,35.67825,-85.777343,county_centroid,2,14,57.7,57,57.2,WAT,EIA-860 2024 public county summary
county,TN,Washington,36.295665,-82.495037,county_centroid,4,5,20.2,20.2,20.2,SUN,EIA-860 2024 public county summary
county,TN,Wayne,35.242847,-87.819843,county_centroid,1,0,0,0,0,,EIA-860 2024 public county summary
county,TN,Weakley,36.303596,-88.721194,county_centroid,1,3,567.8,360,360,NG,EIA-860 2024 public county summary
county,TX,Anderson,31.841261,-95.661727,county_centroid,1,0,0,0,0,,EIA-860 2024 public county summary
county,TX,Andrews,32.312258,-102.640206,county_centroid,9,51,1297.7,1293.2,1297.7,DFO,EIA-860 2024 public county summary
county,TX,Angelina,31.251896,-94.611134,county_centroid,5,2,19.8,19.8,19.8,MWH,EIA-860 2024 public county summary
county,TX,Archer,33.616305,-98.687267,county_centroid,3,2,228.6,228.6,228.6,WND,EIA-860 2024 public county summary
county,TX,Armstrong,34.964179,-101.356636,county_centroid,1,1,265.5,265.5,265.5,WND,EIA-860 2024 public county summary
county,TX,Atascosa,28.891478,-98.535381,county_centroid,4,1,410,391,391,LIG,EIA-860 2024 public county summary
county,TX,Austin,29.891901,-96.27017,county_centroid,5,2,11.2,11.2,11.2,SUN,EIA-860 2024 public county summary
county,TX,Bailey,34.067521,-102.830345,county_centroid,2,1,148.4,148.4,148.4,WND,EIA-860 2024 public county summary
county,TX,Bandera,29.756389,-99.248285,county_centroid,1,0,0,0,0,,EIA-860 2024 public county summary
county,TX,Bastrop,30.100772,-97.310639,county_centroid,5,9,1850.7,1692,1770,NG,EIA-860 2024 public county summary
county,TX,Baylor,33.618802,-99.208189,county_centroid,3,4,380.8,380.8,380.8,WND,EIA-860 2024 public county summary
county,TX,Bee,28.416077,-97.742586,county_centroid,6,4,808.5,808.5,808.5,WND,EIA-860 2024 public county summary
county,TX,Bell,31.042734,-97.48126,county_centroid,20,45,2254.1,2188.8,2188.8,NG,EIA-860 2024 public county summary
county,TX,Bexar,29.448671,-98.520147,county_centroid,33,55,4458.2,4061.5,4092.5,SUN,EIA-860 2024 public county summary
county,TX,Borden,32.73859,-101.439199,county_centroid,9,9,1478.6,1478.6,1478.6,WND,EIA-860 2024 public county summary
county,TX,Bosque,31.900819,-97.637641,county_centroid,10,11,1029.7,985.9,1023.9,SUN,EIA-860 2024 public county summary
county,TX,Brazoria,29.167817,-95.434647,county_centroid,49,71,4454.5,3701.1,4038.9,NG,EIA-860 2024 public county summary
county,TX,Brazos,30.656713,-96.302394,county_centroid,4,30,279.9,278.2,281.9,NG,EIA-860 2024 public county summary
county,TX,Brewster,29.808997,-103.252458,county_centroid,2,2,123.2,113,113,MWH,EIA-860 2024 public county summary
county,TX,Briscoe,34.525172,-101.205893,county_centroid,2,2,350,350,350,WND,EIA-860 2024 public county summary
county,TX,Brooks,27.034994,-98.215276,county_centroid,2,2,19.9,19.4,17.2,SUN,EIA-860 2024 public county summary
county,TX,Brown,31.764137,-98.998456,county_centroid,2,1,320,320,320,SUN,EIA-860 2024 public county summary
county,TX,Burnet,30.78963,-98.201187,county_centroid,4,5,108.6,107.4,107.4,WAT,EIA-860 2024 public county summary
county,TX,Caldwell,29.832399,-97.628141,county_centroid,1,0,0,0,0,,EIA-860 2024 public county summary
county,TX,Calhoun,28.441719,-96.579574,county_centroid,8,30,1785,1607.6,1762,NG,EIA-860 2024 public county summary
county,TX,Callahan,32.29315,-99.372249,county_centroid,4,4,675.9,675.9,675.9,WND,EIA-860 2024 public county summary
county,TX,Cameron,26.102923,-97.478958,county_centroid,22,83,1411.4,1372.6,1391.6,WND,EIA-860 2024 public county summary
county,TX,Carson,35.405496,-101.355356,county_centroid,11,9,1211.5,1211.5,1211.5,WND,EIA-860 2024 public county summary
county,TX,Cass,33.083698,-94.357579,county_centroid,1,2,65,65,65,BLQ,EIA-860 2024 public county summary
county,TX,Castro,34.533621,-102.258786,county_centroid,4,1,276,276,276,WND,EIA-860 2024 public county summary
county,TX,Chambers,29.696374,-94.669445,county_centroid,9,19,3035.3,2881.5,2878,NG,EIA-860 2024 public county summary
county,TX,Cherokee,31.843881,-95.156343,county_centroid,1,7,713.4,679,679,DFO,EIA-860 2024 public county summary
county,TX,Childress,34.524624,-100.208166,county_centroid,3,1,240,240,240,SUN,EIA-860 2024 public county summary
county,TX,Clay,33.785904,-98.212917,county_centroid,2,1,204,204,204,WND,EIA-860 2024 public county summary
county,TX,Cochran,33.60844,-102.830449,county_centroid,2,1,150,150,150,WND,EIA-860 2024 public county summary
county,TX,Coke,31.87711,-100.635231,county_centroid,4,5,526.8,526.8,526.8,WND,EIA-860 2024 public county summary
county,TX,Coleman,31.914205,-99.346622,county_centroid,1,0,0,0,0,,EIA-860 2024 public county summary
county,TX,Collin,33.194494,-96.579428,county_centroid,13,22,574,539.5,543.1,NG,EIA-860 2024 public county summary
county,TX,Colorado,29.596296,-96.508935,county_centroid,1,6,51,49.8,50.4,NG,EIA-860 2024 public county summary
county,TX,Comal,29.812377,-98.258129,county_centroid,3,5,217.1,209.2,209.2,WAT,EIA-860 2024 public county summary
county,TX,Comanche,31.951645,-98.549617,county_centroid,2,1,200.1,200.1,200.1,WND,EIA-860 2024 public county summary
county,TX,Concho,31.318883,-99.863649,county_centroid,5,4,1000,1000,1000,WND,EIA-860 2024 public county summary
county,TX,Cooke,33.639196,-97.210343,county_centroid,6,5,477.6,477,477,WND,EIA-860 2024 public county summary
county,TX,Crane,31.422796,-102.487774,county_centroid,4,3,503,503,503,MWH,EIA-860 2024 public county summary
county,TX,Crockett,30.717532,-101.404211,county_centroid,4,3,1024.5,1024.5,1024.5,WND,EIA-860 2024 public county summary
county,TX,Crosby,33.609144,-101.29871,county_centroid,6,4,367.3,367,367,WND,EIA-860 2024 public county summary
county,TX,Culberson,31.445908,-104.526945,county_centroid,4,4,481.9,474.7,474.7,SUN,EIA-860 2024 public county summary
county,TX,Dallas,32.766987,-96.778424,county_centroid,23,40,1807.6,1750.6,1749.4,NG,EIA-860 2024 public county summary
county,TX,Dawson,32.742528,-101.948771,county_centroid,4,4,463.5,461.5,461.5,SUN,EIA-860 2024 public county summary
county,TX,Deaf Smith,34.940766,-102.607564,county_centroid,6,3,709.8,709.8,709.8,WND,EIA-860 2024 public county summary
county,TX,Delta,33.385933,-95.67335,county_centroid,2,0,0,0,0,,EIA-860 2024 public county summary
county,TX,Denton,33.205132,-97.12114,county_centroid,13,27,1110.1,1104.8,1104.8,SUN,EIA-860 2024 public county summary
county,TX,Dickens,33.615363,-100.787617,county_centroid,4,2,350,350,350,MWH,EIA-860 2024 public county summary
county,TX,Dimmit,28.423587,-99.765871,county_centroid,3,2,209.9,209.9,209.9,MWH,EIA-860 2024 public county summary
county,TX,Donley,34.955036,-100.815846,county_centroid,1,1,174,174,174,WND,EIA-860 2024 public county summary
county,TX,Eastland,32.324645,-98.83656,county_centroid,6,4,582.4,559.5,559.5,MWH,EIA-860 2024 public county summary
county,TX,Ector,31.865301,-102.542507,county_centroid,19,70,2495.3,2262.8,2504.1,NG,EIA-860 2024 public county summary
county,TX,El Paso,31.766456,-106.24152,county_centroid,13,26,1764.7,1381.6,1443.2,NG,EIA-860 2024 public county summary
county,TX,Ellis,32.346878,-96.79694,county_centroid,9,10,2366.7,2194.2,2317.6,SUN,EIA-860 2024 public county summary
county,TX,Erath,32.236669,-98.220545,county_centroid,4,3,163.2,163.2,163.2,WND,EIA-860 2024 public county summary
county,TX,Falls,31.25193,-96.934127,county_centroid,5,4,490.6,491.8,491.8,SUN,EIA-860 2024 public county summary
county,TX,Fannin,33.591161,-96.104988,county_centroid,5,3,216.6,216.1,216.1,SUN,EIA-860 2024 public county summary
county,TX,Fayette,29.877886,-96.921231,county_centroid,3,7,1932,1791,1820,SUB,EIA-860 2024 public county summary
county,TX,Fisher,32.740473,-100.40312,county_centroid,4,3,508.9,508.9,508.9,WND,EIA-860 2024 public county summary
county,TX,Floyd,34.07373,-101.303274,county_centroid,5,5,761.4,758.6,758.6,WND,EIA-860 2024 public county summary
county,TX,Foard,33.963306,-99.816828,county_centroid,2,1,352.8,350.3,350.3,WND,EIA-860 2024 public county summary
county,TX,Fort Bend,29.526602,-95.771015,county_centroid,27,111,6610.6,5954.6,6062,NG,EIA-860 2024 public county summary
county,TX,Franklin,33.175846,-95.219066,county_centroid,4,1,250,250,250,SUN,EIA-860 2024 public county summary
county,TX,Freestone,31.701749,-96.144957,county_centroid,7,6,1036,1032,1095.2,NG,EIA-860 2024 public county summary
county,TX,Frio,28.869383,-99.109005,county_centroid,5,26,534,531.6,531.6,SUN,EIA-860 2024 public county summary
county,TX,Gaines,32.743942,-102.631561,county_centroid,1,0,0,0,0,,EIA-860 2024 public county summary
county,TX,Galveston,29.233927,-94.888197,county_centroid,23,56,2632.3,2074,2219,NG,EIA-860 2024 public county summary
county,TX,Glasscock,31.868006,-101.521494,county_centroid,9,6,743,752.2,752.2,WND,EIA-860 2024 public county summary
county,TX,Goliad,28.6607,-97.430415,county_centroid,6,1,622.4,655,655,SUB,EIA-860 2024 public county summary
county,TX,Gonzales,29.461912,-97.49192,county_centroid,2,2,4.8,4.8,4.8,WAT,EIA-860 2024 public county summary
county,TX,Gray,35.402542,-100.812374,county_centroid,2,0,0,0,0,,EIA-860 2024 public county summary
county,TX,Grayson,33.624548,-96.675777,county_centroid,8,12,929,806.5,885.5,SUN,EIA-860 2024 public county summary
county,TX,Gregg,32.486401,-94.816277,county_centroid,1,1,351,342,348,NG,EIA-860 2024 public county summary
county,TX,Grimes,30.543231,-95.988082,county_centroid,4,6,1091.3,1011.6,1077.6,MWH,EIA-860 2024 public county summary
county,TX,Guadalupe,29.582671,-97.948995,county_centroid,9,19,2280.8,2014.12,2163.12,WAT,EIA-860 2024 public county summary
county,TX,Hale,34.068436,-101.822888,county_centroid,4,23,1444.8,1073.1,1080.4,NG,EIA-860 2024 public county summary
county,TX,Hamilton,31.707342,-98.111756,county_centroid,1,1,100,100,100,SUN,EIA-860 2024 public county summary
county,TX,Hansford,36.272847,-101.35693,county_centroid,5,4,1240.8,1240.8,1240.8,WND,EIA-860 2024 public county summary
county,TX,Hardeman,34.289904,-99.745697,county_centroid,5,1,200.2,200.2,200.2,WND,EIA-860 2024 public county summary
county,TX,Hardin,30.329648,-94.393178,county_centroid,3,2,173,141.6,176.5,NG,EIA-860 2024 public county summary
county,TX,Harris,29.857273,-95.393037,county_centroid,87,314,10098.3,8484.6,9273.6,NG,EIA-860 2024 public county summary
county,TX,Harrison,32.547991,-94.374434,county_centroid,5,7,1042.7,936.6,1020.2,NG,EIA-860 2024 public county summary
county,TX,Haskell,33.175964,-99.730774,county_centroid,15,7,1381.2,1381.2,1381.2,WND,EIA-860 2024 public county summary
county,TX,Hays,30.061225,-98.029267,county_centroid,1,4,989,916,1036,NG,EIA-860 2024 public county summary
county,TX,Henderson,32.211633,-95.853418,county_centroid,7,4,253.2,248.9,248.9,MWH,EIA-860 2024 public county summary
county,TX,Hidalgo,26.396384,-98.18099,county_centroid,29,76,2880,2687.9,2792.9,NG,EIA-860 2024 public county summary
county,TX,Hill,31.982641,-97.130632,county_centroid,16,5,651.8,639.3,639.3,SUN,EIA-860 2024 public county summary
county,TX,Hood,32.430149,-97.831677,county_centroid,3,11,2646.3,2393.4,2563,NG,EIA-860 2024 public county summary
county,TX,Hopkins,33.148967,-95.565434,county_centroid,7,2,322.2,322.2,322.2,SUN,EIA-860 2024 public county summary
county,TX,Houston,31.323036,-95.4216,county_centroid,2,0,0,0,0,,EIA-860 2024 public county summary
county,TX,Howard,32.30343,-101.438721,county_centroid,10,9,717.5,710.9,710.9,WND,EIA-860 2024 public county summary
county,TX,Hudspeth,31.450868,-105.377549,county_centroid,1,0,0,0,0,,EIA-860 2024 public county summary
county,TX,Hunt,33.123308,-96.08423,county_centroid,8,10,372.2,366.6,366.6,SUN,EIA-860 2024 public county summary
county,TX,Hutchinson,35.837047,-101.362746,county_centroid,6,6,313.9,275.16,302.7,WND,EIA-860 2024 public county summary
county,TX,Irion,31.303424,-100.981304,county_centroid,1,1,302.4,302.4,302.4,WND,EIA-860 2024 public county summary
county,TX,Jack,33.23216,-98.171177,county_centroid,4,3,380,380,380,WND,EIA-860 2024 public county summary
county,TX,Jackson,28.959802,-96.58908,county_centroid,7,2,221,221,221,MWH,EIA-860 2024 public county summary
county,TX,Jasper,30.752932,-94.022294,county_centroid,3,7,117.7,119.5,120.5,WAT,EIA-860 2024 public county summary
county,TX,Jefferson,29.854,-94.149331,county_centroid,10,36,1355.1,1203.4,1354,NG,EIA-860 2024 public county summary
county,TX,Jim Hogg,27.053231,-98.747572,county_centroid,2,1,78,78,78,WND,EIA-860 2024 public county summary
county,TX,Jim Wells,27.733516,-98.090814,county_centroid,2,3,1.2,1.2,1.2,NG,EIA-860 2024 public county summary
county,TX,Johnson,32.379654,-97.364906,county_centroid,1,2,282.6,267,278,NG,EIA-860 2024 public county summary
county,TX,Jones,32.743709,-99.87443,county_centroid,7,4,201.2,201.2,201.2,SUN,EIA-860 2024 public county summary
county,TX,Karnes,28.908996,-97.852205,county_centroid,1,1,10,10,10,SUN,EIA-860 2024 public county summary
county,TX,Kaufman,32.598944,-96.288377,county_centroid,4,10,2096.1,1966,2162,NG,EIA-860 2024 public county summary
county,TX,Kenedy,26.890213,-97.591143,county_centroid,7,5,1075.4,1075.4,1075.4,WND,EIA-860 2024 public county summary
county,TX,Kent,33.18478,-100.76972,county_centroid,4,3,482,482,482,SUN,EIA-860 2024 public county summary
county,TX,Kimble,30.479472,-99.746396,county_centroid,2,1,9.9,9.9,9.9,MWH,EIA-860 2024 public county summary
county,TX,Kinney,29.347086,-100.4177,county_centroid,6,4,339.8,339.8,339.8,WND,EIA-860 2024 public county summary
county,TX,Kleberg,27.438735,-97.66062,county_centroid,1,0,0,0,0,,EIA-860 2024 public county summary
county,TX,Knox,33.61189,-99.730356,county_centroid,4,4,954.4,954.4,954.4,WND,EIA-860 2024 public county summary
county,TX,La Salle,28.351098,-99.096774,county_centroid,2,1,9.9,9.9,9.9,MWH,EIA-860 2024 public county summary
county,TX,LaSalle,,,county_centroid,2,0,0,0,0,,EIA-860 2024 public county summary
county,TX,Lamar,33.667263,-95.570348,county_centroid,14,14,2547.7,2412.5,2568.5,SUN,EIA-860 2024 public county summary
county,TX,Lamb,34.068861,-102.348018,county_centroid,2,3,1326.2,1257,1257,NG,EIA-860 2024 public county summary
county,TX,Lee,30.321498,-96.976823,county_centroid,2,0,0,0,0,,EIA-860 2024 public county summary
county,TX,Leon,31.300493,-95.995622,county_centroid,4,0,0,0,0,,EIA-860 2024 public county summary
county,TX,Liberty,30.158508,-94.844061,county_centroid,2,1,109.9,100,100,SUN,EIA-860 2024 public county summary
county,TX,Limestone,31.547543,-96.593623,county_centroid,9,6,2855.1,2665.3,2665.3,WND,EIA-860 2024 public county summary
county,TX,Llano,30.707584,-98.68469,county_centroid,2,6,629.5,570.9,610.9,WAT,EIA-860 2024 public county summary
county,TX,Lubbock,33.611469,-101.819944,county_centroid,6,8,873.5,834.1,866.1,SUN,EIA-860 2024 public county summary
county,TX,Lynn,33.178412,-101.818493,county_centroid,4,3,699.6,699.6,699.6,WND,EIA-860 2024 public county summary
county,TX,Madison,30.966878,-95.930372,county_centroid,3,0,0,0,0,,EIA-860 2024 public county summary
county,TX,Marion,32.798182,-94.356853,county_centroid,1,3,882,883,901,NG,EIA-860 2024 public county summary
county,TX,Martin,32.30983,-101.961836,county_centroid,1,1,120,120,120,WND,EIA-860 2024 public county summary
county,TX,Mason,30.703916,-99.237302,county_centroid,1,1,100,100,100,MWH,EIA-860 2024 public county summary
county,TX,Matagorda,28.77476,-96.001532,county_centroid,10,8,2880.9,2752.3,2832.3,MWH,EIA-860 2024 public county summary
county,TX,Maverick,28.729787,-100.316678,county_centroid,5,8,30.6,27,27,WAT,EIA-860 2024 public county summary
county,TX,McCulloch,31.205477,-99.359856,county_centroid,3,2,340,340,340,WND,EIA-860 2024 public county summary
county,TX,McLennan,31.549596,-97.201511,county_centroid,12,19,1278.6,1203.2,1203.2,SUN,EIA-860 2024 public county summary
county,TX,Medina,29.353661,-99.111085,county_centroid,1,0,0,0,0,,EIA-860 2024 public county summary
county,TX,Menard,30.885268,-99.858861,county_centroid,1,1,7.5,7.5,7.5,SUN,EIA-860 2024 public county summary
county,TX,Midland,31.814269,-102.002454,county_centroid,1,1,140,140,140,WND,EIA-860 2024 public county summary
county,TX,Milam,30.791242,-96.984395,county_centroid,14,3,700,700,700,SUN,EIA-860 2024 public county summary
county,TX,Mills,31.494888,-98.594623,county_centroid,5,4,849.2,849.2,849.2,WND,EIA-860 2024 public county summary
county,TX,Mitchell,32.304117,-100.924392,county_centroid,6,8,686.4,545.5,633.5,WND,EIA-860 2024 public county summary
county,TX,Montgomery,30.298801,-95.50295,county_centroid,8,19,1551,1508.2,1512,NG,EIA-860 2024 public county summary
county,TX,Moore,35.835676,-101.890502,county_centroid,7,6,98.3,98.3,98.3,WND,EIA-860 2024 public county summary
county,TX,Morris,33.116466,-94.731265,county_centroid,2,0,0,0,0,,EIA-860 2024 public county summary
county,TX,Motley,34.057899,-100.793152,county_centroid,1,0,0,0,0,,EIA-860 2024 public county summary
county,TX,Nacogdoches,31.62056,-94.62025,county_centroid,2,1,114,100,100,WDS,EIA-860 2024 public county summary
county,TX,Navarro,32.048448,-96.476909,county_centroid,15,8,985.4,983.4,983.4,SUN,EIA-860 2024 public county summary
county,TX,Newton,30.786718,-93.73925,county_centroid,2,10,1514.6,1218.8,1300.1,NG,EIA-860 2024 public county summary
county,TX,Nolan,32.312338,-100.418108,county_centroid,20,17,2761.9,2770.9,2770.9,WND,EIA-860 2024 public county summary
county,TX,Nueces,27.740032,-97.516214,county_centroid,18,34,3085.1,2717.7,2796.8,NG,EIA-860 2024 public county summary
county,TX,Ochiltree,36.278744,-100.815864,county_centroid,1,1,249.9,249.9,249.9,WND,EIA-860 2024 public county summary
county,TX,Oldham,35.401921,-102.59762,county_centroid,5,5,755.2,755.2,755.2,WND,EIA-860 2024 public county summary
county,TX,Orange,30.122323,-93.8941,county_centroid,5,9,2454.7,2028.7,2092.4,NG,EIA-860 2024 public county summary
county,TX,Palo Pinto,32.752204,-98.317967,county_centroid,2,6,613.5,596.9,624.9,MWH,EIA-860 2024 public county summary
county,TX,Parker,32.777096,-97.805905,county_centroid,2,2,3.2,3.2,3.2,LFG,EIA-860 2024 public county summary
county,TX,Parmer,34.532163,-102.784853,county_centroid,1,1,230.4,230.4,230.4,WND,EIA-860 2024 public county summary
county,TX,Pecos,30.773298,-102.718153,county_centroid,32,26,3225.9,3231.8,3231.8,SUN,EIA-860 2024 public county summary
county,TX,Polk,30.784553,-94.837338,county_centroid,2,4,176.7,174.3,174.3,WAT,EIA-860 2024 public county summary
county,TX,Potter,35.398675,-101.893804,county_centroid,3,6,1554.7,1475,1475,SUB,EIA-860 2024 public county summary
county,TX,Presidio,30.005891,-104.261619,county_centroid,1,1,10,10,10,SUN,EIA-860 2024 public county summary
county,TX,Randall,34.962529,-101.895547,county_centroid,2,3,166.5,166.5,166.5,WND,EIA-860 2024 public county summary
county,TX,Reagan,31.375191,-101.514395,county_centroid,2,1,300,300,300,WND,EIA-860 2024 public county summary
county,TX,Real,29.830097,-99.812549,county_centroid,1,1,1.5,1.5,1.5,SUN,EIA-860 2024 public county summary
county,TX,Red River,33.619625,-95.048429,county_centroid,3,1,300,300,300,SUN,EIA-860 2024 public county summary
county,TX,Reeves,31.308366,-103.712706,county_centroid,13,12,582.7,582.2,582.2,MWH,EIA-860 2024 public county summary
county,TX,Refugio,28.322116,-97.162472,county_centroid,1,1,220,220,220,WND,EIA-860 2024 public county summary
county,TX,Roberts,35.838596,-100.836682,county_centroid,2,1,288.6,288.6,288.6,WND,EIA-860 2024 public county summary
county,TX,Robertson,31.025481,-96.514941,county_centroid,6,5,2194.6,2065,2067,LIG,EIA-860 2024 public county summary
county,TX,Runnels,31.845119,-99.982715,county_centroid,1,0,0,0,0,,EIA-860 2024 public county summary
county,TX,Rusk,32.109423,-94.756382,county_centroid,3,7,3319.2,3236,3376,SUB,EIA-860 2024 public county summary
county,TX,San Jacinto,30.574388,-95.163136,county_centroid,2,2,170,146,170,NG,EIA-860 2024 public county summary
county,TX,San Patricio,28.011794,-97.517157,county_centroid,10,12,2187.1,2026.3,2119.3,WND,EIA-860 2024 public county summary
county,TX,San Saba,31.155138,-98.819292,county_centroid,1,0,0,0,0,,EIA-860 2024 public county summary
county,TX,Schleicher,30.896233,-100.527216,county_centroid,1,1,199.5,199.5,199.5,WND,EIA-860 2024 public county summary
county,TX,Scurry,32.744353,-100.913346,county_centroid,12,16,2250.9,2184.8,2190.8,WND,EIA-860 2024 public county summary
county,TX,Shackelford,32.74382,-99.347005,county_centroid,3,3,565.6,562.3,562.3,WND,EIA-860 2024 public county summary
county,TX,Sherman,36.278593,-101.899265,county_centroid,2,2,20,20,20,WND,EIA-860 2024 public county summary
county,TX,Somervell,32.218071,-97.769217,county_centroid,2,2,2430,2400,2460,NUC,EIA-860 2024 public county summary
county,TX,Starr,26.530903,-98.740235,county_centroid,12,11,1136.7,1134.1,1134.1,WND,EIA-860 2024 public county summary
county,TX,Stephens,32.738052,-98.839344,county_centroid,1,0,0,0,0,,EIA-860 2024 public county summary
county,TX,Sterling,31.835773,-101.054911,county_centroid,7,10,1473.9,1489.9,1489.9,WND,EIA-860 2024 public county summary
county,TX,Stonewall,33.17958,-100.253807,county_centroid,2,0,0,0,0,,EIA-860 2024 public county summary
county,TX,Swisher,34.526319,-101.743865,county_centroid,4,1,500,500,500,SUN,EIA-860 2024 public county summary
county,TX,Tarrant,32.772119,-97.291224,county_centroid,29,68,1471.3,1398.5,1400.7,NG,EIA-860 2024 public county summary
county,TX,Taylor,32.297126,-99.89043,county_centroid,6,8,971.3,971.3,971.3,WND,EIA-860 2024 public county summary
county,TX,Throckmorton,33.170695,-99.205796,county_centroid,2,3,679.2,679.2,679.2,MWH,EIA-860 2024 public county summary
county,TX,Titus,33.214599,-94.966783,county_centroid,2,2,1116,1000,1000,SUB,EIA-860 2024 public county summary
county,TX,Tom Green,31.398295,-100.46385,county_centroid,9,3,522.8,509.8,509.8,SUN,EIA-860 2024 public county summary
county,TX,Travis,30.239513,-97.69127,county_centroid,21,44,1619.1,1506.9,1570.3,NG,EIA-860 2024 public county summary
county,TX,Tyler,30.769295,-94.375656,county_centroid,2,1,49.9,46.5,46.5,WDS,EIA-860 2024 public county summary
county,TX,Upshur,32.735349,-94.941184,county_centroid,1,1,3,3,3,SUN,EIA-860 2024 public county summary
county,TX,Upton,31.353816,-102.041546,county_centroid,7,12,1840.6,1815,1815,WND,EIA-860 2024 public county summary
county,TX,Uvalde,29.350308,-99.768427,county_centroid,8,2,303.5,303.5,303.5,SUN,EIA-860 2024 public county summary
county,TX,Val Verde,29.875285,-101.143324,county_centroid,8,7,226.4,218.4,218.4,WAT,EIA-860 2024 public county summary
county,TX,Van Zandt,32.558787,-95.836906,county_centroid,2,1,59,59,59,SUN,EIA-860 2024 public county summary
county,TX,Victoria,28.79637,-96.971198,county_centroid,12,28,987.7,821.4,864.4,NG,EIA-860 2024 public county summary
county,TX,Walker,30.743163,-95.569825,county_centroid,1,0,0,0,0,,EIA-860 2024 public county summary
county,TX,Ward,31.513069,-103.105113,county_centroid,5,9,577.7,450.7,517.7,MWH,EIA-860 2024 public county summary
county,TX,Washington,30.215075,-96.410272,county_centroid,1,0,0,0,0,,EIA-860 2024 public county summary
county,TX,Webb,27.760799,-99.340752,county_centroid,17,21,1769.3,1683.4,1697.8,WND,EIA-860 2024 public county summary
county,TX,Wharton,29.27848,-96.229674,county_centroid,17,16,3076.3,2909.7,2992.3,SUN,EIA-860 2024 public county summary
county,TX,Wichita,33.988212,-98.70801,county_centroid,4,10,86.1,82.2,81.2,NG,EIA-860 2024 public county summary
county,TX,Wilbarger,34.08492,-99.24244,county_centroid,9,6,1045.2,1045.2,1045.2,WND,EIA-860 2024 public county summary
county,TX,Willacy,26.481861,-97.594731,county_centroid,7,5,1143.6,1143.6,1143.6,WND,EIA-860 2024 public county summary
county,TX,Williamson,30.649082,-97.605065,county_centroid,7,12,214.1,214,214,MWH,EIA-860 2024 public county summary
county,TX,Wilson,29.173883,-98.086734,county_centroid,9,7,7,7,7,SUN,EIA-860 2024 public county summary
county,TX,Winkler,31.832862,-103.054925,county_centroid,1,1,250,250,250,SUN,EIA-860 2024 public county summary
county,TX,Wise,33.219346,-97.652986,county_centroid,6,23,2237.1,2111.4,2197.4,NG,EIA-860 2024 public county summary
county,TX,Wood,32.783588,-95.382166,county_centroid,1,0,0,0,0,,EIA-860 2024 public county summary
county,TX,Yoakum,33.162339,-102.832241,county_centroid,4,7,1016.5,942.5,971.7,NG,EIA-860 2024 public county summary
county,TX,Young,33.158778,-98.67839,county_centroid,4,5,1342.6,1336.9,1336.9,WND,EIA-860 2024 public county summary
county,TX,Zapata,26.996981,-99.182603,county_centroid,6,5,440.7,440.7,440.7,WND,EIA-860 2024 public county summary
county,TX,Zavala,28.864652,-99.75983,county_centroid,2,0,0,0,0,,EIA-860 2024 public county summary
county,UT,Beaver,38.357535,-113.238948,county_centroid,22,23,751.4,744.8,746.9,SUN,EIA-860 2024 public county summary
county,UT,Box Elder,41.622623,-113.060252,county_centroid,5,8,194.9,194.6,193.8,SUN,EIA-860 2024 public county summary
county,UT,Cache,41.734118,-111.745394,county_centroid,5,8,28.9,25.5,23.6,NG,EIA-860 2024 public county summary
county,UT,Carbon,39.673284,-110.588484,county_centroid,3,2,138.1,131,131,SUN,EIA-860 2024 public county summary
county,UT,Daggett,40.890099,-109.505785,county_centroid,1,3,151.8,151.8,151.8,WAT,EIA-860 2024 public county summary
county,UT,Davis,41.037559,-112.201943,county_centroid,3,7,34,28,35.7,NG,EIA-860 2024 public county summary
county,UT,Duchesne,40.289393,-110.429584,county_centroid,1,2,1.2,1.2,1.2,WAT,EIA-860 2024 public county summary
county,UT,Emery,39.009025,-110.7211,county_centroid,8,7,2627.7,2412,2412,SUN,EIA-860 2024 public county summary
county,UT,Garfield,37.831663,-111.450907,county_centroid,1,3,4.2,4.2,4.2,WAT,EIA-860 2024 public county summary
county,UT,Iron,37.909304,-113.30674,county_centroid,22,19,857.4,855.4,854.5,SUN,EIA-860 2024 public county summary
county,UT,Juab,39.71412,-112.790471,county_centroid,2,4,646.9,604,635,SUN,EIA-860 2024 public county summary
county,UT,Kane,37.275089,-111.815329,county_centroid,1,0,0,0,0,,EIA-860 2024 public county summary
county,UT,Millard,38.956744,-113.133092,county_centroid,8,5,1760,1920,1920,SUN,EIA-860 2024 public county summary
county,UT,Morgan,41.091027,-111.577885,county_centroid,1,2,4,4,4,WAT,EIA-860 2024 public county summary
county,UT,Rich,41.627598,-111.240227,county_centroid,1,1,57.6,57.6,57.6,SUN,EIA-860 2024 public county summary
county,UT,Salt Lake,40.667883,-111.92424,county_centroid,17,35,796.4,667.38,698.74,NG,EIA-860 2024 public county summary
county,UT,San Juan,37.602633,-109.791574,county_centroid,2,2,134.1,134.1,134.1,WND,EIA-860 2024 public county summary
county,UT,Sanpete,39.373426,-111.576933,county_centroid,5,8,8.4,7.6,4.3,WAT,EIA-860 2024 public county summary
county,UT,Sevier,38.746824,-111.81193,county_centroid,1,1,80,80,80,SUN,EIA-860 2024 public county summary
county,UT,Summit,40.87206,-110.968486,county_centroid,2,4,6.3,6.3,6.2,WAT,EIA-860 2024 public county summary
county,UT,Tooele,40.467753,-113.123979,county_centroid,4,9,208.7,192.3,198.3,SUN,EIA-860 2024 public county summary
county,UT,Uintah,40.125887,-109.517748,county_centroid,1,2,512,470.5,469,BIT,EIA-860 2024 public county summary
county,UT,Utah,40.120418,-111.668563,county_centroid,11,29,1474.2,1389.1,1435.1,NG,EIA-860 2024 public county summary
county,UT,Wasatch,40.334884,-111.161568,county_centroid,5,16,38,37.9,37.9,WAT,EIA-860 2024 public county summary
county,UT,Washington,37.262531,-113.4878,county_centroid,9,25,154,144.5,149.1,NG,EIA-860 2024 public county summary
county,UT,Weber,41.270325,-111.876883,county_centroid,6,8,16.2,13.4,13.4,WAT,EIA-860 2024 public county summary
county,VA,,,,county_centroid,1,0,0,0,0,,EIA-860 2024 public county summary
county,VA,Accomack,37.765944,-75.757807,county_centroid,8,21,528.2,445.61,464.41,DFO,EIA-860 2024 public county summary
county,VA,Albemarle,38.024184,-78.553506,county_centroid,1,1,13.3,12.5,12.5,SUN,EIA-860 2024 public county summary
county,VA,Alexandria City,38.819251,-77.08367,county_centroid,1,2,29,29,29,MSW,EIA-860 2024 public county summary
county,VA,Alleghany,37.787905,-80.008669,county_centroid,2,8,243.7,204.5,222.9,BIT,EIA-860 2024 public county summary
county,VA,Amelia,37.331927,-77.977462,county_centroid,4,52,28.4,28.4,28.4,SUN,EIA-860 2024 public county summary
county,VA,Amherst,37.629301,-79.154756,county_centroid,3,6,12.4,6.9,6.9,SUN,EIA-860 2024 public county summary
county,VA,Appomattox,37.370725,-78.81094,county_centroid,2,1,15.7,15.7,15.7,SUN,EIA-860 2024 public county summary
county,VA,Augusta,38.17259,-79.140975,county_centroid,4,2,7.9,7.9,7.9,SUN,EIA-860 2024 public county summary
county,VA,Bath,38.068368,-79.731203,county_centroid,2,7,2867,3020.1,3020.1,WAT,EIA-860 2024 public county summary
county,VA,Bedford,37.312257,-79.527223,county_centroid,5,15,22.2,21.7,21.7,WAT,EIA-860 2024 public county summary
county,VA,Botetourt,37.565482,-79.797546,county_centroid,1,0,0,0,0,,EIA-860 2024 public county summary
county,VA,Bristol City,36.616954,-82.157564,county_centroid,1,0,0,0,0,,EIA-860 2024 public county summary
county,VA,Brunswick,36.764204,-77.861483,county_centroid,5,39,1482.7,1386.5,1522,NG,EIA-860 2024 public county summary
county,VA,Buchanan,37.26812,-82.038151,county_centroid,1,2,88,84,92,NG,EIA-860 2024 public county summary
county,VA,Buckingham,37.573928,-78.529169,county_centroid,7,5,598.8,661.7,682.2,SUN,EIA-860 2024 public county summary
county,VA,Campbell,37.210152,-79.095428,county_centroid,6,8,178.6,158.5,161.2,SUN,EIA-860 2024 public county summary
county,VA,Caroline,38.028033,-77.353736,county_centroid,1,5,892.5,814,931.5,NG,EIA-860 2024 public county summary
county,VA,Carroll,36.731963,-80.727831,county_centroid,4,7,30,40.6,33.5,WAT,EIA-860 2024 public county summary
county,VA,Charles City,37.361054,-77.05417,county_centroid,3,49,189.4,189.4,189.4,LFG,EIA-860 2024 public county summary
county,VA,Charlotte,37.009042,-78.658568,county_centroid,4,1,13.8,13.8,13.8,SUN,EIA-860 2024 public county summary
county,VA,Chesapeake,,,county_centroid,1,3,51.1,38.9,54.5,DFO,EIA-860 2024 public county summary
county,VA,Chesapeake City,36.679376,-76.301788,county_centroid,6,9,643.8,566,616,SUN,EIA-860 2024 public county summary
county,VA,Chesterfield,37.378434,-77.585847,county_centroid,7,56,498.9,435.3,517.8,NG,EIA-860 2024 public county summary
county,VA,Clarke,39.115307,-77.990748,county_centroid,1,1,10,10,10,SUN,EIA-860 2024 public county summary
county,VA,Culpeper,38.48593,-77.956476,county_centroid,2,4,6.9,6.9,6.9,DFO,EIA-860 2024 public county summary
county,VA,Danville City,36.583334,-79.408071,county_centroid,3,1,10.5,10.5,10.5,MWH,EIA-860 2024 public county summary
county,VA,Dickenson,37.136701,-82.34922,county_centroid,1,0,0,0,0,,EIA-860 2024 public county summary
county,VA,Dinwiddie,37.073498,-77.635492,county_centroid,3,1,5,5,5,SUN,EIA-860 2024 public county summary
county,VA,Essex,37.936389,-76.933747,county_centroid,1,1,20,20,20,SUN,EIA-860 2024 public county summary
county,VA,Fairfax,38.82952,-77.273252,county_centroid,3,6,127.2,101.2,101.2,MSW,EIA-860 2024 public county summary
county,VA,Fauquier,38.744096,-77.8215,county_centroid,3,8,1322.2,1105,1323.2,NG,EIA-860 2024 public county summary
county,VA,Fluvanna,37.830584,-78.283494,county_centroid,4,6,1021.4,947.3,989.7,SUN,EIA-860 2024 public county summary
county,VA,Frederick,39.20366,-78.263829,county_centroid,7,6,223.4,223.4,223.4,SUN,EIA-860 2024 public county summary
county,VA,Giles,37.318072,-80.698321,county_centroid,2,4,27.2,27.2,27.2,NG,EIA-860 2024 public county summary
county,VA,Gloucester,37.403541,-76.523505,county_centroid,3,3,94.8,94.7,94.7,SUN,EIA-860 2024 public county summary
county,VA,Goochland,37.718814,-77.917626,county_centroid,2,1,5,5,5,SUN,EIA-860 2024 public county summary
county,VA,Grayson,36.652229,-81.215324,county_centroid,1,4,5.4,5,4.9,WAT,EIA-860 2024 public county summary
county,VA,Greensville,36.680336,-77.560277,county_centroid,7,10,2095.4,1910.1,2003.1,SUN,EIA-860 2024 public county summary
county,VA,Halifax,36.766461,-78.939614,county_centroid,13,15,1426.3,1450.9,1455.7,SUN,EIA-860 2024 public county summary
county,VA,Hampton City,37.047961,-76.297293,county_centroid,1,6,4.8,4.8,4.8,LFG,EIA-860 2024 public county summary
county,VA,Hanover,37.760215,-77.491317,county_centroid,2,10,1338,1214,1341,NG,EIA-860 2024 public county summary
county,VA,Harrisonburg City,38.436255,-78.873303,county_centroid,1,0,0,0,0,,EIA-860 2024 public county summary
county,VA,Henrico,37.43752,-77.300333,county_centroid,5,21,398.4,370,398,LFG,EIA-860 2024 public county summary
county,VA,Henry,36.620612,-79.980662,county_centroid,9,9,107.4,108.8,108.8,SUN,EIA-860 2024 public county summary
county,VA,Highland,38.366243,-79.564472,county_centroid,1,10,6,6,6,DFO,EIA-860 2024 public county summary
county,VA,Hopewell City,37.29101,-77.298944,county_centroid,2,2,118.7,91.7,94.4,BLQ,EIA-860 2024 public county summary
county,VA,Isle of Wight,36.901418,-76.707569,county_centroid,9,5,315.1,315.1,315.1,SUN,EIA-860 2024 public county summary
county,VA,James City,37.324837,-76.777888,county_centroid,2,2,39.9,39.9,39.9,SUN,EIA-860 2024 public county summary
county,VA,King George,38.27718,-77.162636,county_centroid,1,4,13.2,11.3,12.9,LFG,EIA-860 2024 public county summary
county,VA,King William,37.70826,-77.091054,county_centroid,3,7,131,131,131,SUN,EIA-860 2024 public county summary
county,VA,King and Queen,37.717772,-76.905581,county_centroid,1,36,10.8,10.8,10.8,LFG,EIA-860 2024 public county summary
county,VA,Lancaster,37.704843,-76.412663,county_centroid,3,2,6.5,6.5,6.5,SUN,EIA-860 2024 public county summary
county,VA,Loudoun,39.0812,-77.638898,county_centroid,2,3,812,766,770,NG,EIA-860 2024 public county summary
county,VA,Louisa,37.972704,-77.959795,county_centroid,9,16,2944.8,2715.3,2922.5,SUN,EIA-860 2024 public county summary
county,VA,Lynchburg City,37.399016,-79.195458,county_centroid,1,3,1.8,0.6,0.6,WAT,EIA-860 2024 public county summary
county,VA,Manassas City,38.746808,-77.482633,county_centroid,1,0,0,0,0,,EIA-860 2024 public county summary
county,VA,Mecklenburg,36.687256,-78.368959,county_centroid,5,12,486.7,486.5,477.1,SUN,EIA-860 2024 public county summary
county,VA,Middlesex,37.606975,-76.528082,county_centroid,2,9,21.4,21.4,21.4,SUN,EIA-860 2024 public county summary
county,VA,Montgomery,37.175538,-80.387794,county_centroid,2,4,24.3,19.3,23.1,NG,EIA-860 2024 public county summary
county,VA,New Kent,37.51016,-76.999331,county_centroid,2,1,20,20,20,SUN,EIA-860 2024 public county summary
county,VA,Norfolk City,36.923015,-76.244641,county_centroid,1,1,0.9,0.94,0.94,SUN,EIA-860 2024 public county summary
county,VA,Northampton,37.302775,-75.924018,county_centroid,2,7,32,32.6,32.6,DFO,EIA-860 2024 public county summary
county,VA,Orange,38.249326,-78.011092,county_centroid,1,1,62.5,62.5,62.5,SUN,EIA-860 2024 public county summary
county,VA,Page,38.623209,-78.491872,county_centroid,2,6,3,2.4,3.1,WAT,EIA-860 2024 public county summary
county,VA,Patrick,36.667138,-80.286413,county_centroid,1,4,11.8,11.1,11.1,WAT,EIA-860 2024 public county summary
county,VA,Pittsylvania,36.821721,-79.398502,county_centroid,16,20,839.2,887,886.1,SUN,EIA-860 2024 public county summary
county,VA,Portsmouth City,36.859339,-76.356973,county_centroid,1,0,0,0,0,,EIA-860 2024 public county summary
county,VA,Powhatan,37.549404,-77.912855,county_centroid,5,4,82,82,82,SUN,EIA-860 2024 public county summary
county,VA,Prince Edward,37.224881,-78.432957,county_centroid,3,2,7,7,7,SUN,EIA-860 2024 public county summary
county,VA,Prince George,37.187325,-77.220993,county_centroid,4,6,568.7,548,568.7,SUN,EIA-860 2024 public county summary
county,VA,Prince William,38.701119,-77.479579,county_centroid,10,38,785.8,715.7,832.2,DFO,EIA-860 2024 public county summary
county,VA,Pulaski,37.063385,-80.713444,county_centroid,5,23,81.2,65.2,119.2,WAT,EIA-860 2024 public county summary
county,VA,Richmond,37.942894,-76.730561,county_centroid,5,6,214.8,178.9,196,SUN,EIA-860 2024 public county summary
county,VA,Richmond City,37.531399,-77.476009,county_centroid,2,2,114.8,55,55,NG,EIA-860 2024 public county summary
county,VA,Roanoke,37.330792,-80.191237,county_centroid,1,2,3.6,1.8,2.6,WAT,EIA-860 2024 public county summary
county,VA,Rockbridge,37.814517,-79.447754,county_centroid,2,2,7.5,7.4,6.2,SUN,EIA-860 2024 public county summary
county,VA,Rockingham,38.507612,-78.885329,county_centroid,10,17,91.4,77.7,84.7,SUN,EIA-860 2024 public county summary
county,VA,Russell,36.93342,-82.095934,county_centroid,1,2,475,460,470,NG,EIA-860 2024 public county summary
county,VA,Salem City,37.285333,-80.055241,county_centroid,3,3,5.1,5.3,5.3,DFO,EIA-860 2024 public county summary
county,VA,Shenandoah,38.856204,-78.573987,county_centroid,2,2,18.9,18.3,17.8,SUN,EIA-860 2024 public county summary
county,VA,Southampton,36.720068,-77.103813,county_centroid,5,8,181.5,165,167.7,DFO,EIA-860 2024 public county summary
county,VA,Spotsylvania,38.182431,-77.657226,county_centroid,4,4,500,500,500,SUN,EIA-860 2024 public county summary
county,VA,Stafford,38.423084,-77.458048,county_centroid,3,3,3.5,3.3,3.3,LFG,EIA-860 2024 public county summary
county,VA,Suffolk,,,county_centroid,1,1,3.8,3.8,3.8,SUN,EIA-860 2024 public county summary
county,VA,Suffolk City,36.697157,-76.634781,county_centroid,4,3,50,50,50,SUN,EIA-860 2024 public county summary
county,VA,Surry,37.119761,-76.880172,county_centroid,5,10,2343,2284.3,2401.7,SUN,EIA-860 2024 public county summary
county,VA,Sussex,36.926645,-77.259732,county_centroid,2,2,138,138,138,SUN,EIA-860 2024 public county summary
county,VA,Virginia Beach,,,county_centroid,1,1,12,12,12,WND,EIA-860 2024 public county summary
county,VA,Virginia Beach City,36.779525,-76.029142,county_centroid,2,1,17.6,17.6,17.6,SUN,EIA-860 2024 public county summary
county,VA,Warren,38.908221,-78.207594,county_centroid,2,5,1474.7,1372.5,1491.9,SUN,EIA-860 2024 public county summary
county,VA,Washington,36.747814,-81.950322,county_centroid,1,5,285,250,285,NG,EIA-860 2024 public county summary
county,VA,Westmoreland,38.109311,-76.803933,county_centroid,4,4,55.9,55.9,55.9,SUN,EIA-860 2024 public county summary
county,VA,Wise,36.974561,-82.62156,county_centroid,3,2,671,613,629,SUN,EIA-860 2024 public county summary
county,VA,Wythe,36.899868,-81.08301,county_centroid,2,1,20,20,20,SUN,EIA-860 2024 public county summary
county,VA,York,37.220914,-76.395533,county_centroid,1,0,0,0,0,,EIA-860 2024 public county summary
county,VT,Addison,44.031248,-73.141581,county_centroid,15,24,46.2,43.8,45.5,WAT,EIA-860 2024 public county summary
county,VT,Bennington,43.035328,-73.111496,county_centroid,7,5,44.2,43.9,43.8,SUN,EIA-860 2024 public county summary
county,VT,Caledonia,44.468791,-72.112168,county_centroid,9,14,83,81,81.6,WAT,EIA-860 2024 public county summary
county,VT,Chittenden,44.463329,-73.06941,county_centroid,24,37,195.6,171.1,181.7,SUN,EIA-860 2024 public county summary
county,VT,Essex,44.724021,-71.732736,county_centroid,3,6,8,7.5,7.5,WAT,EIA-860 2024 public county summary
county,VT,Franklin,44.858964,-72.909402,county_centroid,8,19,101.7,89.4,98,WAT,EIA-860 2024 public county summary
county,VT,Grand Isle,44.801787,-73.300759,county_centroid,1,1,1,1,1,SUN,EIA-860 2024 public county summary
county,VT,Lamoille,44.611192,-72.632659,county_centroid,6,9,10.5,9.3,10,WAT,EIA-860 2024 public county summary
county,VT,Orange,44.003373,-72.369579,county_centroid,5,8,14.6,14,14.4,SUN,EIA-860 2024 public county summary
county,VT,Orleans,44.828442,-72.25163,county_centroid,7,13,82.5,81.9,81.6,SUN,EIA-860 2024 public county summary
county,VT,Rutland,43.612399,-73.060304,county_centroid,14,22,48.1,42.5,47.2,SUN,EIA-860 2024 public county summary
county,VT,Washington,44.274969,-72.609444,county_centroid,8,11,66.5,57.9,68.6,WAT,EIA-860 2024 public county summary
county,VT,Windham,42.995304,-72.721877,county_centroid,7,31,121.5,132.9,130.5,WAT,EIA-860 2024 public county summary
county,VT,Windsor,43.572448,-72.598813,county_centroid,10,16,88.9,87.3,93.7,WAT,EIA-860 2024 public county summary
county,WA,Adams,47.011238,-118.512861,county_centroid,4,3,169.3,169.3,163.2,SUN,EIA-860 2024 public county summary
county,WA,Benton,46.228125,-119.516659,county_centroid,6,7,1322.1,1271.2,1291.3,WAT,EIA-860 2024 public county summary
county,WA,Chelan,47.860974,-120.619041,county_centroid,6,42,2843.4,2694.2,2694.2,WAT,EIA-860 2024 public county summary
county,WA,Clallam,48.110903,-123.88986,county_centroid,3,1,12.6,12,12,WDS,EIA-860 2024 public county summary
county,WA,Clark,45.77173,-122.485953,county_centroid,1,1,248,230,262,NG,EIA-860 2024 public county summary
county,WA,Columbia,46.29285,-117.911634,county_centroid,4,11,1467.4,1467.4,1467.4,WND,EIA-860 2024 public county summary
county,WA,Cowlitz,46.196785,-122.67846,county_centroid,6,16,768.4,754.6,821.2,WAT,EIA-860 2024 public county summary
county,WA,Douglas,47.741763,-119.694622,county_centroid,1,27,2456.2,2456.2,2456.2,WAT,EIA-860 2024 public county summary
county,WA,Franklin,46.537502,-118.903891,county_centroid,2,2,4.5,4.5,0,WAT,EIA-860 2024 public county summary
county,WA,Garfield,46.429318,-117.536705,county_centroid,2,1,342.7,342.7,342.7,WND,EIA-860 2024 public county summary
county,WA,Grant,47.213633,-119.467788,county_centroid,9,58,9113.8,9383.8,9265,WAT,EIA-860 2024 public county summary
county,WA,Grays Harbor,47.113732,-123.826735,county_centroid,5,8,766.7,650.9,723.8,WND,EIA-860 2024 public county summary
county,WA,Jefferson,47.805708,-123.527057,county_centroid,3,3,9.5,7.9,9,BLQ,EIA-860 2024 public county summary
county,WA,King,47.490552,-121.833977,county_centroid,12,43,167.3,162.2,161.4,WAT,EIA-860 2024 public county summary
county,WA,Kitsap,47.639687,-122.649636,county_centroid,1,0,0,0,0,,EIA-860 2024 public county summary
county,WA,Kittitas,47.124441,-120.676709,county_centroid,7,9,483.1,483,482.9,WND,EIA-860 2024 public county summary
county,WA,Klickitat,45.870446,-120.779305,county_centroid,14,12,1707.8,1656.9,1697.8,WND,EIA-860 2024 public county summary
county,WA,Lewis,46.580071,-122.377444,county_centroid,8,13,1882.7,1750,1759.3,WAT,EIA-860 2024 public county summary
county,WA,Lincoln,47.582743,-118.417692,county_centroid,2,8,113.2,132.7,132.7,WAT,EIA-860 2024 public county summary
county,WA,Mason,47.350832,-123.173103,county_centroid,3,14,129.2,148.4,133,WAT,EIA-860 2024 public county summary
county,WA,Pend Oreille,48.543825,-117.232191,county_centroid,3,10,1249.7,1234.9,1234.9,WAT,EIA-860 2024 public county summary
county,WA,Pierce,47.051413,-122.15324,county_centroid,10,19,640.1,527.8,566,WAT,EIA-860 2024 public county summary
county,WA,Skagit,48.493292,-121.81577,county_centroid,4,10,647.7,527,613.1,NG,EIA-860 2024 public county summary
county,WA,Skamania,46.024785,-121.953232,county_centroid,1,3,240,263.7,263.7,WAT,EIA-860 2024 public county summary
county,WA,Snohomish,48.054913,-121.765038,county_centroid,9,10,127.3,111.9,119.9,MWH,EIA-860 2024 public county summary
county,WA,Spokane,47.620375,-117.403371,county_centroid,7,19,192.4,159.6,190.6,WAT,EIA-860 2024 public county summary
county,WA,Stevens,48.388728,-117.854455,county_centroid,3,8,61.1,59.4,61.3,WAT,EIA-860 2024 public county summary
county,WA,Thurston,46.935822,-122.830152,county_centroid,4,5,149,149.2,149.2,WAT,EIA-860 2024 public county summary
county,WA,Walla Walla,46.254606,-118.48037,county_centroid,4,14,1592.1,1501.7,1501.4,WAT,EIA-860 2024 public county summary
county,WA,Whatcom,48.842653,-121.836432,county_centroid,12,29,1718.9,1637.2,1716.1,WAT,EIA-860 2024 public county summary
county,WA,Whitman,46.905944,-117.53539,county_centroid,6,11,920.3,912,912,DFO,EIA-860 2024 public county summary
county,WA,Yakima,46.456558,-120.740145,county_centroid,10,10,114.1,113,112.8,WAT,EIA-860 2024 public county summary
county,WI,Adams,43.973757,-89.767228,county_centroid,2,6,23.3,21.1,22.1,SUN,EIA-860 2024 public county summary
county,WI,Ashland,46.544424,-90.679691,county_centroid,2,4,48.2,41.4,41.4,WDS,EIA-860 2024 public county summary
county,WI,Barron,45.437192,-91.852892,county_centroid,5,12,30.6,30.1,30.1,SUN,EIA-860 2024 public county summary
county,WI,Brown,44.474024,-87.99613,county_centroid,7,7,352.3,308.2,361.9,NG,EIA-860 2024 public county summary
county,WI,Buffalo,44.385633,-91.761294,county_centroid,3,2,390,392.8,395.5,SUB,EIA-860 2024 public county summary
county,WI,Burnett,45.866897,-92.37573,county_centroid,4,11,8.6,8.5,8.5,WAT,EIA-860 2024 public county summary
county,WI,Chippewa,45.069092,-91.283505,county_centroid,12,32,465,360.5,434.6,WAT,EIA-860 2024 public county summary
county,WI,Clark,44.739166,-90.609909,county_centroid,1,1,2,2,2,SUN,EIA-860 2024 public county summary
county,WI,Columbia,43.471882,-89.330472,county_centroid,6,9,1300.5,1318.4,1351.3,SUB,EIA-860 2024 public county summary
county,WI,Dane,43.067468,-89.417852,county_centroid,23,49,1141,982.49,1025.46,NG,EIA-860 2024 public county summary
county,WI,Dodge,43.429628,-88.701939,county_centroid,5,9,337.3,337.3,337.3,SUN,EIA-860 2024 public county summary
county,WI,Door,45.093417,-87.048683,county_centroid,1,7,5,5,5,DFO,EIA-860 2024 public county summary
county,WI,Douglas,46.463218,-91.892477,county_centroid,3,12,15,9.2,9.2,DFO,EIA-860 2024 public county summary
county,WI,Dunn,44.947751,-91.897645,county_centroid,5,8,15.4,9.8,9.8,SUN,EIA-860 2024 public county summary
county,WI,Eau Claire,44.726355,-91.286414,county_centroid,2,5,12.3,7.3,7.3,WAT,EIA-860 2024 public county summary
county,WI,Florence,45.871828,-88.406988,county_centroid,3,7,18.1,18.1,18.1,WAT,EIA-860 2024 public county summary
county,WI,Fond Du Lac,43.754722,-88.493284,county_centroid,8,10,606.5,552.65,632.85,SUN,EIA-860 2024 public county summary
county,WI,Fond du Lac,43.754722,-88.493284,county_centroid,1,0,0,0,0,,EIA-860 2024 public county summary
county,WI,Grant,42.870028,-90.694229,county_centroid,8,10,353,353,353,SUN,EIA-860 2024 public county summary
county,WI,Green Lake,43.780247,-88.97038,county_centroid,1,3,2.4,2.4,2.4,LFG,EIA-860 2024 public county summary
county,WI,Iowa,43.001021,-90.133691,county_centroid,3,3,330,330,330,SUN,EIA-860 2024 public county summary
county,WI,Iron,46.32655,-90.261298,county_centroid,1,2,1.6,1,1.1,WAT,EIA-860 2024 public county summary
county,WI,Jackson,44.32459,-90.79951,county_centroid,3,3,7,7,7,SUN,EIA-860 2024 public county summary
county,WI,Jefferson,43.013804,-88.773985,county_centroid,8,18,754.8,717.9,761.7,SUN,EIA-860 2024 public county summary
county,WI,Juneau,43.932836,-90.113984,county_centroid,9,16,44.9,44.2,44.6,SUN,EIA-860 2024 public county summary
county,WI,Kenosha,42.587526,-87.879996,county_centroid,5,17,400.2,378.4,418.6,SUN,EIA-860 2024 public county summary
county,WI,Kewaunee,44.605677,-87.448008,county_centroid,2,1,11,11,11,WND,EIA-860 2024 public county summary
county,WI,La Crosse,43.908222,-91.111758,county_centroid,2,5,189.1,136.1,176.1,MSW,EIA-860 2024 public county summary
county,WI,Lafayette,42.655578,-90.130292,county_centroid,2,3,100.3,100.1,100.1,WAT,EIA-860 2024 public county summary
county,WI,Langlade,45.254863,-89.06707,county_centroid,1,1,6,6,6,SUN,EIA-860 2024 public county summary
county,WI,Lincoln,45.333148,-89.73224,county_centroid,5,15,45,41,42.1,WAT,EIA-860 2024 public county summary
county,WI,Manitowoc,44.156137,-87.577352,county_centroid,7,15,1707.7,1579.5,1603.2,SUN,EIA-860 2024 public county summary
county,WI,Marathon,44.898036,-89.757823,county_centroid,7,23,1166.9,1096.9,1107.5,WAT,EIA-860 2024 public county summary
county,WI,Marinette,45.346899,-87.991198,county_centroid,9,30,303.1,256.6,329.7,WAT,EIA-860 2024 public county summary
county,WI,Milwaukee,42.912643,-87.862312,county_centroid,10,25,2370.3,2200,2177.9,SUN,EIA-860 2024 public county summary
county,WI,Monroe,43.945175,-90.619969,county_centroid,3,5,10.5,10.3,10.3,DFO,EIA-860 2024 public county summary
county,WI,Oconto,44.996575,-88.206516,county_centroid,3,7,4.1,3.7,3.7,WAT,EIA-860 2024 public county summary
county,WI,Oneida,45.716176,-89.534533,county_centroid,3,9,30.5,21.5,26.7,WAT,EIA-860 2024 public county summary
county,WI,Outagamie,44.418226,-88.464988,county_centroid,13,30,837.6,773.15,851.24,WAT,EIA-860 2024 public county summary
county,WI,Ozaukee,43.501807,-87.847551,county_centroid,2,7,1237.1,1244,1359.7,SUN,EIA-860 2024 public county summary
county,WI,Pierce,44.725336,-92.426279,county_centroid,1,1,2,2,2,SUN,EIA-860 2024 public county summary
county,WI,Polk,45.462041,-92.447066,county_centroid,5,21,43.1,34.9,32,SUN,EIA-860 2024 public county summary
county,WI,Portage,44.476246,-89.49807,county_centroid,5,21,24.7,28,28,WAT,EIA-860 2024 public county summary
county,WI,Price,45.679072,-90.35965,county_centroid,5,7,6.6,6.6,6.6,WAT,EIA-860 2024 public county summary
county,WI,Racine,42.780392,-87.771599,county_centroid,5,9,213.6,213.6,213.6,SUN,EIA-860 2024 public county summary
county,WI,Richland,43.376199,-90.435693,county_centroid,4,5,56.4,53.8,40.8,SUN,EIA-860 2024 public county summary
county,WI,Rock,42.66988,-89.075284,county_centroid,14,16,1575.6,1400.2,1524.8,SUN,EIA-860 2024 public county summary
county,WI,Rusk,45.472734,-91.136745,county_centroid,6,16,38.7,33.4,32.9,WAT,EIA-860 2024 public county summary
county,WI,Sauk,43.428001,-89.943318,county_centroid,1,8,33.4,29,29,WAT,EIA-860 2024 public county summary
county,WI,Sawyer,45.864999,-91.147063,county_centroid,4,8,10.4,10.2,10.2,WAT,EIA-860 2024 public county summary
county,WI,Shawano,44.789641,-88.755813,county_centroid,1,1,7.5,7.5,7.5,SUN,EIA-860 2024 public county summary
county,WI,Sheboygan,43.738713,-87.731531,county_centroid,5,6,913.7,856.3,924,SUN,EIA-860 2024 public county summary
county,WI,St Croix,,,county_centroid,3,4,4.6,3.6,3.9,WAT,EIA-860 2024 public county summary
county,WI,Taylor,45.211656,-90.504853,county_centroid,1,1,2,2,2,SUN,EIA-860 2024 public county summary
county,WI,Trempealeau,44.30305,-91.358867,county_centroid,2,11,21.9,21.9,21.9,DFO,EIA-860 2024 public county summary
county,WI,Vernon,43.599366,-90.821983,county_centroid,5,4,5.1,5.1,5.1,SUN,EIA-860 2024 public county summary
county,WI,Vilas,46.049848,-89.501254,county_centroid,1,0,0,0,0,,EIA-860 2024 public county summary
county,WI,Walworth,42.66811,-88.541731,county_centroid,2,2,13.5,13.5,13.5,SUN,EIA-860 2024 public county summary
county,WI,Washburn,45.892489,-91.796422,county_centroid,3,3,3.2,2.8,2.8,SUN,EIA-860 2024 public county summary
county,WI,Washington,43.391156,-88.232917,county_centroid,5,11,352.7,270.5,390.9,SUN,EIA-860 2024 public county summary
county,WI,Waukesha,43.018368,-88.30424,county_centroid,2,2,4.5,4.5,4.5,SUN,EIA-860 2024 public county summary
county,WI,Waushara,44.112823,-89.239786,county_centroid,1,1,99,99,99,SUN,EIA-860 2024 public county summary
county,WI,Winnebago,44.085707,-88.668149,county_centroid,2,4,372.5,299.1,367.5,NG,EIA-860 2024 public county summary
county,WI,Wood,44.461413,-90.038825,county_centroid,9,44,331.6,314,321.7,WAT,EIA-860 2024 public county summary
county,WV,Barbour,39.139725,-79.996947,county_centroid,1,2,113.6,113.6,113.6,WND,EIA-860 2024 public county summary
county,WV,Berkeley,39.447938,-78.037754,county_centroid,3,2,1,1,1,WAT,EIA-860 2024 public county summary
county,WV,Cabell,38.419578,-82.243397,county_centroid,1,0,0,0,0,,EIA-860 2024 public county summary
county,WV,Fayette,38.030966,-81.086089,county_centroid,2,12,108.2,103,100.2,WAT,EIA-860 2024 public county summary
county,WV,Grant,39.105988,-79.195064,county_centroid,4,7,2047.9,1991.5,2018.8,WND,EIA-860 2024 public county summary
county,WV,Greenbrier,37.924418,-80.45059,county_centroid,3,3,188.2,188.2,188.2,WND,EIA-860 2024 public county summary
county,WV,Hampshire,39.312139,-78.611989,county_centroid,2,1,20,20,20,SUN,EIA-860 2024 public county summary
county,WV,Hancock,40.516958,-80.570164,county_centroid,1,0,0,0,0,,EIA-860 2024 public county summary
county,WV,Harrison,39.279182,-80.386498,county_centroid,2,3,2052,1954,1984,RC,EIA-860 2024 public county summary
county,WV,Jefferson,39.307398,-77.86322,county_centroid,3,7,100.7,84.3,84.9,WAT,EIA-860 2024 public county summary
county,WV,Kanawha,38.328068,-81.523516,county_centroid,3,6,28.8,28.8,28.8,WAT,EIA-860 2024 public county summary
county,WV,Marion,39.505839,-80.243402,county_centroid,3,2,101.2,85.5,85.5,WC,EIA-860 2024 public county summary
county,WV,Marshall,39.854426,-80.671794,county_centroid,2,5,1748.1,1675.5,1675.5,NG,EIA-860 2024 public county summary
county,WV,Mason,38.770914,-82.029007,county_centroid,2,1,1300,1299,1299,BIT,EIA-860 2024 public county summary
county,WV,Mineral,39.404781,-78.95669,county_centroid,2,2,168.7,167.9,167.9,WND,EIA-860 2024 public county summary
county,WV,Monongalia,39.633645,-80.059074,county_centroid,6,5,2047.3,1876.9,1876.9,BIT,EIA-860 2024 public county summary
county,WV,Nicholas,38.291432,-80.797515,county_centroid,1,2,80,80,50,WAT,EIA-860 2024 public county summary
county,WV,Pleasants,39.368133,-81.161172,county_centroid,4,6,1794.8,1660.3,1682.3,NG,EIA-860 2024 public county summary
county,WV,Preston,39.46903,-79.668865,county_centroid,1,0,0,0,0,,EIA-860 2024 public county summary
county,WV,Putnam,38.510518,-81.906109,county_centroid,2,6,2957.1,2918.7,2923.3,BIT,EIA-860 2024 public county summary
county,WV,Raleigh,37.762469,-81.264672,county_centroid,1,2,3.2,3.2,3.2,LFG,EIA-860 2024 public county summary
county,WV,Taylor,39.332478,-80.046554,county_centroid,1,0,0,0,0,,EIA-860 2024 public county summary
county,WV,Tucker,39.111175,-79.559968,county_centroid,2,1,66,66,66,WND,EIA-860 2024 public county summary
county,WV,Wayne,38.143642,-82.422666,county_centroid,2,12,872.4,750,858,NG,EIA-860 2024 public county summary
county,WV,Wetzel,39.59818,-80.635399,county_centroid,1,2,37.4,19,19,WAT,EIA-860 2024 public county summary
county,WV,Wood,39.211602,-81.516234,county_centroid,1,2,42,42,42,WAT,EIA-860 2024 public county summary
county,WY,Albany,41.665514,-105.721883,county_centroid,4,3,487.1,457.6,457.3,WND,EIA-860 2024 public county summary
county,WY,Campbell,44.191999,-105.517014,county_centroid,10,14,1361.8,1175,1211,SUB,EIA-860 2024 public county summary
county,WY,Carbon,41.70359,-106.933153,county_centroid,19,16,1257.2,1211.6,1211.6,WND,EIA-860 2024 public county summary
county,WY,Converse,42.984623,-105.524752,county_centroid,11,13,2010.1,1892.8,1902.8,WND,EIA-860 2024 public county summary
county,WY,Fremont,43.054831,-108.608935,county_centroid,4,13,31.4,31.2,32.5,NG,EIA-860 2024 public county summary
county,WY,Goshen,42.089455,-104.35354,county_centroid,2,0,0,0,0,,EIA-860 2024 public county summary
county,WY,Laramie,41.29283,-104.660395,county_centroid,8,12,745.6,736.6,736.6,WND,EIA-860 2024 public county summary
county,WY,Lincoln,42.229993,-110.682961,county_centroid,6,13,864.4,720.7,724.9,WAT,EIA-860 2024 public county summary
county,WY,Natrona,42.977645,-106.768219,county_centroid,4,6,249.5,249.5,249.5,WAT,EIA-860 2024 public county summary
county,WY,Park,44.492387,-109.593597,county_centroid,6,9,35.4,34.7,33.7,WAT,EIA-860 2024 public county summary
county,WY,Platte,42.131593,-104.953963,county_centroid,3,7,1907.4,1744.4,1742.6,WAT,EIA-860 2024 public county summary
county,WY,Sheridan,44.781369,-106.881211,county_centroid,1,2,15,10,12,NG,EIA-860 2024 public county summary
county,WY,Sweetwater,41.660328,-108.875677,county_centroid,5,14,2500.5,2293.5,2293.5,BIT,EIA-860 2024 public county summary
county,WY,Teton,44.048662,-110.426087,county_centroid,2,3,4.7,4.7,4.7,DFO,EIA-860 2024 public county summary
county,WY,Uinta,41.284726,-110.558947,county_centroid,4,3,285,283.2,283.2,WND,EIA-860 2024 public county summary
county,WY,Weston,43.846213,-104.57002,county_centroid,1,0,0,0,0,,EIA-860 2024 public county summary
state,AK,,61.107549,-135.634062,derived_state_centroid,157,556,3107.4,2853.4,2989.2,DFO,EIA-860 2024 public state summary
state,AL,,32.904729,-86.753127,derived_state_centroid,104,274,32810.4,30995.7,32210.6,NG,EIA-860 2024 public state summary
state,AR,,34.931139,-92.351930,derived_state_centroid,145,212,17922.3,15906.76,16498.36,SUN,EIA-860 2024 public state summary
state,AZ,,33.770909,-111.696758,derived_state_centroid,231,408,36344.9,32876.5,33967.9,SUN,EIA-860 2024 public state summary
state,CA,,37.642831,-120.672734,derived_state_centroid,2171,3018,101974.8,96773.07,97842.94,SUN,EIA-860 2024 public state summary
state,CO,,39.025646,-105.520841,derived_state_centroid,342,482,21646.7,19817.58,20236.21,SUN,EIA-860 2024 public state summary
state,CT,,,,derived_state_centroid,201,303,10827.9,9993.92,10531.04,SUN,EIA-860 2024 public state summary
state,DC,,38.904247,-77.016517,derived_state_centroid,22,22,66.2,61.85,60.55,SUN,EIA-860 2024 public state summary
state,DE,,39.115410,-75.494713,derived_state_centroid,43,71,3448.7,3303,3348.5,SUN,EIA-860 2024 public state summary
state,FL,,28.880509,-82.716655,derived_state_centroid,405,707,77937.3,72011.9,75297.7,SUN,EIA-860 2024 public state summary
state,GA,,32.848430,-83.524585,derived_state_centroid,315,581,42546.3,39745.95,41624.25,SUN,EIA-860 2024 public state summary
state,HI,,20.981775,-157.502983,derived_state_centroid,93,223,3598.5,3369.17,3372.37,SUN,EIA-860 2024 public state summary
state,IA,,42.112336,-93.421440,derived_state_centroid,331,717,24421.4,23226.14,23631.98,WND,EIA-860 2024 public state summary
state,ID,,44.191715,-114.443130,derived_state_centroid,160,254,5811.8,5547.33,5495.75,WAT,EIA-860 2024 public state summary
state,IL,,40.198397,-89.191984,derived_state_centroid,566,838,50525.6,46279.14,48425.34,SUN,EIA-860 2024 public state summary
state,IN,,39.801498,-86.319246,derived_state_centroid,269,418,30547.3,27836.6,28955.3,SUN,EIA-860 2024 public state summary
state,KS,,38.386491,-97.925290,derived_state_centroid,212,501,20555.5,19355.88,19874.37,NG,EIA-860 2024 public state summary
state,KY,,37.769298,-85.284708,derived_state_centroid,92,174,21628.7,18380.4,19360.1,NG,EIA-860 2024 public state summary
state,LA,,30.981215,-91.806592,derived_state_centroid,128,238,28225.1,24706.7,24630.4,NG,EIA-860 2024 public state summary
state,MA,,42.106738,-71.450561,derived_state_centroid,700,971,12757.7,11505.36,12298.7,SUN,EIA-860 2024 public state summary
state,MD,,39.069007,-76.825493,derived_state_centroid,246,330,12898.8,11717.9,12296.4,SUN,EIA-860 2024 public state summary
state,ME,,44.662569,-69.474706,derived_state_centroid,269,434,5840.9,5586.27,5800.1,SUN,EIA-860 2024 public state summary
state,MI,,43.943889,-85.200825,derived_state_centroid,332,770,33798.9,32139.4,33839.59,NG,EIA-860 2024 public state summary
state,MN,,45.244809,-94.256598,derived_state_centroid,837,1312,19765.6,18212.53,18957.06,SUN,EIA-860 2024 public state summary
state,MO,,38.626161,-92.667660,derived_state_centroid,164,374,22260.2,20419.05,21210.45,DFO,EIA-860 2024 public state summary
state,MS,,32.665329,-89.641857,derived_state_centroid,88,150,17541.6,15961.1,16925,NG,EIA-860 2024 public state summary
state,MT,,46.778268,-110.284870,derived_state_centroid,83,162,7403.5,7182.4,7270.3,WAT,EIA-860 2024 public state summary
state,NC,,35.596398,-79.313677,derived_state_centroid,988,1224,39630.5,36336.6,38370.4,SUN,EIA-860 2024 public state summary
state,ND,,47.346349,-99.935992,derived_state_centroid,71,101,10162.4,9683.61,9793.17,WND,EIA-860 2024 public state summary
state,NE,,41.288248,-98.324458,derived_state_centroid,141,303,11435.9,10867.95,10714.35,WND,EIA-860 2024 public state summary
state,NH,,43.574654,-71.536105,derived_state_centroid,61,137,4730.3,4470.3,4634.3,WAT,EIA-860 2024 public state summary
state,NJ,,40.306478,-74.638606,derived_state_centroid,427,615,18047.2,16605.77,17107.61,SUN,EIA-860 2024 public state summary
state,NM,,34.552219,-105.977052,derived_state_centroid,182,214,12932.3,11887.4,12157.9,SUN,EIA-860 2024 public state summary
state,NV,,39.283263,-117.479685,derived_state_centroid,147,295,18204.2,16725.2,17122.1,SUN,EIA-860 2024 public state summary
state,NY,,42.501803,-75.429293,derived_state_centroid,1215,1919,44066.7,41288.04,43568.57,SUN,EIA-860 2024 public state summary
state,OH,,40.391311,-82.888672,derived_state_centroid,262,479,33145.1,30490.65,32239.31,SUN,EIA-860 2024 public state summary
state,OK,,35.512168,-97.312372,derived_state_centroid,167,312,34436.8,31906.26,32416.67,WND,EIA-860 2024 public state summary
state,OR,,44.596838,-121.402949,derived_state_centroid,321,491,18441.5,17691.64,18036.59,SUN,EIA-860 2024 public state summary
state,PA,,40.799916,-77.605124,derived_state_centroid,324,642,52838.4,48855.65,50800.16,NG,EIA-860 2024 public state summary
state,RI,,41.629913,-71.469788,derived_state_centroid,109,148,2505.8,2321.7,2485.8,SUN,EIA-860 2024 public state summary
state,SC,,33.979409,-80.989374,derived_state_centroid,259,392,26838.2,24705.49,25640.01,SUN,EIA-860 2024 public state summary
state,SD,,44.237236,-98.825205,derived_state_centroid,62,104,7661.4,7225.92,7458.13,WND,EIA-860 2024 public state summary
state,TN,,35.839671,-86.269831,derived_state_centroid,124,287,23357,20605.15,21810.37,SUN,EIA-860 2024 public state summary
state,TX,,31.606375,-98.664832,derived_state_centroid,1368,2221,179581.2,168316.48,173128.32,NG,EIA-860 2024 public state summary
state,UT,,39.763993,-111.681379,derived_state_centroid,147,233,10686.4,10277.18,10397.44,SUN,EIA-860 2024 public state summary
state,VA,,37.563105,-78.349097,derived_state_centroid,317,730,30798.1,29146.45,30846.75,SUN,EIA-860 2024 public state summary
state,VT,,44.162971,-72.687276,derived_state_centroid,124,216,912.3,863.5,905.1,SUN,EIA-860 2024 public state summary
state,WA,,47.172686,-120.627466,derived_state_centroid,172,427,31660.6,30975.3,31316.1,WAT,EIA-860 2024 public state summary
state,WI,,44.378003,-89.714464,derived_state_centroid,292,645,18820.5,17430.09,18500.25,SUN,EIA-860 2024 public state summary
state,WV,,39.030024,-80.419398,derived_state_centroid,56,91,15878.6,15128.4,15288.1,WAT,EIA-860 2024 public state summary
state,WY,,42.777235,-107.164397,derived_state_centroid,90,128,11755.1,10845.5,10895.9,WND,EIA-860 2024 public state summary
